id,ano,latitude_centro,longitude_centro,radius,distance_unit,populacao_total,renda_media,v01031_0_4anos,v01032_5_9anos,v01033_10_14anos,v01034_15_19anos,Total,unidade
452185,2022,-23.633897097155,-46.70674742938751,5,kilometer,762.0,"R$ 28.266,39",35.0,79.0,66.0,63.0,243.0,morumbi
455631,2022,-23.6316692413616,-46.7309391608338,5,kilometer,625.0,"R$ 24.194,58",69.0,54.0,39.0,25.0,187.0,morumbi
455472,2022,-23.6315931534026,-46.729544825775,5,kilometer,491.0,"R$ 34.358,72",24.0,59.0,63.0,33.0,179.0,morumbi
452189,2022,-23.6341477796299,-46.714569142287296,5,kilometer,501.0,"R$ 39.839,35",40.0,54.0,39.0,39.0,172.0,morumbi
455541,2022,-23.62081030939,-46.741549439099295,5,kilometer,574.0,"R$ 28.157,71",58.0,44.0,46.0,23.0,171.0,morumbi
441535,2022,-23.6195897418491,-46.698592694571104,5,kilometer,615.0,"R$ 25.051,17",49.0,31.0,48.0,37.0,165.0,morumbi
447309,2022,-23.6025756821063,-46.6996354321454,5,kilometer,529.0,"R$ 30.590,30",22.0,40.0,51.0,34.0,147.0,morumbi
441530,2022,-23.6209236746928,-46.695461372536,5,kilometer,338.0,"R$ 33.901,64",40.0,48.0,20.0,10.0,118.0,morumbi
455486,2022,-23.6329840604765,-46.726761749588,5,kilometer,399.0,"R$ 34.812,50",22.0,18.0,42.0,33.0,115.0,morumbi
455415,2022,-23.6358132126261,-46.73084566351231,5,kilometer,325.0,"R$ 32.260,10",14.0,30.0,39.0,25.0,108.0,morumbi
455540,2022,-23.6212776072815,-46.7408372987808,5,kilometer,303.0,"R$ 34.652,59",32.0,32.0,20.0,15.0,99.0,morumbi
455398,2022,-23.6286462185026,-46.7233653567805,5,kilometer,433.0,"R$ 32.901,46",15.0,22.0,28.0,31.0,96.0,morumbi
455457,2022,-23.632943400546,-46.734456395302495,5,kilometer,321.0,"R$ 32.376,41",11.0,18.0,30.0,36.0,95.0,morumbi
455414,2022,-23.6362982225054,-46.7289427519023,5,kilometer,322.0,"R$ 29.951,60",7.0,19.0,30.0,37.0,93.0,morumbi
455658,2022,-23.6324529933953,-46.7306573931318,5,kilometer,289.0,"R$ 23.967,79",15.0,17.0,36.0,22.0,90.0,morumbi
452255,2022,-23.626078060135,-46.6968772432754,5,kilometer,302.0,"R$ 25.831,01",19.0,37.0,17.0,16.0,89.0,morumbi
455417,2022,-23.6373778781735,-46.7315247611502,5,kilometer,299.0,"R$ 31.162,00",6.0,16.0,25.0,41.0,88.0,morumbi
455412,2022,-23.6356593448811,-46.7299926793596,5,kilometer,289.0,"R$ 34.125,23",14.0,19.0,28.0,23.0,84.0,morumbi
455411,2022,-23.6294878506369,-46.719042284042,5,kilometer,357.0,"R$ 32.097,56",19.0,11.0,31.0,22.0,83.0,morumbi
455419,2022,-23.638331489443,-46.7301102881199,5,kilometer,277.0,"R$ 27.507,40",10.0,32.0,24.0,17.0,83.0,morumbi
455413,2022,-23.6356953810497,-46.72912768467489,5,kilometer,285.0,"R$ 31.688,39",11.0,20.0,27.0,23.0,81.0,morumbi
447270,2022,-23.5879815958341,-46.7109148470656,5,kilometer,352.0,"R$ 29.794,08",15.0,14.0,22.0,26.0,77.0,morumbi
447305,2022,-23.5915686336103,-46.7190349803006,5,kilometer,237.0,"R$ 26.093,76",13.0,16.0,20.0,24.0,73.0,morumbi
441455,2022,-23.6071724528996,-46.6962340435143,5,kilometer,325.0,"R$ 26.852,01",22.0,23.0,16.0,11.0,72.0,morumbi
431371,2022,-23.5743992507879,-46.7330116858953,5,kilometer,289.0,"R$ 30.769,03",18.0,24.0,12.0,13.0,67.0,morumbi
441603,2022,-23.6098898207953,-46.6930348857032,5,kilometer,278.0,"R$ 39.611,20",13.0,22.0,13.0,18.0,66.0,morumbi
447298,2022,-23.6025206072875,-46.703803461102304,5,kilometer,357.0,"R$ 28.390,91",11.0,14.0,22.0,19.0,66.0,morumbi
447287,2022,-23.5907157623352,-46.713372718778096,5,kilometer,352.0,"R$ 36.138,63",5.0,31.0,16.0,13.0,65.0,morumbi
447258,2022,-23.5985304250261,-46.6988958497058,5,kilometer,266.0,"R$ 36.209,01",15.0,17.0,18.0,14.0,64.0,morumbi
455397,2022,-23.6285433941786,-46.7220856856216,5,kilometer,259.0,"R$ 31.514,77",6.0,15.0,16.0,27.0,64.0,morumbi
455416,2022,-23.6364453635479,-46.731411544789296,5,kilometer,279.0,"R$ 34.796,51",,9.0,25.0,29.0,63.0,morumbi
455623,2022,-23.6302572149537,-46.7196506431946,5,kilometer,267.0,"R$ 29.036,36",12.0,11.0,26.0,13.0,62.0,morumbi
447259,2022,-23.5983063468912,-46.697861609769,5,kilometer,285.0,"R$ 39.025,42",14.0,19.0,17.0,10.0,60.0,morumbi
455420,2022,-23.6383632983486,-46.729196120124,5,kilometer,270.0,"R$ 23.830,74",9.0,13.0,25.0,12.0,59.0,morumbi
441585,2022,-23.611009309343,-46.693847514023695,5,kilometer,184.0,"R$ 36.884,35",14.0,17.0,17.0,10.0,58.0,morumbi
447260,2022,-23.5993342301657,-46.69787882467031,5,kilometer,202.0,"R$ 33.625,12",5.0,8.0,23.0,19.0,55.0,morumbi
455622,2022,-23.6301115129524,-46.7212902639424,5,kilometer,299.0,"R$ 38.322,45",20.0,6.0,14.0,14.0,54.0,morumbi
441426,2022,-23.6029816639678,-46.6942273229008,5,kilometer,225.0,"R$ 24.095,04",23.0,12.0,13.0,5.0,53.0,morumbi
447222,2022,-23.5941266488141,-46.7105520198285,5,kilometer,268.0,"R$ 24.957,45",10.0,14.0,17.0,10.0,51.0,morumbi
458252,2022,-23.5868724313653,-46.7401121750863,5,kilometer,279.0,"R$ 36.298,90",9.0,9.0,9.0,23.0,50.0,morumbi
455396,2022,-23.6293114386284,-46.72206624869391,5,kilometer,236.0,"R$ 27.635,47",8.0,12.0,14.0,16.0,50.0,morumbi
447314,2022,-23.6016204341445,-46.706807511117695,5,kilometer,266.0,"R$ 26.389,88",5.0,12.0,8.0,22.0,47.0,morumbi
455418,2022,-23.6379658713797,-46.7309309157845,5,kilometer,152.0,"R$ 29.725,76",,10.0,11.0,23.0,44.0,morumbi
447246,2022,-23.6059248353401,-46.707267218795295,5,kilometer,269.0,"R$ 26.464,02",3.0,9.0,14.0,17.0,43.0,morumbi
455429,2022,-23.6248231679775,-46.7317662967372,5,kilometer,201.0,"R$ 73.198,95",6.0,8.0,12.0,12.0,38.0,morumbi
452257,2022,-23.6296592440474,-46.6953380427808,5,kilometer,286.0,"R$ 33.056,51",8.0,12.0,9.0,9.0,38.0,morumbi
447279,2022,-23.5940254366891,-46.704165651393104,5,kilometer,200.0,"R$ 26.238,12",8.0,6.0,4.0,11.0,29.0,morumbi
441557,2022,-23.6251537915594,-46.6886084728174,5,kilometer,319.0,"R$ 33.907,62",5.0,10.0,7.0,6.0,28.0,morumbi
447247,2022,-23.6065935740077,-46.7066594808199,5,kilometer,193.0,"R$ 27.781,05",3.0,3.0,4.0,17.0,27.0,morumbi
447277,2022,-23.5838102715868,-46.7042361326187,5,kilometer,205.0,"R$ 26.124,55",3.0,4.0,9.0,11.0,27.0,morumbi
455319,2022,-23.6201796802803,-46.7370824719652,5,kilometer,178.0,"R$ 25.049,27",7.0,6.0,5.0,9.0,27.0,morumbi
447281,2022,-23.5952637930235,-46.696203926430094,5,kilometer,153.0,"R$ 24.302,81",4.0,4.0,11.0,7.0,26.0,morumbi
447282,2022,-23.5921011313398,-46.701562512038,5,kilometer,204.0,"R$ 24.384,49",,8.0,6.0,11.0,25.0,morumbi
447284,2022,-23.5886685882691,-46.6978956700323,5,kilometer,162.0,"R$ 31.177,78",,0.0,8.0,15.0,23.0,morumbi
447285,2022,-23.591001236129,-46.6949932058112,5,kilometer,190.0,"R$ 25.539,47",4.0,3.0,8.0,7.0,22.0,morumbi
455487,2022,-23.6342294650082,-46.7250686178666,5,kilometer,293.0,"R$ 24.477,72",6.0,8.0,,3.0,17.0,morumbi
447271,2022,-23.5918691648679,-46.71011229144,5,kilometer,213.0,"R$ 23.781,71",,,9.0,,,morumbi
441456,2022,-23.6072668685673,-46.6959264161794,5,kilometer,309.0,"R$ 23.757,05",26.0,10.0,10.0,8.0,,morumbi
458362,2022,-23.6022107983111,-46.7249669608303,5,kilometer,233.0,"R$ 23.740,29",10.0,12.0,14.0,15.0,,morumbi
455401,2022,-23.6257996379984,-46.720642908339904,5,kilometer,293.0,"R$ 23.700,98",26.0,30.0,23.0,17.0,,morumbi
441484,2022,-23.6123126695787,-46.6915740308529,5,kilometer,427.0,"R$ 23.652,20",32.0,46.0,33.0,21.0,,morumbi
441534,2022,-23.6201913221055,-46.6973635300256,5,kilometer,126.0,"R$ 23.545,92",,,,,,morumbi
447301,2022,-23.5910377891918,-46.704610740754,5,kilometer,164.0,"R$ 23.500,09",,6.0,6.0,23.0,,morumbi
452150,2022,-23.6342166489882,-46.7086235572076,5,kilometer,792.0,"R$ 23.468,64",37.0,53.0,50.0,49.0,,morumbi
455498,2022,-23.6274779105843,-46.738472568913295,5,kilometer,237.0,"R$ 23.394,42",18.0,16.0,14.0,17.0,,morumbi
455488,2022,-23.6286060822561,-46.7203952552522,5,kilometer,702.0,"R$ 23.338,27",37.0,34.0,41.0,30.0,,morumbi
455621,2022,-23.6324117299104,-46.7234768789076,5,kilometer,209.0,"R$ 23.306,02",10.0,9.0,25.0,24.0,,morumbi
447283,2022,-23.5961269813356,-46.701992728059295,5,kilometer,174.0,"R$ 23.186,05",4.0,,7.0,10.0,,morumbi
455410,2022,-23.6278617475644,-46.7186521947362,5,kilometer,319.0,"R$ 23.164,63",13.0,15.0,11.0,21.0,,morumbi
447172,2022,-23.5901904430389,-46.7073854524962,5,kilometer,250.0,"R$ 22.974,36",4.0,3.0,6.0,10.0,,morumbi
441452,2022,-23.6107175460334,-46.6903685652938,5,kilometer,173.0,"R$ 22.767,22",13.0,11.0,4.0,9.0,,morumbi
455409,2022,-23.6291831316125,-46.7198059900478,5,kilometer,197.0,"R$ 22.717,19",12.0,12.0,14.0,16.0,,morumbi
447308,2022,-23.6059529218509,-46.7006016887625,5,kilometer,635.0,"R$ 22.632,68",14.0,40.0,52.0,41.0,,morumbi
447256,2022,-23.6050577937037,-46.7012901337342,5,kilometer,218.0,"R$ 22.498,46",13.0,11.0,7.0,3.0,,morumbi
452324,2022,-23.6320248988818,-46.6951631546962,5,kilometer,505.0,"R$ 22.390,84",53.0,26.0,16.0,17.0,,morumbi
447201,2022,-23.6124859223102,-46.7087311718121,5,kilometer,225.0,"R$ 22.290,00",6.0,14.0,9.0,13.0,,morumbi
447174,2022,-23.5846025137771,-46.7119055025998,5,kilometer,183.0,"R$ 22.270,51",5.0,6.0,,4.0,,morumbi
452204,2022,-23.6260760279044,-46.7067063272768,5,kilometer,630.0,"R$ 22.089,24",50.0,64.0,44.0,27.0,,morumbi
452345,2022,-23.6341608531443,-46.70925978656,5,kilometer,325.0,"R$ 21.926,67",28.0,29.0,18.0,10.0,,morumbi
441611,2022,-23.6041500488323,-46.6949827939003,5,kilometer,212.0,"R$ 21.910,98",16.0,5.0,4.0,4.0,,morumbi
441617,2022,-23.6110992863616,-46.6897326999505,5,kilometer,159.0,"R$ 21.589,36",7.0,13.0,7.0,5.0,,morumbi
447278,2022,-23.5857801695329,-46.7006374585658,5,kilometer,152.0,"R$ 21.536,71",5.0,3.0,5.0,6.0,,morumbi
452205,2022,-23.6355038086886,-46.71574492665,5,kilometer,562.0,"R$ 21.530,96",40.0,58.0,35.0,26.0,,morumbi
447177,2022,-23.5930176949565,-46.6987450421095,5,kilometer,198.0,"R$ 21.515,09",7.0,9.0,11.0,11.0,,morumbi
458271,2022,-23.5997910813481,-46.7255653927198,5,kilometer,312.0,"R$ 21.510,60",12.0,26.0,27.0,13.0,,morumbi
447221,2022,-23.6122475404393,-46.7116412339478,5,kilometer,219.0,"R$ 21.499,24",4.0,15.0,18.0,6.0,,morumbi
458312,2022,-23.5889295986682,-46.74100028902409,5,kilometer,766.0,"R$ 21.492,27",36.0,65.0,74.0,62.0,,morumbi
447272,2022,-23.5849639570509,-46.7080825330054,5,kilometer,191.0,"R$ 21.397,63",6.0,13.0,10.0,6.0,,morumbi
441529,2022,-23.6201987490179,-46.6949930296631,5,kilometer,238.0,"R$ 21.322,79",23.0,10.0,10.0,8.0,,morumbi
455491,2022,-23.6184044053597,-46.742666951793,5,kilometer,272.0,"R$ 21.264,65",11.0,8.0,22.0,18.0,,morumbi
452190,2022,-23.6345553469211,-46.7150273179438,5,kilometer,710.0,"R$ 21.262,66",44.0,64.0,78.0,40.0,,morumbi
458301,2022,-23.6077930935263,-46.7351188338414,5,kilometer,648.0,"R$ 21.230,77",46.0,58.0,54.0,37.0,,morumbi
455399,2022,-23.6266384329663,-46.7237565799234,5,kilometer,173.0,"R$ 21.205,91",5.0,15.0,10.0,7.0,,morumbi
458299,2022,-23.6060356357255,-46.7348919136184,5,kilometer,872.0,"R$ 21.168,40",76.0,95.0,71.0,52.0,,morumbi
455302,2022,-23.6240074646516,-46.713059148955104,5,kilometer,104.0,"R$ 21.149,77",0.0,,0.0,0.0,,morumbi
441424,2022,-23.6026900614569,-46.695263963541,5,kilometer,203.0,"R$ 21.004,05",29.0,10.0,8.0,4.0,,morumbi
455473,2022,-23.6307853330525,-46.7318042523652,5,kilometer,284.0,"R$ 20.914,69",7.0,16.0,18.0,13.0,,morumbi
450146,2022,-23.5877146262648,-46.76009633897431,5,kilometer,572.0,"R$ 20.817,24",32.0,24.0,27.0,37.0,,morumbi
455489,2022,-23.6275184240447,-46.71980098588711,5,kilometer,324.0,"R$ 20.722,13",33.0,23.0,15.0,13.0,,morumbi
441528,2022,-23.6217732801745,-46.696561961229904,5,kilometer,404.0,"R$ 20.685,65",40.0,29.0,16.0,19.0,,morumbi
452256,2022,-23.6265691931769,-46.6971692890972,5,kilometer,642.0,"R$ 20.657,49",68.0,59.0,56.0,37.0,,morumbi
455358,2022,-23.6174739306088,-46.7387431793256,5,kilometer,364.0,"R$ 20.613,79",15.0,17.0,21.0,24.0,,morumbi
447227,2022,-23.6044300621227,-46.72365954447871,5,kilometer,353.0,"R$ 20.538,73",10.0,17.0,17.0,20.0,,morumbi
447252,2022,-23.611489826723,-46.7075240528234,5,kilometer,315.0,"R$ 20.505,31",9.0,12.0,9.0,14.0,,morumbi
452333,2022,-23.6439790278105,-46.7215274485092,5,kilometer,422.0,"R$ 20.486,60",42.0,20.0,17.0,11.0,,morumbi
455301,2022,-23.6227582698923,-46.719969453135,5,kilometer,540.0,"R$ 20.341,66",16.0,28.0,21.0,27.0,,morumbi
458300,2022,-23.6068237344866,-46.7357562220372,5,kilometer,648.0,"R$ 20.294,88",64.0,73.0,48.0,28.0,,morumbi
455462,2022,-23.6228711268647,-46.739521228837695,5,kilometer,538.0,"R$ 20.218,61",46.0,50.0,41.0,22.0,,morumbi
455469,2022,-23.6305809695388,-46.732694154274895,5,kilometer,396.0,"R$ 20.121,52",22.0,29.0,18.0,22.0,,morumbi
447244,2022,-23.6105935679975,-46.71000726278351,5,kilometer,265.0,"R$ 20.049,03",3.0,8.0,7.0,14.0,,morumbi
458361,2022,-23.5980008358566,-46.7240466496268,5,kilometer,327.0,"R$ 19.923,97",13.0,20.0,28.0,16.0,,morumbi
455395,2022,-23.6165079073854,-46.714026635159,5,kilometer,167.0,"R$ 19.914,29",,,5.0,7.0,,morumbi
455355,2022,-23.618339586864,-46.7387790630407,5,kilometer,342.0,"R$ 19.897,74",17.0,10.0,27.0,29.0,,morumbi
441610,2022,-23.6038864987815,-46.6948781894226,5,kilometer,245.0,"R$ 19.894,86",9.0,11.0,12.0,6.0,,morumbi
447225,2022,-23.6077923573489,-46.7160186284704,5,kilometer,198.0,"R$ 19.877,17",4.0,8.0,4.0,7.0,,morumbi
447216,2022,-23.6061775454882,-46.705059289886094,5,kilometer,396.0,"R$ 19.817,40",10.0,12.0,28.0,18.0,,morumbi
447209,2022,-23.6107778885327,-46.7046069627903,5,kilometer,523.0,"R$ 19.810,64",9.0,12.0,20.0,20.0,,morumbi
441425,2022,-23.6028383560391,-46.694747142360704,5,kilometer,292.0,"R$ 19.705,81",33.0,32.0,22.0,9.0,,morumbi
455421,2022,-23.6373333917184,-46.7292565926827,5,kilometer,272.0,"R$ 19.696,98",13.0,19.0,17.0,12.0,,morumbi
455453,2022,-23.6266877161267,-46.73429205989849,5,kilometer,450.0,"R$ 19.676,80",18.0,18.0,36.0,13.0,,morumbi
441453,2022,-23.6099989495481,-46.6969612867422,5,kilometer,278.0,"R$ 19.671,96",15.0,18.0,6.0,12.0,,morumbi
452298,2022,-23.6525666706937,-46.7188223106034,5,kilometer,671.0,"R$ 19.598,58",79.0,52.0,45.0,28.0,,morumbi
455356,2022,-23.6189346916151,-46.7379196423918,5,kilometer,192.0,"R$ 19.595,09",7.0,8.0,8.0,14.0,,morumbi
447306,2022,-23.5920184539901,-46.72006714603631,5,kilometer,389.0,"R$ 19.584,90",14.0,21.0,21.0,22.0,,morumbi
447173,2022,-23.5964253450963,-46.7115089989975,5,kilometer,287.0,"R$ 19.470,30",6.0,15.0,15.0,12.0,,morumbi
447194,2022,-23.6063671911893,-46.704305066316095,5,kilometer,162.0,"R$ 19.420,41",0.0,6.0,8.0,12.0,,morumbi
455359,2022,-23.6185860255024,-46.7396032143364,5,kilometer,291.0,"R$ 19.371,63",9.0,16.0,19.0,15.0,,morumbi
455458,2022,-23.6314292701093,-46.7340928364142,5,kilometer,344.0,"R$ 19.341,99",18.0,16.0,41.0,27.0,,morumbi
455368,2022,-23.6205538376343,-46.73674128303809,5,kilometer,167.0,"R$ 19.340,85",5.0,3.0,7.0,11.0,,morumbi
455638,2022,-23.6193674425829,-46.7372162901946,5,kilometer,357.0,"R$ 19.315,01",28.0,16.0,14.0,10.0,,morumbi
447185,2022,-23.5908682098369,-46.7175134657318,5,kilometer,299.0,"R$ 19.209,52",16.0,16.0,15.0,23.0,,morumbi
455388,2022,-23.6348640619694,-46.7326677938702,5,kilometer,373.0,"R$ 19.179,59",11.0,12.0,10.0,16.0,,morumbi
447200,2022,-23.6108163985383,-46.7067022046353,5,kilometer,566.0,"R$ 19.172,98",9.0,21.0,27.0,27.0,,morumbi
455496,2022,-23.6283033644427,-46.7423993047898,5,kilometer,472.0,"R$ 19.142,86",30.0,48.0,61.0,33.0,,morumbi
455630,2022,-23.6326850737784,-46.7317749050054,5,kilometer,247.0,"R$ 19.061,80",5.0,12.0,17.0,17.0,,morumbi
452198,2022,-23.6401673559529,-46.714511020394,5,kilometer,541.0,"R$ 19.016,10",42.0,50.0,46.0,35.0,,morumbi
447191,2022,-23.5807697355522,-46.7071982085308,5,kilometer,175.0,"R$ 18.995,06",,6.0,8.0,10.0,,morumbi
455526,2022,-23.6381883882854,-46.7299586325248,5,kilometer,152.0,"R$ 18.989,89",,12.0,7.0,7.0,,morumbi
455639,2022,-23.6349053809358,-46.7262901997666,5,kilometer,632.0,"R$ 18.954,01",45.0,49.0,39.0,31.0,,morumbi
445685,2022,-23.6533240880602,-46.7486054115866,5,kilometer,340.0,"R$ 18.916,28",31.0,26.0,17.0,12.0,,morumbi
447211,2022,-23.6126691799992,-46.7057261648897,5,kilometer,322.0,"R$ 18.899,22",10.0,19.0,16.0,17.0,,morumbi
455455,2022,-23.6315476884213,-46.733377385632494,5,kilometer,579.0,"R$ 18.843,26",16.0,20.0,37.0,39.0,,morumbi
458371,2022,-23.6081435028965,-46.733792442939,5,kilometer,326.0,"R$ 18.829,00",27.0,30.0,35.0,18.0,,morumbi
455424,2022,-23.6259346766437,-46.7301917795664,5,kilometer,391.0,"R$ 18.726,04",18.0,21.0,19.0,25.0,,morumbi
441588,2022,-23.6105352186735,-46.69198952553511,5,kilometer,317.0,"R$ 18.617,33",23.0,25.0,13.0,20.0,,morumbi
447171,2022,-23.5925539242988,-46.713125770850894,5,kilometer,264.0,"R$ 18.605,23",5.0,18.0,12.0,16.0,,morumbi
455320,2022,-23.6180096852873,-46.734019077857,5,kilometer,292.0,"R$ 18.595,80",8.0,16.0,28.0,17.0,,morumbi
458269,2022,-23.5980290793225,-46.7303650485937,5,kilometer,280.0,"R$ 18.546,82",5.0,13.0,14.0,14.0,,morumbi
455390,2022,-23.6360165138105,-46.735611481738,5,kilometer,292.0,"R$ 18.542,17",12.0,21.0,20.0,22.0,,morumbi
455456,2022,-23.63302637254,-46.7328762989617,5,kilometer,640.0,"R$ 18.533,34",19.0,29.0,58.0,56.0,,morumbi
455449,2022,-23.6260250814183,-46.73274975681969,5,kilometer,466.0,"R$ 18.525,36",24.0,24.0,23.0,28.0,,morumbi
447265,2022,-23.5868809822779,-46.7188194757355,5,kilometer,442.0,"R$ 18.515,83",31.0,32.0,25.0,22.0,,morumbi
441586,2022,-23.6116600433363,-46.6928097890924,5,kilometer,325.0,"R$ 18.470,52",27.0,12.0,8.0,6.0,,morumbi
441634,2022,-23.6239255765794,-46.690901433931,5,kilometer,166.0,"R$ 18.443,72",28.0,7.0,,4.0,,morumbi
455403,2022,-23.6271658934638,-46.7221027205178,5,kilometer,340.0,"R$ 18.374,37",7.0,11.0,15.0,12.0,,morumbi
455408,2022,-23.630862265782,-46.7254914451046,5,kilometer,190.0,"R$ 18.370,36",6.0,11.0,20.0,11.0,,morumbi
458068,2022,-23.6016654355354,-46.741189885948096,5,kilometer,132.0,"R$ 18.358,61",3.0,3.0,6.0,7.0,,morumbi
447289,2022,-23.6028858306043,-46.71596900539431,5,kilometer,331.0,"R$ 18.319,26",10.0,20.0,18.0,15.0,,morumbi
447180,2022,-23.6073260884694,-46.7102083481881,5,kilometer,366.0,"R$ 18.308,17",13.0,9.0,24.0,28.0,,morumbi
447178,2022,-23.6051771301316,-46.7042931374265,5,kilometer,549.0,"R$ 18.292,34",15.0,29.0,28.0,21.0,,morumbi
455353,2022,-23.617450677403,-46.737305644247,5,kilometer,167.0,"R$ 18.224,59",,10.0,8.0,3.0,,morumbi
432788,2022,-23.6402747811481,-46.769783025029696,5,kilometer,265.0,"R$ 18.203,63",25.0,12.0,21.0,12.0,,morumbi
447295,2022,-23.5860040420892,-46.7146851714044,5,kilometer,26.0,"R$ 18.133,50",,,0.0,0.0,,morumbi
447263,2022,-23.5908707560016,-46.7157096865634,5,kilometer,62.0,"R$ 18.064,58",3.0,,,3.0,,morumbi
455464,2022,-23.6237856940264,-46.73931405291351,5,kilometer,152.0,"R$ 18.058,93",5.0,6.0,5.0,13.0,,morumbi
455428,2022,-23.6252483985252,-46.729209262689,5,kilometer,294.0,"R$ 17.948,67",17.0,21.0,18.0,11.0,,morumbi
455404,2022,-23.6199183176693,-46.71857915934,5,kilometer,238.0,"R$ 17.841,71",12.0,19.0,13.0,15.0,,morumbi
441447,2022,-23.6116743888777,-46.6884557643722,5,kilometer,267.0,"R$ 17.793,91",8.0,9.0,10.0,10.0,,morumbi
455616,2022,-23.6347140377297,-46.7301516193528,5,kilometer,435.0,"R$ 17.738,96",28.0,18.0,14.0,17.0,,morumbi
441454,2022,-23.6105374795819,-46.6953990175726,5,kilometer,196.0,"R$ 17.675,25",6.0,4.0,,4.0,,morumbi
441533,2022,-23.6202803604655,-46.697050917529104,5,kilometer,134.0,"R$ 17.564,58",,4.0,,0.0,,morumbi
452297,2022,-23.651720617128,-46.7193279247634,5,kilometer,518.0,"R$ 17.517,23",64.0,39.0,18.0,17.0,,morumbi
441633,2022,-23.6219369945746,-46.6884998417567,5,kilometer,257.0,"R$ 17.398,83",15.0,17.0,13.0,9.0,,morumbi
441303,2022,-23.607842326505,-46.69287545691871,5,kilometer,299.0,"R$ 17.357,03",10.0,13.0,12.0,9.0,,morumbi
455628,2022,-23.6203665310915,-46.738627203883695,5,kilometer,199.0,"R$ 17.325,57",6.0,10.0,12.0,6.0,,morumbi
447199,2022,-23.6079527487176,-46.7074459990822,5,kilometer,372.0,"R$ 17.318,59",13.0,18.0,14.0,19.0,,morumbi
447290,2022,-23.6015422436335,-46.7165315976372,5,kilometer,261.0,"R$ 17.295,93",7.0,5.0,0.0,7.0,,morumbi
455313,2022,-23.6214834753873,-46.73706769144631,5,kilometer,123.0,"R$ 17.281,09",4.0,7.0,4.0,5.0,,morumbi
455406,2022,-23.6226269312149,-46.719366164704894,5,kilometer,486.0,"R$ 17.272,58",21.0,19.0,36.0,25.0,,morumbi
447241,2022,-23.5926509910765,-46.7162269797581,5,kilometer,570.0,"R$ 17.210,36",17.0,22.0,29.0,33.0,,morumbi
447243,2022,-23.6088957004101,-46.7078367233598,5,kilometer,482.0,"R$ 17.157,55",4.0,55.0,17.0,8.0,,morumbi
455492,2022,-23.6162628519897,-46.7423103340994,5,kilometer,434.0,"R$ 17.110,69",32.0,27.0,17.0,16.0,,morumbi
455524,2022,-23.6233337085453,-46.7214021248908,5,kilometer,697.0,"R$ 17.095,41",45.0,71.0,60.0,42.0,,morumbi
441587,2022,-23.6112775665418,-46.6924506421437,5,kilometer,175.0,"R$ 17.061,22",4.0,6.0,,0.0,,morumbi
452211,2022,-23.638242608237,-46.701649235976895,5,kilometer,294.0,"R$ 17.051,99",11.0,13.0,12.0,20.0,,morumbi
455523,2022,-23.6237119601017,-46.7201777285303,5,kilometer,705.0,"R$ 17.047,40",41.0,59.0,57.0,54.0,,morumbi
458302,2022,-23.6087962434308,-46.734521097824704,5,kilometer,634.0,"R$ 17.041,56",32.0,55.0,55.0,43.0,,morumbi
447248,2022,-23.6063362458759,-46.703290379476,5,kilometer,417.0,"R$ 16.978,37",16.0,17.0,34.0,33.0,,morumbi
455531,2022,-23.6315928445119,-46.7397276316874,5,kilometer,440.0,"R$ 16.950,69",36.0,29.0,19.0,14.0,,morumbi
455460,2022,-23.6281851404447,-46.74339367183671,5,kilometer,612.0,"R$ 16.945,65",44.0,65.0,59.0,25.0,,morumbi
452140,2022,-23.6370525889957,-46.7040894784166,5,kilometer,518.0,"R$ 16.863,88",11.0,16.0,20.0,30.0,,morumbi
452279,2022,-23.6382064458221,-46.7189783972076,5,kilometer,644.0,"R$ 16.838,46",64.0,82.0,31.0,15.0,,morumbi
441513,2022,-23.6137695575533,-46.69102580319991,5,kilometer,233.0,"R$ 16.778,18",10.0,6.0,5.0,,,morumbi
455463,2022,-23.6248821904826,-46.7405088687926,5,kilometer,630.0,"R$ 16.775,44",49.0,43.0,40.0,29.0,,morumbi
432744,2022,-23.6135828331442,-46.753266847667696,5,kilometer,250.0,"R$ 16.685,38",5.0,9.0,11.0,23.0,,morumbi
441512,2022,-23.6139491177479,-46.690801144472,5,kilometer,221.0,"R$ 16.667,41",7.0,,0.0,,,morumbi
455369,2022,-23.6193391677755,-46.73555320447431,5,kilometer,410.0,"R$ 16.646,16",11.0,13.0,21.0,14.0,,morumbi
452249,2022,-23.6354123095397,-46.7073691266818,5,kilometer,291.0,"R$ 16.641,35",9.0,11.0,19.0,12.0,,morumbi
455422,2022,-23.6339198006928,-46.7299912893026,5,kilometer,178.0,"R$ 16.595,84",12.0,11.0,9.0,5.0,,morumbi
458218,2022,-23.6100253681681,-46.737481713871,5,kilometer,552.0,"R$ 16.528,15",27.0,50.0,51.0,44.0,,morumbi
447240,2022,-23.5925629268508,-46.7184917930336,5,kilometer,193.0,"R$ 16.508,44",8.0,8.0,10.0,6.0,,morumbi
455374,2022,-23.622211850335,-46.7348520939628,5,kilometer,226.0,"R$ 16.505,83",3.0,8.0,13.0,13.0,,morumbi
447203,2022,-23.6018087905526,-46.721037999738,5,kilometer,351.0,"R$ 16.475,01",9.0,20.0,17.0,16.0,,morumbi
455485,2022,-23.6355569609847,-46.7337019805817,5,kilometer,235.0,"R$ 16.471,20",18.0,11.0,11.0,12.0,,morumbi
455525,2022,-23.6357049555332,-46.732214340304495,5,kilometer,340.0,"R$ 16.422,67",11.0,11.0,21.0,17.0,,morumbi
455495,2022,-23.6276995996886,-46.7402559401344,5,kilometer,690.0,"R$ 16.382,16",28.0,58.0,62.0,62.0,,morumbi
455363,2022,-23.6154602229507,-46.7328155057457,5,kilometer,190.0,"R$ 16.312,51",10.0,8.0,9.0,5.0,,morumbi
447214,2022,-23.5988633412032,-46.6995218798373,5,kilometer,199.0,"R$ 16.293,84",5.0,14.0,20.0,14.0,,morumbi
447223,2022,-23.5959870207729,-46.709780612770096,5,kilometer,128.0,"R$ 16.232,22",4.0,3.0,4.0,10.0,,morumbi
458379,2022,-23.6127869565107,-46.7401339232211,5,kilometer,456.0,"R$ 16.218,35",12.0,20.0,24.0,29.0,,morumbi
441543,2022,-23.6234512148434,-46.695092296473696,5,kilometer,253.0,"R$ 16.195,12",,,,3.0,,morumbi
455370,2022,-23.6190619906414,-46.734554932922094,5,kilometer,281.0,"R$ 16.184,76",13.0,7.0,24.0,20.0,,morumbi
458138,2022,-23.5975156502559,-46.7300758873401,5,kilometer,557.0,"R$ 16.153,07",17.0,23.0,24.0,44.0,,morumbi
458270,2022,-23.5991201693193,-46.729156494254,5,kilometer,469.0,"R$ 16.098,31",16.0,26.0,26.0,32.0,,morumbi
452342,2022,-23.6268458882318,-46.6933875763908,5,kilometer,279.0,"R$ 16.048,62",28.0,19.0,9.0,8.0,,morumbi
447242,2022,-23.6116233523038,-46.714635859808496,5,kilometer,133.0,"R$ 15.994,88",3.0,4.0,5.0,9.0,,morumbi
452212,2022,-23.6385673647295,-46.6991177756991,5,kilometer,370.0,"R$ 15.941,42",19.0,8.0,13.0,21.0,,morumbi
458109,2022,-23.6110632307841,-46.7323152863836,5,kilometer,353.0,"R$ 15.922,27",15.0,11.0,14.0,19.0,,morumbi
452280,2022,-23.6368117701241,-46.7143109707286,5,kilometer,279.0,"R$ 15.919,40",13.0,17.0,,12.0,,morumbi
455466,2022,-23.6256761633508,-46.739710711358704,5,kilometer,625.0,"R$ 15.901,01",63.0,64.0,36.0,28.0,,morumbi
447224,2022,-23.6066127775376,-46.7148628244947,5,kilometer,233.0,"R$ 15.865,62",4.0,5.0,14.0,17.0,,morumbi
441421,2022,-23.608227021537,-46.6899895137286,5,kilometer,286.0,"R$ 15.858,17",6.0,12.0,17.0,17.0,,morumbi
455636,2022,-23.6290838997998,-46.7325657524245,5,kilometer,463.0,"R$ 15.834,52",14.0,20.0,25.0,27.0,,morumbi
455539,2022,-23.6195629101576,-46.7413831901984,5,kilometer,334.0,"R$ 15.830,76",7.0,6.0,14.0,14.0,,morumbi
455508,2022,-23.621554847999,-46.7429294086371,5,kilometer,684.0,"R$ 15.819,69",56.0,47.0,53.0,38.0,,morumbi
447280,2022,-23.5968038412571,-46.706313011663,5,kilometer,186.0,"R$ 15.804,72",4.0,12.0,9.0,11.0,,morumbi
447250,2022,-23.6129959667133,-46.70796563842671,5,kilometer,203.0,"R$ 15.670,00",3.0,12.0,5.0,5.0,,morumbi
452307,2022,-23.641944619891,-46.7204511971875,5,kilometer,705.0,"R$ 15.649,11",64.0,53.0,32.0,25.0,,morumbi
452369,2022,-23.6254904770238,-46.6960397489272,5,kilometer,433.0,"R$ 15.625,72",26.0,27.0,19.0,22.0,,morumbi
447181,2022,-23.6049773197206,-46.7155666855138,5,kilometer,490.0,"R$ 15.586,94",22.0,20.0,21.0,27.0,,morumbi
455537,2022,-23.6285480127013,-46.738256434907,5,kilometer,381.0,"R$ 15.562,02",21.0,37.0,25.0,18.0,,morumbi
458178,2022,-23.6106694290767,-46.735747568991,5,kilometer,407.0,"R$ 15.446,18",11.0,17.0,14.0,27.0,,morumbi
455328,2022,-23.6181174276946,-46.7079709487318,5,kilometer,197.0,"R$ 15.405,99",3.0,3.0,8.0,10.0,,morumbi
455315,2022,-23.6208199805329,-46.7048241592816,5,kilometer,221.0,"R$ 15.357,77",11.0,6.0,12.0,9.0,,morumbi
447226,2022,-23.5999678114976,-46.7144734095852,5,kilometer,264.0,"R$ 15.356,10",6.0,8.0,8.0,20.0,,morumbi
452317,2022,-23.6266214826515,-46.6932387337098,5,kilometer,267.0,"R$ 15.353,26",7.0,3.0,3.0,8.0,,morumbi
452278,2022,-23.6397937240664,-46.7185848271236,5,kilometer,437.0,"R$ 15.330,54",47.0,30.0,17.0,8.0,,morumbi
455483,2022,-23.624197574069,-46.731530140531696,5,kilometer,323.0,"R$ 15.309,01",15.0,16.0,16.0,7.0,,morumbi
458191,2022,-23.5872311694902,-46.75254245243929,5,kilometer,664.0,"R$ 15.308,05",35.0,47.0,46.0,53.0,,morumbi
455389,2022,-23.6340399057146,-46.7313381103852,5,kilometer,277.0,"R$ 15.275,23",17.0,9.0,11.0,16.0,,morumbi
455474,2022,-23.628200374536,-46.73006873479991,5,kilometer,393.0,"R$ 15.250,41",11.0,12.0,12.0,19.0,,morumbi
458305,2022,-23.6089467855748,-46.7387544968132,5,kilometer,398.0,"R$ 15.241,02",25.0,36.0,25.0,13.0,,morumbi
458272,2022,-23.6015050668534,-46.725676292514095,5,kilometer,176.0,"R$ 15.225,71",10.0,11.0,11.0,6.0,,morumbi
447213,2022,-23.6158014717043,-46.7091787572369,5,kilometer,350.0,"R$ 15.203,65",23.0,16.0,15.0,19.0,,morumbi
458313,2022,-23.5886559230602,-46.740289485440094,5,kilometer,438.0,"R$ 15.184,18",27.0,39.0,29.0,32.0,,morumbi
452181,2022,-23.6394042376018,-46.7149568432886,5,kilometer,536.0,"R$ 15.141,71",38.0,70.0,49.0,21.0,,morumbi
452187,2022,-23.6292811925872,-46.693363701704,5,kilometer,678.0,"R$ 15.133,14",35.0,42.0,35.0,39.0,,morumbi
455502,2022,-23.6313343642712,-46.7415448073246,5,kilometer,89.0,"R$ 15.125,00",10.0,5.0,7.0,3.0,,morumbi
452254,2022,-23.6268309964364,-46.6979241540918,5,kilometer,232.0,"R$ 15.102,44",10.0,7.0,6.0,3.0,,morumbi
455504,2022,-23.6403011265422,-46.7347556704217,5,kilometer,613.0,"R$ 15.081,76",60.0,42.0,38.0,31.0,,morumbi
455309,2022,-23.6257893705646,-46.73512902132551,5,kilometer,244.0,"R$ 15.035,71",8.0,7.0,12.0,14.0,,morumbi
458192,2022,-23.5884164628487,-46.7525657874516,5,kilometer,655.0,"R$ 14.978,97",43.0,59.0,76.0,35.0,,morumbi
455308,2022,-23.6303543887621,-46.735424073811295,5,kilometer,311.0,"R$ 14.955,12",7.0,16.0,12.0,10.0,,morumbi
452201,2022,-23.6272820582555,-46.69653294770311,5,kilometer,420.0,"R$ 14.946,78",19.0,23.0,18.0,31.0,,morumbi
447220,2022,-23.6098860196994,-46.7053877632972,5,kilometer,528.0,"R$ 14.943,89",15.0,17.0,21.0,11.0,,morumbi
455351,2022,-23.620346060255,-46.7402620202108,5,kilometer,67.0,"R$ 14.928,57",,0.0,3.0,0.0,,morumbi
455350,2022,-23.6216219835356,-46.7398288547827,5,kilometer,394.0,"R$ 14.917,92",12.0,19.0,29.0,26.0,,morumbi
455325,2022,-23.6163437848928,-46.741761813538496,5,kilometer,443.0,"R$ 14.877,28",18.0,25.0,24.0,41.0,,morumbi
458219,2022,-23.6111495575928,-46.737251148164894,5,kilometer,486.0,"R$ 14.813,84",33.0,36.0,39.0,31.0,,morumbi
455387,2022,-23.6332329243156,-46.7298946035158,5,kilometer,391.0,"R$ 14.789,63",14.0,11.0,13.0,16.0,,morumbi
452206,2022,-23.6279071053975,-46.708767549548,5,kilometer,680.0,"R$ 14.707,05",52.0,56.0,50.0,33.0,,morumbi
452295,2022,-23.6512780509528,-46.7186124214828,5,kilometer,554.0,"R$ 14.652,39",38.0,54.0,36.0,31.0,,morumbi
455297,2022,-23.6254671447323,-46.730832311095696,5,kilometer,409.0,"R$ 14.617,34",10.0,24.0,30.0,21.0,,morumbi
458346,2022,-23.6121290279513,-46.7295811111306,5,kilometer,237.0,"R$ 14.606,48",8.0,11.0,8.0,9.0,,morumbi
458217,2022,-23.6133002585128,-46.73882917776511,5,kilometer,529.0,"R$ 14.606,37",22.0,29.0,33.0,23.0,,morumbi
455312,2022,-23.6231163661212,-46.7357636590856,5,kilometer,259.0,"R$ 14.600,74",9.0,5.0,7.0,15.0,,morumbi
458280,2022,-23.5983021071755,-46.723667333635696,5,kilometer,319.0,"R$ 14.573,90",18.0,18.0,15.0,16.0,,morumbi
455377,2022,-23.6226796704871,-46.7369580699624,5,kilometer,140.0,"R$ 14.558,22",6.0,10.0,5.0,,,morumbi
455361,2022,-23.6186873323985,-46.7369395050377,5,kilometer,185.0,"R$ 14.546,38",9.0,10.0,9.0,7.0,,morumbi
452370,2022,-23.6263914055783,-46.695425535013,5,kilometer,269.0,"R$ 14.546,08",16.0,18.0,17.0,6.0,,morumbi
441527,2022,-23.6175261708014,-46.6947922617162,5,kilometer,398.0,"R$ 14.544,77",21.0,10.0,15.0,5.0,,morumbi
447299,2022,-23.5968511910776,-46.7161765477152,5,kilometer,276.0,"R$ 14.533,53",4.0,8.0,7.0,9.0,,morumbi
455400,2022,-23.6254828435503,-46.7229737250827,5,kilometer,273.0,"R$ 14.484,41",10.0,6.0,11.0,10.0,,morumbi
455503,2022,-23.6397195092354,-46.7354246500574,5,kilometer,626.0,"R$ 14.482,30",39.0,56.0,43.0,40.0,,morumbi
458374,2022,-23.5919680359287,-46.7382618556984,5,kilometer,490.0,"R$ 14.480,37",27.0,28.0,29.0,30.0,,morumbi
452337,2022,-23.6342741477484,-46.7006384189732,5,kilometer,343.0,"R$ 14.445,25",17.0,21.0,22.0,27.0,,morumbi
455516,2022,-23.6227829126409,-46.7434845074956,5,kilometer,294.0,"R$ 14.444,56",30.0,28.0,19.0,17.0,,morumbi
452296,2022,-23.6521261811506,-46.7180891172092,5,kilometer,628.0,"R$ 14.438,28",74.0,44.0,43.0,20.0,,morumbi
447179,2022,-23.606430863851,-46.7066550290032,5,kilometer,258.0,"R$ 14.413,84",12.0,11.0,19.0,22.0,,morumbi
455454,2022,-23.6283843648231,-46.7342736072342,5,kilometer,560.0,"R$ 14.389,26",6.0,19.0,10.0,17.0,,morumbi
447212,2022,-23.6141016522532,-46.7066133407804,5,kilometer,480.0,"R$ 14.296,04",14.0,15.0,22.0,19.0,,morumbi
455643,2022,-23.6241376452369,-46.7306705746426,5,kilometer,428.0,"R$ 14.187,69",21.0,7.0,9.0,11.0,,morumbi
455619,2022,-23.625016274859,-46.7208503909448,5,kilometer,166.0,"R$ 14.171,89",12.0,8.0,7.0,8.0,,morumbi
458383,2022,-23.6139178871518,-46.7399791234751,5,kilometer,349.0,"R$ 14.117,90",21.0,16.0,20.0,15.0,,morumbi
441532,2022,-23.620212218931,-46.6954393791783,5,kilometer,233.0,"R$ 14.072,10",16.0,16.0,,4.0,,morumbi
441422,2022,-23.6027568496071,-46.6955433129091,5,kilometer,231.0,"R$ 14.043,73",6.0,8.0,6.0,5.0,,morumbi
455515,2022,-23.6231115919158,-46.7433159859002,5,kilometer,737.0,"R$ 14.016,77",75.0,57.0,43.0,30.0,,morumbi
455648,2022,-23.6205072240927,-46.743619811287104,5,kilometer,454.0,"R$ 14.012,06",33.0,30.0,21.0,25.0,,morumbi
455362,2022,-23.617398411796,-46.7353050402578,5,kilometer,420.0,"R$ 13.976,97",19.0,13.0,20.0,13.0,,morumbi
458206,2022,-23.6081269643384,-46.726766141202496,5,kilometer,420.0,"R$ 13.950,94",13.0,25.0,27.0,19.0,,morumbi
447307,2022,-23.6066591191565,-46.7009763090398,5,kilometer,414.0,"R$ 13.890,78",,5.0,,,,morumbi
455634,2022,-23.6268794255438,-46.73918533397391,5,kilometer,584.0,"R$ 13.874,43",35.0,54.0,21.0,6.0,,morumbi
452287,2022,-23.6260193525961,-46.7012015941563,5,kilometer,337.0,"R$ 13.858,78",15.0,3.0,3.0,7.0,,morumbi
458318,2022,-23.6128075246015,-46.7370807678753,5,kilometer,391.0,"R$ 13.838,80",9.0,22.0,20.0,27.0,,morumbi
452303,2022,-23.6489324528284,-46.72122424714191,5,kilometer,507.0,"R$ 13.811,73",36.0,30.0,18.0,12.0,,morumbi
455447,2022,-23.6284739858743,-46.741061994095695,5,kilometer,383.0,"R$ 13.747,47",21.0,28.0,36.0,20.0,,morumbi
452151,2022,-23.6324983757258,-46.7005091528979,5,kilometer,502.0,"R$ 13.631,64",20.0,27.0,20.0,21.0,,morumbi
455392,2022,-23.6339349054246,-46.7344263176034,5,kilometer,266.0,"R$ 13.627,67",6.0,11.0,10.0,19.0,,morumbi
452335,2022,-23.6405681789018,-46.7007326841788,5,kilometer,253.0,"R$ 13.581,52",9.0,6.0,9.0,10.0,,morumbi
452366,2022,-23.6451477734436,-46.70273360081271,5,kilometer,316.0,"R$ 13.548,73",13.0,15.0,13.0,8.0,,morumbi
455333,2022,-23.6166746000009,-46.7411175212126,5,kilometer,192.0,"R$ 13.541,14",7.0,6.0,13.0,14.0,,morumbi
455423,2022,-23.627664977983,-46.72856394886831,5,kilometer,313.0,"R$ 13.537,21",7.0,8.0,14.0,18.0,,morumbi
458357,2022,-23.6102492406087,-46.7310675132008,5,kilometer,103.0,"R$ 13.528,95",8.0,3.0,,4.0,,morumbi
455468,2022,-23.6277232941092,-46.7292809242086,5,kilometer,478.0,"R$ 13.528,92",13.0,10.0,10.0,8.0,,morumbi
455644,2022,-23.6267004905576,-46.7290580489379,5,kilometer,256.0,"R$ 13.527,08",16.0,10.0,19.0,12.0,,morumbi
458113,2022,-23.6157322493949,-46.735617669062,5,kilometer,320.0,"R$ 13.509,79",8.0,13.0,22.0,24.0,,morumbi
455627,2022,-23.6192847356721,-46.7385991301143,5,kilometer,425.0,"R$ 13.450,24",31.0,25.0,10.0,10.0,,morumbi
447253,2022,-23.6095991210592,-46.70861503462729,5,kilometer,513.0,"R$ 13.448,67",14.0,29.0,26.0,28.0,,morumbi
455391,2022,-23.6351149799068,-46.7344874514024,5,kilometer,431.0,"R$ 13.383,92",26.0,30.0,22.0,21.0,,morumbi
455484,2022,-23.6369069909284,-46.7354015632878,5,kilometer,410.0,"R$ 13.360,06",8.0,16.0,13.0,18.0,,morumbi
455326,2022,-23.6154227747934,-46.7410872234234,5,kilometer,207.0,"R$ 13.350,02",11.0,4.0,6.0,8.0,,morumbi
450805,2022,-23.5763381994038,-46.7456971580316,5,kilometer,245.0,"R$ 13.328,44",5.0,13.0,8.0,13.0,,morumbi
447291,2022,-23.6016639972749,-46.7177427063942,5,kilometer,329.0,"R$ 13.274,49",6.0,3.0,,14.0,,morumbi
458139,2022,-23.5996950205457,-46.7281599507034,5,kilometer,346.0,"R$ 13.268,76",13.0,10.0,15.0,32.0,,morumbi
455656,2022,-23.6265908195894,-46.7419672841568,5,kilometer,784.0,"R$ 13.254,26",64.0,48.0,36.0,33.0,,morumbi
450277,2022,-23.5856397431302,-46.7653565596254,5,kilometer,452.0,"R$ 13.238,80",19.0,46.0,44.0,24.0,,morumbi
452341,2022,-23.6317792474777,-46.706392228997295,5,kilometer,359.0,"R$ 13.220,27",19.0,14.0,14.0,10.0,,morumbi
458329,2022,-23.6124571428045,-46.7421779417558,5,kilometer,750.0,"R$ 13.215,92",43.0,70.0,47.0,46.0,,morumbi
452334,2022,-23.6405190223887,-46.6995467493631,5,kilometer,362.0,"R$ 13.204,28",19.0,13.0,14.0,19.0,,morumbi
452178,2022,-23.6318861222501,-46.7053694891998,5,kilometer,439.0,"R$ 13.183,25",16.0,16.0,18.0,15.0,,morumbi
455655,2022,-23.6274061403643,-46.7438838625972,5,kilometer,212.0,"R$ 13.174,24",5.0,,4.0,,,morumbi
458303,2022,-23.6103046591661,-46.733002214136704,5,kilometer,481.0,"R$ 13.162,76",37.0,29.0,42.0,23.0,,morumbi
447182,2022,-23.5945545594844,-46.7186842381256,5,kilometer,251.0,"R$ 13.156,93",4.0,13.0,6.0,20.0,,morumbi
447262,2022,-23.587061969772,-46.717429630850496,5,kilometer,374.0,"R$ 13.146,67",18.0,22.0,12.0,15.0,,morumbi
458148,2022,-23.5937127168817,-46.7231333558317,5,kilometer,425.0,"R$ 13.097,16",8.0,13.0,16.0,20.0,,morumbi
430915,2022,-23.5833953557336,-46.7227991812938,5,kilometer,278.0,"R$ 13.091,35",8.0,10.0,8.0,12.0,,morumbi
441354,2022,-23.6058107432247,-46.6901364378576,5,kilometer,472.0,"R$ 13.090,07",21.0,22.0,25.0,11.0,,morumbi
458114,2022,-23.6115182074264,-46.7387636284249,5,kilometer,362.0,"R$ 13.083,47",22.0,23.0,12.0,12.0,,morumbi
455538,2022,-23.6213488826892,-46.7189927487066,5,kilometer,127.0,"R$ 13.075,10",3.0,8.0,,10.0,,morumbi
455296,2022,-23.6289730286731,-46.7303238795637,5,kilometer,507.0,"R$ 13.064,32",31.0,31.0,27.0,15.0,,morumbi
455364,2022,-23.6162865258828,-46.7320827754408,5,kilometer,253.0,"R$ 13.039,60",8.0,9.0,8.0,13.0,,morumbi
447304,2022,-23.6077169898002,-46.7034372987055,5,kilometer,422.0,"R$ 13.009,04",17.0,15.0,26.0,26.0,,morumbi
458370,2022,-23.6089019681367,-46.7485365771346,5,kilometer,473.0,"R$ 12.989,82",40.0,33.0,21.0,11.0,,morumbi
455375,2022,-23.623643721959,-46.7352300545441,5,kilometer,176.0,"R$ 12.988,53",4.0,,,3.0,,morumbi
455335,2022,-23.6177672902616,-46.742096494408095,5,kilometer,281.0,"R$ 12.985,60",7.0,13.0,20.0,19.0,,morumbi
455407,2022,-23.6249405429286,-46.725964510042495,5,kilometer,299.0,"R$ 12.982,39",16.0,18.0,12.0,12.0,,morumbi
455490,2022,-23.6278687271719,-46.7186737088922,5,kilometer,296.0,"R$ 12.973,61",8.0,6.0,,7.0,,morumbi
447205,2022,-23.5869029191431,-46.7225514375932,5,kilometer,436.0,"R$ 12.963,36",9.0,11.0,9.0,17.0,,morumbi
455311,2022,-23.6209574967437,-46.7345844854286,5,kilometer,148.0,"R$ 12.963,17",7.0,5.0,6.0,5.0,,morumbi
447288,2022,-23.5888262898685,-46.7155615064562,5,kilometer,244.0,"R$ 12.954,66",8.0,5.0,4.0,3.0,,morumbi
455494,2022,-23.6190196520637,-46.7401599582514,5,kilometer,316.0,"R$ 12.908,57",11.0,7.0,9.0,9.0,,morumbi
455376,2022,-23.6223728415272,-46.7381688465515,5,kilometer,266.0,"R$ 12.895,85",9.0,9.0,18.0,17.0,,morumbi
447254,2022,-23.6091873190206,-46.7059147561326,5,kilometer,166.0,"R$ 12.894,24",10.0,3.0,10.0,5.0,,morumbi
458111,2022,-23.613274293822,-46.7359123836339,5,kilometer,454.0,"R$ 12.848,35",26.0,21.0,27.0,22.0,,morumbi
452299,2022,-23.6520682676257,-46.7200902457314,5,kilometer,552.0,"R$ 12.812,76",41.0,22.0,14.0,16.0,,morumbi
455637,2022,-23.6273060803899,-46.7330798658282,5,kilometer,125.0,"R$ 12.794,67",,0.0,,,,morumbi
455536,2022,-23.6283371038371,-46.74003336426031,5,kilometer,566.0,"R$ 12.779,97",35.0,29.0,25.0,24.0,,morumbi
458112,2022,-23.6154554053499,-46.737412121532,5,kilometer,499.0,"R$ 12.752,78",25.0,28.0,21.0,28.0,,morumbi
455357,2022,-23.6172019053026,-46.73987128061511,5,kilometer,160.0,"R$ 12.724,79",6.0,4.0,8.0,6.0,,morumbi
452147,2022,-23.6442826220346,-46.7103075283752,5,kilometer,439.0,"R$ 12.711,33",19.0,16.0,23.0,25.0,,morumbi
455657,2022,-23.6267488879719,-46.7403060919754,5,kilometer,138.0,"R$ 12.706,72",3.0,,10.0,4.0,,morumbi
455532,2022,-23.6306981359262,-46.7398698111136,5,kilometer,385.0,"R$ 12.673,15",29.0,22.0,21.0,11.0,,morumbi
452348,2022,-23.633734775652,-46.695454230051,5,kilometer,403.0,"R$ 12.633,45",15.0,9.0,9.0,7.0,,morumbi
455461,2022,-23.6267357851288,-46.743138917770096,5,kilometer,531.0,"R$ 12.562,25",37.0,25.0,19.0,12.0,,morumbi
458259,2022,-23.5912680579062,-46.7291701689172,5,kilometer,396.0,"R$ 12.556,66",20.0,15.0,26.0,25.0,,morumbi
455660,2022,-23.6323505719461,-46.72923257366649,5,kilometer,269.0,"R$ 12.548,96",8.0,7.0,6.0,5.0,,morumbi
452203,2022,-23.640150922588,-46.7121205273227,5,kilometer,183.0,"R$ 12.541,54",6.0,16.0,10.0,6.0,,morumbi
455513,2022,-23.6240113446227,-46.7431888317596,5,kilometer,404.0,"R$ 12.538,19",22.0,23.0,18.0,8.0,,morumbi
441451,2022,-23.6101764778866,-46.690833507630494,5,kilometer,248.0,"R$ 12.524,42",18.0,12.0,9.0,7.0,,morumbi
458156,2022,-23.5988493715171,-46.7405653152005,5,kilometer,526.0,"R$ 12.466,02",28.0,40.0,43.0,32.0,,morumbi
458359,2022,-23.6125864106461,-46.7324606174892,5,kilometer,284.0,"R$ 12.451,01",14.0,11.0,11.0,13.0,,morumbi
447264,2022,-23.5869063793688,-46.7193651812467,5,kilometer,203.0,"R$ 12.397,97",5.0,,6.0,6.0,,morumbi
441483,2022,-23.6115455634683,-46.6908565487029,5,kilometer,231.0,"R$ 12.358,34",10.0,13.0,9.0,18.0,,morumbi
455471,2022,-23.6303339479874,-46.73125325586,5,kilometer,262.0,"R$ 12.349,21",7.0,11.0,13.0,11.0,,morumbi
455336,2022,-23.6180153481854,-46.7415209660853,5,kilometer,88.0,"R$ 12.310,00",,6.0,,6.0,,morumbi
452233,2022,-23.6417163000085,-46.7042399924353,5,kilometer,345.0,"R$ 12.302,24",15.0,18.0,15.0,15.0,,morumbi
441420,2022,-23.6067722491938,-46.6911200801126,5,kilometer,174.0,"R$ 12.291,10",8.0,8.0,7.0,4.0,,morumbi
455343,2022,-23.6245780980235,-46.7364983115608,5,kilometer,316.0,"R$ 12.285,59",13.0,9.0,19.0,15.0,,morumbi
450677,2022,-23.5759496636641,-46.745401090826704,5,kilometer,221.0,"R$ 12.224,73",7.0,5.0,7.0,11.0,,morumbi
458220,2022,-23.6107317383487,-46.7374131658113,5,kilometer,209.0,"R$ 12.213,70",5.0,8.0,15.0,10.0,,morumbi
452371,2022,-23.6259159979873,-46.691734213597,5,kilometer,385.0,"R$ 12.207,05",30.0,20.0,17.0,16.0,,morumbi
455659,2022,-23.6324813639169,-46.7296394769936,5,kilometer,263.0,"R$ 12.139,15",10.0,3.0,5.0,7.0,,morumbi
458317,2022,-23.613148778628,-46.7381474091082,5,kilometer,245.0,"R$ 12.102,27",12.0,8.0,5.0,9.0,,morumbi
430854,2022,-23.5824027364019,-46.7365290149596,5,kilometer,293.0,"R$ 12.060,18",7.0,17.0,14.0,13.0,,morumbi
455310,2022,-23.6244115524951,-46.7344391243043,5,kilometer,193.0,"R$ 12.045,62",12.0,9.0,3.0,5.0,,morumbi
458288,2022,-23.604357730732,-46.7262998054904,5,kilometer,240.0,"R$ 12.011,69",11.0,10.0,19.0,18.0,,morumbi
455470,2022,-23.6276353874481,-46.7333418216675,5,kilometer,164.0,"R$ 11.973,68",6.0,4.0,10.0,8.0,,morumbi
432829,2022,-23.6203665101436,-46.760615503591104,5,kilometer,355.0,"R$ 11.947,29",15.0,19.0,23.0,26.0,,morumbi
430907,2022,-23.5799353269558,-46.7393230461866,5,kilometer,376.0,"R$ 11.909,86",9.0,16.0,15.0,21.0,,morumbi
450288,2022,-23.5862638717363,-46.7640588122968,5,kilometer,442.0,"R$ 11.898,77",27.0,32.0,23.0,19.0,,morumbi
452323,2022,-23.630699951827,-46.6971843731089,5,kilometer,285.0,"R$ 11.893,29",9.0,,6.0,9.0,,morumbi
452209,2022,-23.6411677686451,-46.7024831731388,5,kilometer,350.0,"R$ 11.857,50",11.0,19.0,19.0,28.0,,morumbi
430838,2022,-23.5820023516515,-46.7301251082467,5,kilometer,170.0,"R$ 11.855,41",0.0,3.0,8.0,13.0,,morumbi
455651,2022,-23.6305616143323,-46.7385928586378,5,kilometer,328.0,"R$ 11.846,07",20.0,11.0,8.0,5.0,,morumbi
455448,2022,-23.6293117742911,-46.74081821722,5,kilometer,241.0,"R$ 11.844,56",7.0,13.0,8.0,14.0,,morumbi
441531,2022,-23.620509884848,-46.69554848418289,5,kilometer,196.0,"R$ 11.842,38",6.0,,3.0,8.0,,morumbi
458373,2022,-23.5916373598696,-46.7381325195471,5,kilometer,453.0,"R$ 11.833,50",21.0,23.0,22.0,17.0,,morumbi
431333,2022,-23.5827764287287,-46.7360165102679,5,kilometer,194.0,"R$ 11.826,59",5.0,8.0,11.0,15.0,,morumbi
458250,2022,-23.5861790265515,-46.7391923643276,5,kilometer,348.0,"R$ 11.812,57",21.0,20.0,14.0,9.0,,morumbi
455629,2022,-23.62334342804,-46.7263065493774,5,kilometer,392.0,"R$ 11.790,69",12.0,21.0,14.0,11.0,,morumbi
447217,2022,-23.6096951092362,-46.717345567256494,5,kilometer,132.0,"R$ 11.789,36",,11.0,9.0,5.0,,morumbi
458193,2022,-23.5880139971771,-46.7509588365798,5,kilometer,540.0,"R$ 11.754,71",31.0,34.0,42.0,19.0,,morumbi
452153,2022,-23.6276740640279,-46.6945692755715,5,kilometer,551.0,"R$ 11.744,35",23.0,24.0,21.0,15.0,,morumbi
458253,2022,-23.5875922163629,-46.7401390588628,5,kilometer,241.0,"R$ 11.738,04",3.0,13.0,11.0,14.0,,morumbi
447269,2022,-23.5890956017276,-46.7206646217884,5,kilometer,120.0,"R$ 11.732,55",3.0,,3.0,5.0,,morumbi
455360,2022,-23.6181234875489,-46.7367353632479,5,kilometer,171.0,"R$ 11.731,45",5.0,7.0,11.0,7.0,,morumbi
455432,2022,-23.6144839318154,-46.7307633031788,5,kilometer,154.0,"R$ 11.727,66",6.0,5.0,6.0,16.0,,morumbi
455500,2022,-23.6299970611329,-46.7424164990086,5,kilometer,444.0,"R$ 11.708,25",43.0,26.0,12.0,13.0,,morumbi
458295,2022,-23.5980739037931,-46.742128599846,5,kilometer,553.0,"R$ 11.702,00",43.0,16.0,10.0,22.0,,morumbi
458141,2022,-23.6128954744245,-46.7313987955962,5,kilometer,462.0,"R$ 11.694,59",14.0,18.0,22.0,13.0,,morumbi
450276,2022,-23.5858455109968,-46.7646946873311,5,kilometer,437.0,"R$ 11.667,11",24.0,40.0,30.0,21.0,,morumbi
458307,2022,-23.5862496083949,-46.744601766116304,5,kilometer,630.0,"R$ 11.656,24",44.0,35.0,32.0,23.0,,morumbi
458181,2022,-23.6098116193238,-46.7422078413092,5,kilometer,191.0,"R$ 11.634,26",5.0,8.0,6.0,7.0,,morumbi
447251,2022,-23.6119260168721,-46.7050571656752,5,kilometer,326.0,"R$ 11.620,31",17.0,15.0,11.0,9.0,,morumbi
455533,2022,-23.6300834998199,-46.7395481997306,5,kilometer,557.0,"R$ 11.599,54",46.0,47.0,24.0,25.0,,morumbi
452247,2022,-23.6356685561314,-46.7107975109452,5,kilometer,449.0,"R$ 11.564,02",23.0,12.0,16.0,12.0,,morumbi
455373,2022,-23.6225151474722,-46.7357848278627,5,kilometer,250.0,"R$ 11.534,31",10.0,15.0,12.0,9.0,,morumbi
455618,2022,-23.6331076196806,-46.7383057931656,5,kilometer,273.0,"R$ 11.494,69",20.0,8.0,11.0,11.0,,morumbi
452210,2022,-23.6430386384211,-46.7018305090766,5,kilometer,271.0,"R$ 11.480,74",8.0,11.0,15.0,11.0,,morumbi
452343,2022,-23.6257134089554,-46.6943142642608,5,kilometer,284.0,"R$ 11.476,97",15.0,10.0,11.0,3.0,,morumbi
455501,2022,-23.6295322280209,-46.743169914070094,5,kilometer,418.0,"R$ 11.454,63",38.0,17.0,18.0,13.0,,morumbi
455652,2022,-23.6312084866701,-46.7388274786499,5,kilometer,324.0,"R$ 11.439,05",23.0,11.0,8.0,6.0,,morumbi
455342,2022,-23.6242038263292,-46.735730816551,5,kilometer,270.0,"R$ 11.437,33",11.0,9.0,16.0,12.0,,morumbi
458369,2022,-23.6082742011301,-46.7483815613589,5,kilometer,567.0,"R$ 11.434,22",51.0,41.0,20.0,29.0,,morumbi
455427,2022,-23.6242332934375,-46.73308865090689,5,kilometer,321.0,"R$ 11.433,79",14.0,8.0,8.0,8.0,,morumbi
455366,2022,-23.6174074792569,-46.7330352751642,5,kilometer,182.0,"R$ 11.383,16",3.0,4.0,10.0,8.0,,morumbi
452194,2022,-23.6408566243873,-46.6975971246809,5,kilometer,402.0,"R$ 11.368,74",18.0,23.0,16.0,21.0,,morumbi
455450,2022,-23.6285095417329,-46.7317511110032,5,kilometer,353.0,"R$ 11.290,63",13.0,17.0,18.0,14.0,,morumbi
458298,2022,-23.5963662079109,-46.7403105738304,5,kilometer,360.0,"R$ 11.202,63",22.0,11.0,8.0,12.0,,morumbi
447286,2022,-23.5862544603538,-46.718065725621,5,kilometer,72.0,"R$ 11.177,39",3.0,,,4.0,,morumbi
455405,2022,-23.6227127324813,-46.7174081077694,5,kilometer,250.0,"R$ 11.157,10",9.0,11.0,21.0,12.0,,morumbi
441604,2022,-23.6089656872192,-46.6914215728046,5,kilometer,323.0,"R$ 11.140,61",10.0,16.0,6.0,9.0,,morumbi
447188,2022,-23.5873454984164,-46.7177448702493,5,kilometer,295.0,"R$ 11.114,69",12.0,9.0,14.0,13.0,,morumbi
452250,2022,-23.6319952098486,-46.7043284834236,5,kilometer,429.0,"R$ 11.101,04",10.0,10.0,15.0,20.0,,morumbi
455476,2022,-23.6195960519686,-46.7324097093277,5,kilometer,347.0,"R$ 11.054,95",12.0,10.0,16.0,16.0,,morumbi
458309,2022,-23.5893906011361,-46.743302092404704,5,kilometer,625.0,"R$ 11.050,64",60.0,38.0,15.0,19.0,,morumbi
430919,2022,-23.5820729066661,-46.73643988885151,5,kilometer,178.0,"R$ 11.046,84",7.0,6.0,6.0,11.0,,morumbi
455331,2022,-23.6165573462114,-46.7431332658614,5,kilometer,293.0,"R$ 11.042,40",14.0,9.0,14.0,9.0,,morumbi
447183,2022,-23.5909922940202,-46.7203240897322,5,kilometer,458.0,"R$ 11.040,68",18.0,17.0,8.0,7.0,,morumbi
455339,2022,-23.6242662495511,-46.7386653320902,5,kilometer,487.0,"R$ 11.000,88",31.0,18.0,15.0,18.0,,morumbi
452321,2022,-23.6349205033924,-46.6936169851824,5,kilometer,448.0,"R$ 10.908,49",9.0,11.0,13.0,14.0,,morumbi
455514,2022,-23.6230425467285,-46.7416212838165,5,kilometer,432.0,"R$ 10.895,60",24.0,23.0,18.0,18.0,,morumbi
458296,2022,-23.598577062366,-46.741547187191,5,kilometer,590.0,"R$ 10.888,89",43.0,21.0,13.0,12.0,,morumbi
455642,2022,-23.6340386299873,-46.7355259613886,5,kilometer,463.0,"R$ 10.836,24",16.0,25.0,12.0,6.0,,morumbi
463827,2022,-23.6160453227697,-46.7784471346622,5,kilometer,635.0,"R$ 10.835,91",44.0,58.0,44.0,39.0,,morumbi
450902,2022,-23.575155847502,-46.7446615979174,5,kilometer,378.0,"R$ 10.802,73",28.0,26.0,19.0,16.0,,morumbi
455475,2022,-23.6288625820057,-46.729570225308,5,kilometer,356.0,"R$ 10.683,49",13.0,16.0,4.0,6.0,,morumbi
458262,2022,-23.5920122106983,-46.7288819862062,5,kilometer,277.0,"R$ 10.679,22",5.0,6.0,4.0,15.0,,morumbi
455321,2022,-23.6161210955937,-46.7338388908221,5,kilometer,126.0,"R$ 10.672,13",5.0,3.0,,9.0,,morumbi
455298,2022,-23.6237561243765,-46.7292556891222,5,kilometer,282.0,"R$ 10.663,08",12.0,11.0,15.0,19.0,,morumbi
458204,2022,-23.6004713075739,-46.7304966940513,5,kilometer,247.0,"R$ 10.662,62",10.0,7.0,9.0,6.0,,morumbi
431380,2022,-23.576001921027,-46.7408095004232,5,kilometer,328.0,"R$ 10.618,71",22.0,15.0,11.0,14.0,,morumbi
452274,2022,-23.6333695135079,-46.7160907372016,5,kilometer,264.0,"R$ 10.577,09",5.0,,,3.0,,morumbi
447239,2022,-23.5917528814984,-46.7212536152796,5,kilometer,272.0,"R$ 10.574,11",9.0,12.0,13.0,12.0,,morumbi
452273,2022,-23.633219014296,-46.715464634178495,5,kilometer,275.0,"R$ 10.537,70",5.0,4.0,4.0,4.0,,morumbi
441423,2022,-23.6046586776953,-46.69596088282231,5,kilometer,267.0,"R$ 10.527,39",7.0,9.0,5.0,9.0,,morumbi
452360,2022,-23.6367130453355,-46.718348642708094,5,kilometer,306.0,"R$ 10.511,45",20.0,11.0,9.0,4.0,,morumbi
447190,2022,-23.5856860590861,-46.7165966691703,5,kilometer,452.0,"R$ 10.502,52",12.0,16.0,20.0,21.0,,morumbi
455641,2022,-23.6351201293116,-46.735858275320304,5,kilometer,141.0,"R$ 10.497,14",4.0,,,,,morumbi
447207,2022,-23.5856534558692,-46.7194709865826,5,kilometer,539.0,"R$ 10.462,84",9.0,6.0,14.0,14.0,,morumbi
458358,2022,-23.6125323166954,-46.7305770317181,5,kilometer,38.0,"R$ 10.462,50",0.0,0.0,5.0,,,morumbi
455617,2022,-23.632256585278,-46.739421634996,5,kilometer,328.0,"R$ 10.458,73",25.0,17.0,9.0,4.0,,morumbi
447235,2022,-23.6091874980408,-46.7212640612336,5,kilometer,222.0,"R$ 10.458,46",8.0,9.0,11.0,17.0,,morumbi
458171,2022,-23.5941501455258,-46.7450282170832,5,kilometer,572.0,"R$ 10.436,76",27.0,21.0,24.0,36.0,,morumbi
458179,2022,-23.6102783640169,-46.734833958819,5,kilometer,226.0,"R$ 10.436,34",9.0,10.0,20.0,16.0,,morumbi
441457,2022,-23.6059065097338,-46.6939358459323,5,kilometer,339.0,"R$ 10.418,72",8.0,14.0,8.0,6.0,,morumbi
450806,2022,-23.5768025343618,-46.7458269799447,5,kilometer,225.0,"R$ 10.418,30",3.0,6.0,3.0,12.0,,morumbi
452156,2022,-23.6273779800834,-46.6904147732894,5,kilometer,437.0,"R$ 10.413,89",5.0,14.0,7.0,18.0,,morumbi
452137,2022,-23.6362053482092,-46.6968826125734,5,kilometer,571.0,"R$ 10.410,23",20.0,12.0,17.0,36.0,,morumbi
441295,2022,-23.6071615370631,-46.6891335606092,5,kilometer,297.0,"R$ 10.395,05",14.0,8.0,5.0,8.0,,morumbi
452251,2022,-23.6331307001486,-46.70437225229271,5,kilometer,195.0,"R$ 10.382,45",11.0,3.0,6.0,5.0,,morumbi
431351,2022,-23.583650979086,-46.7198212944001,5,kilometer,241.0,"R$ 10.377,03",13.0,19.0,7.0,5.0,,morumbi
458279,2022,-23.5979898257107,-46.724048299331294,5,kilometer,386.0,"R$ 10.362,18",22.0,15.0,11.0,18.0,,morumbi
455510,2022,-23.6251780133975,-46.742492466898895,5,kilometer,600.0,"R$ 10.347,88",41.0,35.0,22.0,23.0,,morumbi
455402,2022,-23.6261683544485,-46.72111834780431,5,kilometer,105.0,"R$ 10.320,32",,6.0,4.0,,,morumbi
455426,2022,-23.6219848647824,-46.7314346193536,5,kilometer,162.0,"R$ 10.286,97",6.0,6.0,7.0,4.0,,morumbi
455465,2022,-23.6248916480945,-46.7396503471979,5,kilometer,498.0,"R$ 10.270,45",20.0,29.0,21.0,15.0,,morumbi
455635,2022,-23.6243216217,-46.738299747837,5,kilometer,168.0,"R$ 10.263,44",8.0,8.0,,,,morumbi
455354,2022,-23.6165157544314,-46.7389297280938,5,kilometer,223.0,"R$ 10.232,41",7.0,5.0,10.0,7.0,,morumbi
458322,2022,-23.6090629320938,-46.742632224347695,5,kilometer,415.0,"R$ 10.228,08",20.0,26.0,28.0,23.0,,morumbi
458310,2022,-23.5900329193468,-46.742572612143,5,kilometer,560.0,"R$ 10.223,55",47.0,34.0,23.0,17.0,,morumbi
452351,2022,-23.6347938273125,-46.6962105573159,5,kilometer,205.0,"R$ 10.184,08",3.0,8.0,5.0,3.0,,morumbi
455299,2022,-23.6214815363833,-46.7295669070841,5,kilometer,229.0,"R$ 10.157,45",14.0,15.0,10.0,13.0,,morumbi
455352,2022,-23.6171668252767,-46.7405168427501,5,kilometer,115.0,"R$ 10.137,25",,,3.0,9.0,,morumbi
447198,2022,-23.6084080030922,-46.70506208437791,5,kilometer,493.0,"R$ 10.132,05",11.0,28.0,30.0,18.0,,morumbi
441458,2022,-23.6055772025376,-46.6948102500692,5,kilometer,205.0,"R$ 10.131,64",0.0,7.0,3.0,7.0,,morumbi
432645,2022,-23.6154032388177,-46.75115672184769,5,kilometer,373.0,"R$ 10.099,42",7.0,10.0,29.0,16.0,,morumbi
447261,2022,-23.5901671444914,-46.7185277372528,5,kilometer,166.0,"R$ 10.086,86",5.0,,8.0,6.0,,morumbi
441357,2022,-23.6207167234825,-46.69407304267791,5,kilometer,294.0,"R$ 10.072,27",11.0,9.0,8.0,6.0,,morumbi
458221,2022,-23.6120883001385,-46.7390360916,5,kilometer,198.0,"R$ 10.041,31",4.0,3.0,4.0,12.0,,morumbi
458147,2022,-23.589802062061,-46.7236561445502,5,kilometer,362.0,"R$ 10.037,54",9.0,12.0,11.0,22.0,,morumbi
463382,2022,-23.6120070519648,-46.7653289894529,5,kilometer,374.0,"R$ 10.001,50",31.0,29.0,23.0,24.0,,morumbi
430887,2022,-23.5813234616287,-46.7330346892257,5,kilometer,373.0,"R$ 9.994,75",20.0,17.0,17.0,8.0,,morumbi
458277,2022,-23.5907429680279,-46.725689355077,5,kilometer,362.0,"R$ 9.980,47",6.0,17.0,15.0,15.0,,morumbi
458157,2022,-23.5993171692305,-46.7408547263716,5,kilometer,533.0,"R$ 9.948,17",37.0,40.0,30.0,30.0,,morumbi
445507,2022,-23.6564479349672,-46.736989559822,5,kilometer,558.0,"R$ 9.943,82",28.0,38.0,50.0,46.0,,morumbi
447175,2022,-23.581871714684,-46.709660961347296,5,kilometer,147.0,"R$ 9.941,24",,0.0,,0.0,,morumbi
431381,2022,-23.5766883465864,-46.7406470028235,5,kilometer,334.0,"R$ 9.933,39",21.0,12.0,4.0,17.0,,morumbi
452329,2022,-23.6283954881423,-46.7062266307941,5,kilometer,405.0,"R$ 9.923,55",7.0,15.0,11.0,7.0,,morumbi
452336,2022,-23.6339558099302,-46.7024478880376,5,kilometer,352.0,"R$ 9.887,25",10.0,6.0,12.0,17.0,,morumbi
447204,2022,-23.5883570359437,-46.7210117951064,5,kilometer,500.0,"R$ 9.876,91",13.0,12.0,15.0,22.0,,morumbi
452188,2022,-23.6336502109599,-46.7139879835044,5,kilometer,272.0,"R$ 9.853,21",5.0,5.0,5.0,,,morumbi
455534,2022,-23.6314725695739,-46.7374103581402,5,kilometer,200.0,"R$ 9.774,05",9.0,8.0,9.0,9.0,,morumbi
447266,2022,-23.5870543093169,-46.7164939442639,5,kilometer,368.0,"R$ 9.757,32",8.0,9.0,4.0,5.0,,morumbi
452275,2022,-23.6336821913213,-46.713515508856,5,kilometer,205.0,"R$ 9.749,46",,,0.0,,,morumbi
452361,2022,-23.6468780351522,-46.7132435636994,5,kilometer,209.0,"R$ 9.744,52",11.0,10.0,8.0,8.0,,morumbi
452340,2022,-23.6296580467674,-46.7066189912395,5,kilometer,286.0,"R$ 9.739,20",10.0,9.0,8.0,6.0,,morumbi
458110,2022,-23.6151529833802,-46.7391267136828,5,kilometer,446.0,"R$ 9.737,97",18.0,19.0,20.0,30.0,,morumbi
458180,2022,-23.6104591744071,-46.7399358677916,5,kilometer,177.0,"R$ 9.708,79",4.0,7.0,11.0,11.0,,morumbi
458311,2022,-23.5857096932751,-46.74453209077409,5,kilometer,119.0,"R$ 9.686,50",6.0,6.0,7.0,10.0,,morumbi
430864,2022,-23.5804059409816,-46.7135590144029,5,kilometer,333.0,"R$ 9.671,39",10.0,11.0,13.0,26.0,,morumbi
441510,2022,-23.6165896671387,-46.687697789565,5,kilometer,249.0,"R$ 9.667,93",9.0,18.0,11.0,3.0,,morumbi
452139,2022,-23.6435296381673,-46.705235244012,5,kilometer,568.0,"R$ 9.655,00",28.0,32.0,17.0,19.0,,morumbi
463826,2022,-23.6162759953653,-46.7791123594784,5,kilometer,646.0,"R$ 9.643,32",24.0,46.0,60.0,45.0,,morumbi
432530,2022,-23.6424642200133,-46.7576765000942,5,kilometer,772.0,"R$ 9.574,64",39.0,43.0,56.0,54.0,,morumbi
455451,2022,-23.6227850195865,-46.7293171267758,5,kilometer,509.0,"R$ 9.516,45",27.0,34.0,25.0,25.0,,morumbi
458320,2022,-23.6024066870571,-46.732289150698094,5,kilometer,429.0,"R$ 9.490,32",24.0,22.0,21.0,20.0,,morumbi
455305,2022,-23.6381311697889,-46.7341679804574,5,kilometer,377.0,"R$ 9.489,01",12.0,20.0,14.0,15.0,,morumbi
452327,2022,-23.6482923033203,-46.7064831683128,5,kilometer,302.0,"R$ 9.465,07",9.0,13.0,15.0,14.0,,morumbi
431346,2022,-23.5811693281721,-46.7146906000918,5,kilometer,286.0,"R$ 9.441,67",10.0,12.0,16.0,13.0,,morumbi
455346,2022,-23.6273629638473,-46.7360662604629,5,kilometer,271.0,"R$ 9.439,00",8.0,16.0,17.0,17.0,,morumbi
455372,2022,-23.621341214291,-46.7390158773722,5,kilometer,266.0,"R$ 9.431,85",6.0,19.0,17.0,11.0,,morumbi
431369,2022,-23.5749385383132,-46.7305069824379,5,kilometer,230.0,"R$ 9.410,42",9.0,8.0,16.0,12.0,,morumbi
463911,2022,-23.6162364290437,-46.7697328703104,5,kilometer,639.0,"R$ 9.399,14",42.0,45.0,42.0,36.0,,morumbi
455493,2022,-23.6159694243282,-46.7403272814858,5,kilometer,191.0,"R$ 9.391,14",4.0,9.0,11.0,9.0,,morumbi
455511,2022,-23.6193296469733,-46.7436652397806,5,kilometer,622.0,"R$ 9.384,08",44.0,32.0,30.0,24.0,,morumbi
458202,2022,-23.6000989218046,-46.731157415068,5,kilometer,486.0,"R$ 9.345,24",15.0,20.0,22.0,33.0,,morumbi
441635,2022,-23.6239313476903,-46.69008234283591,5,kilometer,383.0,"R$ 9.331,65",14.0,15.0,6.0,9.0,,morumbi
455528,2022,-23.6337114888988,-46.738123154289696,5,kilometer,265.0,"R$ 9.329,58",9.0,23.0,13.0,8.0,,morumbi
455434,2022,-23.6369290804513,-46.7374611223186,5,kilometer,541.0,"R$ 9.301,51",27.0,26.0,14.0,21.0,,morumbi
463747,2022,-23.6084506449702,-46.765924526131,5,kilometer,911.0,"R$ 9.288,46",45.0,61.0,75.0,60.0,,morumbi
447189,2022,-23.5867554390183,-46.7179344378614,5,kilometer,166.0,"R$ 9.285,54",6.0,,3.0,6.0,,morumbi
452154,2022,-23.6279316154475,-46.6923992779862,5,kilometer,240.0,"R$ 9.255,31",6.0,9.0,6.0,6.0,,morumbi
458184,2022,-23.6054151171749,-46.7484146364892,5,kilometer,342.0,"R$ 9.203,59",20.0,14.0,14.0,12.0,,morumbi
432533,2022,-23.6447806644828,-46.75990399996871,5,kilometer,168.0,"R$ 9.178,90",4.0,8.0,17.0,8.0,,morumbi
455654,2022,-23.6369820067158,-46.7386161769839,5,kilometer,252.0,"R$ 9.149,93",15.0,11.0,6.0,7.0,,morumbi
441542,2022,-23.6221442932649,-46.69460178629009,5,kilometer,325.0,"R$ 9.141,43",10.0,13.0,10.0,7.0,,morumbi
455521,2022,-23.6222161906348,-46.7446988834948,5,kilometer,543.0,"R$ 9.108,87",24.0,37.0,27.0,28.0,,morumbi
431334,2022,-23.5831256601838,-46.7355938707719,5,kilometer,169.0,"R$ 9.108,19",8.0,6.0,7.0,13.0,,morumbi
458242,2022,-23.590263135194,-46.7483867315369,5,kilometer,401.0,"R$ 9.090,94",17.0,13.0,19.0,11.0,,morumbi
432718,2022,-23.6283875475671,-46.7450852322548,5,kilometer,392.0,"R$ 9.083,56",35.0,22.0,11.0,10.0,,morumbi
455517,2022,-23.6264858534304,-46.74412174341089,5,kilometer,798.0,"R$ 9.082,44",65.0,48.0,48.0,36.0,,morumbi
432872,2022,-23.6429738505003,-46.7553798553192,5,kilometer,191.0,"R$ 9.066,67",12.0,16.0,20.0,12.0,,morumbi
441526,2022,-23.619947005349,-46.691284847953696,5,kilometer,328.0,"R$ 9.055,78",7.0,12.0,16.0,24.0,,morumbi
455479,2022,-23.6212432758277,-46.7314318940832,5,kilometer,733.0,"R$ 9.047,54",53.0,53.0,40.0,36.0,,morumbi
452231,2022,-23.6381308587437,-46.70881728173031,5,kilometer,174.0,"R$ 9.041,69",5.0,6.0,11.0,11.0,,morumbi
455382,2022,-23.638381387151,-46.7346908711888,5,kilometer,386.0,"R$ 9.022,99",21.0,15.0,10.0,19.0,,morumbi
441525,2022,-23.6184212464715,-46.6934834593495,5,kilometer,329.0,"R$ 9.014,73",10.0,10.0,8.0,8.0,,morumbi
455512,2022,-23.619704518394,-46.7447418346044,5,kilometer,729.0,"R$ 9.008,13",57.0,31.0,35.0,30.0,,morumbi
430816,2022,-23.5744518689011,-46.736812506555104,5,kilometer,388.0,"R$ 8.988,89",10.0,16.0,6.0,17.0,,morumbi
458278,2022,-23.596453725863,-46.7216191466433,5,kilometer,364.0,"R$ 8.985,89",11.0,17.0,19.0,20.0,,morumbi
455393,2022,-23.6349347511805,-46.7366465397156,5,kilometer,175.0,"R$ 8.954,12",11.0,3.0,9.0,4.0,,morumbi
458330,2022,-23.5971788170433,-46.7378335736576,5,kilometer,489.0,"R$ 8.943,80",36.0,22.0,14.0,14.0,,morumbi
458089,2022,-23.6086334904287,-46.73676851470191,5,kilometer,455.0,"R$ 8.936,39",11.0,20.0,29.0,18.0,,morumbi
463812,2022,-23.6119625251607,-46.765927521200496,5,kilometer,362.0,"R$ 8.932,53",37.0,29.0,25.0,17.0,,morumbi
432929,2022,-23.6260844692759,-46.74642302926,5,kilometer,390.0,"R$ 8.929,77",32.0,25.0,23.0,20.0,,morumbi
458308,2022,-23.5872981712398,-46.7438316843038,5,kilometer,626.0,"R$ 8.904,96",53.0,41.0,33.0,22.0,,morumbi
445676,2022,-23.6469971003469,-46.7481055895767,5,kilometer,942.0,"R$ 8.902,78",44.0,75.0,56.0,68.0,,morumbi
452164,2022,-23.6303561307856,-46.7037347635092,5,kilometer,381.0,"R$ 8.900,37",17.0,24.0,14.0,19.0,,morumbi
458201,2022,-23.5989005215059,-46.731417266546096,5,kilometer,573.0,"R$ 8.879,20",23.0,28.0,26.0,22.0,,morumbi
458153,2022,-23.5980470810073,-46.740057128809504,5,kilometer,304.0,"R$ 8.876,93",13.0,9.0,10.0,7.0,,morumbi
431389,2022,-23.5764357007003,-46.7413063229475,5,kilometer,428.0,"R$ 8.871,38",25.0,16.0,12.0,12.0,,morumbi
458263,2022,-23.5912756537105,-46.726888252815,5,kilometer,207.0,"R$ 8.867,43",6.0,5.0,5.0,7.0,,morumbi
432932,2022,-23.628938271015,-46.7458574570437,5,kilometer,399.0,"R$ 8.851,47",49.0,19.0,13.0,6.0,,morumbi
458177,2022,-23.6098069043975,-46.7367782592456,5,kilometer,240.0,"R$ 8.846,30",9.0,8.0,12.0,9.0,,morumbi
430850,2022,-23.5803644486014,-46.7212911112348,5,kilometer,330.0,"R$ 8.845,32",7.0,11.0,15.0,18.0,,morumbi
458226,2022,-23.6119775868874,-46.742555812190496,5,kilometer,314.0,"R$ 8.828,67",9.0,11.0,7.0,11.0,,morumbi
452182,2022,-23.6307559090931,-46.7009914413136,5,kilometer,194.0,"R$ 8.822,92",4.0,5.0,7.0,4.0,,morumbi
458327,2022,-23.6112828836593,-46.7430722759704,5,kilometer,420.0,"R$ 8.822,45",18.0,12.0,14.0,20.0,,morumbi
441323,2022,-23.6158211756485,-46.6970731999208,5,kilometer,407.0,"R$ 8.822,43",14.0,15.0,14.0,18.0,,morumbi
447267,2022,-23.5854040699007,-46.7186009401661,5,kilometer,340.0,"R$ 8.819,47",8.0,12.0,7.0,13.0,,morumbi
452136,2022,-23.6371074711617,-46.6990236460976,5,kilometer,462.0,"R$ 8.813,96",11.0,20.0,23.0,24.0,,morumbi
434082,2022,-23.6491251117801,-46.755674701469,5,kilometer,578.0,"R$ 8.807,29",25.0,25.0,38.0,46.0,,morumbi
430809,2022,-23.575054446456,-46.7325977432052,5,kilometer,550.0,"R$ 8.790,69",17.0,21.0,20.0,18.0,,morumbi
463748,2022,-23.6096318171924,-46.7659192992564,5,kilometer,613.0,"R$ 8.784,80",36.0,33.0,36.0,38.0,,morumbi
452365,2022,-23.6458673822108,-46.7033576139229,5,kilometer,295.0,"R$ 8.779,45",3.0,8.0,8.0,4.0,,morumbi
455520,2022,-23.6238020351398,-46.7452896672739,5,kilometer,298.0,"R$ 8.761,01",32.0,12.0,8.0,11.0,,morumbi
447202,2022,-23.6061995637848,-46.721088738114496,5,kilometer,45.0,"R$ 8.745,88",,,0.0,3.0,,morumbi
455341,2022,-23.6233556030977,-46.73704543975369,5,kilometer,221.0,"R$ 8.739,80",18.0,6.0,8.0,9.0,,morumbi
458103,2022,-23.6014880894499,-46.7293575618692,5,kilometer,445.0,"R$ 8.734,00",26.0,17.0,24.0,23.0,,morumbi
455518,2022,-23.6252493595885,-46.7432187857896,5,kilometer,516.0,"R$ 8.718,69",32.0,23.0,27.0,13.0,,morumbi
455467,2022,-23.6272428022139,-46.7297293338476,5,kilometer,271.0,"R$ 8.711,97",12.0,13.0,3.0,8.0,,morumbi
458304,2022,-23.6087978693693,-46.7406174209959,5,kilometer,440.0,"R$ 8.693,38",22.0,15.0,17.0,23.0,,morumbi
458321,2022,-23.6094862858264,-46.742561664227296,5,kilometer,273.0,"R$ 8.674,66",8.0,17.0,11.0,13.0,,morumbi
434147,2022,-23.6488142141862,-46.7545549992933,5,kilometer,297.0,"R$ 8.664,80",15.0,15.0,20.0,19.0,,morumbi
458285,2022,-23.5876407543693,-46.748292032207,5,kilometer,364.0,"R$ 8.651,88",13.0,12.0,11.0,18.0,,morumbi
447208,2022,-23.5862396351791,-46.7197848237265,5,kilometer,291.0,"R$ 8.638,33",8.0,10.0,7.0,6.0,,morumbi
441297,2022,-23.603962932909,-46.6933410595524,5,kilometer,95.0,"R$ 8.636,45",,,,5.0,,morumbi
455584,2022,-23.6138344852537,-46.7187203562342,5,kilometer,188.0,"R$ 8.632,94",12.0,8.0,7.0,7.0,,morumbi
458376,2022,-23.5978938524268,-46.74426146921311,5,kilometer,502.0,"R$ 8.614,80",22.0,13.0,21.0,28.0,,morumbi
455477,2022,-23.6201628614552,-46.731556349346896,5,kilometer,730.0,"R$ 8.612,12",46.0,57.0,44.0,40.0,,morumbi
452155,2022,-23.628111060289,-46.6912478851056,5,kilometer,477.0,"R$ 8.611,48",14.0,10.0,16.0,19.0,,morumbi
452186,2022,-23.6321645968836,-46.7019326177542,5,kilometer,431.0,"R$ 8.549,01",12.0,9.0,8.0,10.0,,morumbi
455334,2022,-23.6173690100836,-46.7411680056864,5,kilometer,187.0,"R$ 8.547,62",6.0,7.0,11.0,5.0,,morumbi
455519,2022,-23.6245470571783,-46.743839727802,5,kilometer,386.0,"R$ 8.523,50",18.0,22.0,14.0,12.0,,morumbi
458336,2022,-23.614636445384,-46.74758158218751,5,kilometer,152.0,"R$ 8.520,77",4.0,10.0,6.0,8.0,,morumbi
431358,2022,-23.5820429832499,-46.7459533431832,5,kilometer,266.0,"R$ 8.505,80",10.0,11.0,8.0,10.0,,morumbi
455482,2022,-23.6237492340787,-46.7321381305226,5,kilometer,158.0,"R$ 8.499,44",3.0,,,3.0,,morumbi
458257,2022,-23.585927334768,-46.7401309133122,5,kilometer,293.0,"R$ 8.449,36",12.0,16.0,15.0,16.0,,morumbi
458215,2022,-23.6109894379336,-46.7346289334086,5,kilometer,334.0,"R$ 8.446,16",11.0,13.0,17.0,12.0,,morumbi
430865,2022,-23.5803750320762,-46.7164708807861,5,kilometer,335.0,"R$ 8.437,89",12.0,20.0,19.0,15.0,,morumbi
430902,2022,-23.5781256094112,-46.7220836725455,5,kilometer,410.0,"R$ 8.437,72",15.0,20.0,25.0,29.0,,morumbi
452332,2022,-23.6481130456301,-46.7237259788791,5,kilometer,189.0,"R$ 8.422,58",6.0,12.0,7.0,3.0,,morumbi
455499,2022,-23.6299519485946,-46.741980443638894,5,kilometer,144.0,"R$ 8.418,33",5.0,4.0,,6.0,,morumbi
463817,2022,-23.6155983196659,-46.7699161702788,5,kilometer,750.0,"R$ 8.397,19",49.0,66.0,68.0,39.0,,morumbi
463604,2022,-23.6034691729716,-46.7729209227788,5,kilometer,373.0,"R$ 8.396,85",17.0,20.0,28.0,24.0,,morumbi
458377,2022,-23.6128645615669,-46.7456241146807,5,kilometer,147.0,"R$ 8.383,00",3.0,8.0,5.0,12.0,,morumbi
455662,2022,-23.6254205053061,-46.74440336682711,5,kilometer,345.0,"R$ 8.381,83",26.0,19.0,16.0,16.0,,morumbi
447210,2022,-23.6128026689918,-46.7042589950037,5,kilometer,194.0,"R$ 8.357,93",6.0,9.0,5.0,5.0,,morumbi
452346,2022,-23.630858792503,-46.6944165505243,5,kilometer,237.0,"R$ 8.357,19",,6.0,6.0,7.0,,morumbi
455380,2022,-23.639040060779,-46.735852365966494,5,kilometer,262.0,"R$ 8.345,43",8.0,7.0,9.0,7.0,,morumbi
458246,2022,-23.5882083109603,-46.743927402666095,5,kilometer,235.0,"R$ 8.344,14",5.0,10.0,14.0,11.0,,morumbi
431350,2022,-23.5825220797168,-46.71835906355111,5,kilometer,149.0,"R$ 8.342,67",5.0,7.0,,5.0,,morumbi
445654,2022,-23.6501112466545,-46.74617504891631,5,kilometer,935.0,"R$ 8.339,28",82.0,74.0,50.0,52.0,,morumbi
455509,2022,-23.6248663403162,-46.7416951430668,5,kilometer,588.0,"R$ 8.317,47",43.0,27.0,18.0,18.0,,morumbi
455481,2022,-23.6224243338043,-46.7327381399953,5,kilometer,341.0,"R$ 8.309,22",5.0,8.0,8.0,10.0,,morumbi
463795,2022,-23.6175179192369,-46.775788747868496,5,kilometer,179.0,"R$ 8.308,96",8.0,14.0,20.0,16.0,,morumbi
458248,2022,-23.5873304582365,-46.7395812688634,5,kilometer,301.0,"R$ 8.298,74",10.0,15.0,13.0,7.0,,morumbi
447184,2022,-23.5896926508541,-46.7194940509078,5,kilometer,338.0,"R$ 8.297,80",4.0,6.0,7.0,5.0,,morumbi
432931,2022,-23.6280505208267,-46.7469002051013,5,kilometer,356.0,"R$ 8.293,02",25.0,14.0,26.0,6.0,,morumbi
441584,2022,-23.6072716253681,-46.6944703165984,5,kilometer,44.0,"R$ 8.256,57",,0.0,3.0,3.0,,morumbi
455386,2022,-23.6376910799187,-46.734607241034,5,kilometer,172.0,"R$ 8.252,30",9.0,6.0,4.0,9.0,,morumbi
463745,2022,-23.6094375328005,-46.7670459822302,5,kilometer,585.0,"R$ 8.246,79",32.0,43.0,38.0,44.0,,morumbi
447257,2022,-23.5901583157031,-46.7210650205666,5,kilometer,222.0,"R$ 8.218,77",4.0,7.0,,4.0,,morumbi
447186,2022,-23.5887615271499,-46.7180242796764,5,kilometer,379.0,"R$ 8.206,25",6.0,7.0,8.0,14.0,,morumbi
455478,2022,-23.6204715125547,-46.730897129293695,5,kilometer,774.0,"R$ 8.201,51",67.0,71.0,39.0,50.0,,morumbi
455306,2022,-23.6375172796575,-46.73506552814271,5,kilometer,439.0,"R$ 8.194,86",18.0,28.0,13.0,22.0,,morumbi
458091,2022,-23.6046260491822,-46.74304705618231,5,kilometer,420.0,"R$ 8.190,93",15.0,17.0,27.0,18.0,,morumbi
431386,2022,-23.5832621811912,-46.7171005697187,5,kilometer,388.0,"R$ 8.156,23",18.0,17.0,7.0,6.0,,morumbi
455480,2022,-23.6208077765738,-46.7318572567062,5,kilometer,756.0,"R$ 8.152,03",56.0,51.0,47.0,47.0,,morumbi
463799,2022,-23.6114952768345,-46.7688963153754,5,kilometer,487.0,"R$ 8.135,68",32.0,35.0,37.0,22.0,,morumbi
458182,2022,-23.6059306971501,-46.744493893679504,5,kilometer,359.0,"R$ 8.124,85",6.0,15.0,19.0,17.0,,morumbi
430868,2022,-23.5795837490222,-46.743426446985104,5,kilometer,656.0,"R$ 8.124,07",26.0,29.0,28.0,28.0,,morumbi
458197,2022,-23.5885208024464,-46.73984605341,5,kilometer,309.0,"R$ 8.113,73",15.0,12.0,10.0,21.0,,morumbi
463909,2022,-23.6177409081485,-46.7695658837973,5,kilometer,401.0,"R$ 8.080,90",27.0,42.0,21.0,23.0,,morumbi
430841,2022,-23.5787613228954,-46.7377409536168,5,kilometer,389.0,"R$ 8.076,22",11.0,19.0,17.0,16.0,,morumbi
432605,2022,-23.6386204926382,-46.759396062491,5,kilometer,98.0,"R$ 8.076,13",6.0,9.0,6.0,3.0,,morumbi
431385,2022,-23.5812026918709,-46.717386196642096,5,kilometer,211.0,"R$ 8.073,40",10.0,5.0,6.0,11.0,,morumbi
447236,2022,-23.6108986007902,-46.7211911107574,5,kilometer,182.0,"R$ 8.044,70",5.0,5.0,,9.0,,morumbi
430866,2022,-23.5815616916307,-46.7183795877344,5,kilometer,254.0,"R$ 8.029,72",5.0,13.0,16.0,8.0,,morumbi
458125,2022,-23.5906509378566,-46.7473869339442,5,kilometer,186.0,"R$ 8.018,43",6.0,9.0,6.0,8.0,,morumbi
450819,2022,-23.5846453832437,-46.763467993343696,5,kilometer,328.0,"R$ 7.944,65",14.0,10.0,11.0,19.0,,morumbi
441449,2022,-23.6095755419039,-46.6899687098721,5,kilometer,298.0,"R$ 7.929,26",14.0,4.0,5.0,10.0,,morumbi
455394,2022,-23.6180688530279,-46.716699874543295,5,kilometer,313.0,"R$ 7.918,21",10.0,14.0,14.0,31.0,,morumbi
452347,2022,-23.6317958555934,-46.6928513063264,5,kilometer,306.0,"R$ 7.906,35",6.0,7.0,5.0,19.0,,morumbi
430823,2022,-23.5801658459956,-46.7321449590578,5,kilometer,431.0,"R$ 7.904,36",13.0,18.0,13.0,20.0,,morumbi
452344,2022,-23.6334010933582,-46.70896732187,5,kilometer,213.0,"R$ 7.901,15",5.0,13.0,11.0,3.0,,morumbi
458243,2022,-23.5861283904318,-46.74600660874911,5,kilometer,241.0,"R$ 7.900,59",8.0,12.0,5.0,10.0,,morumbi
463832,2022,-23.6036423327166,-46.761823031118894,5,kilometer,495.0,"R$ 7.893,37",20.0,28.0,30.0,31.0,,morumbi
458090,2022,-23.607427133502,-46.7428364169464,5,kilometer,342.0,"R$ 7.886,64",7.0,18.0,10.0,23.0,,morumbi
463818,2022,-23.6175453680165,-46.7703941479474,5,kilometer,654.0,"R$ 7.874,57",38.0,51.0,44.0,48.0,,morumbi
432715,2022,-23.6266134141071,-46.7469236699248,5,kilometer,443.0,"R$ 7.864,14",30.0,26.0,20.0,22.0,,morumbi
463459,2022,-23.6116285222072,-46.76808188114,5,kilometer,888.0,"R$ 7.859,70",54.0,77.0,61.0,59.0,,morumbi
455626,2022,-23.6168123156102,-46.7313004806958,5,kilometer,305.0,"R$ 7.831,82",10.0,7.0,4.0,8.0,,morumbi
458149,2022,-23.5988576781437,-46.7226317693562,5,kilometer,232.0,"R$ 7.826,37",7.0,6.0,10.0,17.0,,morumbi
458249,2022,-23.5865973659965,-46.7394154069138,5,kilometer,151.0,"R$ 7.816,37",4.0,7.0,12.0,8.0,,morumbi
455340,2022,-23.6258191832075,-46.73785165581489,5,kilometer,176.0,"R$ 7.814,31",10.0,12.0,7.0,9.0,,morumbi
430914,2022,-23.5766207023351,-46.71857662536831,5,kilometer,339.0,"R$ 7.808,55",15.0,10.0,13.0,17.0,,morumbi
430916,2022,-23.5847812600098,-46.7346030710106,5,kilometer,414.0,"R$ 7.806,38",16.0,18.0,19.0,32.0,,morumbi
455349,2022,-23.6298828928549,-46.7384142026239,5,kilometer,230.0,"R$ 7.805,99",5.0,5.0,5.0,9.0,,morumbi
452226,2022,-23.6350916325901,-46.698895113201694,5,kilometer,305.0,"R$ 7.804,83",10.0,12.0,16.0,25.0,,morumbi
447228,2022,-23.6067593037382,-46.7243716156631,5,kilometer,457.0,"R$ 7.800,14",11.0,19.0,23.0,20.0,,morumbi
431372,2022,-23.5743850927638,-46.7334738803508,5,kilometer,418.0,"R$ 7.798,85",22.0,20.0,19.0,19.0,,morumbi
463465,2022,-23.61179050802,-46.766759996689,5,kilometer,527.0,"R$ 7.788,39",21.0,31.0,52.0,27.0,,morumbi
430853,2022,-23.5834255807278,-46.737134644927295,5,kilometer,325.0,"R$ 7.772,78",14.0,12.0,17.0,18.0,,morumbi
455452,2022,-23.6223286404237,-46.730152504267295,5,kilometer,312.0,"R$ 7.767,16",27.0,11.0,20.0,13.0,,morumbi
441296,2022,-23.6043245065288,-46.6916860329107,5,kilometer,242.0,"R$ 7.763,33",4.0,7.0,3.0,8.0,,morumbi
452276,2022,-23.634022077224,-46.7138488549232,5,kilometer,245.0,"R$ 7.762,01",0.0,5.0,7.0,7.0,,morumbi
458372,2022,-23.5930780176417,-46.7377540532104,5,kilometer,272.0,"R$ 7.753,36",9.0,11.0,15.0,11.0,,morumbi
430903,2022,-23.5834579788494,-46.730038735505694,5,kilometer,321.0,"R$ 7.735,87",13.0,20.0,18.0,18.0,,morumbi
447237,2022,-23.6087785608791,-46.722780448223,5,kilometer,142.0,"R$ 7.729,68",7.0,7.0,7.0,9.0,,morumbi
441326,2022,-23.6190515760699,-46.688224843255696,5,kilometer,465.0,"R$ 7.720,68",20.0,23.0,19.0,20.0,,morumbi
430874,2022,-23.5758131704736,-46.73310550466351,5,kilometer,398.0,"R$ 7.713,46",18.0,10.0,16.0,19.0,,morumbi
452325,2022,-23.6330207526289,-46.693970055506,5,kilometer,229.0,"R$ 7.693,36",10.0,11.0,8.0,6.0,,morumbi
455527,2022,-23.6345235878321,-46.738945117033296,5,kilometer,249.0,"R$ 7.678,75",17.0,13.0,12.0,15.0,,morumbi
458203,2022,-23.5994358542832,-46.7303240734462,5,kilometer,245.0,"R$ 7.674,05",4.0,4.0,8.0,6.0,,morumbi
430863,2022,-23.5789842505616,-46.712646520575,5,kilometer,449.0,"R$ 7.672,69",22.0,16.0,20.0,16.0,,morumbi
432717,2022,-23.627455337416,-46.7461891820499,5,kilometer,552.0,"R$ 7.643,32",47.0,37.0,26.0,13.0,,morumbi
458104,2022,-23.6030674675994,-46.72774937989431,5,kilometer,300.0,"R$ 7.642,09",13.0,17.0,14.0,8.0,,morumbi
441541,2022,-23.6228421822821,-46.6923843336296,5,kilometer,251.0,"R$ 7.635,12",10.0,6.0,14.0,12.0,,morumbi
458266,2022,-23.5944297101207,-46.727184759900304,5,kilometer,231.0,"R$ 7.633,11",6.0,5.0,8.0,7.0,,morumbi
447294,2022,-23.5855176867573,-46.713997985076496,5,kilometer,167.0,"R$ 7.624,48",5.0,0.0,7.0,3.0,,morumbi
455522,2022,-23.622613850304,-46.745766819535504,5,kilometer,679.0,"R$ 7.614,97",41.0,39.0,36.0,36.0,,morumbi
431368,2022,-23.5760528557218,-46.7312914489811,5,kilometer,417.0,"R$ 7.595,10",14.0,21.0,13.0,18.0,,morumbi
455332,2022,-23.6160818756316,-46.7410980641398,5,kilometer,198.0,"R$ 7.584,11",14.0,5.0,7.0,9.0,,morumbi
452282,2022,-23.6316926883765,-46.71268117578671,5,kilometer,101.0,"R$ 7.581,52",6.0,,,,,morumbi
458254,2022,-23.5859046706538,-46.739747571082,5,kilometer,271.0,"R$ 7.574,44",16.0,14.0,11.0,10.0,,morumbi
458216,2022,-23.6112356059163,-46.7353253727764,5,kilometer,331.0,"R$ 7.568,71",6.0,13.0,19.0,21.0,,morumbi
432862,2022,-23.6273684377299,-46.745306926761,5,kilometer,336.0,"R$ 7.567,45",28.0,17.0,10.0,12.0,,morumbi
431337,2022,-23.5786488560402,-46.7436237667547,5,kilometer,507.0,"R$ 7.566,00",16.0,14.0,25.0,25.0,,morumbi
441524,2022,-23.618286733903,-46.69080082469191,5,kilometer,378.0,"R$ 7.563,42",15.0,10.0,17.0,15.0,,morumbi
458223,2022,-23.6153217970138,-46.7467438763734,5,kilometer,206.0,"R$ 7.546,51",8.0,14.0,8.0,4.0,,morumbi
463908,2022,-23.6178395377442,-46.7698438249903,5,kilometer,372.0,"R$ 7.545,87",17.0,33.0,27.0,21.0,,morumbi
430876,2022,-23.5732598551516,-46.7306044035334,5,kilometer,405.0,"R$ 7.524,41",14.0,10.0,7.0,17.0,,morumbi
452202,2022,-23.6321094796647,-46.70328980144951,5,kilometer,306.0,"R$ 7.501,09",8.0,5.0,15.0,11.0,,morumbi
430821,2022,-23.5771292667631,-46.727505329301,5,kilometer,318.0,"R$ 7.489,61",13.0,7.0,15.0,3.0,,morumbi
455425,2022,-23.6254272513741,-46.7278532084922,5,kilometer,539.0,"R$ 7.480,62",50.0,37.0,29.0,31.0,,morumbi
455529,2022,-23.6327026686674,-46.73872405024031,5,kilometer,174.0,"R$ 7.473,63",6.0,,4.0,4.0,,morumbi
430837,2022,-23.5831265717342,-46.7281603062985,5,kilometer,451.0,"R$ 7.470,88",19.0,13.0,25.0,18.0,,morumbi
430836,2022,-23.5802414509263,-46.7258978953356,5,kilometer,438.0,"R$ 7.461,69",9.0,21.0,21.0,22.0,,morumbi
452259,2022,-23.629776550523,-46.69209139728071,5,kilometer,293.0,"R$ 7.458,33",6.0,8.0,8.0,6.0,,morumbi
441540,2022,-23.6220105460389,-46.6893776898292,5,kilometer,325.0,"R$ 7.447,39",3.0,10.0,6.0,11.0,,morumbi
430849,2022,-23.5776550799685,-46.7170605123796,5,kilometer,251.0,"R$ 7.431,40",7.0,9.0,7.0,9.0,,morumbi
458076,2022,-23.6068603015713,-46.740017369958096,5,kilometer,256.0,"R$ 7.427,31",3.0,12.0,13.0,9.0,,morumbi
463603,2022,-23.6009726529349,-46.7712178666695,5,kilometer,153.0,"R$ 7.426,97",,,10.0,5.0,,morumbi
452246,2022,-23.6400888948094,-46.7133741117779,5,kilometer,327.0,"R$ 7.426,96",7.0,12.0,9.0,15.0,,morumbi
430840,2022,-23.5811348546748,-46.7374935544922,5,kilometer,453.0,"R$ 7.424,08",13.0,18.0,17.0,22.0,,morumbi
455347,2022,-23.6284413414984,-46.7367443589352,5,kilometer,149.0,"R$ 7.422,07",7.0,6.0,10.0,3.0,,morumbi
463910,2022,-23.6166942115989,-46.76973619040751,5,kilometer,365.0,"R$ 7.406,94",20.0,32.0,29.0,16.0,,morumbi
432874,2022,-23.6167014588384,-46.759280692598495,5,kilometer,552.0,"R$ 7.401,33",37.0,28.0,49.0,35.0,,morumbi
441480,2022,-23.613492175095,-46.68924593564,5,kilometer,247.0,"R$ 7.396,81",11.0,6.0,11.0,11.0,,morumbi
455307,2022,-23.6390485533342,-46.7343673976095,5,kilometer,240.0,"R$ 7.392,56",10.0,15.0,6.0,7.0,,morumbi
441583,2022,-23.6060017263826,-46.6959963025556,5,kilometer,235.0,"R$ 7.375,23",12.0,8.0,7.0,11.0,,morumbi
455381,2022,-23.6382721661286,-46.7353619359022,5,kilometer,393.0,"R$ 7.356,36",17.0,19.0,13.0,17.0,,morumbi
452253,2022,-23.6301359385768,-46.7002725915892,5,kilometer,303.0,"R$ 7.355,98",7.0,14.0,11.0,21.0,,morumbi
463797,2022,-23.6177401525548,-46.774416818267504,5,kilometer,466.0,"R$ 7.343,24",36.0,35.0,33.0,27.0,,morumbi
458075,2022,-23.6060675832678,-46.7383458803043,5,kilometer,383.0,"R$ 7.336,20",13.0,10.0,18.0,14.0,,morumbi
430906,2022,-23.5799601407246,-46.7357194918563,5,kilometer,309.0,"R$ 7.333,14",7.0,10.0,12.0,17.0,,morumbi
455371,2022,-23.6215757839098,-46.737924337819294,5,kilometer,254.0,"R$ 7.316,25",9.0,16.0,20.0,7.0,,morumbi
458245,2022,-23.5878347443379,-46.744247193728,5,kilometer,232.0,"R$ 7.302,49",8.0,9.0,,8.0,,morumbi
458167,2022,-23.6019857383091,-46.7426280549816,5,kilometer,216.0,"R$ 7.302,07",8.0,9.0,7.0,9.0,,morumbi
455345,2022,-23.626122400406,-46.735647750759,5,kilometer,120.0,"R$ 7.292,21",,,0.0,4.0,,morumbi
452309,2022,-23.6330206841231,-46.71406039124351,5,kilometer,508.0,"R$ 7.286,32",17.0,18.0,20.0,21.0,,morumbi
431388,2022,-23.5763511257705,-46.7397982985878,5,kilometer,506.0,"R$ 7.272,17",12.0,19.0,28.0,25.0,,morumbi
430839,2022,-23.5839895987869,-46.73196582266711,5,kilometer,200.0,"R$ 7.268,72",,9.0,6.0,5.0,,morumbi
458074,2022,-23.6050862337605,-46.7380007898874,5,kilometer,406.0,"R$ 7.263,81",16.0,25.0,20.0,23.0,,morumbi
458260,2022,-23.5909536889143,-46.7297073135771,5,kilometer,166.0,"R$ 7.261,87",3.0,5.0,6.0,5.0,,morumbi
463452,2022,-23.6065501923813,-46.772870734559,5,kilometer,723.0,"R$ 7.256,39",26.0,37.0,39.0,51.0,,morumbi
455646,2022,-23.6239334236575,-46.744294518211,5,kilometer,384.0,"R$ 7.246,30",20.0,18.0,16.0,17.0,,morumbi
441479,2022,-23.6128696139503,-46.6900371282168,5,kilometer,211.0,"R$ 7.241,67",7.0,7.0,6.0,6.0,,morumbi
463573,2022,-23.6286551452294,-46.7731169592167,5,kilometer,601.0,"R$ 7.235,85",28.0,40.0,32.0,33.0,,morumbi
458276,2022,-23.5867251475943,-46.727608926457904,5,kilometer,366.0,"R$ 7.229,37",7.0,3.0,17.0,13.0,,morumbi
463820,2022,-23.6178904899145,-46.77174163813729,5,kilometer,802.0,"R$ 7.227,63",54.0,69.0,46.0,35.0,,morumbi
455653,2022,-23.6362312932745,-46.7382043411174,5,kilometer,311.0,"R$ 7.206,51",14.0,22.0,16.0,13.0,,morumbi
447268,2022,-23.5855396095193,-46.7201730640786,5,kilometer,257.0,"R$ 7.189,14",11.0,5.0,3.0,5.0,,morumbi
452359,2022,-23.6366855523232,-46.7178421101818,5,kilometer,750.0,"R$ 7.184,79",20.0,15.0,10.0,17.0,,morumbi
463800,2022,-23.6110120349894,-46.7684193047746,5,kilometer,603.0,"R$ 7.140,87",38.0,47.0,45.0,40.0,,morumbi
452234,2022,-23.6457174846134,-46.706335366689,5,kilometer,133.0,"R$ 7.109,67",5.0,6.0,,4.0,,morumbi
463612,2022,-23.6025385106586,-46.7676101821622,5,kilometer,482.0,"R$ 7.106,26",39.0,29.0,26.0,27.0,,morumbi
430871,2022,-23.5791936569428,-46.7488445638749,5,kilometer,394.0,"R$ 7.095,55",16.0,15.0,19.0,16.0,,morumbi
431336,2022,-23.5797692196713,-46.7427930583996,5,kilometer,363.0,"R$ 7.075,41",12.0,13.0,18.0,17.0,,morumbi
455367,2022,-23.6196752816463,-46.7363984149078,5,kilometer,116.0,"R$ 7.075,25",5.0,5.0,5.0,6.0,,morumbi
458224,2022,-23.6107536083053,-46.7435727926616,5,kilometer,349.0,"R$ 7.067,88",7.0,4.0,17.0,17.0,,morumbi
432930,2022,-23.627265465006,-46.7473999252364,5,kilometer,335.0,"R$ 7.056,90",25.0,19.0,10.0,7.0,,morumbi
431348,2022,-23.5809199968997,-46.7164976736815,5,kilometer,256.0,"R$ 7.050,74",3.0,9.0,7.0,10.0,,morumbi
458144,2022,-23.6100136179726,-46.7501049881609,5,kilometer,224.0,"R$ 7.049,21",6.0,5.0,9.0,9.0,,morumbi
463798,2022,-23.6181544899001,-46.77493239471151,5,kilometer,510.0,"R$ 7.028,09",35.0,39.0,38.0,30.0,,morumbi
458256,2022,-23.5859255216803,-46.740456348819,5,kilometer,314.0,"R$ 7.023,12",19.0,14.0,9.0,12.0,,morumbi
458128,2022,-23.587415376321,-46.7448739941386,5,kilometer,238.0,"R$ 7.012,55",7.0,6.0,10.0,9.0,,morumbi
445447,2022,-23.6515419525473,-46.7455764762261,5,kilometer,894.0,"R$ 6.994,29",65.0,61.0,64.0,47.0,,morumbi
458127,2022,-23.5863712167905,-46.745666377059294,5,kilometer,309.0,"R$ 6.984,64",15.0,8.0,11.0,11.0,,morumbi
432900,2022,-23.6197245286865,-46.7561726239665,5,kilometer,382.0,"R$ 6.983,29",24.0,15.0,20.0,21.0,,morumbi
447238,2022,-23.6094531227425,-46.7230787044268,5,kilometer,165.0,"R$ 6.965,40",12.0,7.0,13.0,8.0,,morumbi
458315,2022,-23.6080716165646,-46.727275920993904,5,kilometer,373.0,"R$ 6.956,83",18.0,11.0,7.0,15.0,,morumbi
431363,2022,-23.5797040651808,-46.7487753869578,5,kilometer,368.0,"R$ 6.953,44",12.0,23.0,13.0,29.0,,morumbi
452225,2022,-23.6333552045203,-46.6981485542752,5,kilometer,245.0,"R$ 6.928,72",7.0,4.0,8.0,9.0,,morumbi
458132,2022,-23.5903216547699,-46.7290510544435,5,kilometer,297.0,"R$ 6.922,11",14.0,8.0,,7.0,,morumbi
447206,2022,-23.5861407584829,-46.7207219410584,5,kilometer,265.0,"R$ 6.917,65",,6.0,,,,morumbi
458247,2022,-23.5873427242927,-46.7420785205191,5,kilometer,428.0,"R$ 6.907,08",9.0,19.0,17.0,21.0,,morumbi
458340,2022,-23.6116027610976,-46.7507940588377,5,kilometer,375.0,"R$ 6.904,18",33.0,21.0,18.0,8.0,,morumbi
463611,2022,-23.6022876507184,-46.7680206563916,5,kilometer,471.0,"R$ 6.890,20",36.0,22.0,32.0,31.0,,morumbi
458251,2022,-23.5856765589484,-46.7390032924432,5,kilometer,333.0,"R$ 6.872,97",21.0,22.0,12.0,11.0,,morumbi
431356,2022,-23.582785049221,-46.744512969762894,5,kilometer,354.0,"R$ 6.872,11",18.0,16.0,17.0,12.0,,morumbi
458129,2022,-23.5856949145686,-46.7422710880856,5,kilometer,282.0,"R$ 6.851,30",8.0,11.0,18.0,15.0,,morumbi
463610,2022,-23.6020790688855,-46.768305582675104,5,kilometer,472.0,"R$ 6.834,85",44.0,30.0,28.0,19.0,,morumbi
458273,2022,-23.5984806472996,-46.7256203070766,5,kilometer,545.0,"R$ 6.794,24",14.0,30.0,22.0,34.0,,morumbi
441481,2022,-23.6149584887497,-46.688575523824895,5,kilometer,98.0,"R$ 6.785,86",4.0,6.0,,5.0,,morumbi
455624,2022,-23.6226756251554,-46.7298283720072,5,kilometer,334.0,"R$ 6.776,19",31.0,17.0,12.0,18.0,,morumbi
452286,2022,-23.6258140821986,-46.6994630637192,5,kilometer,332.0,"R$ 6.767,58",6.0,5.0,10.0,10.0,,morumbi
458173,2022,-23.5912390740009,-46.734468937936,5,kilometer,362.0,"R$ 6.750,92",5.0,12.0,10.0,19.0,,morumbi
458255,2022,-23.5873217711632,-46.7405176148863,5,kilometer,388.0,"R$ 6.739,17",12.0,14.0,21.0,22.0,,morumbi
463816,2022,-23.6151161973014,-46.7695504946491,5,kilometer,383.0,"R$ 6.690,48",26.0,37.0,27.0,19.0,,morumbi
431384,2022,-23.5809996674723,-46.7460789405062,5,kilometer,82.0,"R$ 6.679,16",,,,4.0,,morumbi
430822,2022,-23.5789465406609,-46.729445959942495,5,kilometer,69.0,"R$ 6.679,00",,,4.0,4.0,,morumbi
434083,2022,-23.649540290374,-46.757252505970094,5,kilometer,596.0,"R$ 6.675,83",15.0,23.0,25.0,23.0,,morumbi
458227,2022,-23.6111385148711,-46.7473251687074,5,kilometer,248.0,"R$ 6.667,99",15.0,19.0,9.0,11.0,,morumbi
431360,2022,-23.5812214615945,-46.745522241840895,5,kilometer,149.0,"R$ 6.654,61",6.0,9.0,6.0,5.0,,morumbi
463834,2022,-23.6028551566314,-46.760544315972496,5,kilometer,406.0,"R$ 6.652,19",27.0,36.0,20.0,24.0,,morumbi
430888,2022,-23.5777177278237,-46.737105219626,5,kilometer,388.0,"R$ 6.635,71",9.0,17.0,14.0,20.0,,morumbi
432828,2022,-23.6197490407784,-46.7612336895031,5,kilometer,773.0,"R$ 6.632,10",38.0,56.0,57.0,66.0,,morumbi
445615,2022,-23.6449085062425,-46.744683402379295,5,kilometer,250.0,"R$ 6.631,25",12.0,8.0,7.0,8.0,,morumbi
431361,2022,-23.5815562582935,-46.7461773242178,5,kilometer,126.0,"R$ 6.630,57",3.0,5.0,7.0,9.0,,morumbi
445448,2022,-23.6517913643394,-46.7447554292331,5,kilometer,608.0,"R$ 6.624,83",32.0,24.0,39.0,45.0,,morumbi
430905,2022,-23.5821748435694,-46.7349655006594,5,kilometer,253.0,"R$ 6.618,08",9.0,17.0,8.0,18.0,,morumbi
430875,2022,-23.5742504889942,-46.7317343577004,5,kilometer,222.0,"R$ 6.615,62",6.0,5.0,6.0,6.0,,morumbi
441392,2022,-23.601226757574,-46.690382735581,5,kilometer,243.0,"R$ 6.599,15",3.0,15.0,11.0,14.0,,morumbi
458131,2022,-23.5877776537355,-46.7296703882517,5,kilometer,360.0,"R$ 6.592,96",6.0,9.0,16.0,17.0,,morumbi
432825,2022,-23.6174773810144,-46.760325486462,5,kilometer,599.0,"R$ 6.580,93",41.0,29.0,27.0,37.0,,morumbi
458244,2022,-23.5867184414455,-46.7453015895942,5,kilometer,259.0,"R$ 6.574,22",9.0,9.0,11.0,9.0,,morumbi
463629,2022,-23.6118168144539,-46.76026265587,5,kilometer,262.0,"R$ 6.572,75",15.0,17.0,11.0,9.0,,morumbi
458261,2022,-23.5925792674429,-46.72880342323791,5,kilometer,227.0,"R$ 6.567,20",6.0,10.0,6.0,6.0,,morumbi
463887,2022,-23.6069173506311,-46.7697802574447,5,kilometer,353.0,"R$ 6.555,98",21.0,25.0,31.0,28.0,,morumbi
458130,2022,-23.5865235675373,-46.73934678375151,5,kilometer,277.0,"R$ 6.555,14",9.0,4.0,7.0,22.0,,morumbi
445686,2022,-23.653483851818,-46.74785916372431,5,kilometer,236.0,"R$ 6.537,50",9.0,13.0,12.0,13.0,,morumbi
455344,2022,-23.6258265688231,-46.736412251587694,5,kilometer,190.0,"R$ 6.535,29",4.0,3.0,5.0,9.0,,morumbi
455304,2022,-23.6383688067872,-46.7361068238125,5,kilometer,357.0,"R$ 6.533,63",15.0,16.0,13.0,19.0,,morumbi
447187,2022,-23.5889390537475,-46.7166660961468,5,kilometer,99.0,"R$ 6.499,88",0.0,,,,,morumbi
432826,2022,-23.6179207080646,-46.760188657671904,5,kilometer,283.0,"R$ 6.498,12",13.0,21.0,15.0,7.0,,morumbi
430814,2022,-23.5763306231868,-46.7357366649645,5,kilometer,377.0,"R$ 6.494,87",19.0,19.0,25.0,25.0,,morumbi
458326,2022,-23.6100831691064,-46.7449323628761,5,kilometer,172.0,"R$ 6.486,46",6.0,13.0,6.0,6.0,,morumbi
463749,2022,-23.6107940017223,-46.765838889195294,5,kilometer,588.0,"R$ 6.482,52",33.0,32.0,36.0,46.0,,morumbi
452207,2022,-23.6442826236113,-46.7010365483476,5,kilometer,260.0,"R$ 6.480,80",18.0,14.0,9.0,4.0,,morumbi
447230,2022,-23.6095632008339,-46.7243598834436,5,kilometer,478.0,"R$ 6.465,40",21.0,17.0,19.0,18.0,,morumbi
447245,2022,-23.6161663234425,-46.702711538024495,5,kilometer,171.0,"R$ 6.458,61",5.0,6.0,7.0,8.0,,morumbi
458165,2022,-23.6066183519589,-46.7388271220886,5,kilometer,341.0,"R$ 6.440,68",7.0,9.0,19.0,17.0,,morumbi
458166,2022,-23.6025557513355,-46.7409959654371,5,kilometer,328.0,"R$ 6.423,00",8.0,13.0,14.0,21.0,,morumbi
441418,2022,-23.6091283243582,-46.6886681782922,5,kilometer,225.0,"R$ 6.382,94",11.0,8.0,9.0,6.0,,morumbi
431359,2022,-23.5814806837124,-46.7456413653378,5,kilometer,118.0,"R$ 6.379,88",,,4.0,5.0,,morumbi
452358,2022,-23.636080506366,-46.7161939323448,5,kilometer,11.0,"R$ 6.375,00",0.0,0.0,0.0,0.0,,morumbi
430867,2022,-23.5817440760799,-46.7415481373088,5,kilometer,557.0,"R$ 6.357,60",16.0,21.0,20.0,34.0,,morumbi
432861,2022,-23.6418884270104,-46.7594692520452,5,kilometer,546.0,"R$ 6.349,87",23.0,31.0,40.0,33.0,,morumbi
458078,2022,-23.6027409255337,-46.7419385135497,5,kilometer,257.0,"R$ 6.349,32",8.0,11.0,8.0,11.0,,morumbi
458364,2022,-23.59562453241,-46.750684402811,5,kilometer,361.0,"R$ 6.348,62",10.0,22.0,28.0,26.0,,morumbi
441523,2022,-23.6167685772112,-46.6906426032416,5,kilometer,364.0,"R$ 6.347,32",8.0,17.0,15.0,12.0,,morumbi
458265,2022,-23.5949298116103,-46.7273127037512,5,kilometer,280.0,"R$ 6.345,12",4.0,9.0,12.0,13.0,,morumbi
458365,2022,-23.5959755033643,-46.749728689336,5,kilometer,524.0,"R$ 6.338,68",29.0,45.0,40.0,26.0,,morumbi
463821,2022,-23.6180767375259,-46.7723009140424,5,kilometer,717.0,"R$ 6.336,57",60.0,52.0,47.0,41.0,,morumbi
458378,2022,-23.6002028708248,-46.74149516445991,5,kilometer,286.0,"R$ 6.305,38",9.0,13.0,11.0,14.0,,morumbi
458196,2022,-23.5883578731358,-46.73945595855071,5,kilometer,321.0,"R$ 6.296,45",16.0,15.0,15.0,17.0,,morumbi
452349,2022,-23.6342332955433,-46.6946349637944,5,kilometer,98.0,"R$ 6.285,58",,3.0,,5.0,,morumbi
445620,2022,-23.6475372865211,-46.740373239793,5,kilometer,531.0,"R$ 6.244,48",39.0,25.0,33.0,35.0,,morumbi
452272,2022,-23.6318098513269,-46.7155407426761,5,kilometer,71.0,"R$ 6.242,92",3.0,4.0,4.0,5.0,,morumbi
458225,2022,-23.6103119120264,-46.744062120969,5,kilometer,383.0,"R$ 6.237,33",11.0,15.0,13.0,20.0,,morumbi
450684,2022,-23.5846406330124,-46.76113776588431,5,kilometer,302.0,"R$ 6.230,83",9.0,17.0,13.0,20.0,,morumbi
463744,2022,-23.6084130222526,-46.7672237762925,5,kilometer,916.0,"R$ 6.210,74",28.0,63.0,74.0,59.0,,morumbi
458368,2022,-23.6075096407333,-46.74952448962831,5,kilometer,352.0,"R$ 6.210,62",11.0,16.0,12.0,16.0,,morumbi
455323,2022,-23.6167671779434,-46.747219916418,5,kilometer,680.0,"R$ 6.201,98",41.0,38.0,26.0,32.0,,morumbi
463627,2022,-23.6109248794928,-46.757224406688,5,kilometer,311.0,"R$ 6.188,81",11.0,13.0,11.0,14.0,,morumbi
432527,2022,-23.6439615797808,-46.7559364761473,5,kilometer,681.0,"R$ 6.186,86",30.0,36.0,43.0,37.0,,morumbi
452148,2022,-23.6417544979346,-46.711687356045694,5,kilometer,615.0,"R$ 6.186,84",25.0,34.0,36.0,24.0,,morumbi
463630,2022,-23.6118446503393,-46.7598954799821,5,kilometer,259.0,"R$ 6.177,14",17.0,21.0,16.0,13.0,,morumbi
458146,2022,-23.5849224689082,-46.725797861069104,5,kilometer,507.0,"R$ 6.173,99",9.0,11.0,20.0,19.0,,morumbi
432887,2022,-23.6243380497092,-46.7580567461883,5,kilometer,385.0,"R$ 6.153,25",19.0,23.0,18.0,23.0,,morumbi
463628,2022,-23.6106769169703,-46.7564136810313,5,kilometer,396.0,"R$ 6.151,60",10.0,11.0,19.0,19.0,,morumbi
441511,2022,-23.6154821882134,-46.6914133098167,5,kilometer,360.0,"R$ 6.139,98",15.0,19.0,16.0,30.0,,morumbi
458158,2022,-23.6037477620379,-46.7395756888781,5,kilometer,406.0,"R$ 6.135,62",12.0,15.0,16.0,15.0,,morumbi
455542,2022,-23.6207868331042,-46.7475335466592,5,kilometer,454.0,"R$ 6.124,93",38.0,25.0,18.0,27.0,,morumbi
458115,2022,-23.6080511657382,-46.745894669176494,5,kilometer,227.0,"R$ 6.123,00",9.0,10.0,10.0,11.0,,morumbi
445837,2022,-23.6441573876494,-46.7368128678768,5,kilometer,601.0,"R$ 6.117,52",18.0,26.0,27.0,45.0,,morumbi
430880,2022,-23.5768216561451,-46.7356219266926,5,kilometer,318.0,"R$ 6.101,03",6.0,14.0,26.0,12.0,,morumbi
450214,2022,-23.5866074196157,-46.7656533559137,5,kilometer,111.0,"R$ 6.076,47",6.0,7.0,9.0,7.0,,morumbi
463669,2022,-23.6044351963827,-46.7517572777304,5,kilometer,359.0,"R$ 6.073,41",20.0,27.0,20.0,20.0,,morumbi
432824,2022,-23.6170580475385,-46.7602857740488,5,kilometer,466.0,"R$ 6.070,21",26.0,39.0,24.0,20.0,,morumbi
463886,2022,-23.6045737828458,-46.7750307812686,5,kilometer,337.0,"R$ 6.055,57",14.0,14.0,21.0,32.0,,morumbi
458092,2022,-23.6037114881175,-46.7463602562187,5,kilometer,276.0,"R$ 6.052,34",6.0,9.0,9.0,14.0,,morumbi
463746,2022,-23.6090611203136,-46.7665605730298,5,kilometer,642.0,"R$ 6.051,37",31.0,49.0,50.0,55.0,,morumbi
441356,2022,-23.6187501592204,-46.6950727358804,5,kilometer,302.0,"R$ 6.048,31",11.0,12.0,14.0,12.0,,morumbi
432830,2022,-23.6157877138954,-46.75613751529031,5,kilometer,360.0,"R$ 6.045,18",22.0,27.0,13.0,15.0,,morumbi
431357,2022,-23.5821007928335,-46.746769570786,5,kilometer,313.0,"R$ 6.030,79",10.0,15.0,16.0,11.0,,morumbi
455433,2022,-23.6123223226752,-46.7278125919548,5,kilometer,90.0,"R$ 6.019,48",5.0,,3.0,9.0,,morumbi
450838,2022,-23.574788952985,-46.7399621602168,5,kilometer,341.0,"R$ 6.019,05",7.0,11.0,13.0,16.0,,morumbi
458366,2022,-23.6116199818179,-46.746992854942704,5,kilometer,372.0,"R$ 6.013,73",12.0,15.0,13.0,17.0,,morumbi
458234,2022,-23.5946596791896,-46.7576138117486,5,kilometer,341.0,"R$ 6.005,28",12.0,22.0,16.0,22.0,,morumbi
430886,2022,-23.5785039885862,-46.729797202789904,5,kilometer,496.0,"R$ 5.994,61",8.0,26.0,24.0,24.0,,morumbi
432936,2022,-23.6180576839204,-46.75909302822689,5,kilometer,294.0,"R$ 5.926,79",13.0,19.0,16.0,24.0,,morumbi
455441,2022,-23.6136720364868,-46.7295415389364,5,kilometer,287.0,"R$ 5.896,46",16.0,13.0,16.0,8.0,,morumbi
455530,2022,-23.6321689450854,-46.7383095232294,5,kilometer,247.0,"R$ 5.895,10",15.0,14.0,11.0,12.0,,morumbi
458134,2022,-23.5942519251695,-46.7284555817701,5,kilometer,227.0,"R$ 5.881,81",6.0,6.0,8.0,7.0,,morumbi
452362,2022,-23.6479256608689,-46.7136534107887,5,kilometer,334.0,"R$ 5.878,25",9.0,18.0,14.0,6.0,,morumbi
458188,2022,-23.5991448482036,-46.7515294241908,5,kilometer,364.0,"R$ 5.852,91",12.0,19.0,25.0,21.0,,morumbi
432625,2022,-23.6477660093487,-46.7608419520596,5,kilometer,715.0,"R$ 5.846,36",26.0,35.0,31.0,61.0,,morumbi
450657,2022,-23.5766016909477,-46.7461659363508,5,kilometer,329.0,"R$ 5.844,44",14.0,15.0,13.0,10.0,,morumbi
430815,2022,-23.574885343914,-46.73657993956751,5,kilometer,657.0,"R$ 5.844,37",20.0,22.0,22.0,26.0,,morumbi
432843,2022,-23.6468345232757,-46.7579632866815,5,kilometer,450.0,"R$ 5.831,33",20.0,28.0,33.0,38.0,,morumbi
432465,2022,-23.6394333064007,-46.7589865206733,5,kilometer,270.0,"R$ 5.826,36",16.0,7.0,19.0,17.0,,morumbi
455330,2022,-23.6167701080826,-46.7437550100611,5,kilometer,355.0,"R$ 5.817,95",14.0,17.0,8.0,13.0,,morumbi
432832,2022,-23.6170889494703,-46.7559856747128,5,kilometer,408.0,"R$ 5.808,61",37.0,23.0,24.0,14.0,,morumbi
452284,2022,-23.624928705256,-46.6975643836723,5,kilometer,42.0,"R$ 5.805,32",0.0,0.0,0.0,,,morumbi
431383,2022,-23.5823633010484,-46.7453920406362,5,kilometer,376.0,"R$ 5.801,63",25.0,23.0,20.0,20.0,,morumbi
458274,2022,-23.6160702326958,-46.7488270266992,5,kilometer,388.0,"R$ 5.796,90",13.0,16.0,18.0,19.0,,morumbi
452163,2022,-23.6332109750903,-46.710723293987,5,kilometer,300.0,"R$ 5.781,47",7.0,11.0,11.0,8.0,,morumbi
445624,2022,-23.6439328109397,-46.738951220189904,5,kilometer,449.0,"R$ 5.778,38",9.0,16.0,17.0,27.0,,morumbi
463634,2022,-23.6205053967042,-46.7653878739124,5,kilometer,456.0,"R$ 5.773,95",20.0,34.0,29.0,29.0,,morumbi
452248,2022,-23.6372407736931,-46.710632573926894,5,kilometer,349.0,"R$ 5.759,24",10.0,9.0,16.0,17.0,,morumbi
430842,2022,-23.5780171829764,-46.74099784079471,5,kilometer,409.0,"R$ 5.759,22",14.0,20.0,14.0,20.0,,morumbi
463666,2022,-23.6045242399262,-46.75898349671351,5,kilometer,509.0,"R$ 5.752,50",33.0,22.0,31.0,19.0,,morumbi
450870,2022,-23.5753099531678,-46.7439465016796,5,kilometer,433.0,"R$ 5.751,61",18.0,16.0,25.0,22.0,,morumbi
455348,2022,-23.6277300017814,-46.73664549541591,5,kilometer,301.0,"R$ 5.726,49",12.0,13.0,8.0,15.0,,morumbi
432935,2022,-23.6266777877491,-46.7567267458264,5,kilometer,345.0,"R$ 5.725,41",31.0,20.0,20.0,14.0,,morumbi
458126,2022,-23.5858174229618,-46.746444770919695,5,kilometer,222.0,"R$ 5.717,15",3.0,10.0,8.0,9.0,,morumbi
432842,2022,-23.6462351708974,-46.758670756917,5,kilometer,583.0,"R$ 5.715,81",24.0,27.0,27.0,36.0,,morumbi
452326,2022,-23.6470241191956,-46.70665651377311,5,kilometer,345.0,"R$ 5.709,45",11.0,14.0,13.0,8.0,,morumbi
452252,2022,-23.6288377328201,-46.69897556022151,5,kilometer,289.0,"R$ 5.698,64",10.0,13.0,12.0,12.0,,morumbi
458145,2022,-23.5863325609752,-46.7293105416702,5,kilometer,320.0,"R$ 5.694,99",7.0,28.0,20.0,15.0,,morumbi
430879,2022,-23.5788029340428,-46.73283326585351,5,kilometer,253.0,"R$ 5.680,10",4.0,19.0,20.0,10.0,,morumbi
463605,2022,-23.6049009046132,-46.77181173544791,5,kilometer,787.0,"R$ 5.677,41",30.0,51.0,30.0,40.0,,morumbi
463807,2022,-23.6101929375428,-46.76791039226529,5,kilometer,491.0,"R$ 5.671,78",30.0,20.0,33.0,27.0,,morumbi
445683,2022,-23.651702643054,-46.747151240772304,5,kilometer,187.0,"R$ 5.658,60",24.0,9.0,10.0,4.0,,morumbi
463796,2022,-23.6173016468221,-46.77502473168249,5,kilometer,439.0,"R$ 5.649,01",28.0,33.0,31.0,31.0,,morumbi
432782,2022,-23.6428283429693,-46.7677013796968,5,kilometer,712.0,"R$ 5.646,62",41.0,42.0,37.0,31.0,,morumbi
458232,2022,-23.5928282237532,-46.75748308946471,5,kilometer,309.0,"R$ 5.625,00",23.0,18.0,24.0,23.0,,morumbi
463458,2022,-23.6111485121893,-46.7672154148076,5,kilometer,519.0,"R$ 5.621,51",30.0,43.0,32.0,35.0,,morumbi
450154,2022,-23.5901176379503,-46.7703767642314,5,kilometer,263.0,"R$ 5.620,48",4.0,10.0,6.0,13.0,,morumbi
458258,2022,-23.5893659406962,-46.7312069993164,5,kilometer,442.0,"R$ 5.580,33",16.0,13.0,12.0,18.0,,morumbi
463433,2022,-23.6057681501856,-46.750674586618096,5,kilometer,436.0,"R$ 5.568,17",15.0,19.0,22.0,28.0,,morumbi
452294,2022,-23.6510495913344,-46.7174003554866,5,kilometer,375.0,"R$ 5.545,47",7.0,14.0,7.0,12.0,,morumbi
445446,2022,-23.6518720326642,-46.7494552273854,5,kilometer,633.0,"R$ 5.536,09",30.0,28.0,36.0,38.0,,morumbi
432528,2022,-23.6451577487148,-46.7566130891255,5,kilometer,721.0,"R$ 5.532,24",25.0,37.0,50.0,57.0,,morumbi
458267,2022,-23.5966942393578,-46.727360132346,5,kilometer,281.0,"R$ 5.530,19",10.0,12.0,16.0,15.0,,morumbi
432896,2022,-23.6183234779714,-46.756284911487,5,kilometer,204.0,"R$ 5.526,87",9.0,13.0,11.0,13.0,,morumbi
430855,2022,-23.580727789701,-46.7408025979092,5,kilometer,206.0,"R$ 5.524,38",6.0,4.0,7.0,12.0,,morumbi
458172,2022,-23.5951974631535,-46.74219512371111,5,kilometer,179.0,"R$ 5.519,42",3.0,5.0,6.0,13.0,,morumbi
450215,2022,-23.5912354083325,-46.7641098923085,5,kilometer,400.0,"R$ 5.518,33",22.0,20.0,14.0,17.0,,morumbi
430870,2022,-23.5826982765692,-46.7484684257161,5,kilometer,430.0,"R$ 5.517,58",9.0,19.0,19.0,31.0,,morumbi
463609,2022,-23.6020039709144,-46.768737537887695,5,kilometer,505.0,"R$ 5.516,13",40.0,32.0,36.0,33.0,,morumbi
450701,2022,-23.583129655114,-46.7521973501649,5,kilometer,314.0,"R$ 5.489,35",9.0,14.0,21.0,15.0,,morumbi
452301,2022,-23.6468626578924,-46.7204405261783,5,kilometer,572.0,"R$ 5.489,06",21.0,14.0,11.0,17.0,,morumbi
463810,2022,-23.6102569553145,-46.767049415466495,5,kilometer,481.0,"R$ 5.469,66",33.0,33.0,24.0,26.0,,morumbi
452363,2022,-23.6470393402965,-46.7120097496164,5,kilometer,212.0,"R$ 5.468,93",12.0,5.0,11.0,8.0,,morumbi
463626,2022,-23.6103140629131,-46.7573908214805,5,kilometer,481.0,"R$ 5.468,85",16.0,13.0,18.0,28.0,,morumbi
458140,2022,-23.6008990308215,-46.7268765466872,5,kilometer,590.0,"R$ 5.442,63",28.0,30.0,30.0,27.0,,morumbi
431335,2022,-23.581566026599,-46.7397130738984,5,kilometer,397.0,"R$ 5.435,90",15.0,18.0,19.0,17.0,,morumbi
432696,2022,-23.6289264121526,-46.7492753849506,5,kilometer,503.0,"R$ 5.429,98",36.0,27.0,29.0,19.0,,morumbi
450662,2022,-23.5796993953064,-46.759488729678,5,kilometer,426.0,"R$ 5.423,54",12.0,20.0,20.0,22.0,,morumbi
463457,2022,-23.6201572407064,-46.7659439407019,5,kilometer,497.0,"R$ 5.417,58",20.0,43.0,41.0,28.0,,morumbi
463806,2022,-23.6134533681172,-46.7676124743306,5,kilometer,477.0,"R$ 5.388,83",26.0,25.0,32.0,21.0,,morumbi
458268,2022,-23.5986334680643,-46.727789228647104,5,kilometer,341.0,"R$ 5.386,65",10.0,18.0,8.0,13.0,,morumbi
432531,2022,-23.6413846942602,-46.7588615454066,5,kilometer,487.0,"R$ 5.385,99",31.0,36.0,40.0,30.0,,morumbi
432846,2022,-23.6173997418258,-46.75558751922431,5,kilometer,401.0,"R$ 5.382,49",39.0,25.0,18.0,21.0,,morumbi
432946,2022,-23.6163840812189,-46.7527295342857,5,kilometer,712.0,"R$ 5.379,45",29.0,37.0,34.0,28.0,,morumbi
441313,2022,-23.6127798547655,-46.6933974001074,5,kilometer,318.0,"R$ 5.379,17",12.0,15.0,24.0,19.0,,morumbi
458116,2022,-23.6099888674101,-46.7471619304143,5,kilometer,353.0,"R$ 5.377,55",10.0,11.0,14.0,15.0,,morumbi
450212,2022,-23.5871125899592,-46.76554131994551,5,kilometer,249.0,"R$ 5.372,16",20.0,11.0,10.0,20.0,,morumbi
430878,2022,-23.5760973775172,-46.7293408025154,5,kilometer,245.0,"R$ 5.363,53",7.0,8.0,13.0,7.0,,morumbi
458142,2022,-23.6143747847191,-46.74952590013,5,kilometer,245.0,"R$ 5.352,48",6.0,11.0,8.0,10.0,,morumbi
432513,2022,-23.6230100143563,-46.7584217971382,5,kilometer,588.0,"R$ 5.351,77",25.0,28.0,35.0,38.0,,morumbi
458231,2022,-23.593391622412,-46.7568822778422,5,kilometer,364.0,"R$ 5.337,96",18.0,21.0,15.0,25.0,,morumbi
450839,2022,-23.5731816993966,-46.741825371259296,5,kilometer,312.0,"R$ 5.330,04",9.0,10.0,13.0,15.0,,morumbi
432899,2022,-23.6191446988981,-46.7562962942936,5,kilometer,435.0,"R$ 5.327,35",26.0,22.0,18.0,24.0,,morumbi
430813,2022,-23.5773873380936,-46.7326678538107,5,kilometer,905.0,"R$ 5.317,39",33.0,48.0,46.0,51.0,,morumbi
455365,2022,-23.6177616464968,-46.732470867507296,5,kilometer,157.0,"R$ 5.310,76",3.0,10.0,8.0,3.0,,morumbi
430904,2022,-23.5862660143345,-46.73285530948991,5,kilometer,398.0,"R$ 5.296,26",12.0,19.0,15.0,21.0,,morumbi
452364,2022,-23.6473790352401,-46.7130983056743,5,kilometer,345.0,"R$ 5.285,35",15.0,14.0,10.0,17.0,,morumbi
458187,2022,-23.5990513973367,-46.7524245184439,5,kilometer,348.0,"R$ 5.274,85",18.0,19.0,15.0,11.0,,morumbi
445675,2022,-23.6472298376698,-46.748801905548895,5,kilometer,400.0,"R$ 5.274,31",29.0,20.0,10.0,14.0,,morumbi
432532,2022,-23.6421666440922,-46.759277592976,5,kilometer,391.0,"R$ 5.269,01",28.0,23.0,37.0,19.0,,morumbi
432626,2022,-23.647779706657,-46.7587253558343,5,kilometer,507.0,"R$ 5.264,85",17.0,30.0,26.0,38.0,,morumbi
432831,2022,-23.617065791667,-46.754271186431,5,kilometer,700.0,"R$ 5.256,50",56.0,49.0,26.0,35.0,,morumbi
432881,2022,-23.6217453175206,-46.7514011845434,5,kilometer,436.0,"R$ 5.238,75",20.0,21.0,26.0,26.0,,morumbi
430901,2022,-23.5766866120665,-46.7236863505605,5,kilometer,246.0,"R$ 5.233,45",8.0,10.0,12.0,10.0,,morumbi
463803,2022,-23.6118280530539,-46.7675140699072,5,kilometer,435.0,"R$ 5.225,56",40.0,39.0,21.0,27.0,,morumbi
463743,2022,-23.6012520476009,-46.7625951745079,5,kilometer,395.0,"R$ 5.223,50",17.0,17.0,22.0,34.0,,morumbi
463635,2022,-23.6207607709261,-46.7657393274216,5,kilometer,514.0,"R$ 5.220,57",30.0,44.0,42.0,34.0,,morumbi
458183,2022,-23.605457637078,-46.749421081756,5,kilometer,312.0,"R$ 5.216,08",8.0,17.0,15.0,17.0,,morumbi
463899,2022,-23.6174768334514,-46.7731244301105,5,kilometer,381.0,"R$ 5.206,34",21.0,26.0,24.0,23.0,,morumbi
463809,2022,-23.6106738067452,-46.767584603935,5,kilometer,521.0,"R$ 5.204,46",38.0,46.0,45.0,27.0,,morumbi
463462,2022,-23.60973049931,-46.7682434284343,5,kilometer,491.0,"R$ 5.202,87",30.0,32.0,25.0,26.0,,morumbi
450275,2022,-23.5867543779132,-46.7638476310064,5,kilometer,573.0,"R$ 5.201,84",15.0,25.0,40.0,37.0,,morumbi
458143,2022,-23.6114596873117,-46.7487735879018,5,kilometer,63.0,"R$ 5.200,55",7.0,,5.0,7.0,,morumbi
458306,2022,-23.5910894824375,-46.7431848861032,5,kilometer,628.0,"R$ 5.192,76",28.0,40.0,34.0,44.0,,morumbi
458135,2022,-23.5956297619339,-46.726299331704304,5,kilometer,573.0,"R$ 5.179,67",16.0,27.0,30.0,29.0,,morumbi
458164,2022,-23.6034622069437,-46.7374300686684,5,kilometer,351.0,"R$ 5.171,95",21.0,16.0,13.0,22.0,,morumbi
430835,2022,-23.5753336016901,-46.7246947715486,5,kilometer,197.0,"R$ 5.171,24",12.0,6.0,4.0,8.0,,morumbi
458199,2022,-23.5932663887449,-46.730424274684495,5,kilometer,250.0,"R$ 5.165,97",6.0,5.0,11.0,12.0,,morumbi
463461,2022,-23.6090007612506,-46.7686365747576,5,kilometer,498.0,"R$ 5.165,52",27.0,37.0,35.0,31.0,,morumbi
458205,2022,-23.6038968881081,-46.730634518331,5,kilometer,378.0,"R$ 5.160,95",11.0,11.0,11.0,20.0,,morumbi
432916,2022,-23.6163189058685,-46.755461845221,5,kilometer,367.0,"R$ 5.160,62",22.0,28.0,13.0,20.0,,morumbi
452173,2022,-23.6458948815604,-46.718962099549,5,kilometer,511.0,"R$ 5.150,77",9.0,15.0,20.0,24.0,,morumbi
452174,2022,-23.6264125925793,-46.708715173287,5,kilometer,362.0,"R$ 5.149,90",23.0,7.0,16.0,17.0,,morumbi
430873,2022,-23.585518404312,-46.752578079739294,5,kilometer,1154.0,"R$ 5.130,68",64.0,71.0,57.0,48.0,,morumbi
463721,2022,-23.6077422786149,-46.7746683854202,5,kilometer,453.0,"R$ 5.120,95",19.0,27.0,25.0,32.0,,morumbi
463411,2022,-23.6111948174622,-46.7632932002274,5,kilometer,571.0,"R$ 5.112,81",20.0,29.0,31.0,33.0,,morumbi
463898,2022,-23.617831613011,-46.7729416963058,5,kilometer,390.0,"R$ 5.109,79",22.0,24.0,28.0,18.0,,morumbi
450786,2022,-23.5820512702696,-46.7603579663292,5,kilometer,480.0,"R$ 5.103,60",19.0,14.0,21.0,28.0,,morumbi
458093,2022,-23.6016217443643,-46.7484169865844,5,kilometer,147.0,"R$ 5.098,07",4.0,,7.0,5.0,,morumbi
432694,2022,-23.6298572774406,-46.7492797127805,5,kilometer,521.0,"R$ 5.095,36",27.0,28.0,26.0,31.0,,morumbi
445682,2022,-23.650481236803,-46.74708944308951,5,kilometer,309.0,"R$ 5.092,96",25.0,14.0,7.0,16.0,,morumbi
463446,2022,-23.6204201538947,-46.766174964290094,5,kilometer,483.0,"R$ 5.084,79",16.0,23.0,39.0,43.0,,morumbi
458098,2022,-23.5952779276536,-46.7334828126542,5,kilometer,428.0,"R$ 5.078,55",17.0,13.0,12.0,16.0,,morumbi
445463,2022,-23.6462492551565,-46.7456450900938,5,kilometer,937.0,"R$ 5.067,65",34.0,46.0,55.0,54.0,,morumbi
463606,2022,-23.6056295167207,-46.77014007817991,5,kilometer,533.0,"R$ 5.061,33",20.0,20.0,28.0,34.0,,morumbi
463805,2022,-23.6128096537802,-46.7672839229628,5,kilometer,475.0,"R$ 5.058,94",35.0,35.0,25.0,18.0,,morumbi
458083,2022,-23.5949839995446,-46.741782790019,5,kilometer,788.0,"R$ 5.053,45",22.0,14.0,14.0,19.0,,morumbi
458200,2022,-23.5960311014865,-46.7322279498949,5,kilometer,257.0,"R$ 5.053,34",6.0,9.0,11.0,9.0,,morumbi
430852,2022,-23.5852871944272,-46.7351937267479,5,kilometer,393.0,"R$ 5.042,49",20.0,17.0,18.0,25.0,,morumbi
463653,2022,-23.6011571693445,-46.7674988680597,5,kilometer,306.0,"R$ 5.028,85",14.0,16.0,13.0,18.0,,morumbi
452331,2022,-23.6433842190841,-46.7229952879004,5,kilometer,316.0,"R$ 4.994,38",12.0,13.0,13.0,16.0,,morumbi
430917,2022,-23.5860674478992,-46.736291155622496,5,kilometer,404.0,"R$ 4.976,59",9.0,20.0,23.0,22.0,,morumbi
432572,2022,-23.6307489573315,-46.76004878988631,5,kilometer,509.0,"R$ 4.968,15",29.0,28.0,34.0,25.0,,morumbi
463906,2022,-23.6212730122266,-46.76654120849209,5,kilometer,299.0,"R$ 4.962,87",22.0,35.0,22.0,18.0,,morumbi
452184,2022,-23.6413139931097,-46.7134370078275,5,kilometer,463.0,"R$ 4.962,33",26.0,22.0,28.0,24.0,,morumbi
463804,2022,-23.6123233213736,-46.76707459342111,5,kilometer,472.0,"R$ 4.961,56",32.0,21.0,29.0,22.0,,morumbi
430884,2022,-23.5763773281348,-46.727441995663,5,kilometer,273.0,"R$ 4.949,32",9.0,13.0,6.0,10.0,,morumbi
452149,2022,-23.6386466989101,-46.7119277926108,5,kilometer,590.0,"R$ 4.942,92",16.0,19.0,25.0,16.0,,morumbi
452375,2022,-23.6387335770825,-46.714139743191,5,kilometer,333.0,"R$ 4.941,22",16.0,13.0,12.0,14.0,,morumbi
463464,2022,-23.6107244480169,-46.7645643934073,5,kilometer,432.0,"R$ 4.937,81",24.0,36.0,39.0,33.0,,morumbi
463381,2022,-23.617947213956,-46.771119164149695,5,kilometer,707.0,"R$ 4.936,53",30.0,49.0,36.0,36.0,,morumbi
458314,2022,-23.5899826944126,-46.739873353522,5,kilometer,191.0,"R$ 4.925,31",3.0,6.0,5.0,15.0,,morumbi
450700,2022,-23.5818085343626,-46.7507040904354,5,kilometer,422.0,"R$ 4.915,28",8.0,25.0,22.0,21.0,,morumbi
432841,2022,-23.6190271675009,-46.760000729718094,5,kilometer,291.0,"R$ 4.909,26",14.0,14.0,13.0,15.0,,morumbi
458067,2022,-23.597478509246,-46.7391509266036,5,kilometer,231.0,"R$ 4.904,47",11.0,7.0,11.0,20.0,,morumbi
432590,2022,-23.6197186262873,-46.752920173514,5,kilometer,314.0,"R$ 4.904,14",12.0,11.0,18.0,6.0,,morumbi
450353,2022,-23.5995110459093,-46.7793976364932,5,kilometer,583.0,"R$ 4.903,51",32.0,35.0,43.0,55.0,,morumbi
452165,2022,-23.6286089784369,-46.7031578631434,5,kilometer,447.0,"R$ 4.900,89",11.0,19.0,13.0,13.0,,morumbi
458339,2022,-23.611190194243,-46.7510289273856,5,kilometer,367.0,"R$ 4.900,88",30.0,15.0,21.0,13.0,,morumbi
432456,2022,-23.6324882943906,-46.77029516862471,5,kilometer,646.0,"R$ 4.897,99",28.0,33.0,45.0,36.0,,morumbi
432798,2022,-23.6315028672246,-46.76112547015649,5,kilometer,704.0,"R$ 4.891,68",69.0,52.0,40.0,22.0,,morumbi
452146,2022,-23.6462506108505,-46.71368895579391,5,kilometer,348.0,"R$ 4.872,04",13.0,19.0,14.0,18.0,,morumbi
463915,2022,-23.6129088054501,-46.7744752564142,5,kilometer,228.0,"R$ 4.870,36",8.0,16.0,10.0,12.0,,morumbi
463808,2022,-23.6096991859819,-46.767506744016494,5,kilometer,501.0,"R$ 4.868,73",20.0,33.0,35.0,34.0,,morumbi
432844,2022,-23.6179293202913,-46.7547599560426,5,kilometer,439.0,"R$ 4.836,78",16.0,19.0,21.0,21.0,,morumbi
445466,2022,-23.6499281986542,-46.7366723676436,5,kilometer,481.0,"R$ 4.833,29",23.0,32.0,31.0,30.0,,morumbi
458133,2022,-23.5914373740719,-46.7276368941021,5,kilometer,257.0,"R$ 4.830,03",,11.0,15.0,13.0,,morumbi
463896,2022,-23.6185240765185,-46.7730003596714,5,kilometer,381.0,"R$ 4.827,44",23.0,13.0,26.0,24.0,,morumbi
455543,2022,-23.6216136006054,-46.747142776499,5,kilometer,473.0,"R$ 4.823,61",37.0,24.0,31.0,23.0,,morumbi
432827,2022,-23.618184003465,-46.7606510995901,5,kilometer,280.0,"R$ 4.819,07",18.0,6.0,17.0,20.0,,morumbi
452350,2022,-23.6327927658313,-46.696447283957696,5,kilometer,159.0,"R$ 4.818,07",,6.0,3.0,8.0,,morumbi
447233,2022,-23.6111373079889,-46.7242528861729,5,kilometer,228.0,"R$ 4.817,39",9.0,16.0,16.0,14.0,,morumbi
432554,2022,-23.6201417478448,-46.7523904727502,5,kilometer,346.0,"R$ 4.816,11",8.0,24.0,18.0,20.0,,morumbi
450660,2022,-23.5802039572993,-46.7552233579438,5,kilometer,574.0,"R$ 4.810,83",15.0,34.0,33.0,41.0,,morumbi
430812,2022,-23.5763710273491,-46.730022816023,5,kilometer,338.0,"R$ 4.807,65",12.0,16.0,10.0,6.0,,morumbi
458323,2022,-23.5886427495819,-46.7493688698638,5,kilometer,398.0,"R$ 4.806,43",23.0,20.0,19.0,26.0,,morumbi
463422,2022,-23.6062889430635,-46.753270444627,5,kilometer,295.0,"R$ 4.798,08",13.0,16.0,12.0,19.0,,morumbi
445470,2022,-23.6448778611815,-46.740245840286896,5,kilometer,638.0,"R$ 4.791,38",19.0,27.0,30.0,38.0,,morumbi
450781,2022,-23.5808966603789,-46.7595638417482,5,kilometer,410.0,"R$ 4.776,33",20.0,27.0,16.0,22.0,,morumbi
432895,2022,-23.6176806587369,-46.7590311543047,5,kilometer,242.0,"R$ 4.762,86",16.0,9.0,4.0,16.0,,morumbi
445413,2022,-23.6559053601162,-46.7427285712037,5,kilometer,634.0,"R$ 4.758,47",29.0,33.0,48.0,56.0,,morumbi
463802,2022,-23.6124943089556,-46.767815118703,5,kilometer,480.0,"R$ 4.735,84",35.0,23.0,30.0,25.0,,morumbi
458077,2022,-23.6038229452214,-46.7406420376894,5,kilometer,396.0,"R$ 4.735,05",19.0,15.0,18.0,20.0,,morumbi
430883,2022,-23.5758727372559,-46.727549323483,5,kilometer,251.0,"R$ 4.728,38",8.0,11.0,10.0,14.0,,morumbi
450213,2022,-23.5867768349309,-46.7654535391298,5,kilometer,188.0,"R$ 4.723,33",9.0,9.0,7.0,7.0,,morumbi
450813,2022,-23.5838858804008,-46.763021212801,5,kilometer,351.0,"R$ 4.720,90",12.0,16.0,9.0,10.0,,morumbi
452308,2022,-23.6325960459759,-46.7145706840997,5,kilometer,157.0,"R$ 4.718,27",6.0,9.0,5.0,6.0,,morumbi
455649,2022,-23.6328958121603,-46.7409524142082,5,kilometer,371.0,"R$ 4.714,10",24.0,24.0,14.0,16.0,,morumbi
432787,2022,-23.6399765984203,-46.770609186228896,5,kilometer,613.0,"R$ 4.704,70",49.0,33.0,31.0,21.0,,morumbi
432556,2022,-23.6205348729728,-46.7525701394239,5,kilometer,311.0,"R$ 4.702,47",14.0,13.0,14.0,18.0,,morumbi
432738,2022,-23.6233078272966,-46.7607956328597,5,kilometer,645.0,"R$ 4.699,76",17.0,20.0,44.0,45.0,,morumbi
458316,2022,-23.6061652780263,-46.72735934972911,5,kilometer,234.0,"R$ 4.696,20",9.0,22.0,21.0,12.0,,morumbi
455535,2022,-23.6355489099909,-46.7398068542916,5,kilometer,470.0,"R$ 4.692,92",38.0,39.0,26.0,29.0,,morumbi
450699,2022,-23.5784562285739,-46.7461000159869,5,kilometer,247.0,"R$ 4.684,42",9.0,10.0,9.0,11.0,,morumbi
458328,2022,-23.6116892094057,-46.7427657882398,5,kilometer,139.0,"R$ 4.683,95",5.0,,4.0,6.0,,morumbi
452160,2022,-23.6537261345606,-46.7125669734271,5,kilometer,443.0,"R$ 4.683,18",19.0,15.0,21.0,19.0,,morumbi
458338,2022,-23.6096781751608,-46.7513356186742,5,kilometer,46.0,"R$ 4.681,11",,,0.0,3.0,,morumbi
430885,2022,-23.577531581283,-46.7266695861894,5,kilometer,425.0,"R$ 4.676,21",21.0,22.0,16.0,21.0,,morumbi
458294,2022,-23.5961415847299,-46.74392337248391,5,kilometer,246.0,"R$ 4.674,18",9.0,8.0,10.0,6.0,,morumbi
458289,2022,-23.5938749840044,-46.7593229977168,5,kilometer,47.0,"R$ 4.673,89",0.0,,,,,morumbi
445471,2022,-23.6482214961695,-46.735832300632495,5,kilometer,379.0,"R$ 4.670,25",14.0,19.0,20.0,21.0,,morumbi
430820,2022,-23.575113494135,-46.727687291391,5,kilometer,274.0,"R$ 4.669,42",4.0,17.0,14.0,7.0,,morumbi
452242,2022,-23.6490772428669,-46.7084939522077,5,kilometer,167.0,"R$ 4.659,44",9.0,6.0,9.0,10.0,,morumbi
458096,2022,-23.5882964547478,-46.7372968699248,5,kilometer,250.0,"R$ 4.658,06",9.0,11.0,9.0,12.0,,morumbi
445625,2022,-23.6466834649904,-46.7384862984468,5,kilometer,451.0,"R$ 4.651,65",21.0,20.0,27.0,27.0,,morumbi
432617,2022,-23.632838013146,-46.75628406489911,5,kilometer,331.0,"R$ 4.645,24",13.0,17.0,11.0,29.0,,morumbi
463948,2022,-23.6016417460232,-46.7691420864258,5,kilometer,597.0,"R$ 4.638,32",34.0,45.0,27.0,13.0,,morumbi
431364,2022,-23.5844609818103,-46.7480162625734,5,kilometer,357.0,"R$ 4.631,68",19.0,25.0,18.0,17.0,,morumbi
458229,2022,-23.5964274802839,-46.75703209982991,5,kilometer,569.0,"R$ 4.631,11",24.0,42.0,36.0,34.0,,morumbi
432889,2022,-23.6165146516514,-46.7567783799093,5,kilometer,371.0,"R$ 4.619,10",23.0,25.0,17.0,15.0,,morumbi
458117,2022,-23.609185388616,-46.7506234487281,5,kilometer,169.0,"R$ 4.615,71",4.0,5.0,9.0,10.0,,morumbi
431374,2022,-23.5844641327524,-46.7421762916506,5,kilometer,166.0,"R$ 4.611,67",7.0,9.0,5.0,8.0,,morumbi
450125,2022,-23.5941146824252,-46.761872696912896,5,kilometer,453.0,"R$ 4.611,02",21.0,25.0,26.0,24.0,,morumbi
447229,2022,-23.6087552074472,-46.7248797135484,5,kilometer,441.0,"R$ 4.610,61",18.0,19.0,30.0,21.0,,morumbi
455324,2022,-23.6159512274165,-46.7443202676868,5,kilometer,355.0,"R$ 4.601,23",10.0,17.0,18.0,18.0,,morumbi
463608,2022,-23.6030411444419,-46.7683292350651,5,kilometer,374.0,"R$ 4.595,08",18.0,24.0,20.0,16.0,,morumbi
450774,2022,-23.5773067290112,-46.7442923811723,5,kilometer,305.0,"R$ 4.587,07",8.0,18.0,12.0,17.0,,morumbi
458079,2022,-23.6038049156721,-46.742066109760096,5,kilometer,345.0,"R$ 4.576,77",7.0,13.0,21.0,20.0,,morumbi
432692,2022,-23.6188434239619,-46.7616561888928,5,kilometer,634.0,"R$ 4.576,59",33.0,48.0,47.0,25.0,,morumbi
458264,2022,-23.595175548216,-46.7298974192346,5,kilometer,157.0,"R$ 4.574,51",6.0,7.0,5.0,12.0,,morumbi
450182,2022,-23.5934986050343,-46.7678058223148,5,kilometer,685.0,"R$ 4.567,28",44.0,49.0,45.0,41.0,,morumbi
452277,2022,-23.6372598263123,-46.7141528523502,5,kilometer,378.0,"R$ 4.565,12",18.0,9.0,5.0,16.0,,morumbi
445469,2022,-23.6427968261686,-46.746061737115696,5,kilometer,715.0,"R$ 4.545,64",32.0,41.0,39.0,36.0,,morumbi
450855,2022,-23.5733227992576,-46.7394430736455,5,kilometer,473.0,"R$ 4.541,89",15.0,17.0,18.0,33.0,,morumbi
463880,2022,-23.6074211830291,-46.7760916557868,5,kilometer,583.0,"R$ 4.541,32",14.0,25.0,28.0,41.0,,morumbi
463897,2022,-23.6181239271999,-46.7731650727508,5,kilometer,425.0,"R$ 4.534,67",19.0,19.0,31.0,29.0,,morumbi
463632,2022,-23.6141487529875,-46.75960714617511,5,kilometer,65.0,"R$ 4.503,88",3.0,3.0,3.0,4.0,,morumbi
455620,2022,-23.621957109853,-46.7233473530884,5,kilometer,1292.0,"R$ 4.500,65",82.0,71.0,45.0,54.0,,morumbi
458168,2022,-23.6002197355408,-46.74984335214,5,kilometer,312.0,"R$ 4.496,22",12.0,21.0,19.0,22.0,,morumbi
430825,2022,-23.5751586768364,-46.7382777106321,5,kilometer,324.0,"R$ 4.491,90",7.0,13.0,8.0,14.0,,morumbi
458136,2022,-23.5959247446831,-46.7286810397148,5,kilometer,180.0,"R$ 4.491,66",8.0,7.0,9.0,11.0,,morumbi
432882,2022,-23.6210294393658,-46.7518500497626,5,kilometer,420.0,"R$ 4.489,11",16.0,18.0,19.0,25.0,,morumbi
432780,2022,-23.6232826971566,-46.7491375329668,5,kilometer,690.0,"R$ 4.484,53",66.0,41.0,42.0,30.0,,morumbi
430918,2022,-23.5839572978772,-46.7397357461225,5,kilometer,548.0,"R$ 4.474,15",19.0,19.0,26.0,28.0,,morumbi
432954,2022,-23.629069258756,-46.7504724317692,5,kilometer,396.0,"R$ 4.459,44",35.0,20.0,13.0,14.0,,morumbi
432838,2022,-23.6298466622793,-46.7607440319037,5,kilometer,624.0,"R$ 4.457,22",54.0,47.0,36.0,35.0,,morumbi
445681,2022,-23.650992048499,-46.7476915563356,5,kilometer,471.0,"R$ 4.456,30",42.0,27.0,27.0,27.0,,morumbi
463811,2022,-23.6107938996816,-46.7667796587435,5,kilometer,486.0,"R$ 4.455,18",31.0,43.0,35.0,20.0,,morumbi
463833,2022,-23.6024799366072,-46.7626333874465,5,kilometer,303.0,"R$ 4.449,52",11.0,14.0,9.0,17.0,,morumbi
445673,2022,-23.6472037086636,-46.750182289376895,5,kilometer,694.0,"R$ 4.448,80",26.0,34.0,42.0,42.0,,morumbi
458174,2022,-23.5957604480278,-46.734979886763,5,kilometer,322.0,"R$ 4.437,17",10.0,10.0,15.0,17.0,,morumbi
455661,2022,-23.6247202316908,-46.7450660450996,5,kilometer,578.0,"R$ 4.432,37",44.0,22.0,21.0,28.0,,morumbi
432781,2022,-23.6423894207505,-46.7692000399598,5,kilometer,579.0,"R$ 4.426,72",18.0,31.0,33.0,51.0,,morumbi
463879,2022,-23.6069714286621,-46.7775518375426,5,kilometer,279.0,"R$ 4.405,65",7.0,14.0,17.0,13.0,,morumbi
463907,2022,-23.6212938822603,-46.7663173608338,5,kilometer,299.0,"R$ 4.400,77",20.0,16.0,23.0,16.0,,morumbi
463670,2022,-23.606510623414,-46.7553287630051,5,kilometer,106.0,"R$ 4.378,79",3.0,5.0,0.0,3.0,,morumbi
458222,2022,-23.61422761207,-46.7427023899316,5,kilometer,510.0,"R$ 4.377,02",15.0,13.0,19.0,24.0,,morumbi
458198,2022,-23.5942380660125,-46.7323190980803,5,kilometer,248.0,"R$ 4.372,22",3.0,10.0,7.0,15.0,,morumbi
452193,2022,-23.6439057686404,-46.713564903179694,5,kilometer,640.0,"R$ 4.361,49",23.0,28.0,24.0,33.0,,morumbi
455650,2022,-23.6334175427183,-46.7407870727633,5,kilometer,565.0,"R$ 4.352,31",35.0,33.0,31.0,20.0,,morumbi
463463,2022,-23.6090622229652,-46.767828458471904,5,kilometer,500.0,"R$ 4.341,02",21.0,33.0,44.0,33.0,,morumbi
463654,2022,-23.600934882713,-46.7668879195968,5,kilometer,452.0,"R$ 4.338,75",21.0,25.0,29.0,27.0,,morumbi
432789,2022,-23.6407897372709,-46.7691462159198,5,kilometer,605.0,"R$ 4.336,06",45.0,47.0,36.0,25.0,,morumbi
450083,2022,-23.5926833614444,-46.7714047167835,5,kilometer,445.0,"R$ 4.331,99",12.0,15.0,24.0,22.0,,morumbi
458119,2022,-23.5950240651496,-46.756515220387,5,kilometer,314.0,"R$ 4.318,98",17.0,11.0,15.0,19.0,,morumbi
463905,2022,-23.6214360249002,-46.7668915964755,5,kilometer,327.0,"R$ 4.316,37",25.0,28.0,18.0,23.0,,morumbi
463456,2022,-23.6198798887574,-46.76620212490951,5,kilometer,489.0,"R$ 4.315,26",25.0,27.0,36.0,33.0,,morumbi
430833,2022,-23.5746948364965,-46.7221907193544,5,kilometer,138.0,"R$ 4.298,98",3.0,4.0,,4.0,,morumbi
432743,2022,-23.6415056424871,-46.7550127532069,5,kilometer,686.0,"R$ 4.283,00",36.0,44.0,38.0,37.0,,morumbi
445618,2022,-23.6441090278891,-46.7423937064872,5,kilometer,304.0,"R$ 4.273,98",13.0,7.0,12.0,15.0,,morumbi
432463,2022,-23.6315560742221,-46.7605924987922,5,kilometer,570.0,"R$ 4.258,63",37.0,36.0,36.0,47.0,,morumbi
452306,2022,-23.6435925675772,-46.7169080863634,5,kilometer,267.0,"R$ 4.254,91",11.0,11.0,12.0,13.0,,morumbi
432583,2022,-23.6377259457012,-46.751641393833104,5,kilometer,410.0,"R$ 4.252,03",18.0,19.0,25.0,24.0,,morumbi
463602,2022,-23.6015769930951,-46.7729574734334,5,kilometer,448.0,"R$ 4.249,22",14.0,24.0,34.0,22.0,,morumbi
432790,2022,-23.6413038719055,-46.7687757673348,5,kilometer,361.0,"R$ 4.246,06",15.0,26.0,25.0,14.0,,morumbi
430877,2022,-23.5739751012163,-46.728887335786496,5,kilometer,237.0,"R$ 4.244,47",5.0,8.0,4.0,16.0,,morumbi
458333,2022,-23.5936143371122,-46.74641676388529,5,kilometer,379.0,"R$ 4.242,86",15.0,19.0,21.0,19.0,,morumbi
463613,2022,-23.6024976261911,-46.7670361498832,5,kilometer,427.0,"R$ 4.232,48",20.0,24.0,33.0,32.0,,morumbi
433421,2022,-23.6413960848905,-46.76271668834951,5,kilometer,532.0,"R$ 4.220,10",30.0,39.0,58.0,45.0,,morumbi
432953,2022,-23.6293303271139,-46.7507024848984,5,kilometer,422.0,"R$ 4.215,03",32.0,25.0,22.0,16.0,,morumbi
431390,2022,-23.5815162747911,-46.74865863299591,5,kilometer,263.0,"R$ 4.209,99",15.0,9.0,10.0,7.0,,morumbi
463607,2022,-23.6055148124832,-46.7669877463936,5,kilometer,177.0,"R$ 4.202,95",0.0,12.0,4.0,14.0,,morumbi
432890,2022,-23.6168046375371,-46.7563602001688,5,kilometer,382.0,"R$ 4.187,26",14.0,33.0,19.0,19.0,,morumbi
458072,2022,-23.6014114144163,-46.7383425610985,5,kilometer,259.0,"R$ 4.181,39",10.0,5.0,9.0,14.0,,morumbi
432845,2022,-23.6186861367703,-46.7543244657474,5,kilometer,541.0,"R$ 4.173,65",12.0,24.0,29.0,28.0,,morumbi
463665,2022,-23.605047825999,-46.7620037660456,5,kilometer,255.0,"R$ 4.161,96",14.0,9.0,13.0,10.0,,morumbi
431376,2022,-23.5836768455672,-46.7431573237435,5,kilometer,645.0,"R$ 4.153,03",22.0,30.0,32.0,40.0,,morumbi
458286,2022,-23.6015390300148,-46.7509907865622,5,kilometer,232.0,"R$ 4.150,02",7.0,12.0,12.0,14.0,,morumbi
452245,2022,-23.6481467735633,-46.7104850499784,5,kilometer,826.0,"R$ 4.137,98",31.0,30.0,30.0,42.0,,morumbi
463564,2022,-23.6160444632839,-46.7665632731086,5,kilometer,493.0,"R$ 4.132,44",22.0,30.0,27.0,27.0,,morumbi
432840,2022,-23.6186041652808,-46.759501187046,5,kilometer,275.0,"R$ 4.122,23",11.0,18.0,9.0,16.0,,morumbi
458332,2022,-23.5923031825468,-46.7444852514394,5,kilometer,643.0,"R$ 4.115,28",28.0,32.0,28.0,39.0,,morumbi
463957,2022,-23.6081492265109,-46.7567044810947,5,kilometer,507.0,"R$ 4.103,85",19.0,13.0,10.0,19.0,,morumbi
450635,2022,-23.5778946461398,-46.7548343025908,5,kilometer,850.0,"R$ 4.096,63",28.0,41.0,40.0,54.0,,morumbi
445412,2022,-23.6549467615221,-46.7483998565018,5,kilometer,436.0,"R$ 4.095,11",21.0,25.0,31.0,32.0,,morumbi
432571,2022,-23.6326875505398,-46.7746649228913,5,kilometer,777.0,"R$ 4.075,92",43.0,49.0,31.0,47.0,,morumbi
458275,2022,-23.6106522600227,-46.7493724172858,5,kilometer,483.0,"R$ 4.064,31",12.0,12.0,19.0,22.0,,morumbi
432888,2022,-23.6251792799272,-46.7578182840632,5,kilometer,385.0,"R$ 4.060,81",16.0,16.0,19.0,30.0,,morumbi
432449,2022,-23.629184717233,-46.766855933105,5,kilometer,240.0,"R$ 4.056,43",8.0,8.0,6.0,13.0,,morumbi
463814,2022,-23.6090713488256,-46.764642171517,5,kilometer,9.0,"R$ 4.056,25",0.0,0.0,0.0,0.0,,morumbi
445454,2022,-23.6491893004303,-46.7452182400334,5,kilometer,716.0,"R$ 4.052,53",29.0,45.0,42.0,40.0,,morumbi
458190,2022,-23.5965374276777,-46.7549241151358,5,kilometer,415.0,"R$ 4.042,24",13.0,18.0,22.0,18.0,,morumbi
432947,2022,-23.6205529676124,-46.7592019066064,5,kilometer,526.0,"R$ 4.037,74",16.0,21.0,19.0,26.0,,morumbi
463950,2022,-23.6178799787047,-46.773785465413,5,kilometer,250.0,"R$ 4.036,93",9.0,15.0,17.0,21.0,,morumbi
463668,2022,-23.6047260199602,-46.75152228619631,5,kilometer,396.0,"R$ 4.033,72",17.0,24.0,21.0,26.0,,morumbi
463742,2022,-23.599838440668,-46.7611268296546,5,kilometer,667.0,"R$ 4.029,10",40.0,34.0,41.0,44.0,,morumbi
445623,2022,-23.6419946582182,-46.74273352087791,5,kilometer,160.0,"R$ 4.026,53",5.0,6.0,3.0,5.0,,morumbi
458155,2022,-23.6003666710191,-46.739902618515295,5,kilometer,159.0,"R$ 4.022,95",,6.0,7.0,6.0,,morumbi
458120,2022,-23.5955516505222,-46.759559721227,5,kilometer,453.0,"R$ 4.017,49",17.0,26.0,25.0,20.0,,morumbi
463703,2022,-23.6036813440494,-46.7561874678588,5,kilometer,457.0,"R$ 4.014,32",26.0,26.0,25.0,34.0,,morumbi
458160,2022,-23.6007438371393,-46.739180244027104,5,kilometer,406.0,"R$ 4.013,83",20.0,13.0,20.0,15.0,,morumbi
452162,2022,-23.6416875880885,-46.7157264812,5,kilometer,409.0,"R$ 4.011,60",13.0,11.0,14.0,21.0,,morumbi
432948,2022,-23.6192533284997,-46.7591281065964,5,kilometer,376.0,"R$ 4.005,67",24.0,20.0,23.0,18.0,,morumbi
450082,2022,-23.5910178568149,-46.7704183237544,5,kilometer,481.0,"R$ 4.005,24",20.0,25.0,21.0,27.0,,morumbi
445465,2022,-23.6467448883763,-46.7372061127363,5,kilometer,374.0,"R$ 3.999,08",8.0,14.0,23.0,16.0,,morumbi
463722,2022,-23.6077816079415,-46.77219162646271,5,kilometer,299.0,"R$ 3.994,11",11.0,9.0,16.0,25.0,,morumbi
458154,2022,-23.6001135836793,-46.7403844085358,5,kilometer,165.0,"R$ 3.989,85",3.0,3.0,3.0,5.0,,morumbi
430900,2022,-23.5755709959322,-46.7199377639882,5,kilometer,215.0,"R$ 3.987,56",5.0,3.0,3.0,9.0,,morumbi
463633,2022,-23.6115191574484,-46.7591290145026,5,kilometer,268.0,"R$ 3.985,70",7.0,14.0,15.0,16.0,,morumbi
447231,2022,-23.6102659848013,-46.725320468415696,5,kilometer,392.0,"R$ 3.984,64",15.0,17.0,24.0,24.0,,morumbi
452304,2022,-23.6410139546187,-46.721187004712,5,kilometer,167.0,"R$ 3.973,29",4.0,6.0,8.0,10.0,,morumbi
432926,2022,-23.6303829276933,-46.747933077767,5,kilometer,607.0,"R$ 3.971,20",40.0,47.0,29.0,32.0,,morumbi
463671,2022,-23.6078609152172,-46.7549808225236,5,kilometer,303.0,"R$ 3.969,97",10.0,6.0,13.0,12.0,,morumbi
458194,2022,-23.5965986982644,-46.7502759314378,5,kilometer,256.0,"R$ 3.961,05",12.0,15.0,24.0,8.0,,morumbi
463699,2022,-23.6005787676963,-46.7595510840907,5,kilometer,476.0,"R$ 3.960,35",24.0,30.0,23.0,26.0,,morumbi
452328,2022,-23.6276429441154,-46.705736500059295,5,kilometer,104.0,"R$ 3.959,66",4.0,,4.0,7.0,,morumbi
450776,2022,-23.5766502289621,-46.748056532002494,5,kilometer,501.0,"R$ 3.946,37",19.0,29.0,22.0,33.0,,morumbi
431391,2022,-23.5819488369061,-46.7468061533382,5,kilometer,345.0,"R$ 3.933,50",13.0,16.0,14.0,22.0,,morumbi
458071,2022,-23.6005868347227,-46.7364222193036,5,kilometer,526.0,"R$ 3.932,29",29.0,31.0,34.0,33.0,,morumbi
450681,2022,-23.5833995925638,-46.754915641629,5,kilometer,472.0,"R$ 3.930,44",20.0,25.0,23.0,34.0,,morumbi
432897,2022,-23.6200424305976,-46.757431742730304,5,kilometer,165.0,"R$ 3.930,00",3.0,4.0,,6.0,,morumbi
463949,2022,-23.6184475491179,-46.773761945815295,5,kilometer,484.0,"R$ 3.924,79",16.0,23.0,25.0,33.0,,morumbi
432631,2022,-23.6234351855459,-46.754719421890094,5,kilometer,378.0,"R$ 3.899,94",19.0,20.0,22.0,18.0,,morumbi
445494,2022,-23.652390636286,-46.7405353978323,5,kilometer,608.0,"R$ 3.897,54",30.0,30.0,40.0,29.0,,morumbi
432903,2022,-23.6438986817912,-46.767618254863,5,kilometer,402.0,"R$ 3.897,04",10.0,16.0,29.0,25.0,,morumbi
458137,2022,-23.5977094712012,-46.72719122498391,5,kilometer,250.0,"R$ 3.893,64",5.0,13.0,6.0,15.0,,morumbi
455663,2022,-23.640094383562,-46.7393377894683,5,kilometer,1691.0,"R$ 3.883,02",111.0,95.0,97.0,74.0,,morumbi
430851,2022,-23.5883480160037,-46.7350355531977,5,kilometer,183.0,"R$ 3.879,97",9.0,,7.0,12.0,,morumbi
432884,2022,-23.6191124031596,-46.7532475323471,5,kilometer,324.0,"R$ 3.870,58",7.0,13.0,11.0,15.0,,morumbi
458230,2022,-23.594632496715,-46.7586987465636,5,kilometer,262.0,"R$ 3.854,43",5.0,14.0,15.0,13.0,,morumbi
458102,2022,-23.6016728796059,-46.7313825904078,5,kilometer,398.0,"R$ 3.854,35",16.0,26.0,19.0,15.0,,morumbi
458088,2022,-23.6030764398915,-46.7344211784906,5,kilometer,393.0,"R$ 3.852,89",23.0,30.0,28.0,23.0,,morumbi
463615,2022,-23.6097186847153,-46.7545338313806,5,kilometer,149.0,"R$ 3.852,48",,6.0,3.0,10.0,,morumbi
463885,2022,-23.6056581943675,-46.776385357052,5,kilometer,421.0,"R$ 3.846,89",14.0,25.0,25.0,26.0,,morumbi
458070,2022,-23.5985468798495,-46.738314539366094,5,kilometer,295.0,"R$ 3.812,81",14.0,15.0,13.0,12.0,,morumbi
458189,2022,-23.6001003894647,-46.7527262027034,5,kilometer,471.0,"R$ 3.801,13",14.0,30.0,23.0,26.0,,morumbi
450745,2022,-23.5780829112512,-46.749938308647295,5,kilometer,201.0,"R$ 3.800,19",8.0,12.0,12.0,9.0,,morumbi
458163,2022,-23.6029359671273,-46.73691276389111,5,kilometer,322.0,"R$ 3.789,25",11.0,13.0,13.0,20.0,,morumbi
434085,2022,-23.651130692042,-46.753524187066894,5,kilometer,514.0,"R$ 3.777,75",32.0,22.0,18.0,21.0,,morumbi
432630,2022,-23.6210266819657,-46.755652191330704,5,kilometer,614.0,"R$ 3.774,11",24.0,29.0,34.0,32.0,,morumbi
458186,2022,-23.6033116975504,-46.7489471723437,5,kilometer,288.0,"R$ 3.771,53",10.0,8.0,10.0,11.0,,morumbi
430869,2022,-23.5798986819639,-46.74561675435729,5,kilometer,658.0,"R$ 3.767,51",34.0,27.0,23.0,38.0,,morumbi
463700,2022,-23.6011150056016,-46.7570092241786,5,kilometer,579.0,"R$ 3.766,49",27.0,39.0,36.0,37.0,,morumbi
458073,2022,-23.603589387189,-46.7380932237513,5,kilometer,334.0,"R$ 3.765,06",15.0,15.0,18.0,13.0,,morumbi
434086,2022,-23.6508215748913,-46.754205290151695,5,kilometer,229.0,"R$ 3.753,71",14.0,8.0,7.0,10.0,,morumbi
450286,2022,-23.5923080998265,-46.7693204889141,5,kilometer,576.0,"R$ 3.744,33",25.0,27.0,28.0,27.0,,morumbi
458086,2022,-23.5981239998457,-46.734608322628496,5,kilometer,383.0,"R$ 3.737,56",19.0,23.0,20.0,15.0,,morumbi
458094,2022,-23.5949374396271,-46.750824717223,5,kilometer,315.0,"R$ 3.735,50",13.0,14.0,16.0,18.0,,morumbi
432918,2022,-23.6436826170503,-46.7628210764858,5,kilometer,345.0,"R$ 3.731,34",13.0,20.0,24.0,25.0,,morumbi
463698,2022,-23.5990855799422,-46.7602474516246,5,kilometer,396.0,"R$ 3.726,44",17.0,14.0,25.0,28.0,,morumbi
445453,2022,-23.6502392521872,-46.7501893279067,5,kilometer,689.0,"R$ 3.718,79",26.0,19.0,47.0,42.0,,morumbi
458097,2022,-23.5926411969042,-46.732363426204095,5,kilometer,119.0,"R$ 3.715,74",5.0,5.0,7.0,7.0,,morumbi
432712,2022,-23.6391253172649,-46.7630288376654,5,kilometer,363.0,"R$ 3.715,54",15.0,24.0,24.0,29.0,,morumbi
450160,2022,-23.5925450227263,-46.770023447597694,5,kilometer,443.0,"R$ 3.715,09",13.0,15.0,21.0,23.0,,morumbi
452161,2022,-23.6513882055361,-46.7110384528966,5,kilometer,399.0,"R$ 3.714,15",12.0,18.0,19.0,23.0,,morumbi
430856,2022,-23.5784623294197,-46.742869640706495,5,kilometer,150.0,"R$ 3.711,00",,,5.0,8.0,,morumbi
450773,2022,-23.5753808225988,-46.74821930493631,5,kilometer,355.0,"R$ 3.705,05",23.0,14.0,18.0,21.0,,morumbi
463410,2022,-23.6114746586836,-46.762796851112704,5,kilometer,458.0,"R$ 3.699,71",19.0,11.0,20.0,31.0,,morumbi
445414,2022,-23.6552192141497,-46.7431131106455,5,kilometer,565.0,"R$ 3.699,41",35.0,27.0,36.0,40.0,,morumbi
455445,2022,-23.6212904328713,-46.7463389397957,5,kilometer,407.0,"R$ 3.688,25",23.0,27.0,22.0,27.0,,morumbi
432450,2022,-23.6113806744245,-46.7524117439723,5,kilometer,573.0,"R$ 3.682,89",20.0,24.0,29.0,42.0,,morumbi
463813,2022,-23.6111004314109,-46.764527651758,5,kilometer,142.0,"R$ 3.679,97",8.0,7.0,10.0,6.0,,morumbi
432511,2022,-23.6218662756214,-46.76084328251871,5,kilometer,846.0,"R$ 3.679,77",27.0,48.0,40.0,42.0,,morumbi
458101,2022,-23.6001755750033,-46.732453417888,5,kilometer,260.0,"R$ 3.674,56",8.0,10.0,7.0,13.0,,morumbi
452285,2022,-23.6275067289772,-46.7013313838268,5,kilometer,77.0,"R$ 3.665,69",3.0,,3.0,3.0,,morumbi
452152,2022,-23.6314771928309,-46.698985649568,5,kilometer,298.0,"R$ 3.649,84",6.0,14.0,7.0,24.0,,morumbi
458380,2022,-23.5972519922985,-46.7527771192452,5,kilometer,571.0,"R$ 3.639,77",32.0,30.0,32.0,26.0,,morumbi
450811,2022,-23.583942598009,-46.75939346642711,5,kilometer,376.0,"R$ 3.638,11",25.0,22.0,23.0,19.0,,morumbi
430824,2022,-23.5779455803244,-46.7346937509026,5,kilometer,570.0,"R$ 3.638,07",18.0,35.0,50.0,36.0,,morumbi
430872,2022,-23.5799629736114,-46.747523562602304,5,kilometer,476.0,"R$ 3.638,00",20.0,27.0,20.0,21.0,,morumbi
432943,2022,-23.6348439306632,-46.7459217790684,5,kilometer,414.0,"R$ 3.628,12",21.0,22.0,28.0,25.0,,morumbi
450810,2022,-23.5836940617934,-46.756976853152096,5,kilometer,147.0,"R$ 3.626,00",6.0,6.0,11.0,11.0,,morumbi
432659,2022,-23.6333426108929,-46.7670969629788,5,kilometer,33.0,"R$ 3.623,08",,,,,,morumbi
463432,2022,-23.5992333269932,-46.7631737830535,5,kilometer,771.0,"R$ 3.622,78",39.0,42.0,41.0,40.0,,morumbi
463566,2022,-23.6173520876176,-46.7638173414801,5,kilometer,530.0,"R$ 3.622,35",20.0,27.0,37.0,41.0,,morumbi
463702,2022,-23.6025167664984,-46.757322840289504,5,kilometer,458.0,"R$ 3.619,19",14.0,26.0,26.0,31.0,,morumbi
458084,2022,-23.5938104641261,-46.7407035699416,5,kilometer,466.0,"R$ 3.618,83",18.0,24.0,17.0,31.0,,morumbi
445621,2022,-23.6468618281837,-46.7393561540087,5,kilometer,272.0,"R$ 3.615,66",14.0,12.0,11.0,6.0,,morumbi
458159,2022,-23.5973916030405,-46.74119380156591,5,kilometer,282.0,"R$ 3.613,17",7.0,15.0,8.0,13.0,,morumbi
441287,2022,-23.5987850391115,-46.6932387771018,5,kilometer,56.0,"R$ 3.609,32",,,,,,morumbi
445617,2022,-23.6437875747223,-46.7410616500575,5,kilometer,275.0,"R$ 3.609,08",12.0,16.0,12.0,19.0,,morumbi
432883,2022,-23.6194350602468,-46.7536641290583,5,kilometer,325.0,"R$ 3.600,07",17.0,17.0,14.0,20.0,,morumbi
450698,2022,-23.5756324965659,-46.742192448698894,5,kilometer,215.0,"R$ 3.592,00",7.0,7.0,7.0,9.0,,morumbi
463460,2022,-23.6173391040435,-46.773825359809294,5,kilometer,509.0,"R$ 3.591,01",33.0,36.0,23.0,25.0,,morumbi
455459,2022,-23.6396992853123,-46.74296656040711,5,kilometer,426.0,"R$ 3.576,25",13.0,14.0,19.0,20.0,,morumbi
450187,2022,-23.5996804162431,-46.7689269934012,5,kilometer,417.0,"R$ 3.575,34",21.0,17.0,15.0,18.0,,morumbi
432446,2022,-23.6319978892282,-46.76921434258671,5,kilometer,168.0,"R$ 3.570,38",7.0,8.0,6.0,11.0,,morumbi
458080,2022,-23.5993732359169,-46.746898461143296,5,kilometer,507.0,"R$ 3.555,90",14.0,26.0,31.0,29.0,,morumbi
432739,2022,-23.624693564983,-46.759627215012095,5,kilometer,686.0,"R$ 3.552,00",48.0,50.0,32.0,40.0,,morumbi
432731,2022,-23.6261185129382,-46.7544435450276,5,kilometer,656.0,"R$ 3.538,21",31.0,53.0,64.0,42.0,,morumbi
458176,2022,-23.6038686585768,-46.735172112734,5,kilometer,392.0,"R$ 3.522,82",18.0,20.0,21.0,16.0,,morumbi
458381,2022,-23.5970161917534,-46.7535022894654,5,kilometer,565.0,"R$ 3.511,94",32.0,34.0,24.0,30.0,,morumbi
432684,2022,-23.6363991476667,-46.74570947661471,5,kilometer,214.0,"R$ 3.508,30",11.0,12.0,23.0,11.0,,morumbi
458085,2022,-23.5958521098326,-46.7364004844556,5,kilometer,320.0,"R$ 3.502,47",3.0,9.0,11.0,12.0,,morumbi
432542,2022,-23.6243377969102,-46.752832330932,5,kilometer,812.0,"R$ 3.498,15",45.0,43.0,45.0,55.0,,morumbi
432457,2022,-23.6298732645068,-46.7718490621356,5,kilometer,479.0,"R$ 3.495,09",29.0,20.0,17.0,34.0,,morumbi
432555,2022,-23.6184784321263,-46.7523079386668,5,kilometer,740.0,"R$ 3.493,82",22.0,32.0,40.0,39.0,,morumbi
463773,2022,-23.6297705808811,-46.7758298345731,5,kilometer,600.0,"R$ 3.482,46",36.0,62.0,35.0,44.0,,morumbi
445674,2022,-23.6451115650461,-46.7479285055092,5,kilometer,228.0,"R$ 3.482,34",18.0,9.0,13.0,14.0,,morumbi
432540,2022,-23.6225065292887,-46.75530657766031,5,kilometer,437.0,"R$ 3.473,77",11.0,23.0,22.0,29.0,,morumbi
463652,2022,-23.6004212936714,-46.7681819335462,5,kilometer,246.0,"R$ 3.471,49",9.0,13.0,14.0,19.0,,morumbi
458363,2022,-23.5985163907973,-46.75258086064191,5,kilometer,543.0,"R$ 3.467,65",25.0,29.0,32.0,42.0,,morumbi
452355,2022,-23.6500409726781,-46.71521230898671,5,kilometer,577.0,"R$ 3.458,88",20.0,25.0,22.0,34.0,,morumbi
432598,2022,-23.6317429371239,-46.7682927005149,5,kilometer,482.0,"R$ 3.452,44",14.0,34.0,27.0,33.0,,morumbi
463701,2022,-23.6010511844936,-46.755893740663694,5,kilometer,372.0,"R$ 3.445,19",14.0,22.0,18.0,23.0,,morumbi
445616,2022,-23.6462573359881,-46.7433959800111,5,kilometer,605.0,"R$ 3.438,99",30.0,31.0,44.0,40.0,,morumbi
458082,2022,-23.5927926325619,-46.7420885732462,5,kilometer,512.0,"R$ 3.431,68",17.0,28.0,29.0,38.0,,morumbi
463662,2022,-23.6026359007907,-46.7657098599216,5,kilometer,486.0,"R$ 3.413,25",11.0,18.0,22.0,24.0,,morumbi
458162,2022,-23.6021219956174,-46.7360744470783,5,kilometer,427.0,"R$ 3.400,96",19.0,18.0,22.0,22.0,,morumbi
463563,2022,-23.6152073858589,-46.764584772587,5,kilometer,304.0,"R$ 3.393,10",18.0,18.0,22.0,14.0,,morumbi
432653,2022,-23.6369517185711,-46.7543867322448,5,kilometer,151.0,"R$ 3.382,41",8.0,8.0,9.0,17.0,,morumbi
455443,2022,-23.6181595956081,-46.7458290518542,5,kilometer,695.0,"R$ 3.380,61",41.0,39.0,44.0,42.0,,morumbi
432885,2022,-23.6331640649743,-46.754560403341294,5,kilometer,172.0,"R$ 3.379,76",9.0,10.0,13.0,14.0,,morumbi
455645,2022,-23.6189621473325,-46.7453342561814,5,kilometer,440.0,"R$ 3.372,98",24.0,16.0,30.0,25.0,,morumbi
463947,2022,-23.6030630559288,-46.7690764518479,5,kilometer,798.0,"R$ 3.371,77",33.0,55.0,41.0,57.0,,morumbi
463561,2022,-23.6089927179346,-46.7625512617001,5,kilometer,584.0,"R$ 3.359,19",16.0,28.0,34.0,27.0,,morumbi
432901,2022,-23.6184656485762,-46.758950758983694,5,kilometer,146.0,"R$ 3.357,26",8.0,6.0,6.0,9.0,,morumbi
458095,2022,-23.5884339470001,-46.75436342100151,5,kilometer,597.0,"R$ 3.353,92",34.0,39.0,37.0,32.0,,morumbi
432460,2022,-23.6289558867977,-46.763910201858494,5,kilometer,649.0,"R$ 3.346,57",29.0,32.0,28.0,21.0,,morumbi
432972,2022,-23.6444493589125,-46.7500030114442,5,kilometer,80.0,"R$ 3.341,52",4.0,,,,,morumbi
445603,2022,-23.6507718821882,-46.7433797176702,5,kilometer,788.0,"R$ 3.340,06",56.0,48.0,50.0,60.0,,morumbi
463562,2022,-23.6152524617246,-46.765703121632704,5,kilometer,495.0,"R$ 3.327,62",27.0,19.0,28.0,42.0,,morumbi
445835,2022,-23.6489382620383,-46.7478356824072,5,kilometer,278.0,"R$ 3.319,45",9.0,18.0,8.0,8.0,,morumbi
432461,2022,-23.6285108849725,-46.762609406452,5,kilometer,840.0,"R$ 3.314,31",45.0,43.0,49.0,52.0,,morumbi
450086,2022,-23.5978271195209,-46.775383859348096,5,kilometer,292.0,"R$ 3.311,51",12.0,23.0,16.0,15.0,,morumbi
445456,2022,-23.6512612693154,-46.737423084322494,5,kilometer,839.0,"R$ 3.308,75",46.0,47.0,50.0,65.0,,morumbi
432721,2022,-23.6351336621611,-46.7665774664499,5,kilometer,398.0,"R$ 3.298,95",22.0,26.0,23.0,27.0,,morumbi
463667,2022,-23.6054496531686,-46.7569546223222,5,kilometer,302.0,"R$ 3.297,84",16.0,22.0,20.0,23.0,,morumbi
432623,2022,-23.6218410523844,-46.7638553676834,5,kilometer,380.0,"R$ 3.294,31",15.0,24.0,18.0,17.0,,morumbi
450266,2022,-23.5900143828323,-46.7604845924336,5,kilometer,92.0,"R$ 3.279,68",3.0,5.0,10.0,4.0,,morumbi
463706,2022,-23.6029754274736,-46.7530392037238,5,kilometer,379.0,"R$ 3.277,99",21.0,23.0,20.0,36.0,,morumbi
458331,2022,-23.5959040935997,-46.7387450506684,5,kilometer,238.0,"R$ 3.275,51",10.0,9.0,15.0,12.0,,morumbi
458297,2022,-23.5965326402117,-46.7421181194467,5,kilometer,148.0,"R$ 3.273,45",6.0,4.0,6.0,6.0,,morumbi
447232,2022,-23.6112313077548,-46.72586064729649,5,kilometer,358.0,"R$ 3.272,78",16.0,24.0,17.0,29.0,,morumbi
445575,2022,-23.654232544966,-46.7465894023196,5,kilometer,683.0,"R$ 3.270,84",28.0,41.0,45.0,42.0,,morumbi
432611,2022,-23.6263875376019,-46.764935669237296,5,kilometer,170.0,"R$ 3.266,82",4.0,4.0,8.0,10.0,,morumbi
432553,2022,-23.6126885817621,-46.7554604138126,5,kilometer,634.0,"R$ 3.264,16",31.0,34.0,49.0,53.0,,morumbi
450777,2022,-23.5765587811924,-46.749780520219,5,kilometer,364.0,"R$ 3.263,60",24.0,19.0,21.0,30.0,,morumbi
463705,2022,-23.6024755127647,-46.7540465842053,5,kilometer,444.0,"R$ 3.257,13",28.0,23.0,25.0,27.0,,morumbi
445741,2022,-23.6457709634137,-46.7340361480746,5,kilometer,619.0,"R$ 3.256,26",28.0,31.0,31.0,22.0,,morumbi
432952,2022,-23.6304959295882,-46.7489202402868,5,kilometer,710.0,"R$ 3.249,06",37.0,55.0,42.0,45.0,,morumbi
432512,2022,-23.6242022759328,-46.7620654508432,5,kilometer,494.0,"R$ 3.240,43",21.0,21.0,35.0,31.0,,morumbi
432693,2022,-23.6189437242302,-46.7617230880878,5,kilometer,270.0,"R$ 3.236,07",12.0,22.0,19.0,12.0,,morumbi
458081,2022,-23.5975316643583,-46.7491146856557,5,kilometer,368.0,"R$ 3.224,32",13.0,13.0,21.0,25.0,,morumbi
463409,2022,-23.6046287559101,-46.764617565067695,5,kilometer,527.0,"R$ 3.217,36",18.0,27.0,34.0,22.0,,morumbi
450809,2022,-23.5851475212049,-46.7562810061112,5,kilometer,459.0,"R$ 3.215,64",19.0,25.0,23.0,27.0,,morumbi
458170,2022,-23.5983856111563,-46.7507299980604,5,kilometer,420.0,"R$ 3.185,53",18.0,15.0,16.0,25.0,,morumbi
432452,2022,-23.6350613293079,-46.7601507453766,5,kilometer,589.0,"R$ 3.177,34",30.0,38.0,57.0,35.0,,morumbi
455647,2022,-23.6220652419116,-46.7439980237266,5,kilometer,60.0,"R$ 3.169,60",0.0,3.0,3.0,4.0,,morumbi
445461,2022,-23.6483670460455,-46.7519445629456,5,kilometer,599.0,"R$ 3.162,03",15.0,24.0,19.0,21.0,,morumbi
463695,2022,-23.5975032489929,-46.7608836696294,5,kilometer,476.0,"R$ 3.154,92",25.0,19.0,26.0,28.0,,morumbi
450658,2022,-23.5765424035875,-46.751687959694095,5,kilometer,309.0,"R$ 3.149,39",8.0,11.0,19.0,16.0,,morumbi
445614,2022,-23.6465048709303,-46.7525033247076,5,kilometer,459.0,"R$ 3.138,09",15.0,23.0,18.0,23.0,,morumbi
432591,2022,-23.636479249025,-46.743036218713,5,kilometer,640.0,"R$ 3.132,13",25.0,37.0,37.0,38.0,,morumbi
463694,2022,-23.5967411162669,-46.7614514127164,5,kilometer,487.0,"R$ 3.129,48",20.0,27.0,36.0,28.0,,morumbi
463663,2022,-23.6010064793923,-46.7652785511234,5,kilometer,169.0,"R$ 3.122,64",10.0,12.0,13.0,12.0,,morumbi
463664,2022,-23.6000496270085,-46.7639844788936,5,kilometer,652.0,"R$ 3.112,59",29.0,43.0,42.0,55.0,,morumbi
463707,2022,-23.6032157499714,-46.75179313859631,5,kilometer,407.0,"R$ 3.111,58",16.0,24.0,28.0,21.0,,morumbi
445580,2022,-23.656541296783,-46.7388805367338,5,kilometer,438.0,"R$ 3.109,26",22.0,27.0,31.0,30.0,,morumbi
458161,2022,-23.5993362085032,-46.7375417088948,5,kilometer,389.0,"R$ 3.106,05",15.0,25.0,14.0,18.0,,morumbi
445626,2022,-23.6484395334621,-46.737859293589,5,kilometer,554.0,"R$ 3.104,69",23.0,36.0,22.0,40.0,,morumbi
445415,2022,-23.6566066718898,-46.741213441411,5,kilometer,414.0,"R$ 3.100,32",13.0,21.0,14.0,32.0,,morumbi
463398,2022,-23.6105307067755,-46.777586177362,5,kilometer,609.0,"R$ 3.089,40",33.0,36.0,34.0,42.0,,morumbi
458118,2022,-23.5981140279726,-46.756266285396094,5,kilometer,499.0,"R$ 3.089,35",23.0,24.0,29.0,34.0,,morumbi
455322,2022,-23.6406847289333,-46.744301078519904,5,kilometer,637.0,"R$ 3.088,28",19.0,35.0,30.0,38.0,,morumbi
458334,2022,-23.6132932914817,-46.7496442205979,5,kilometer,365.0,"R$ 3.086,38",18.0,20.0,35.0,26.0,,morumbi
450147,2022,-23.5884737657738,-46.7618571111711,5,kilometer,339.0,"R$ 3.084,51",10.0,18.0,22.0,20.0,,morumbi
432906,2022,-23.6234937650858,-46.76483212559911,5,kilometer,396.0,"R$ 3.071,86",10.0,26.0,34.0,23.0,,morumbi
445432,2022,-23.6543343125533,-46.74224111006,5,kilometer,613.0,"R$ 3.060,26",29.0,39.0,26.0,26.0,,morumbi
445627,2022,-23.6493932910976,-46.737929951104896,5,kilometer,272.0,"R$ 3.057,23",9.0,13.0,14.0,15.0,,morumbi
432448,2022,-23.6304469751307,-46.7673009794637,5,kilometer,387.0,"R$ 3.054,35",16.0,25.0,15.0,18.0,,morumbi
458353,2022,-23.5895416791704,-46.7523314299844,5,kilometer,245.0,"R$ 3.052,75",19.0,9.0,15.0,13.0,,morumbi
463696,2022,-23.5984387095004,-46.762334838817,5,kilometer,494.0,"R$ 3.046,31",23.0,33.0,36.0,40.0,,morumbi
432970,2022,-23.6427926934053,-46.747989747894,5,kilometer,178.0,"R$ 3.038,10",11.0,6.0,12.0,8.0,,morumbi
445804,2022,-23.6512283413304,-46.7310914139514,5,kilometer,402.0,"R$ 3.037,48",20.0,18.0,20.0,20.0,,morumbi
463412,2022,-23.6131633678638,-46.7623095700925,5,kilometer,522.0,"R$ 3.032,72",20.0,19.0,25.0,32.0,,morumbi
432720,2022,-23.6349226856827,-46.7669301575914,5,kilometer,539.0,"R$ 3.025,16",33.0,28.0,34.0,29.0,,morumbi
463400,2022,-23.614525754602,-46.76304643296511,5,kilometer,519.0,"R$ 3.022,83",18.0,31.0,31.0,23.0,,morumbi
463917,2022,-23.611433270155,-46.78121240663209,5,kilometer,366.0,"R$ 3.015,00",16.0,26.0,23.0,18.0,,morumbi
450159,2022,-23.5880011551234,-46.7690593572734,5,kilometer,583.0,"R$ 3.014,64",30.0,42.0,40.0,26.0,,morumbi
458287,2022,-23.5990256231068,-46.7357983341882,5,kilometer,151.0,"R$ 3.011,67",6.0,11.0,5.0,13.0,,morumbi
458100,2022,-23.5987073106375,-46.7326319256538,5,kilometer,169.0,"R$ 3.010,46",4.0,7.0,8.0,7.0,,morumbi
432865,2022,-23.6432090407755,-46.75013756201511,5,kilometer,413.0,"R$ 2.995,81",16.0,14.0,32.0,29.0,,morumbi
432729,2022,-23.6256637280483,-46.7542205839903,5,kilometer,324.0,"R$ 2.993,43",18.0,11.0,20.0,18.0,,morumbi
432761,2022,-23.6470047915604,-46.759744653219,5,kilometer,477.0,"R$ 2.993,34",30.0,34.0,22.0,19.0,,morumbi
450355,2022,-23.5851235713457,-46.767905630862096,5,kilometer,162.0,"R$ 2.987,14",6.0,4.0,9.0,8.0,,morumbi
445460,2022,-23.6530072899046,-46.731778410082704,5,kilometer,608.0,"R$ 2.987,06",51.0,41.0,30.0,36.0,,morumbi
432459,2022,-23.629071760433,-46.7650705122245,5,kilometer,778.0,"R$ 2.975,77",28.0,39.0,34.0,43.0,,morumbi
432557,2022,-23.6343669642276,-46.7474425006945,5,kilometer,764.0,"R$ 2.972,59",70.0,42.0,33.0,49.0,,morumbi
463704,2022,-23.6023887806416,-46.7551047310117,5,kilometer,586.0,"R$ 2.971,46",34.0,39.0,38.0,42.0,,morumbi
432911,2022,-23.6410809210836,-46.7524122501613,5,kilometer,383.0,"R$ 2.970,33",11.0,31.0,23.0,24.0,,morumbi
463614,2022,-23.6097020324818,-46.7597045335926,5,kilometer,205.0,"R$ 2.968,52",3.0,5.0,8.0,15.0,,morumbi
463823,2022,-23.6131987913733,-46.76882191816191,5,kilometer,333.0,"R$ 2.966,44",7.0,17.0,16.0,36.0,,morumbi
450179,2022,-23.5871047477205,-46.7666960871572,5,kilometer,300.0,"R$ 2.964,26",8.0,19.0,17.0,18.0,,morumbi
445455,2022,-23.6495478032794,-46.740472955528,5,kilometer,600.0,"R$ 2.957,37",28.0,20.0,19.0,29.0,,morumbi
455444,2022,-23.6181445426477,-46.747243942628,5,kilometer,568.0,"R$ 2.954,97",39.0,44.0,41.0,23.0,,morumbi
432612,2022,-23.6268347803607,-46.76258469167271,5,kilometer,513.0,"R$ 2.951,50",21.0,26.0,25.0,25.0,,morumbi
432541,2022,-23.6220523428378,-46.7527173231391,5,kilometer,768.0,"R$ 2.948,85",39.0,43.0,40.0,47.0,,morumbi
463963,2022,-23.6189366998615,-46.7638700837308,5,kilometer,349.0,"R$ 2.942,03",19.0,11.0,14.0,25.0,,morumbi
455667,2022,-23.6375816144624,-46.7429455152533,5,kilometer,905.0,"R$ 2.940,59",49.0,60.0,59.0,57.0,,morumbi
450682,2022,-23.5822920594139,-46.758466939444496,5,kilometer,453.0,"R$ 2.939,13",16.0,20.0,31.0,27.0,,morumbi
441341,2022,-23.6133721478169,-46.6949295903357,5,kilometer,449.0,"R$ 2.938,05",16.0,28.0,32.0,36.0,,morumbi
432454,2022,-23.6365377028971,-46.7715080914578,5,kilometer,499.0,"R$ 2.936,60",18.0,20.0,21.0,27.0,,morumbi
450184,2022,-23.5958502630619,-46.7620877297664,5,kilometer,324.0,"R$ 2.935,13",12.0,11.0,18.0,28.0,,morumbi
463519,2022,-23.6170586049458,-46.7775535069512,5,kilometer,311.0,"R$ 2.934,90",19.0,18.0,16.0,24.0,,morumbi
445433,2022,-23.6548658031388,-46.7399289683642,5,kilometer,557.0,"R$ 2.932,45",17.0,16.0,27.0,28.0,,morumbi
447249,2022,-23.6072467091552,-46.7019732158206,5,kilometer,814.0,"R$ 2.927,66",52.0,73.0,86.0,84.0,,morumbi
463518,2022,-23.619109463281,-46.77859179246391,5,kilometer,472.0,"R$ 2.913,74",23.0,27.0,35.0,23.0,,morumbi
445449,2022,-23.6518828864282,-46.74225933002791,5,kilometer,673.0,"R$ 2.906,99",48.0,38.0,41.0,50.0,,morumbi
432603,2022,-23.6359782484312,-46.7691029742175,5,kilometer,226.0,"R$ 2.906,03",8.0,15.0,12.0,13.0,,morumbi
432654,2022,-23.6434947850403,-46.761723579251,5,kilometer,149.0,"R$ 2.904,00",10.0,11.0,17.0,15.0,,morumbi
450124,2022,-23.5928899086801,-46.7623741696004,5,kilometer,445.0,"R$ 2.903,74",15.0,25.0,24.0,18.0,,morumbi
458069,2022,-23.5934405306821,-46.73949456008671,5,kilometer,215.0,"R$ 2.901,74",12.0,6.0,8.0,12.0,,morumbi
463891,2022,-23.6004194100696,-46.758565030993296,5,kilometer,602.0,"R$ 2.899,64",28.0,37.0,31.0,42.0,,morumbi
432559,2022,-23.6382656245528,-46.7484386884203,5,kilometer,844.0,"R$ 2.898,53",55.0,36.0,33.0,39.0,,morumbi
432907,2022,-23.6240277548266,-46.766693111656,5,kilometer,544.0,"R$ 2.888,68",32.0,25.0,28.0,29.0,,morumbi
463892,2022,-23.6021316333916,-46.7592829671784,5,kilometer,443.0,"R$ 2.875,69",18.0,30.0,19.0,29.0,,morumbi
432567,2022,-23.6327962763584,-46.7675309537378,5,kilometer,643.0,"R$ 2.869,40",23.0,39.0,26.0,35.0,,morumbi
432714,2022,-23.6253475048552,-46.7481497252148,5,kilometer,811.0,"R$ 2.869,28",42.0,40.0,63.0,71.0,,morumbi
450087,2022,-23.5994009308061,-46.7747303731875,5,kilometer,253.0,"R$ 2.859,07",10.0,19.0,13.0,12.0,,morumbi
463637,2022,-23.6203638266105,-46.7673390450556,5,kilometer,551.0,"R$ 2.856,44",23.0,28.0,36.0,34.0,,morumbi
433856,2022,-23.6515009394034,-46.7549483350595,5,kilometer,181.0,"R$ 2.853,19",4.0,6.0,4.0,4.0,,morumbi
432479,2022,-23.6252768738219,-46.7637254196499,5,kilometer,280.0,"R$ 2.852,66",8.0,13.0,10.0,11.0,,morumbi
445606,2022,-23.6485063739877,-46.7445045574596,5,kilometer,408.0,"R$ 2.850,61",22.0,23.0,24.0,19.0,,morumbi
463918,2022,-23.6203986499124,-46.77046330660311,5,kilometer,584.0,"R$ 2.849,16",28.0,33.0,39.0,35.0,,morumbi
432584,2022,-23.6390899249155,-46.7513109057962,5,kilometer,185.0,"R$ 2.844,07",7.0,11.0,11.0,8.0,,morumbi
432685,2022,-23.6362106836001,-46.7464156142056,5,kilometer,216.0,"R$ 2.843,96",12.0,11.0,23.0,11.0,,morumbi
445610,2022,-23.6516224662337,-46.7334118376082,5,kilometer,206.0,"R$ 2.843,16",12.0,13.0,13.0,6.0,,morumbi
432510,2022,-23.6208227914345,-46.763062894903,5,kilometer,532.0,"R$ 2.842,68",20.0,28.0,26.0,25.0,,morumbi
450779,2022,-23.5822576043282,-46.75582606091911,5,kilometer,625.0,"R$ 2.837,97",26.0,39.0,39.0,45.0,,morumbi
463736,2022,-23.6181099219468,-46.766005823713,5,kilometer,307.0,"R$ 2.837,63",21.0,11.0,13.0,17.0,,morumbi
445434,2022,-23.6542942946508,-46.7390434128548,5,kilometer,563.0,"R$ 2.834,86",36.0,23.0,29.0,30.0,,morumbi
445430,2022,-23.6545671185694,-46.7451366887073,5,kilometer,666.0,"R$ 2.834,11",23.0,36.0,38.0,45.0,,morumbi
450216,2022,-23.5924554775012,-46.7603362195275,5,kilometer,486.0,"R$ 2.832,89",19.0,27.0,19.0,32.0,,morumbi
463567,2022,-23.6253433550511,-46.7703678613349,5,kilometer,921.0,"R$ 2.832,27",51.0,63.0,50.0,52.0,,morumbi
432699,2022,-23.6351641612107,-46.7521336723104,5,kilometer,161.0,"R$ 2.828,64",6.0,8.0,4.0,9.0,,morumbi
450183,2022,-23.594095424885,-46.764521477500494,5,kilometer,665.0,"R$ 2.819,09",23.0,44.0,49.0,45.0,,morumbi
455446,2022,-23.6195920222833,-46.7477079445891,5,kilometer,388.0,"R$ 2.819,02",23.0,23.0,28.0,28.0,,morumbi
463559,2022,-23.6098678576028,-46.7744473942846,5,kilometer,487.0,"R$ 2.813,02",23.0,37.0,26.0,27.0,,morumbi
463565,2022,-23.6167013408339,-46.765255831068494,5,kilometer,901.0,"R$ 2.806,34",51.0,66.0,53.0,60.0,,morumbi
458121,2022,-23.5943443741404,-46.756332108410895,5,kilometer,218.0,"R$ 2.801,99",11.0,13.0,9.0,11.0,,morumbi
445338,2022,-23.6460947928095,-46.73204463092551,5,kilometer,315.0,"R$ 2.799,62",13.0,20.0,16.0,20.0,,morumbi
463535,2022,-23.6122806103763,-46.7731419002623,5,kilometer,292.0,"R$ 2.795,20",13.0,21.0,21.0,11.0,,morumbi
432993,2022,-23.6404500699414,-46.7631848935812,5,kilometer,406.0,"R$ 2.793,25",19.0,28.0,23.0,25.0,,morumbi
450122,2022,-23.5918941038012,-46.7618722821844,5,kilometer,150.0,"R$ 2.789,00",10.0,6.0,7.0,10.0,,morumbi
432886,2022,-23.6330115697436,-46.7539344234734,5,kilometer,284.0,"R$ 2.787,89",11.0,15.0,26.0,27.0,,morumbi
432444,2022,-23.6358658432893,-46.7646754949702,5,kilometer,643.0,"R$ 2.783,26",40.0,26.0,36.0,38.0,,morumbi
450267,2022,-23.5906558726828,-46.762563443217104,5,kilometer,155.0,"R$ 2.781,76",8.0,7.0,9.0,9.0,,morumbi
463916,2022,-23.6131037260723,-46.7716160389426,5,kilometer,385.0,"R$ 2.781,49",10.0,25.0,19.0,24.0,,morumbi
432700,2022,-23.633957969983,-46.7505497796579,5,kilometer,487.0,"R$ 2.774,44",22.0,35.0,34.0,28.0,,morumbi
432484,2022,-23.630592888924,-46.754877958982895,5,kilometer,808.0,"R$ 2.771,67",49.0,53.0,49.0,45.0,,morumbi
463484,2022,-23.6247647352537,-46.7746222155202,5,kilometer,674.0,"R$ 2.770,73",44.0,60.0,32.0,41.0,,morumbi
432915,2022,-23.6398945292263,-46.7607361623062,5,kilometer,292.0,"R$ 2.766,57",16.0,18.0,26.0,21.0,,morumbi
463601,2022,-23.6076897418514,-46.7784891434923,5,kilometer,570.0,"R$ 2.766,54",27.0,41.0,44.0,33.0,,morumbi
432451,2022,-23.6339885409956,-46.7610693702056,5,kilometer,774.0,"R$ 2.760,91",29.0,36.0,42.0,54.0,,morumbi
463449,2022,-23.6272969274116,-46.771808538747294,5,kilometer,540.0,"R$ 2.759,89",39.0,27.0,33.0,24.0,,morumbi
450683,2022,-23.5847508013764,-46.7584869653358,5,kilometer,649.0,"R$ 2.756,81",36.0,37.0,46.0,53.0,,morumbi
432776,2022,-23.6376606687602,-46.74778375452591,5,kilometer,222.0,"R$ 2.754,96",6.0,8.0,10.0,17.0,,morumbi
432570,2022,-23.6381768485939,-46.77017023990231,5,kilometer,139.0,"R$ 2.751,84",8.0,5.0,6.0,4.0,,morumbi
432467,2022,-23.642419609517,-46.7646798360708,5,kilometer,590.0,"R$ 2.751,67",29.0,32.0,32.0,37.0,,morumbi
432477,2022,-23.6258671789303,-46.76665203755449,5,kilometer,522.0,"R$ 2.739,50",20.0,21.0,18.0,32.0,,morumbi
432569,2022,-23.6362287326388,-46.7614466860276,5,kilometer,783.0,"R$ 2.737,48",44.0,46.0,33.0,47.0,,morumbi
432796,2022,-23.6329371061824,-46.7630673960299,5,kilometer,749.0,"R$ 2.735,68",44.0,40.0,70.0,63.0,,morumbi
445435,2022,-23.6536053909143,-46.7380674770774,5,kilometer,582.0,"R$ 2.733,90",28.0,36.0,37.0,36.0,,morumbi
432732,2022,-23.6405481957747,-46.7485888024384,5,kilometer,378.0,"R$ 2.723,28",22.0,16.0,17.0,14.0,,morumbi
450186,2022,-23.5963480301512,-46.7664654036769,5,kilometer,553.0,"R$ 2.722,51",28.0,25.0,33.0,45.0,,morumbi
463888,2022,-23.606164898034,-46.7688015546726,5,kilometer,439.0,"R$ 2.722,27",23.0,27.0,28.0,26.0,,morumbi
463793,2022,-23.6143813785459,-46.7786340417268,5,kilometer,273.0,"R$ 2.711,05",12.0,11.0,12.0,16.0,,morumbi
463737,2022,-23.6032975887472,-46.7785338817289,5,kilometer,634.0,"R$ 2.710,97",33.0,41.0,35.0,59.0,,morumbi
432573,2022,-23.6423214061671,-46.7628222620613,5,kilometer,645.0,"R$ 2.709,72",30.0,39.0,46.0,38.0,,morumbi
432534,2022,-23.646686156096,-46.7615679603569,5,kilometer,281.0,"R$ 2.702,28",14.0,15.0,19.0,16.0,,morumbi
458175,2022,-23.6028155518996,-46.733843916971104,5,kilometer,511.0,"R$ 2.697,00",32.0,31.0,26.0,35.0,,morumbi
432964,2022,-23.6329306683387,-46.752679107631,5,kilometer,72.0,"R$ 2.695,56",3.0,4.0,,3.0,,morumbi
432632,2022,-23.6287749937562,-46.747207972702704,5,kilometer,723.0,"R$ 2.693,25",29.0,47.0,46.0,52.0,,morumbi
463787,2022,-23.609362357027,-46.778662681826304,5,kilometer,561.0,"R$ 2.692,48",27.0,38.0,41.0,47.0,,morumbi
432585,2022,-23.6421696225845,-46.7519265388625,5,kilometer,903.0,"R$ 2.689,11",40.0,59.0,59.0,59.0,,morumbi
450105,2022,-23.5978995888793,-46.7687775921999,5,kilometer,702.0,"R$ 2.685,26",30.0,41.0,41.0,42.0,,morumbi
432458,2022,-23.6271031859821,-46.7681310411233,5,kilometer,671.0,"R$ 2.682,66",26.0,42.0,25.0,44.0,,morumbi
445619,2022,-23.6456774699222,-46.742121330919,5,kilometer,387.0,"R$ 2.679,62",20.0,15.0,17.0,13.0,,morumbi
458099,2022,-23.5978032936426,-46.7327311256648,5,kilometer,511.0,"R$ 2.676,65",17.0,29.0,36.0,22.0,,morumbi
432649,2022,-23.637215882342,-46.7690414928658,5,kilometer,288.0,"R$ 2.673,60",14.0,23.0,13.0,29.0,,morumbi
450218,2022,-23.5938494272384,-46.761786822087,5,kilometer,462.0,"R$ 2.672,03",24.0,31.0,20.0,33.0,,morumbi
463544,2022,-23.6214898578309,-46.7764509840106,5,kilometer,86.0,"R$ 2.670,41",,6.0,9.0,4.0,,morumbi
445462,2022,-23.6472223357272,-46.7439488318546,5,kilometer,858.0,"R$ 2.669,72",36.0,54.0,45.0,50.0,,morumbi
432979,2022,-23.6304746901612,-46.7462182347638,5,kilometer,23.0,"R$ 2.666,67",6.0,0.0,,,,morumbi
458341,2022,-23.5944015954043,-46.7526794240164,5,kilometer,527.0,"R$ 2.666,54",23.0,38.0,44.0,36.0,,morumbi
450807,2022,-23.5794346883349,-46.75061728755711,5,kilometer,476.0,"R$ 2.665,36",34.0,31.0,12.0,28.0,,morumbi
432597,2022,-23.637445571078,-46.7650149037013,5,kilometer,533.0,"R$ 2.662,46",27.0,27.0,31.0,29.0,,morumbi
432518,2022,-23.6307081602307,-46.75149241346951,5,kilometer,629.0,"R$ 2.659,74",30.0,32.0,47.0,37.0,,morumbi
455588,2022,-23.6421994603133,-46.7315091010494,5,kilometer,613.0,"R$ 2.659,65",28.0,36.0,27.0,43.0,,morumbi
432519,2022,-23.6345972781601,-46.75485739789831,5,kilometer,959.0,"R$ 2.652,92",51.0,65.0,61.0,68.0,,morumbi
463485,2022,-23.6261557196882,-46.774192929266,5,kilometer,706.0,"R$ 2.651,36",29.0,44.0,40.0,50.0,,morumbi
455625,2022,-23.6165217208085,-46.730568365396095,5,kilometer,529.0,"R$ 2.647,77",30.0,36.0,48.0,49.0,,morumbi
432441,2022,-23.6350357986498,-46.76817833995489,5,kilometer,591.0,"R$ 2.641,91",36.0,30.0,37.0,26.0,,morumbi
450680,2022,-23.5822108397419,-46.753443799687,5,kilometer,571.0,"R$ 2.641,28",24.0,34.0,31.0,36.0,,morumbi
445451,2022,-23.6525340242287,-46.7363551652862,5,kilometer,756.0,"R$ 2.631,62",40.0,39.0,54.0,47.0,,morumbi
432466,2022,-23.6396036579678,-46.7626482437076,5,kilometer,564.0,"R$ 2.627,32",30.0,29.0,31.0,44.0,,morumbi
450775,2022,-23.5776391086374,-46.7484747619658,5,kilometer,256.0,"R$ 2.617,44",14.0,11.0,16.0,20.0,,morumbi
450778,2022,-23.5775937580044,-46.751135989685295,5,kilometer,321.0,"R$ 2.614,95",15.0,17.0,20.0,17.0,,morumbi
450181,2022,-23.5922834853942,-46.76654938650911,5,kilometer,413.0,"R$ 2.611,11",18.0,24.0,32.0,21.0,,morumbi
432988,2022,-23.6345420110542,-46.75291691470871,5,kilometer,253.0,"R$ 2.610,66",19.0,22.0,23.0,21.0,,morumbi
463572,2022,-23.6275437205127,-46.7729850750255,5,kilometer,383.0,"R$ 2.610,50",15.0,27.0,20.0,39.0,,morumbi
463697,2022,-23.596809364251,-46.76003454784409,5,kilometer,566.0,"R$ 2.606,04",30.0,50.0,27.0,37.0,,morumbi
432651,2022,-23.6313810586333,-46.7531027251807,5,kilometer,240.0,"R$ 2.603,26",7.0,18.0,10.0,15.0,,morumbi
432599,2022,-23.6307483060148,-46.76467947496111,5,kilometer,576.0,"R$ 2.602,59",27.0,31.0,26.0,34.0,,morumbi
450185,2022,-23.5972824411747,-46.764031369170304,5,kilometer,1124.0,"R$ 2.598,31",55.0,79.0,48.0,81.0,,morumbi
432639,2022,-23.6376454769803,-46.7462549784702,5,kilometer,757.0,"R$ 2.589,85",77.0,42.0,20.0,15.0,,morumbi
450265,2022,-23.5940628896363,-46.7656049967296,5,kilometer,169.0,"R$ 2.579,89",3.0,7.0,11.0,9.0,,morumbi
450098,2022,-23.5884710661744,-46.7676644986282,5,kilometer,100.0,"R$ 2.576,85",7.0,4.0,6.0,3.0,,morumbi
463448,2022,-23.6214862658004,-46.771954034508894,5,kilometer,459.0,"R$ 2.566,91",19.0,19.0,31.0,28.0,,morumbi
450881,2022,-23.5803133428247,-46.75680392151511,5,kilometer,513.0,"R$ 2.561,06",38.0,33.0,45.0,39.0,,morumbi
432792,2022,-23.6330460808386,-46.7637760443286,5,kilometer,526.0,"R$ 2.560,97",28.0,22.0,33.0,42.0,,morumbi
463568,2022,-23.6242519536004,-46.768558149406,5,kilometer,740.0,"R$ 2.559,37",34.0,48.0,36.0,56.0,,morumbi
450285,2022,-23.5970429622493,-46.7692913101652,5,kilometer,185.0,"R$ 2.555,38",12.0,13.0,10.0,17.0,,morumbi
463531,2022,-23.627413520957,-46.778407095941,5,kilometer,488.0,"R$ 2.554,64",37.0,32.0,21.0,35.0,,morumbi
441342,2022,-23.6137091369097,-46.6936100901546,5,kilometer,300.0,"R$ 2.550,83",19.0,24.0,20.0,23.0,,morumbi
432596,2022,-23.6339862850853,-46.7669150224192,5,kilometer,481.0,"R$ 2.540,70",28.0,26.0,23.0,27.0,,morumbi
445622,2022,-23.6431494991723,-46.7438610413198,5,kilometer,508.0,"R$ 2.539,97",26.0,26.0,26.0,22.0,,morumbi
445684,2022,-23.6528850560135,-46.750048860965,5,kilometer,733.0,"R$ 2.530,68",46.0,42.0,46.0,45.0,,morumbi
450746,2022,-23.5792312790488,-46.75324711670049,5,kilometer,659.0,"R$ 2.527,19",31.0,38.0,32.0,46.0,,morumbi
450808,2022,-23.5837683010756,-46.752717152321296,5,kilometer,452.0,"R$ 2.526,97",14.0,24.0,14.0,20.0,,morumbi
432774,2022,-23.6367203653298,-46.74765472901289,5,kilometer,917.0,"R$ 2.526,16",78.0,61.0,31.0,35.0,,morumbi
463399,2022,-23.6132953658704,-46.765645220072095,5,kilometer,781.0,"R$ 2.525,54",36.0,54.0,51.0,56.0,,morumbi
432514,2022,-23.6251332442012,-46.756056495532896,5,kilometer,653.0,"R$ 2.522,43",28.0,41.0,39.0,44.0,,morumbi
455546,2022,-23.6417093883016,-46.7331868957172,5,kilometer,297.0,"R$ 2.519,78",19.0,25.0,19.0,22.0,,morumbi
432650,2022,-23.6346640059208,-46.7583424396499,5,kilometer,129.0,"R$ 2.515,14",3.0,5.0,16.0,8.0,,morumbi
445602,2022,-23.6503132591579,-46.744329714794304,5,kilometer,196.0,"R$ 2.515,08",8.0,5.0,13.0,21.0,,morumbi
432543,2022,-23.625594243242,-46.7498951337066,5,kilometer,778.0,"R$ 2.512,93",60.0,60.0,45.0,56.0,,morumbi
463738,2022,-23.6047040582786,-46.7786858742885,5,kilometer,843.0,"R$ 2.512,06",41.0,48.0,61.0,56.0,,morumbi
432443,2022,-23.6334890637778,-46.7648040469253,5,kilometer,845.0,"R$ 2.507,68",41.0,47.0,40.0,58.0,,morumbi
463815,2022,-23.6161850207372,-46.768481304831,5,kilometer,520.0,"R$ 2.500,06",19.0,27.0,34.0,40.0,,morumbi
432708,2022,-23.6361237225168,-46.7552153173239,5,kilometer,515.0,"R$ 2.492,55",29.0,23.0,29.0,30.0,,morumbi
432688,2022,-23.6205010974087,-46.7506964423824,5,kilometer,559.0,"R$ 2.480,47",36.0,28.0,38.0,38.0,,morumbi
432568,2022,-23.6364530252772,-46.7662244701592,5,kilometer,570.0,"R$ 2.479,06",31.0,42.0,31.0,42.0,,morumbi
432912,2022,-23.6317401508743,-46.7462631510866,5,kilometer,266.0,"R$ 2.476,01",17.0,18.0,21.0,20.0,,morumbi
445467,2022,-23.6487839555976,-46.73495614018751,5,kilometer,776.0,"R$ 2.472,29",42.0,37.0,51.0,49.0,,morumbi
450896,2022,-23.5788692793229,-46.75823644739351,5,kilometer,480.0,"R$ 2.469,28",41.0,30.0,24.0,27.0,,morumbi
455548,2022,-23.6207261043226,-46.7289338882371,5,kilometer,153.0,"R$ 2.468,56",13.0,11.0,13.0,17.0,,morumbi
445607,2022,-23.6491389731765,-46.7419719158622,5,kilometer,505.0,"R$ 2.467,07",25.0,34.0,31.0,43.0,,morumbi
445458,2022,-23.6516530737516,-46.7343052941298,5,kilometer,491.0,"R$ 2.466,95",16.0,25.0,28.0,33.0,,morumbi
432492,2022,-23.6377963423558,-46.757101309290704,5,kilometer,743.0,"R$ 2.466,77",34.0,31.0,50.0,61.0,,morumbi
432580,2022,-23.6283162944134,-46.7535228314268,5,kilometer,1050.0,"R$ 2.466,47",59.0,69.0,75.0,86.0,,morumbi
432689,2022,-23.6195628296585,-46.7501397325895,5,kilometer,363.0,"R$ 2.465,12",11.0,21.0,26.0,24.0,,morumbi
432658,2022,-23.6285286324941,-46.75198332206791,5,kilometer,486.0,"R$ 2.460,01",30.0,37.0,28.0,32.0,,morumbi
432575,2022,-23.6322522400018,-46.7552031858144,5,kilometer,800.0,"R$ 2.458,09",52.0,51.0,63.0,58.0,,morumbi
432493,2022,-23.6409516102906,-46.7605469390361,5,kilometer,553.0,"R$ 2.457,23",28.0,35.0,46.0,40.0,,morumbi
432852,2022,-23.626804700314,-46.7584976902611,5,kilometer,370.0,"R$ 2.456,29",14.0,25.0,20.0,26.0,,morumbi
432614,2022,-23.6316553067266,-46.756684720284,5,kilometer,373.0,"R$ 2.455,13",19.0,23.0,20.0,27.0,,morumbi
445436,2022,-23.6560468724124,-46.7345797199179,5,kilometer,970.0,"R$ 2.454,82",46.0,41.0,47.0,53.0,,morumbi
455549,2022,-23.6206495431049,-46.728049656874894,5,kilometer,319.0,"R$ 2.453,97",16.0,25.0,36.0,36.0,,morumbi
445605,2022,-23.655854445647,-46.73261911490209,5,kilometer,699.0,"R$ 2.450,65",29.0,43.0,41.0,36.0,,morumbi
450161,2022,-23.5953561304402,-46.7668300982719,5,kilometer,683.0,"R$ 2.448,16",35.0,41.0,37.0,46.0,,morumbi
445786,2022,-23.6536303841908,-46.730148995670895,5,kilometer,35.0,"R$ 2.448,00",,,3.0,4.0,,morumbi
455545,2022,-23.6176624644802,-46.7220585317946,5,kilometer,597.0,"R$ 2.446,14",42.0,41.0,40.0,60.0,,morumbi
432660,2022,-23.6333813836966,-46.766513458400304,5,kilometer,244.0,"R$ 2.444,16",20.0,31.0,15.0,21.0,,morumbi
458087,2022,-23.5990552902917,-46.7361821708608,5,kilometer,265.0,"R$ 2.440,65",11.0,12.0,19.0,19.0,,morumbi
450269,2022,-23.5991962698214,-46.775749868380494,5,kilometer,210.0,"R$ 2.438,49",12.0,6.0,6.0,15.0,,morumbi
432669,2022,-23.6356375749787,-46.753299663946,5,kilometer,170.0,"R$ 2.431,58",4.0,16.0,11.0,12.0,,morumbi
450104,2022,-23.5982632413982,-46.7679657460764,5,kilometer,441.0,"R$ 2.429,42",14.0,24.0,29.0,23.0,,morumbi
433855,2022,-23.6503846892475,-46.7552210163278,5,kilometer,473.0,"R$ 2.416,25",14.0,25.0,19.0,39.0,,morumbi
432442,2022,-23.6324061478518,-46.7663533495476,5,kilometer,353.0,"R$ 2.401,88",17.0,15.0,24.0,20.0,,morumbi
455384,2022,-23.6187769877566,-46.7227254945752,5,kilometer,359.0,"R$ 2.401,88",14.0,36.0,36.0,32.0,,morumbi
450659,2022,-23.5785761170075,-46.751831795261694,5,kilometer,688.0,"R$ 2.399,44",43.0,44.0,39.0,50.0,,morumbi
432677,2022,-23.6387182136479,-46.770918925411294,5,kilometer,338.0,"R$ 2.397,43",17.0,18.0,21.0,28.0,,morumbi
432839,2022,-23.6324438798697,-46.7595528992907,5,kilometer,426.0,"R$ 2.394,39",31.0,27.0,23.0,38.0,,morumbi
458367,2022,-23.6139797334765,-46.7479349293472,5,kilometer,522.0,"R$ 2.393,69",34.0,49.0,58.0,47.0,,morumbi
432698,2022,-23.6323330810074,-46.7485611129716,5,kilometer,260.0,"R$ 2.392,90",16.0,10.0,20.0,17.0,,morumbi
432486,2022,-23.6315502005726,-46.7517919544588,5,kilometer,305.0,"R$ 2.390,72",13.0,14.0,15.0,17.0,,morumbi
432925,2022,-23.6283435334915,-46.7570613864204,5,kilometer,289.0,"R$ 2.389,56",22.0,26.0,27.0,22.0,,morumbi
463375,2022,-23.6247544949203,-46.7783971750918,5,kilometer,261.0,"R$ 2.388,00",19.0,11.0,17.0,21.0,,morumbi
445609,2022,-23.6506176943338,-46.7387871445052,5,kilometer,315.0,"R$ 2.387,20",9.0,19.0,16.0,14.0,,morumbi
432563,2022,-23.6346340820162,-46.7432884900421,5,kilometer,705.0,"R$ 2.386,45",37.0,61.0,48.0,52.0,,morumbi
447303,2022,-23.6078359771016,-46.7027582598866,5,kilometer,506.0,"R$ 2.383,25",36.0,28.0,45.0,60.0,,morumbi
432772,2022,-23.6284870467876,-46.7554136815558,5,kilometer,268.0,"R$ 2.381,96",12.0,10.0,16.0,24.0,,morumbi
463631,2022,-23.6138301138082,-46.7611255732383,5,kilometer,443.0,"R$ 2.379,29",15.0,21.0,21.0,24.0,,morumbi
432558,2022,-23.6357303185445,-46.7470640733299,5,kilometer,505.0,"R$ 2.377,42",31.0,33.0,28.0,36.0,,morumbi
458343,2022,-23.6019721989957,-46.733544415657,5,kilometer,457.0,"R$ 2.377,36",23.0,26.0,29.0,21.0,,morumbi
432521,2022,-23.6380818590003,-46.7557000840832,5,kilometer,63.0,"R$ 2.372,08",5.0,3.0,,3.0,,morumbi
458228,2022,-23.5998801455555,-46.755109292786095,5,kilometer,504.0,"R$ 2.370,90",30.0,35.0,40.0,33.0,,morumbi
458324,2022,-23.5935837667915,-46.75121229654209,5,kilometer,594.0,"R$ 2.365,05",33.0,44.0,32.0,42.0,,morumbi
458319,2022,-23.6005058039454,-46.7337410609117,5,kilometer,218.0,"R$ 2.361,90",8.0,16.0,15.0,13.0,,morumbi
432496,2022,-23.6465169337738,-46.76311312353489,5,kilometer,489.0,"R$ 2.360,76",12.0,28.0,24.0,27.0,,morumbi
447292,2022,-23.607997677347,-46.7010288570976,5,kilometer,422.0,"R$ 2.360,76",27.0,33.0,44.0,37.0,,morumbi
432994,2022,-23.6405811084388,-46.7626119204202,5,kilometer,181.0,"R$ 2.359,41",22.0,14.0,13.0,18.0,,morumbi
432618,2022,-23.6428048315953,-46.761352771424704,5,kilometer,409.0,"R$ 2.356,82",13.0,13.0,19.0,23.0,,morumbi
450167,2022,-23.6001069105324,-46.774464645957,5,kilometer,228.0,"R$ 2.352,97",8.0,7.0,8.0,12.0,,morumbi
445611,2022,-23.6538260493806,-46.7320210294762,5,kilometer,600.0,"R$ 2.350,37",32.0,35.0,35.0,39.0,,morumbi
455506,2022,-23.6409957506307,-46.7304017474874,5,kilometer,867.0,"R$ 2.349,29",44.0,54.0,56.0,77.0,,morumbi
431367,2022,-23.5878884432172,-46.7324785737987,5,kilometer,84.0,"R$ 2.342,87",3.0,11.0,9.0,8.0,,morumbi
432837,2022,-23.6276077187153,-46.761614404456,5,kilometer,125.0,"R$ 2.340,02",10.0,13.0,6.0,4.0,,morumbi
432520,2022,-23.6368140269788,-46.752462332558494,5,kilometer,384.0,"R$ 2.338,78",19.0,17.0,27.0,26.0,,morumbi
432582,2022,-23.6315065251812,-46.7499886788246,5,kilometer,542.0,"R$ 2.334,44",28.0,32.0,38.0,32.0,,morumbi
432447,2022,-23.6356728265195,-46.7685602609154,5,kilometer,436.0,"R$ 2.332,10",30.0,31.0,27.0,34.0,,morumbi
432919,2022,-23.6450200770499,-46.7626613805062,5,kilometer,337.0,"R$ 2.328,32",16.0,25.0,22.0,20.0,,morumbi
432783,2022,-23.6403747670707,-46.772161749408,5,kilometer,668.0,"R$ 2.325,85",34.0,52.0,41.0,46.0,,morumbi
432987,2022,-23.6329294195684,-46.751473840596496,5,kilometer,479.0,"R$ 2.324,61",17.0,31.0,26.0,38.0,,morumbi
432576,2022,-23.633429800963,-46.755291773222,5,kilometer,812.0,"R$ 2.323,15",52.0,54.0,58.0,61.0,,morumbi
432975,2022,-23.6298571309685,-46.758663527131,5,kilometer,31.0,"R$ 2.316,00",0.0,,,0.0,,morumbi
432670,2022,-23.6383417573907,-46.7540116456908,5,kilometer,233.0,"R$ 2.314,07",17.0,13.0,12.0,9.0,,morumbi
432697,2022,-23.632718498259,-46.7492380009268,5,kilometer,375.0,"R$ 2.313,42",22.0,23.0,20.0,17.0,,morumbi
432483,2022,-23.6305474366392,-46.7580909792362,5,kilometer,311.0,"R$ 2.311,20",17.0,24.0,10.0,24.0,,morumbi
432740,2022,-23.63209166042,-46.7473301451623,5,kilometer,488.0,"R$ 2.303,86",23.0,25.0,30.0,20.0,,morumbi
445608,2022,-23.6508188065189,-46.7404687879964,5,kilometer,639.0,"R$ 2.301,90",35.0,47.0,28.0,50.0,,morumbi
432600,2022,-23.6372749793863,-46.7626283302719,5,kilometer,285.0,"R$ 2.300,02",20.0,21.0,11.0,13.0,,morumbi
432980,2022,-23.6442548873807,-46.7507722029926,5,kilometer,276.0,"R$ 2.299,15",12.0,18.0,16.0,21.0,,morumbi
432716,2022,-23.6268231913655,-46.74821693431871,5,kilometer,408.0,"R$ 2.298,99",22.0,21.0,26.0,34.0,,morumbi
432526,2022,-23.6435238491711,-46.75332566307689,5,kilometer,710.0,"R$ 2.297,19",41.0,37.0,49.0,46.0,,morumbi
445468,2022,-23.6488657841349,-46.73403937619951,5,kilometer,725.0,"R$ 2.294,82",39.0,48.0,40.0,63.0,,morumbi
450099,2022,-23.5927748265765,-46.767302838205694,5,kilometer,728.0,"R$ 2.293,26",28.0,39.0,41.0,46.0,,morumbi
455556,2022,-23.6205764802251,-46.7246181285927,5,kilometer,646.0,"R$ 2.292,74",31.0,43.0,50.0,44.0,,morumbi
463483,2022,-23.6237069256713,-46.7723116505738,5,kilometer,1064.0,"R$ 2.289,24",63.0,76.0,64.0,66.0,,morumbi
450180,2022,-23.5902991080345,-46.766264125786094,5,kilometer,368.0,"R$ 2.283,62",18.0,19.0,11.0,23.0,,morumbi
445613,2022,-23.6473749191986,-46.7557749626746,5,kilometer,382.0,"R$ 2.280,41",11.0,17.0,27.0,24.0,,morumbi
432971,2022,-23.6429729340405,-46.7487461949783,5,kilometer,91.0,"R$ 2.279,59",4.0,3.0,5.0,8.0,,morumbi
450678,2022,-23.5799502549877,-46.75233010401391,5,kilometer,263.0,"R$ 2.277,58",12.0,19.0,19.0,19.0,,morumbi
433437,2022,-23.6364728109461,-46.75314969770911,5,kilometer,125.0,"R$ 2.276,81",5.0,4.0,7.0,9.0,,morumbi
432733,2022,-23.6401153461627,-46.7468850091622,5,kilometer,403.0,"R$ 2.274,34",17.0,18.0,17.0,26.0,,morumbi
445450,2022,-23.6519838952815,-46.7392271898108,5,kilometer,721.0,"R$ 2.268,81",41.0,35.0,45.0,54.0,,morumbi
445604,2022,-23.6546487945836,-46.7337430081217,5,kilometer,412.0,"R$ 2.266,78",18.0,28.0,18.0,23.0,,morumbi
432709,2022,-23.6349697956597,-46.7565251613192,5,kilometer,392.0,"R$ 2.263,64",17.0,29.0,19.0,28.0,,morumbi
450102,2022,-23.5977117304606,-46.7654347443145,5,kilometer,341.0,"R$ 2.253,04",18.0,13.0,20.0,22.0,,morumbi
455670,2022,-23.6275869956379,-46.72609431897151,5,kilometer,15.0,"R$ 2.250,00",0.0,0.0,3.0,,,morumbi
445601,2022,-23.6524257980768,-46.746746622995694,5,kilometer,1037.0,"R$ 2.248,05",53.0,49.0,78.0,76.0,,morumbi
455587,2022,-23.6424420235794,-46.7324717399186,5,kilometer,737.0,"R$ 2.246,72",40.0,43.0,48.0,51.0,,morumbi
432777,2022,-23.6219202274489,-46.7498348801309,5,kilometer,624.0,"R$ 2.244,36",31.0,33.0,47.0,48.0,,morumbi
445416,2022,-23.6552474251572,-46.736460834500704,5,kilometer,640.0,"R$ 2.240,11",20.0,23.0,39.0,46.0,,morumbi
463387,2022,-23.6266425427365,-46.7785098720549,5,kilometer,757.0,"R$ 2.234,61",37.0,52.0,54.0,50.0,,morumbi
450321,2022,-23.5910092554555,-46.757447989794095,5,kilometer,245.0,"R$ 2.233,04",23.0,11.0,10.0,22.0,,morumbi
455442,2022,-23.6213908658444,-46.7268573324215,5,kilometer,404.0,"R$ 2.231,65",18.0,33.0,34.0,47.0,,morumbi
450166,2022,-23.5984416302221,-46.77540782620311,5,kilometer,221.0,"R$ 2.223,14",9.0,4.0,10.0,14.0,,morumbi
463386,2022,-23.6249926169016,-46.7763882387342,5,kilometer,498.0,"R$ 2.223,06",18.0,34.0,30.0,23.0,,morumbi
445431,2022,-23.6533775372181,-46.744004597036,5,kilometer,660.0,"R$ 2.216,88",36.0,43.0,47.0,54.0,,morumbi
445452,2022,-23.6541753495586,-46.7345942651394,5,kilometer,381.0,"R$ 2.215,28",20.0,19.0,24.0,21.0,,morumbi
432453,2022,-23.638673032129,-46.7680748119538,5,kilometer,472.0,"R$ 2.215,22",21.0,38.0,31.0,36.0,,morumbi
432763,2022,-23.6492002052127,-46.7604290951486,5,kilometer,382.0,"R$ 2.214,99",11.0,12.0,19.0,21.0,,morumbi
458236,2022,-23.5934386725622,-46.75360990545369,5,kilometer,514.0,"R$ 2.214,50",35.0,39.0,35.0,31.0,,morumbi
432855,2022,-23.6291990516499,-46.75643813184711,5,kilometer,354.0,"R$ 2.213,57",25.0,28.0,30.0,30.0,,morumbi
445508,2022,-23.6553319463309,-46.73798362308551,5,kilometer,454.0,"R$ 2.212,27",25.0,31.0,18.0,27.0,,morumbi
445612,2022,-23.6553925793742,-46.7309990716537,5,kilometer,384.0,"R$ 2.212,27",27.0,28.0,29.0,15.0,,morumbi
463385,2022,-23.6232213832413,-46.7744263945924,5,kilometer,577.0,"R$ 2.210,98",40.0,27.0,34.0,33.0,,morumbi
432523,2022,-23.6392018108761,-46.754714448614095,5,kilometer,631.0,"R$ 2.210,70",33.0,31.0,39.0,42.0,,morumbi
432728,2022,-23.6307681104462,-46.7537400969309,5,kilometer,280.0,"R$ 2.207,64",25.0,15.0,12.0,16.0,,morumbi
432866,2022,-23.6316053472404,-46.7434195208896,5,kilometer,148.0,"R$ 2.206,27",18.0,10.0,9.0,16.0,,morumbi
432487,2022,-23.6322810701426,-46.7580341955588,5,kilometer,414.0,"R$ 2.205,29",19.0,27.0,27.0,40.0,,morumbi
432615,2022,-23.6292514777546,-46.7588764918592,5,kilometer,304.0,"R$ 2.200,53",18.0,20.0,20.0,28.0,,morumbi
463542,2022,-23.6187930503374,-46.7769110650379,5,kilometer,501.0,"R$ 2.191,42",29.0,16.0,30.0,35.0,,morumbi
432858,2022,-23.6387680221616,-46.7513620159172,5,kilometer,482.0,"R$ 2.190,89",21.0,30.0,31.0,31.0,,morumbi
432791,2022,-23.6320008626026,-46.7619447555207,5,kilometer,721.0,"R$ 2.190,48",53.0,60.0,57.0,69.0,,morumbi
463401,2022,-23.6192035920591,-46.770082876981,5,kilometer,261.0,"R$ 2.189,61",9.0,14.0,21.0,10.0,,morumbi
433422,2022,-23.6415632839129,-46.7637811963571,5,kilometer,235.0,"R$ 2.188,79",9.0,21.0,12.0,19.0,,morumbi
432672,2022,-23.6503652115542,-46.760646498062094,5,kilometer,577.0,"R$ 2.186,18",26.0,25.0,28.0,35.0,,morumbi
432613,2022,-23.6299240201694,-46.756677882115504,5,kilometer,349.0,"R$ 2.184,14",22.0,21.0,14.0,28.0,,morumbi
432662,2022,-23.6383403871732,-46.7660833017536,5,kilometer,73.0,"R$ 2.180,50",3.0,4.0,9.0,5.0,,morumbi
432955,2022,-23.6362751313231,-46.7448738137918,5,kilometer,1064.0,"R$ 2.180,26",50.0,66.0,53.0,53.0,,morumbi
432969,2022,-23.6438589571809,-46.7499203069629,5,kilometer,21.0,"R$ 2.172,67",0.0,0.0,0.0,0.0,,morumbi
432637,2022,-23.6223486243683,-46.748368171586,5,kilometer,561.0,"R$ 2.172,18",28.0,36.0,32.0,29.0,,morumbi
432965,2022,-23.6339230041057,-46.7530518248257,5,kilometer,49.0,"R$ 2.172,00",3.0,8.0,,5.0,,morumbi
447196,2022,-23.6100028391163,-46.7026218559359,5,kilometer,630.0,"R$ 2.170,63",45.0,42.0,32.0,43.0,,morumbi
463543,2022,-23.6209429497337,-46.7732708487454,5,kilometer,572.0,"R$ 2.169,87",26.0,40.0,29.0,26.0,,morumbi
432560,2022,-23.642101683154,-46.7498477513696,5,kilometer,670.0,"R$ 2.167,50",38.0,33.0,44.0,50.0,,morumbi
432770,2022,-23.6274372735968,-46.7562010617087,5,kilometer,313.0,"R$ 2.166,90",17.0,22.0,26.0,22.0,,morumbi
463388,2022,-23.6267969539871,-46.7756478041016,5,kilometer,779.0,"R$ 2.160,31",42.0,50.0,51.0,54.0,,morumbi
455604,2022,-23.6189781088313,-46.7263174279137,5,kilometer,533.0,"R$ 2.152,72",29.0,44.0,30.0,44.0,,morumbi
463638,2022,-23.6220672390683,-46.7661758377177,5,kilometer,32.0,"R$ 2.152,00",,5.0,5.0,,,morumbi
450100,2022,-23.5923221625826,-46.7654905924732,5,kilometer,339.0,"R$ 2.151,61",20.0,24.0,16.0,23.0,,morumbi
432455,2022,-23.6347479939014,-46.77364947428031,5,kilometer,435.0,"R$ 2.151,42",11.0,23.0,20.0,22.0,,morumbi
432957,2022,-23.6399571245884,-46.765306704827,5,kilometer,542.0,"R$ 2.150,90",32.0,32.0,40.0,43.0,,morumbi
433440,2022,-23.6375729156628,-46.7457039848776,5,kilometer,760.0,"R$ 2.131,57",62.0,50.0,26.0,28.0,,morumbi
463569,2022,-23.6264796146687,-46.769776011894095,5,kilometer,658.0,"R$ 2.129,27",30.0,50.0,41.0,48.0,,morumbi
432742,2022,-23.6388769916189,-46.7575374027673,5,kilometer,256.0,"R$ 2.128,58",15.0,11.0,15.0,18.0,,morumbi
450240,2022,-23.5895890600936,-46.7618161494446,5,kilometer,448.0,"R$ 2.128,11",16.0,24.0,31.0,27.0,,morumbi
432727,2022,-23.6300175345868,-46.75347202428289,5,kilometer,416.0,"R$ 2.128,04",23.0,30.0,39.0,30.0,,morumbi
432648,2022,-23.6299283182939,-46.7593176550148,5,kilometer,378.0,"R$ 2.127,25",32.0,25.0,30.0,28.0,,morumbi
432737,2022,-23.6247901800541,-46.76009061664671,5,kilometer,549.0,"R$ 2.119,73",26.0,22.0,29.0,25.0,,morumbi
458237,2022,-23.5913728612234,-46.7504585096834,5,kilometer,825.0,"R$ 2.116,79",51.0,86.0,73.0,66.0,,morumbi
432910,2022,-23.6403664950484,-46.7505573802279,5,kilometer,439.0,"R$ 2.112,79",26.0,25.0,32.0,24.0,,morumbi
445457,2022,-23.6512628949245,-46.73586974136111,5,kilometer,847.0,"R$ 2.108,38",48.0,53.0,49.0,68.0,,morumbi
432768,2022,-23.640112617581,-46.7525109973585,5,kilometer,588.0,"R$ 2.105,67",28.0,35.0,42.0,37.0,,morumbi
458207,2022,-23.6059493411202,-46.728600304857,5,kilometer,150.0,"R$ 2.105,38",8.0,13.0,14.0,14.0,,morumbi
432589,2022,-23.6261246865747,-46.7510301157666,5,kilometer,760.0,"R$ 2.105,29",48.0,67.0,52.0,45.0,,morumbi
445459,2022,-23.6540603487031,-46.73265361176711,5,kilometer,699.0,"R$ 2.101,39",42.0,40.0,41.0,44.0,,morumbi
445339,2022,-23.6501478456778,-46.734157155007104,5,kilometer,263.0,"R$ 2.099,82",13.0,21.0,17.0,17.0,,morumbi
447293,2022,-23.6077451671558,-46.7014390682849,5,kilometer,1005.0,"R$ 2.098,48",77.0,78.0,91.0,100.0,,morumbi
432577,2022,-23.6378217618428,-46.7581388797782,5,kilometer,611.0,"R$ 2.097,26",33.0,41.0,39.0,37.0,,morumbi
455507,2022,-23.6433722204999,-46.728231840959,5,kilometer,188.0,"R$ 2.096,25",13.0,7.0,7.0,16.0,,morumbi
432674,2022,-23.6351470562307,-46.7514754090635,5,kilometer,348.0,"R$ 2.094,93",15.0,17.0,25.0,23.0,,morumbi
445574,2022,-23.6542310929304,-46.7508785723867,5,kilometer,889.0,"R$ 2.091,67",49.0,76.0,75.0,67.0,,morumbi
433436,2022,-23.6377066286167,-46.753268957737504,5,kilometer,350.0,"R$ 2.089,93",15.0,24.0,21.0,31.0,,morumbi
445639,2022,-23.6525255952264,-46.7430721261095,5,kilometer,393.0,"R$ 2.087,92",29.0,24.0,18.0,29.0,,morumbi
445780,2022,-23.656173987173,-46.7305194177224,5,kilometer,212.0,"R$ 2.087,54",8.0,10.0,10.0,12.0,,morumbi
463389,2022,-23.6281029886753,-46.7743335369356,5,kilometer,615.0,"R$ 2.084,51",32.0,39.0,36.0,36.0,,morumbi
432633,2022,-23.6359838091854,-46.75075456864911,5,kilometer,585.0,"R$ 2.080,73",36.0,25.0,41.0,31.0,,morumbi
455544,2022,-23.6175530471962,-46.7213808250745,5,kilometer,461.0,"R$ 2.079,77",26.0,28.0,42.0,49.0,,morumbi
455338,2022,-23.6204196719042,-46.7455685195421,5,kilometer,534.0,"R$ 2.078,99",34.0,34.0,35.0,50.0,,morumbi
458335,2022,-23.6140776840762,-46.7484390954332,5,kilometer,601.0,"R$ 2.078,78",33.0,37.0,57.0,47.0,,morumbi
433438,2022,-23.6353393080479,-46.7491790969058,5,kilometer,692.0,"R$ 2.076,61",51.0,44.0,39.0,42.0,,morumbi
432525,2022,-23.6415904971368,-46.7505466456855,5,kilometer,273.0,"R$ 2.070,85",13.0,14.0,19.0,22.0,,morumbi
433441,2022,-23.6377549350637,-46.745074515535,5,kilometer,432.0,"R$ 2.068,64",30.0,24.0,21.0,15.0,,morumbi
463384,2022,-23.6237199778639,-46.7704843304395,5,kilometer,687.0,"R$ 2.068,59",41.0,36.0,49.0,57.0,,morumbi
463571,2022,-23.6253525651537,-46.7718494914382,5,kilometer,619.0,"R$ 2.068,18",32.0,58.0,36.0,34.0,,morumbi
447195,2022,-23.6088567241314,-46.7021984167718,5,kilometer,336.0,"R$ 2.068,10",18.0,17.0,37.0,24.0,,morumbi
455316,2022,-23.6420777458327,-46.7310872302986,5,kilometer,278.0,"R$ 2.063,68",18.0,14.0,17.0,24.0,,morumbi
450123,2022,-23.5906478925265,-46.7613896316985,5,kilometer,962.0,"R$ 2.063,32",65.0,74.0,63.0,83.0,,morumbi
433434,2022,-23.6382222750338,-46.7612182681781,5,kilometer,324.0,"R$ 2.062,89",12.0,20.0,17.0,27.0,,morumbi
455596,2022,-23.6157916696692,-46.7302999146012,5,kilometer,782.0,"R$ 2.055,57",56.0,59.0,52.0,61.0,,morumbi
463570,2022,-23.6246100285398,-46.7732682307858,5,kilometer,632.0,"R$ 2.054,37",41.0,53.0,37.0,42.0,,morumbi
455329,2022,-23.6181756778762,-46.7256979540968,5,kilometer,465.0,"R$ 2.054,19",43.0,33.0,34.0,35.0,,morumbi
432741,2022,-23.6330789905991,-46.7466323585879,5,kilometer,351.0,"R$ 2.048,02",19.0,19.0,22.0,28.0,,morumbi
455602,2022,-23.6172712805095,-46.7260709277193,5,kilometer,306.0,"R$ 2.039,08",20.0,26.0,20.0,26.0,,morumbi
432944,2022,-23.6336975964746,-46.7452784507088,5,kilometer,1024.0,"R$ 2.034,63",62.0,63.0,57.0,73.0,,morumbi
432522,2022,-23.6366733450485,-46.75383823036911,5,kilometer,526.0,"R$ 2.022,36",36.0,26.0,34.0,36.0,,morumbi
432938,2022,-23.6284559783285,-46.7593576704004,5,kilometer,224.0,"R$ 2.020,03",18.0,18.0,14.0,14.0,,morumbi
432489,2022,-23.6344119745297,-46.757326122435,5,kilometer,661.0,"R$ 2.007,61",41.0,50.0,46.0,60.0,,morumbi
432713,2022,-23.6237483283621,-46.7480175587536,5,kilometer,849.0,"R$ 2.004,83",69.0,57.0,67.0,72.0,,morumbi
463882,2022,-23.6230473695404,-46.76838864510351,5,kilometer,400.0,"R$ 1.998,34",26.0,34.0,27.0,34.0,,morumbi
458238,2022,-23.5917818764367,-46.7513461075136,5,kilometer,372.0,"R$ 1.993,52",30.0,31.0,27.0,28.0,,morumbi
458241,2022,-23.5903604550677,-46.7502009526973,5,kilometer,1164.0,"R$ 1.993,03",83.0,115.0,107.0,92.0,,morumbi
432711,2022,-23.6369891059932,-46.7558441833113,5,kilometer,503.0,"R$ 1.992,48",25.0,35.0,26.0,36.0,,morumbi
447234,2022,-23.610621162344,-46.723356862481694,5,kilometer,507.0,"R$ 1.990,61",38.0,43.0,37.0,55.0,,morumbi
455303,2022,-23.6156925762769,-46.720452080003,5,kilometer,788.0,"R$ 1.989,66",49.0,77.0,53.0,61.0,,morumbi
447197,2022,-23.6094809611177,-46.7031753577754,5,kilometer,751.0,"R$ 1.981,12",40.0,56.0,47.0,75.0,,morumbi
432668,2022,-23.6252421941102,-46.76218425966071,5,kilometer,365.0,"R$ 1.979,31",26.0,31.0,21.0,34.0,,morumbi
432480,2022,-23.6271101090833,-46.7601375759992,5,kilometer,505.0,"R$ 1.978,47",36.0,38.0,27.0,32.0,,morumbi
432656,2022,-23.6249092913078,-46.7511683971054,5,kilometer,393.0,"R$ 1.977,37",20.0,27.0,30.0,32.0,,morumbi
450101,2022,-23.5954621643221,-46.763360020801294,5,kilometer,979.0,"R$ 1.968,46",95.0,62.0,71.0,62.0,,morumbi
458283,2022,-23.5918554943042,-46.751937736700704,5,kilometer,957.0,"R$ 1.961,03",69.0,99.0,89.0,91.0,,morumbi
450103,2022,-23.5976810977796,-46.7668162406838,5,kilometer,567.0,"R$ 1.960,28",28.0,39.0,32.0,43.0,,morumbi
463445,2022,-23.6188341145737,-46.7670418192309,5,kilometer,383.0,"R$ 1.958,84",15.0,24.0,24.0,18.0,,morumbi
458151,2022,-23.5912981085924,-46.75338055000049,5,kilometer,81.0,"R$ 1.954,96",4.0,5.0,5.0,5.0,,morumbi
455615,2022,-23.6432182329911,-46.7294857927519,5,kilometer,507.0,"R$ 1.949,77",38.0,42.0,38.0,37.0,,morumbi
455589,2022,-23.6375888897742,-46.7413963194083,5,kilometer,613.0,"R$ 1.944,18",36.0,56.0,40.0,55.0,,morumbi
432766,2022,-23.641098809911,-46.7540953106351,5,kilometer,581.0,"R$ 1.942,13",32.0,36.0,39.0,48.0,,morumbi
432967,2022,-23.6379672265713,-46.75060736883471,5,kilometer,848.0,"R$ 1.931,81",63.0,50.0,53.0,69.0,,morumbi
458106,2022,-23.6071035422308,-46.7269964256434,5,kilometer,701.0,"R$ 1.928,49",49.0,45.0,43.0,57.0,,morumbi
455440,2022,-23.6139062229597,-46.73005113757,5,kilometer,171.0,"R$ 1.927,88",8.0,8.0,16.0,12.0,,morumbi
432592,2022,-23.6344297339812,-46.7418244020053,5,kilometer,297.0,"R$ 1.927,14",13.0,32.0,19.0,16.0,,morumbi
455385,2022,-23.6184366412704,-46.7234428213569,5,kilometer,603.0,"R$ 1.923,07",31.0,58.0,48.0,77.0,,morumbi
455612,2022,-23.6197928988399,-46.7294547029348,5,kilometer,783.0,"R$ 1.917,76",61.0,62.0,42.0,56.0,,morumbi
455593,2022,-23.6156296407714,-46.721713832492,5,kilometer,677.0,"R$ 1.917,70",36.0,49.0,42.0,58.0,,morumbi
458235,2022,-23.5917000667134,-46.754025660188304,5,kilometer,555.0,"R$ 1.912,82",40.0,47.0,54.0,47.0,,morumbi
455554,2022,-23.6173312112382,-46.72372778873351,5,kilometer,533.0,"R$ 1.912,24",36.0,49.0,43.0,60.0,,morumbi
455547,2022,-23.6209905062385,-46.7285147319074,5,kilometer,406.0,"R$ 1.910,79",48.0,41.0,35.0,26.0,,morumbi
458351,2022,-23.5925659329629,-46.7564887482859,5,kilometer,386.0,"R$ 1.901,78",41.0,28.0,33.0,35.0,,morumbi
458123,2022,-23.5926194182405,-46.7525988315873,5,kilometer,185.0,"R$ 1.901,38",13.0,13.0,12.0,12.0,,morumbi
455431,2022,-23.6184227502385,-46.731181031173904,5,kilometer,785.0,"R$ 1.895,66",83.0,61.0,61.0,57.0,,morumbi
432850,2022,-23.6434800506659,-46.7604707006584,5,kilometer,243.0,"R$ 1.895,61",28.0,19.0,16.0,17.0,,morumbi
455560,2022,-23.6194130329731,-46.7309399121408,5,kilometer,416.0,"R$ 1.893,34",34.0,30.0,29.0,38.0,,morumbi
450121,2022,-23.5897714537854,-46.7641545923086,5,kilometer,702.0,"R$ 1.884,88",52.0,52.0,34.0,60.0,,morumbi
432601,2022,-23.6395921688551,-46.768084246622095,5,kilometer,510.0,"R$ 1.882,94",10.0,19.0,32.0,43.0,,morumbi
455597,2022,-23.6157193651886,-46.7295879445584,5,kilometer,735.0,"R$ 1.882,08",50.0,55.0,62.0,71.0,,morumbi
432956,2022,-23.6357579327648,-46.7438872912302,5,kilometer,139.0,"R$ 1.878,78",10.0,17.0,17.0,5.0,,morumbi
458213,2022,-23.6094953750185,-46.7278611188817,5,kilometer,1275.0,"R$ 1.874,15",94.0,101.0,120.0,98.0,,morumbi
455640,2022,-23.6174567607436,-46.73071968368711,5,kilometer,783.0,"R$ 1.872,73",64.0,61.0,68.0,86.0,,morumbi
458214,2022,-23.6110449974679,-46.7282779210382,5,kilometer,586.0,"R$ 1.868,98",40.0,51.0,31.0,59.0,,morumbi
455665,2022,-23.636787342112,-46.741647229958,5,kilometer,417.0,"R$ 1.868,86",46.0,37.0,45.0,42.0,,morumbi
450320,2022,-23.5882023556488,-46.7575724578748,5,kilometer,483.0,"R$ 1.868,40",32.0,33.0,40.0,33.0,,morumbi
432462,2022,-23.6283964464505,-46.7608950957944,5,kilometer,458.0,"R$ 1.867,60",28.0,34.0,37.0,39.0,,morumbi
432873,2022,-23.6447780776558,-46.75450409002391,5,kilometer,602.0,"R$ 1.864,70",42.0,45.0,43.0,41.0,,morumbi
458292,2022,-23.5931453239376,-46.7555365097352,5,kilometer,350.0,"R$ 1.863,14",29.0,32.0,25.0,40.0,,morumbi
432963,2022,-23.6333685846773,-46.7521261962384,5,kilometer,105.0,"R$ 1.856,55",11.0,4.0,4.0,12.0,,morumbi
455594,2022,-23.6151968563265,-46.725675925111,5,kilometer,503.0,"R$ 1.852,62",29.0,35.0,29.0,25.0,,morumbi
455613,2022,-23.6202686415554,-46.72977398430729,5,kilometer,547.0,"R$ 1.852,04",50.0,49.0,33.0,50.0,,morumbi
432494,2022,-23.6417730412188,-46.760345540501,5,kilometer,535.0,"R$ 1.850,01",26.0,36.0,38.0,42.0,,morumbi
455669,2022,-23.6164372956792,-46.7201927943263,5,kilometer,87.0,"R$ 1.848,70",4.0,4.0,,9.0,,morumbi
458208,2022,-23.6061160183467,-46.7268330610772,5,kilometer,910.0,"R$ 1.847,68",60.0,69.0,71.0,87.0,,morumbi
455383,2022,-23.6164414161326,-46.7233977302449,5,kilometer,1017.0,"R$ 1.843,80",62.0,86.0,80.0,90.0,,morumbi
455592,2022,-23.615542726068,-46.7227873818043,5,kilometer,1217.0,"R$ 1.843,09",96.0,108.0,87.0,90.0,,morumbi
433431,2022,-23.6200052402453,-46.748760371408,5,kilometer,59.0,"R$ 1.842,19",,4.0,,,,morumbi
432488,2022,-23.6316263571323,-46.75249940691769,5,kilometer,495.0,"R$ 1.841,85",29.0,34.0,37.0,47.0,,morumbi
432854,2022,-23.6280002812171,-46.7583679293168,5,kilometer,675.0,"R$ 1.840,97",38.0,54.0,56.0,59.0,,morumbi
445525,2022,-23.6490495750141,-46.7334814684799,5,kilometer,277.0,"R$ 1.839,24",25.0,22.0,17.0,24.0,,morumbi
463383,2022,-23.6198124822605,-46.7720679569056,5,kilometer,658.0,"R$ 1.837,18",31.0,47.0,46.0,42.0,,morumbi
455314,2022,-23.6122872440957,-46.7249404729346,5,kilometer,827.0,"R$ 1.836,41",77.0,56.0,56.0,69.0,,morumbi
458124,2022,-23.5911536164866,-46.751392663447,5,kilometer,857.0,"R$ 1.830,11",71.0,82.0,76.0,75.0,,morumbi
447218,2022,-23.6090956827433,-46.7014206287084,5,kilometer,315.0,"R$ 1.827,43",15.0,21.0,25.0,19.0,,morumbi
455605,2022,-23.6192928060102,-46.725814787019104,5,kilometer,941.0,"R$ 1.825,08",73.0,80.0,76.0,55.0,,morumbi
455555,2022,-23.6201202420528,-46.7260951984924,5,kilometer,1435.0,"R$ 1.823,46",91.0,95.0,109.0,115.0,,morumbi
450847,2022,-23.5827108765505,-46.757586859426894,5,kilometer,583.0,"R$ 1.820,03",44.0,55.0,39.0,70.0,,morumbi
458337,2022,-23.61484669976,-46.74709715723569,5,kilometer,157.0,"R$ 1.810,81",11.0,23.0,13.0,15.0,,morumbi
455672,2022,-23.6189471613168,-46.7247602333636,5,kilometer,537.0,"R$ 1.805,85",36.0,60.0,53.0,55.0,,morumbi
445689,2022,-23.6452841887396,-46.7356112734472,5,kilometer,631.0,"R$ 1.803,76",42.0,39.0,48.0,56.0,,morumbi
455567,2022,-23.6169813062179,-46.7270222584344,5,kilometer,638.0,"R$ 1.801,66",63.0,61.0,50.0,54.0,,morumbi
458195,2022,-23.5901055279984,-46.7447793110108,5,kilometer,619.0,"R$ 1.798,52",33.0,54.0,46.0,55.0,,morumbi
432445,2022,-23.6379906208226,-46.7674859302858,5,kilometer,440.0,"R$ 1.796,49",30.0,28.0,27.0,37.0,,morumbi
455553,2022,-23.617608419521,-46.722684291993694,5,kilometer,336.0,"R$ 1.795,87",21.0,24.0,29.0,24.0,,morumbi
455601,2022,-23.6166253372566,-46.721706837941504,5,kilometer,1228.0,"R$ 1.786,69",111.0,106.0,82.0,118.0,,morumbi
432719,2022,-23.6451714057706,-46.7532916331684,5,kilometer,518.0,"R$ 1.784,45",29.0,35.0,42.0,43.0,,morumbi
455583,2022,-23.6161515177379,-46.7247671467049,5,kilometer,455.0,"R$ 1.774,95",45.0,20.0,46.0,34.0,,morumbi
445540,2022,-23.6553232002763,-46.7295614640608,5,kilometer,1082.0,"R$ 1.773,94",103.0,84.0,82.0,95.0,,morumbi
458209,2022,-23.6070237175494,-46.72790150462129,5,kilometer,699.0,"R$ 1.767,42",41.0,62.0,59.0,55.0,,morumbi
445464,2022,-23.6487687504536,-46.7425910670294,5,kilometer,367.0,"R$ 1.766,87",21.0,19.0,25.0,28.0,,morumbi
455600,2022,-23.6169007398436,-46.7291238132364,5,kilometer,918.0,"R$ 1.766,42",70.0,91.0,64.0,82.0,,morumbi
433439,2022,-23.6353506588646,-46.7500443078594,5,kilometer,68.0,"R$ 1.763,50",3.0,4.0,4.0,8.0,,morumbi
432574,2022,-23.6278192561935,-46.7606558665748,5,kilometer,202.0,"R$ 1.758,51",16.0,16.0,14.0,9.0,,morumbi
463735,2022,-23.618077239556,-46.76821412126751,5,kilometer,632.0,"R$ 1.748,14",31.0,39.0,56.0,45.0,,morumbi
432679,2022,-23.637968196461,-46.7444093500148,5,kilometer,373.0,"R$ 1.746,55",18.0,22.0,25.0,32.0,,morumbi
455327,2022,-23.6182216699581,-46.724170156741295,5,kilometer,646.0,"R$ 1.742,75",47.0,70.0,67.0,56.0,,morumbi
455603,2022,-23.6173823927307,-46.7249296618412,5,kilometer,390.0,"R$ 1.740,76",17.0,25.0,17.0,16.0,,morumbi
445533,2022,-23.6538124803825,-46.74853713483311,5,kilometer,147.0,"R$ 1.739,98",7.0,9.0,9.0,8.0,,morumbi
432515,2022,-23.625520712133,-46.7563535864052,5,kilometer,246.0,"R$ 1.733,57",13.0,14.0,17.0,16.0,,morumbi
432675,2022,-23.6249736008657,-46.7478566457118,5,kilometer,252.0,"R$ 1.732,41",24.0,18.0,20.0,22.0,,morumbi
432683,2022,-23.6356669802137,-46.75059712362351,5,kilometer,166.0,"R$ 1.732,30",8.0,10.0,9.0,10.0,,morumbi
432847,2022,-23.624360329722,-46.7474439394289,5,kilometer,286.0,"R$ 1.729,83",24.0,27.0,32.0,29.0,,morumbi
458150,2022,-23.5987764613143,-46.7356336748415,5,kilometer,610.0,"R$ 1.729,56",38.0,37.0,35.0,36.0,,morumbi
445787,2022,-23.6566197066156,-46.72942448692911,5,kilometer,181.0,"R$ 1.728,95",13.0,19.0,15.0,16.0,,morumbi
432524,2022,-23.640342670414,-46.7536420121577,5,kilometer,455.0,"R$ 1.720,82",21.0,38.0,29.0,32.0,,morumbi
432619,2022,-23.6436237930847,-46.760810291023695,5,kilometer,478.0,"R$ 1.719,75",39.0,27.0,44.0,39.0,,morumbi
458348,2022,-23.6129360037166,-46.7491491617082,5,kilometer,89.0,"R$ 1.718,48",6.0,11.0,6.0,8.0,,morumbi
458293,2022,-23.5929116722997,-46.75463861792289,5,kilometer,539.0,"R$ 1.713,48",33.0,42.0,24.0,47.0,,morumbi
455607,2022,-23.6133258724315,-46.724612642823296,5,kilometer,538.0,"R$ 1.712,26",46.0,47.0,45.0,34.0,,morumbi
432914,2022,-23.6312105701653,-46.7432885048396,5,kilometer,411.0,"R$ 1.711,86",33.0,36.0,38.0,44.0,,morumbi
455574,2022,-23.6139001663932,-46.7285250144578,5,kilometer,1967.0,"R$ 1.710,17",153.0,172.0,172.0,159.0,,morumbi
458355,2022,-23.6089524774792,-46.7283543630267,5,kilometer,736.0,"R$ 1.709,52",52.0,65.0,70.0,56.0,,morumbi
445781,2022,-23.6554622341131,-46.73044877090511,5,kilometer,230.0,"R$ 1.707,62",10.0,15.0,15.0,22.0,,morumbi
455632,2022,-23.6144120329775,-46.7234821857476,5,kilometer,296.0,"R$ 1.704,57",27.0,21.0,29.0,23.0,,morumbi
432517,2022,-23.6260772762514,-46.753153560535694,5,kilometer,1165.0,"R$ 1.701,74",121.0,85.0,65.0,80.0,,morumbi
432602,2022,-23.6358427747505,-46.7737871145311,5,kilometer,573.0,"R$ 1.701,70",18.0,21.0,39.0,39.0,,morumbi
455591,2022,-23.6153441864911,-46.723718759478096,5,kilometer,351.0,"R$ 1.697,09",33.0,29.0,27.0,35.0,,morumbi
432624,2022,-23.6274535578468,-46.7508643457509,5,kilometer,267.0,"R$ 1.695,41",19.0,22.0,19.0,23.0,,morumbi
447296,2022,-23.6076629804561,-46.7233849115286,5,kilometer,823.0,"R$ 1.693,96",53.0,70.0,69.0,79.0,,morumbi
455551,2022,-23.6176436394122,-46.72811513356729,5,kilometer,527.0,"R$ 1.690,56",41.0,43.0,44.0,55.0,,morumbi
455379,2022,-23.6365030003114,-46.7397053143588,5,kilometer,592.0,"R$ 1.686,61",51.0,44.0,51.0,67.0,,morumbi
455438,2022,-23.6380350745037,-46.73797659654591,5,kilometer,246.0,"R$ 1.682,47",19.0,22.0,16.0,14.0,,morumbi
455569,2022,-23.6159787613893,-46.72801919314831,5,kilometer,1169.0,"R$ 1.680,38",105.0,98.0,73.0,119.0,,morumbi
432681,2022,-23.6349526772896,-46.74469431740751,5,kilometer,462.0,"R$ 1.676,47",26.0,24.0,52.0,37.0,,morumbi
433433,2022,-23.6306390345632,-46.7565833853638,5,kilometer,89.0,"R$ 1.676,15",4.0,0.0,12.0,5.0,,morumbi
455318,2022,-23.6184147124311,-46.74368000115,5,kilometer,579.0,"R$ 1.676,11",42.0,48.0,44.0,62.0,,morumbi
455561,2022,-23.6197766977576,-46.7307074048718,5,kilometer,548.0,"R$ 1.671,68",45.0,51.0,42.0,41.0,,morumbi
458282,2022,-23.5915157740259,-46.7528552665567,5,kilometer,442.0,"R$ 1.669,16",31.0,48.0,41.0,33.0,,morumbi
455576,2022,-23.612920890989,-46.7284302363352,5,kilometer,845.0,"R$ 1.668,94",80.0,85.0,88.0,74.0,,morumbi
455566,2022,-23.617001452305,-46.7280162196188,5,kilometer,984.0,"R$ 1.666,10",78.0,78.0,84.0,81.0,,morumbi
458239,2022,-23.5904389002404,-46.7525962959683,5,kilometer,865.0,"R$ 1.663,08",77.0,78.0,52.0,68.0,,morumbi
455552,2022,-23.6181545511289,-46.7280735140457,5,kilometer,790.0,"R$ 1.660,23",59.0,58.0,58.0,84.0,,morumbi
432710,2022,-23.6370454722518,-46.7568915368456,5,kilometer,448.0,"R$ 1.659,66",26.0,34.0,22.0,33.0,,morumbi
455595,2022,-23.6152976851529,-46.7246572781405,5,kilometer,602.0,"R$ 1.659,54",43.0,64.0,45.0,36.0,,morumbi
432464,2022,-23.6360447630344,-46.758733843688304,5,kilometer,722.0,"R$ 1.658,72",40.0,51.0,51.0,66.0,,morumbi
458105,2022,-23.6060155441093,-46.7290892308097,5,kilometer,737.0,"R$ 1.658,37",42.0,53.0,56.0,55.0,,morumbi
432867,2022,-23.631577725038,-46.7443762713057,5,kilometer,702.0,"R$ 1.657,93",63.0,61.0,71.0,77.0,,morumbi
455586,2022,-23.6135088806498,-46.7227485788978,5,kilometer,953.0,"R$ 1.657,09",73.0,76.0,75.0,81.0,,morumbi
455559,2022,-23.6145324611797,-46.720069362149694,5,kilometer,872.0,"R$ 1.655,29",68.0,78.0,73.0,87.0,,morumbi
432974,2022,-23.6292715669657,-46.757735092251,5,kilometer,904.0,"R$ 1.654,18",56.0,86.0,71.0,64.0,,morumbi
455666,2022,-23.6388446971012,-46.7435879424655,5,kilometer,265.0,"R$ 1.652,99",31.0,35.0,18.0,17.0,,morumbi
455558,2022,-23.6146641179363,-46.7208419546683,5,kilometer,809.0,"R$ 1.652,09",68.0,88.0,73.0,66.0,,morumbi
445847,2022,-23.6552177500664,-46.7276528685156,5,kilometer,906.0,"R$ 1.651,87",79.0,76.0,66.0,87.0,,morumbi
445638,2022,-23.6478766771267,-46.7464982573234,5,kilometer,181.0,"R$ 1.649,33",14.0,12.0,10.0,10.0,,morumbi
455565,2022,-23.6178114286526,-46.7293243614583,5,kilometer,1124.0,"R$ 1.648,29",89.0,96.0,74.0,107.0,,morumbi
458290,2022,-23.6115044278134,-46.7292151501532,5,kilometer,689.0,"R$ 1.648,13",59.0,60.0,62.0,65.0,,morumbi
455437,2022,-23.6123132938212,-46.72709447334471,5,kilometer,1259.0,"R$ 1.644,32",117.0,113.0,96.0,124.0,,morumbi
455572,2022,-23.6147887370344,-46.7299093980422,5,kilometer,937.0,"R$ 1.643,08",64.0,60.0,71.0,68.0,,morumbi
447219,2022,-23.6082044462823,-46.700627879849904,5,kilometer,566.0,"R$ 1.642,72",32.0,48.0,36.0,41.0,,morumbi
455614,2022,-23.6424997841196,-46.7291624254288,5,kilometer,1055.0,"R$ 1.642,37",79.0,88.0,87.0,99.0,,morumbi
455598,2022,-23.6159139107429,-46.728817773693294,5,kilometer,790.0,"R$ 1.641,27",93.0,73.0,67.0,51.0,,morumbi
445772,2022,-23.6567263093537,-46.7275753840365,5,kilometer,217.0,"R$ 1.638,64",28.0,17.0,14.0,19.0,,morumbi
458107,2022,-23.6099018765911,-46.7285502693923,5,kilometer,1188.0,"R$ 1.638,48",69.0,92.0,95.0,91.0,,morumbi
431354,2022,-23.5831877721573,-46.743037272806,5,kilometer,583.0,"R$ 1.634,38",46.0,46.0,47.0,62.0,,morumbi
455582,2022,-23.6164230920346,-46.72541227311849,5,kilometer,751.0,"R$ 1.631,24",57.0,78.0,59.0,66.0,,morumbi
463771,2022,-23.6284213545109,-46.7754345292206,5,kilometer,511.0,"R$ 1.629,49",31.0,30.0,34.0,31.0,,morumbi
455337,2022,-23.6249243072294,-46.7456594186498,5,kilometer,558.0,"R$ 1.625,79",50.0,45.0,44.0,51.0,,morumbi
455579,2022,-23.6141944397563,-46.7258226063924,5,kilometer,1032.0,"R$ 1.625,33",102.0,118.0,61.0,60.0,,morumbi
455550,2022,-23.6180116056391,-46.7270326585894,5,kilometer,651.0,"R$ 1.623,50",47.0,60.0,56.0,53.0,,morumbi
445752,2022,-23.6563376864724,-46.7281390087705,5,kilometer,367.0,"R$ 1.622,81",33.0,35.0,29.0,24.0,,morumbi
432671,2022,-23.6380378907057,-46.7550523013386,5,kilometer,235.0,"R$ 1.617,90",4.0,13.0,19.0,23.0,,morumbi
447311,2022,-23.6029641397439,-46.69975298681,5,kilometer,506.0,"R$ 1.616,20",34.0,51.0,37.0,44.0,,morumbi
458356,2022,-23.608893831656,-46.7289136544938,5,kilometer,464.0,"R$ 1.614,66",30.0,34.0,45.0,46.0,,morumbi
455633,2022,-23.6145342107076,-46.72249371774991,5,kilometer,560.0,"R$ 1.613,31",47.0,45.0,39.0,42.0,,morumbi
455590,2022,-23.6369689111387,-46.7403690983634,5,kilometer,1149.0,"R$ 1.612,60",78.0,104.0,95.0,96.0,,morumbi
455599,2022,-23.6167077372373,-46.7298306313461,5,kilometer,816.0,"R$ 1.609,84",78.0,83.0,56.0,64.0,,morumbi
455581,2022,-23.6160457488876,-46.7260624600403,5,kilometer,276.0,"R$ 1.609,72",20.0,25.0,29.0,15.0,,morumbi
432544,2022,-23.6283893695225,-46.7490452026938,5,kilometer,614.0,"R$ 1.607,52",43.0,58.0,48.0,47.0,,morumbi
455575,2022,-23.6140975097998,-46.7270666868744,5,kilometer,1496.0,"R$ 1.605,93",134.0,130.0,117.0,112.0,,morumbi
455573,2022,-23.6148420209723,-46.7288919093997,5,kilometer,1323.0,"R$ 1.603,86",125.0,123.0,113.0,88.0,,morumbi
432871,2022,-23.6455226244594,-46.761291094283294,5,kilometer,1117.0,"R$ 1.603,73",59.0,105.0,94.0,103.0,,morumbi
432634,2022,-23.6447066567865,-46.7518706115332,5,kilometer,446.0,"R$ 1.602,89",32.0,36.0,35.0,48.0,,morumbi
445690,2022,-23.646975173339,-46.7362358768332,5,kilometer,682.0,"R$ 1.601,74",48.0,48.0,46.0,58.0,,morumbi
450217,2022,-23.5913686495634,-46.76205631246391,5,kilometer,267.0,"R$ 1.600,89",18.0,19.0,25.0,23.0,,morumbi
455300,2022,-23.6200054463659,-46.7271139598409,5,kilometer,881.0,"R$ 1.598,42",96.0,87.0,102.0,80.0,,morumbi
455580,2022,-23.6142968545877,-46.7247732539634,5,kilometer,545.0,"R$ 1.597,71",49.0,52.0,50.0,42.0,,morumbi
458347,2022,-23.6122012659123,-46.7488049250312,5,kilometer,309.0,"R$ 1.592,33",11.0,26.0,22.0,36.0,,morumbi
455571,2022,-23.6150774662947,-46.7266936619759,5,kilometer,705.0,"R$ 1.587,75",51.0,55.0,37.0,46.0,,morumbi
432604,2022,-23.6368566190642,-46.759591210483,5,kilometer,721.0,"R$ 1.585,81",37.0,40.0,59.0,52.0,,morumbi
455568,2022,-23.6160480256139,-46.7269821170774,5,kilometer,625.0,"R$ 1.580,66",47.0,52.0,44.0,60.0,,morumbi
445472,2022,-23.6470133983878,-46.7357463705886,5,kilometer,349.0,"R$ 1.580,45",28.0,28.0,29.0,30.0,,morumbi
458108,2022,-23.6090390632888,-46.7295169606344,5,kilometer,1062.0,"R$ 1.577,78",85.0,87.0,96.0,87.0,,morumbi
445706,2022,-23.6556204160647,-46.728456316721,5,kilometer,349.0,"R$ 1.577,77",27.0,30.0,36.0,35.0,,morumbi
432581,2022,-23.6249551616687,-46.752284312538,5,kilometer,816.0,"R$ 1.576,07",105.0,54.0,53.0,33.0,,morumbi
455564,2022,-23.6178174139767,-46.7302147587072,5,kilometer,762.0,"R$ 1.575,76",60.0,72.0,58.0,78.0,,morumbi
432990,2022,-23.6323180307309,-46.7531769120124,5,kilometer,482.0,"R$ 1.572,88",23.0,42.0,34.0,48.0,,morumbi
455606,2022,-23.6132150315081,-46.7256534359298,5,kilometer,983.0,"R$ 1.572,49",79.0,78.0,79.0,75.0,,morumbi
432848,2022,-23.6247319625735,-46.7466310243578,5,kilometer,369.0,"R$ 1.568,17",28.0,35.0,44.0,25.0,,morumbi
447215,2022,-23.603391511711,-46.6991785017948,5,kilometer,1295.0,"R$ 1.562,58",112.0,152.0,130.0,115.0,,morumbi
458284,2022,-23.5924805167281,-46.75053210463231,5,kilometer,1203.0,"R$ 1.550,80",111.0,131.0,96.0,116.0,,morumbi
458345,2022,-23.6107440719285,-46.7288108563798,5,kilometer,758.0,"R$ 1.549,81",76.0,65.0,52.0,55.0,,morumbi
455317,2022,-23.634869520201,-46.7409566761132,5,kilometer,1105.0,"R$ 1.549,71",76.0,100.0,91.0,120.0,,morumbi
458354,2022,-23.5900304569134,-46.7515672192359,5,kilometer,376.0,"R$ 1.548,88",37.0,35.0,23.0,23.0,,morumbi
432616,2022,-23.6314197406008,-46.7576566646721,5,kilometer,321.0,"R$ 1.548,42",14.0,24.0,23.0,24.0,,morumbi
432880,2022,-23.6376960126,-46.7665927843685,5,kilometer,250.0,"R$ 1.542,97",20.0,16.0,15.0,21.0,,morumbi
433432,2022,-23.6308263156381,-46.756461789017294,5,kilometer,412.0,"R$ 1.540,44",22.0,30.0,34.0,39.0,,morumbi
458210,2022,-23.6074846315443,-46.7289398372726,5,kilometer,945.0,"R$ 1.539,39",61.0,72.0,82.0,88.0,,morumbi
455578,2022,-23.6130514618883,-46.726507055212,5,kilometer,1130.0,"R$ 1.538,55",68.0,115.0,82.0,99.0,,morumbi
432516,2022,-23.6270751869437,-46.753845281759,5,kilometer,534.0,"R$ 1.536,76",40.0,51.0,44.0,44.0,,morumbi
458352,2022,-23.5928307680317,-46.75606510178351,5,kilometer,441.0,"R$ 1.536,24",41.0,42.0,37.0,43.0,,morumbi
432917,2022,-23.6379007555342,-46.76026733214791,5,kilometer,734.0,"R$ 1.535,79",62.0,63.0,41.0,53.0,,morumbi
433857,2022,-23.6526569063752,-46.7544680400352,5,kilometer,721.0,"R$ 1.534,46",62.0,47.0,64.0,71.0,,morumbi
455608,2022,-23.6187517551515,-46.7284629836604,5,kilometer,665.0,"R$ 1.532,37",38.0,77.0,52.0,56.0,,morumbi
432966,2022,-23.6336693051505,-46.7525862731276,5,kilometer,25.0,"R$ 1.530,89",,,0.0,,,morumbi
447313,2022,-23.6009067282929,-46.6991194121479,5,kilometer,91.0,"R$ 1.517,86",8.0,5.0,9.0,11.0,,morumbi
458344,2022,-23.6040409020955,-46.7324388537876,5,kilometer,114.0,"R$ 1.512,50",5.0,13.0,9.0,14.0,,morumbi
433420,2022,-23.6268973249649,-46.7454840224792,5,kilometer,109.0,"R$ 1.508,35",10.0,11.0,8.0,7.0,,morumbi
455563,2022,-23.6188206911007,-46.7294664216673,5,kilometer,1089.0,"R$ 1.505,63",69.0,104.0,93.0,99.0,,morumbi
458281,2022,-23.5923774389549,-46.7555486196267,5,kilometer,455.0,"R$ 1.500,25",35.0,39.0,38.0,51.0,,morumbi
458240,2022,-23.5896042817263,-46.7506566413804,5,kilometer,1135.0,"R$ 1.499,85",88.0,106.0,87.0,107.0,,morumbi
455570,2022,-23.6150237474916,-46.727744225621294,5,kilometer,894.0,"R$ 1.497,48",58.0,59.0,66.0,86.0,,morumbi
458122,2022,-23.5921389432396,-46.7548851034131,5,kilometer,426.0,"R$ 1.496,60",25.0,38.0,31.0,34.0,,morumbi
445705,2022,-23.6560583414172,-46.7293895636884,5,kilometer,168.0,"R$ 1.494,49",8.0,10.0,11.0,24.0,,morumbi
432879,2022,-23.6369232891116,-46.7672666251766,5,kilometer,362.0,"R$ 1.494,09",19.0,30.0,29.0,37.0,,morumbi
455611,2022,-23.6188794759662,-46.7269213661861,5,kilometer,290.0,"R$ 1.493,16",21.0,19.0,28.0,30.0,,morumbi
432913,2022,-23.630372127374,-46.7439752319083,5,kilometer,549.0,"R$ 1.491,23",45.0,49.0,54.0,53.0,,morumbi
455557,2022,-23.6146155220334,-46.721754643167294,5,kilometer,593.0,"R$ 1.491,23",44.0,57.0,48.0,59.0,,morumbi
432870,2022,-23.644625708589,-46.76131241099,5,kilometer,1170.0,"R$ 1.487,70",100.0,119.0,86.0,117.0,,morumbi
455435,2022,-23.6209572290901,-46.725800813739504,5,kilometer,800.0,"R$ 1.483,98",76.0,68.0,82.0,74.0,,morumbi
458291,2022,-23.592736697676,-46.7499624978727,5,kilometer,1123.0,"R$ 1.479,29",116.0,114.0,95.0,106.0,,morumbi
455577,2022,-23.6130335287293,-46.727529573614,5,kilometer,1686.0,"R$ 1.475,31",160.0,166.0,155.0,138.0,,morumbi
450679,2022,-23.5794382474423,-46.751901402843,5,kilometer,323.0,"R$ 1.467,36",18.0,22.0,20.0,28.0,,morumbi
458212,2022,-23.6079341103057,-46.7277801313736,5,kilometer,313.0,"R$ 1.466,79",33.0,33.0,27.0,26.0,,morumbi
450780,2022,-23.5813365408967,-46.7568433480355,5,kilometer,906.0,"R$ 1.461,43",81.0,80.0,75.0,84.0,,morumbi
455436,2022,-23.6273280712167,-46.7278146101818,5,kilometer,224.0,"R$ 1.458,71",28.0,30.0,23.0,14.0,,morumbi
463532,2022,-23.6279235212561,-46.7775595091657,5,kilometer,609.0,"R$ 1.458,40",35.0,35.0,45.0,51.0,,morumbi
455609,2022,-23.6193427593645,-46.72830016090649,5,kilometer,617.0,"R$ 1.457,11",50.0,65.0,57.0,70.0,,morumbi
432991,2022,-23.6225338891562,-46.7473865777585,5,kilometer,618.0,"R$ 1.454,83",46.0,46.0,45.0,58.0,,morumbi
455585,2022,-23.6124980456237,-46.722939684291696,5,kilometer,1141.0,"R$ 1.450,93",108.0,184.0,48.0,68.0,,morumbi
458211,2022,-23.6079881004507,-46.7279644755623,5,kilometer,844.0,"R$ 1.450,67",59.0,71.0,60.0,46.0,,morumbi
458350,2022,-23.5982207192435,-46.7581817056748,5,kilometer,818.0,"R$ 1.450,44",65.0,79.0,79.0,83.0,,morumbi
455610,2022,-23.6188575792516,-46.7276736931998,5,kilometer,739.0,"R$ 1.437,20",73.0,82.0,63.0,59.0,,morumbi
455378,2022,-23.6358311377082,-46.740748788557504,5,kilometer,226.0,"R$ 1.432,15",18.0,15.0,20.0,18.0,,morumbi
447297,2022,-23.6082918129767,-46.722602868473295,5,kilometer,202.0,"R$ 1.430,63",10.0,17.0,10.0,4.0,,morumbi
455664,2022,-23.63793151143,-46.7416639539373,5,kilometer,235.0,"R$ 1.425,14",18.0,31.0,10.0,18.0,,morumbi
432661,2022,-23.6378856237276,-46.7710015071182,5,kilometer,260.0,"R$ 1.420,92",13.0,16.0,14.0,18.0,,morumbi
450880,2022,-23.5801073183311,-46.7564192039046,5,kilometer,538.0,"R$ 1.419,59",36.0,41.0,40.0,50.0,,morumbi
455430,2022,-23.619991043623,-46.728359396826,5,kilometer,1295.0,"R$ 1.417,69",98.0,140.0,133.0,116.0,,morumbi
455562,2022,-23.6187343103875,-46.7305706412326,5,kilometer,924.0,"R$ 1.397,75",65.0,89.0,67.0,91.0,,morumbi
433435,2022,-23.6390720404948,-46.7604223979085,5,kilometer,87.0,"R$ 1.397,74",6.0,8.0,11.0,5.0,,morumbi
432934,2022,-23.6263001765799,-46.756611185531,5,kilometer,156.0,"R$ 1.377,68",17.0,19.0,19.0,16.0,,morumbi
432545,2022,-23.6440787367433,-46.7524355641257,5,kilometer,1096.0,"R$ 1.376,52",61.0,93.0,76.0,89.0,,morumbi
458349,2022,-23.5985896402565,-46.7584421588416,5,kilometer,617.0,"R$ 1.370,31",59.0,77.0,41.0,44.0,,morumbi
432978,2022,-23.630527607488,-46.7449819402484,5,kilometer,674.0,"R$ 1.350,66",55.0,72.0,53.0,66.0,,morumbi
458233,2022,-23.5943397654524,-46.7547051475744,5,kilometer,501.0,"R$ 1.336,68",44.0,39.0,40.0,51.0,,morumbi
432849,2022,-23.6384233464063,-46.75984631208431,5,kilometer,273.0,"R$ 1.334,24",25.0,26.0,31.0,21.0,,morumbi
445687,2022,-23.6529401600842,-46.751937075883,5,kilometer,341.0,"R$ 1.325,35",20.0,38.0,24.0,31.0,,morumbi
458185,2022,-23.60126506804,-46.7519433146386,5,kilometer,52.0,"R$ 1.317,33",4.0,5.0,,3.0,,morumbi
433430,2022,-23.6193222924929,-46.7489901979052,5,kilometer,471.0,"R$ 1.300,64",74.0,60.0,55.0,69.0,,morumbi
432529,2022,-23.6448168703913,-46.7552162050078,5,kilometer,598.0,"R$ 1.296,04",43.0,48.0,48.0,50.0,,morumbi
432985,2022,-23.6456808721559,-46.7657818254174,5,kilometer,366.0,"R$ 1.280,13",37.0,38.0,21.0,27.0,,morumbi
445688,2022,-23.6526287518794,-46.7513666437722,5,kilometer,347.0,"R$ 1.198,23",19.0,24.0,29.0,26.0,,morumbi
432995,2022,-23.6246420380958,-46.74615853351271,5,kilometer,263.0,"R$ 1.154,58",23.0,26.0,23.0,37.0,,morumbi
432977,2022,-23.6384918678411,-46.7638077634856,5,kilometer,293.0,"R$ 1.153,62",40.0,36.0,20.0,24.0,,morumbi
431830,2022,-23.6286631085083,-46.6709261447726,5,kilometer,371.0,"12147,63",13.0,14.0,17.0,11.0,55.0,chacara
431831,2022,-23.6248107803694,-46.6693273077088,5,kilometer,344.0,"12759,84",16.0,12.0,11.0,10.0,49.0,chacara
431832,2022,-23.6305486217263,-46.6671571740212,5,kilometer,372.0,"6150,53",15.0,10.0,11.0,11.0,47.0,chacara
431835,2022,-23.63586372626,-46.671313706326494,5,kilometer,362.0,"7752,02",16.0,17.0,11.0,15.0,59.0,chacara
431836,2022,-23.6338799406542,-46.6699501798723,5,kilometer,407.0,"1739,35",29.0,31.0,37.0,43.0,140.0,chacara
431837,2022,-23.6329710139831,-46.67335644153,5,kilometer,453.0,"7220,12",14.0,32.0,32.0,30.0,108.0,chacara
431838,2022,-23.6310488571326,-46.6754549397326,5,kilometer,306.0,"13643,02",13.0,15.0,17.0,13.0,58.0,chacara
431839,2022,-23.6247084388718,-46.671746000399,5,kilometer,400.0,"15228,9",14.0,12.0,14.0,17.0,57.0,chacara
431840,2022,-23.6222939311765,-46.67073837497591,5,kilometer,452.0,"16218,93",20.0,25.0,21.0,20.0,86.0,chacara
431849,2022,-23.6370672899706,-46.6685333225539,5,kilometer,373.0,"6278,21",15.0,11.0,19.0,13.0,58.0,chacara
431850,2022,-23.6401850877585,-46.671742261988,5,kilometer,448.0,"8090,96",11.0,14.0,17.0,20.0,62.0,chacara
431851,2022,-23.641397568319,-46.6717715278976,5,kilometer,543.0,"9708,23",22.0,23.0,15.0,21.0,81.0,chacara
431852,2022,-23.637648390061,-46.6733191650379,5,kilometer,257.0,"8441,2",7.0,9.0,15.0,14.0,45.0,chacara
431853,2022,-23.6286974331208,-46.6826804766539,5,kilometer,438.0,"11048,53",14.0,34.0,31.0,22.0,101.0,chacara
431854,2022,-23.6267290377156,-46.6805282934965,5,kilometer,406.0,"12695,13",21.0,23.0,20.0,22.0,86.0,chacara
431855,2022,-23.6221708668732,-46.6743405991409,5,kilometer,312.0,"16677,5",19.0,20.0,14.0,18.0,71.0,chacara
431920,2022,-23.6220638062031,-46.672737296581694,5,kilometer,237.0,"8579,82",3.0,9.0,8.0,12.0,32.0,chacara
431921,2022,-23.6209451213855,-46.6716632564646,5,kilometer,435.0,"10043,33",16.0,12.0,12.0,11.0,51.0,chacara
431922,2022,-23.6193018324363,-46.671565969199904,5,kilometer,296.0,"14744,06",11.0,10.0,12.0,18.0,51.0,chacara
431928,2022,-23.6400059634019,-46.6680669370851,5,kilometer,323.0,"7246,45",9.0,12.0,8.0,16.0,45.0,chacara
431929,2022,-23.641537724343,-46.6737025805389,5,kilometer,317.0,"6365,98",6.0,20.0,13.0,6.0,45.0,chacara
431930,2022,-23.631663653891,-46.6816551394705,5,kilometer,303.0,"5234,64",13.0,13.0,12.0,15.0,53.0,chacara
431931,2022,-23.6263967135344,-46.6853787282007,5,kilometer,301.0,"22933,93",7.0,15.0,15.0,20.0,57.0,chacara
431932,2022,-23.6227388366205,-46.6841170350916,5,kilometer,216.0,"40136,19",11.0,8.0,5.0,8.0,32.0,chacara
431933,2022,-23.6230928123882,-46.6813383023315,5,kilometer,354.0,"10843,62",13.0,11.0,19.0,6.0,49.0,chacara
431936,2022,-23.6178732669179,-46.6771324301575,5,kilometer,424.0,"18226,11",14.0,10.0,22.0,19.0,65.0,chacara
431937,2022,-23.6162900307423,-46.675371986984494,5,kilometer,225.0,"14911,77",,6.0,5.0,20.0,31.0,chacara
431938,2022,-23.6168848856063,-46.672885063079,5,kilometer,311.0,"13329,35",22.0,20.0,17.0,7.0,66.0,chacara
431939,2022,-23.6191088220988,-46.6729864313087,5,kilometer,206.0,"17189,62",3.0,8.0,5.0,4.0,20.0,chacara
431940,2022,-23.6163717196581,-46.6786769922242,5,kilometer,519.0,"16631,95",16.0,10.0,16.0,20.0,62.0,chacara
431941,2022,-23.6120117536099,-46.6762359325566,5,kilometer,211.0,"9818,23",9.0,8.0,10.0,14.0,41.0,chacara
431942,2022,-23.6133759880769,-46.6739037570623,5,kilometer,448.0,"15223,82",27.0,16.0,19.0,31.0,93.0,chacara
431945,2022,-23.6271479881567,-46.669951981774304,5,kilometer,401.0,"16023,46",12.0,19.0,22.0,37.0,90.0,chacara
431946,2022,-23.6258977369247,-46.6708524760713,5,kilometer,319.0,"12802,29",16.0,9.0,8.0,15.0,48.0,chacara
431948,2022,-23.6368892673638,-46.6700343129047,5,kilometer,163.0,"6769,06",4.0,7.0,8.0,10.0,29.0,chacara
431949,2022,-23.6345041608038,-46.6727882834882,5,kilometer,337.0,"8164,57",8.0,22.0,7.0,18.0,55.0,chacara
431950,2022,-23.6241181377348,-46.6701870700158,5,kilometer,243.0,"8311,76",5.0,9.0,8.0,8.0,30.0,chacara
431951,2022,-23.6225765428024,-46.6692363972781,5,kilometer,240.0,"7880,82",3.0,10.0,6.0,10.0,29.0,chacara
431956,2022,-23.636556532678,-46.6756961714021,5,kilometer,434.0,"11463,29",7.0,18.0,26.0,19.0,70.0,chacara
431957,2022,-23.6230914362829,-46.6714600815635,5,kilometer,192.0,"12618,42",12.0,6.0,6.0,4.0,28.0,chacara
431960,2022,-23.6412506571704,-46.6671271505436,5,kilometer,287.0,"4756,37",8.0,8.0,11.0,8.0,35.0,chacara
431961,2022,-23.6252484751529,-46.6833712607684,5,kilometer,336.0,"10710,51",11.0,12.0,9.0,8.0,40.0,chacara
431962,2022,-23.624783764002,-46.6841648093384,5,kilometer,310.0,"12565,41",9.0,11.0,22.0,19.0,61.0,chacara
431963,2022,-23.6234416368377,-46.6833043182801,5,kilometer,189.0,"9203,07",8.0,4.0,3.0,3.0,18.0,chacara
431964,2022,-23.6242954446431,-46.6843624878193,5,kilometer,238.0,"11352,51",10.0,16.0,10.0,7.0,43.0,chacara
431965,2022,-23.6246191034549,-46.6856442155037,5,kilometer,513.0,"19282,9",32.0,35.0,32.0,39.0,138.0,chacara
431966,2022,-23.6193294532298,-46.676188402985,5,kilometer,252.0,"10266,21",7.0,9.0,7.0,7.0,30.0,chacara
431968,2022,-23.616949046178,-46.6739460521729,5,kilometer,228.0,"15650,5",,5.0,,,5.0,chacara
431969,2022,-23.6181450350232,-46.6750671319837,5,kilometer,204.0,"17773,15",9.0,10.0,6.0,8.0,33.0,chacara
431970,2022,-23.6165923307137,-46.680045117862,5,kilometer,168.0,"9282,49",,,3.0,,3.0,chacara
431971,2022,-23.6328653886137,-46.6707942674071,5,kilometer,330.0,"1899,29",16.0,20.0,22.0,28.0,86.0,chacara
431974,2022,-23.6319683569181,-46.671537807483,5,kilometer,170.0,"1889,58",8.0,14.0,7.0,18.0,47.0,chacara
431975,2022,-23.6252073495351,-46.6771377503309,5,kilometer,107.0,"1844,16",,5.0,6.0,5.0,16.0,chacara
431976,2022,-23.6243843170378,-46.6766210801699,5,kilometer,141.0,"1598,61",9.0,10.0,6.0,8.0,33.0,chacara
431977,2022,-23.6309095526479,-46.6732258200655,5,kilometer,229.0,"1987,64",24.0,19.0,16.0,12.0,71.0,chacara
431978,2022,-23.6270980811234,-46.6730002698692,5,kilometer,234.0,"12946,9",11.0,6.0,7.0,7.0,31.0,chacara
431979,2022,-23.6279705680466,-46.6722978367556,5,kilometer,214.0,"11660,79",4.0,4.0,3.0,8.0,19.0,chacara
431980,2022,-23.6259753190178,-46.6729157442956,5,kilometer,207.0,"10489,69",6.0,11.0,4.0,9.0,30.0,chacara
431981,2022,-23.6271794752724,-46.6715630251139,5,kilometer,278.0,"13579,82",6.0,8.0,8.0,9.0,31.0,chacara
431982,2022,-23.6258245197506,-46.6682171730496,5,kilometer,339.0,"10515,49",20.0,7.0,12.0,12.0,51.0,chacara
431984,2022,-23.6229630528856,-46.675108798779696,5,kilometer,457.0,"25657,31",30.0,39.0,42.0,30.0,141.0,chacara
431985,2022,-23.6238371979869,-46.6734312174761,5,kilometer,382.0,"18504,49",14.0,13.0,13.0,11.0,51.0,chacara
431986,2022,-23.619959263036,-46.6771657775964,5,kilometer,150.0,"12307,32",0.0,0.0,0.0,0.0,0.0,chacara
431988,2022,-23.6215684985609,-46.6754710471522,5,kilometer,235.0,"12832,55",8.0,16.0,5.0,7.0,36.0,chacara
431989,2022,-23.6214071970961,-46.6748596674644,5,kilometer,186.0,"12485,55",9.0,10.0,4.0,6.0,29.0,chacara
431990,2022,-23.6201857196174,-46.678569212410494,5,kilometer,359.0,"20178,96",20.0,20.0,21.0,22.0,83.0,chacara
431991,2022,-23.6194029705186,-46.6778307550112,5,kilometer,261.0,"16308,92",10.0,10.0,14.0,6.0,40.0,chacara
431992,2022,-23.6289158281096,-46.6685138700899,5,kilometer,302.0,"21257,48",34.0,26.0,26.0,12.0,98.0,chacara
431993,2022,-23.6291827939192,-46.668106343475,5,kilometer,281.0,"21310,53",30.0,17.0,17.0,9.0,73.0,chacara
431994,2022,-23.62951528911,-46.668581393852,5,kilometer,274.0,"18410,37",25.0,27.0,26.0,9.0,87.0,chacara
431995,2022,-23.6317981111305,-46.6683414975428,5,kilometer,248.0,"6848,65",15.0,11.0,4.0,10.0,40.0,chacara
431996,2022,-23.6312912812755,-46.6684833584561,5,kilometer,269.0,"14179,52",4.0,4.0,0.0,3.0,11.0,chacara
431998,2022,-23.6350978736956,-46.6661245993297,5,kilometer,263.0,"8202,76",14.0,13.0,13.0,8.0,48.0,chacara
432001,2022,-23.6266279545487,-46.6763540717974,5,kilometer,501.0,"3174,49",25.0,25.0,21.0,31.0,102.0,chacara
432002,2022,-23.6252810121282,-46.675763951997,5,kilometer,639.0,"22711,14",37.0,64.0,76.0,32.0,209.0,chacara
432003,2022,-23.625329671151,-46.6743419058956,5,kilometer,519.0,"30378,11",18.0,27.0,28.0,52.0,125.0,chacara
432004,2022,-23.6260512596828,-46.6751993445672,5,kilometer,214.0,"17057,15",10.0,11.0,4.0,8.0,33.0,chacara
432005,2022,-23.6262067925779,-46.6748042985964,5,kilometer,184.0,"18698,66",12.0,4.0,,,16.0,chacara
432006,2022,-23.62443492666,-46.6750004434246,5,kilometer,402.0,"20921,58",16.0,35.0,45.0,33.0,129.0,chacara
432008,2022,-23.623754547113,-46.6757307448338,5,kilometer,316.0,"28515,17",16.0,19.0,30.0,18.0,83.0,chacara
432009,2022,-23.6238167272753,-46.6763465061768,5,kilometer,180.0,"16693,21",4.0,10.0,5.0,,19.0,chacara
432010,2022,-23.6265774767909,-46.6740249620185,5,kilometer,324.0,"27878,87",27.0,27.0,10.0,12.0,76.0,chacara
432011,2022,-23.6285399280448,-46.6666762833205,5,kilometer,251.0,"7537,85",10.0,7.0,8.0,7.0,32.0,chacara
432012,2022,-23.6236010225615,-46.6761530745696,5,kilometer,148.0,"16298,92",5.0,4.0,4.0,,13.0,chacara
432022,2022,-23.6391245069741,-46.67075356084,5,kilometer,300.0,"25066,8",26.0,40.0,14.0,8.0,88.0,chacara
432023,2022,-23.6380759946414,-46.6697528444428,5,kilometer,221.0,"8489,65",6.0,4.0,6.0,,16.0,chacara
432032,2022,-23.643380490086,-46.6708161269358,5,kilometer,529.0,"15121,07",26.0,44.0,34.0,28.0,132.0,chacara
432033,2022,-23.6428856824916,-46.6706187192908,5,kilometer,226.0,"12736,3",15.0,8.0,3.0,4.0,30.0,chacara
432034,2022,-23.6425346509712,-46.6692507375048,5,kilometer,162.0,"10420,58",6.0,6.0,10.0,6.0,28.0,chacara
432035,2022,-23.6115586171343,-46.6770762052944,5,kilometer,172.0,"12845,68",4.0,6.0,5.0,3.0,18.0,chacara
432036,2022,-23.6215832415727,-46.6768034770054,5,kilometer,635.0,"20063,09",31.0,59.0,61.0,47.0,198.0,chacara
432037,2022,-23.6207907683237,-46.6760781666172,5,kilometer,282.0,"12656,12",15.0,5.0,10.0,16.0,46.0,chacara
432038,2022,-23.6200018356597,-46.6753427544911,5,kilometer,210.0,"15772,41",11.0,6.0,6.0,9.0,32.0,chacara
432039,2022,-23.6214207999401,-46.6735762903864,5,kilometer,234.0,"12288,13",8.0,5.0,5.0,12.0,30.0,chacara
432040,2022,-23.6211342891995,-46.6736886129903,5,kilometer,158.0,"8432,79",0.0,,,0.0,0.0,chacara
432041,2022,-23.6183529495485,-46.6791182196447,5,kilometer,313.0,"30894,82",8.0,11.0,14.0,19.0,52.0,chacara
432042,2022,-23.6183214190444,-46.6804654959921,5,kilometer,266.0,"27220,56",13.0,17.0,29.0,15.0,74.0,chacara
432043,2022,-23.6187045657291,-46.68087109591031,5,kilometer,300.0,"19314,29",9.0,21.0,24.0,21.0,75.0,chacara
432044,2022,-23.6161579095126,-46.6796743031755,5,kilometer,246.0,"10584,2",5.0,9.0,11.0,13.0,38.0,chacara
432045,2022,-23.6167269160888,-46.6794189518448,5,kilometer,203.0,"11395,82",,5.0,5.0,7.0,17.0,chacara
432046,2022,-23.6155296819585,-46.6773908279874,5,kilometer,366.0,"15647,84",8.0,17.0,18.0,13.0,56.0,chacara
432047,2022,-23.6150766940221,-46.6784798732285,5,kilometer,243.0,"11520,7",7.0,9.0,13.0,11.0,40.0,chacara
432048,2022,-23.6129205501166,-46.6775360786085,5,kilometer,225.0,"9959,78",8.0,3.0,4.0,3.0,18.0,chacara
432049,2022,-23.6118769812851,-46.6773731734801,5,kilometer,194.0,"13404,29",0.0,,0.0,,0.0,chacara
432050,2022,-23.612188481626,-46.6775780877053,5,kilometer,214.0,"13757,58",,,3.0,3.0,6.0,chacara
432053,2022,-23.6273254618713,-46.6685556426067,5,kilometer,316.0,"15053,32",13.0,21.0,14.0,15.0,63.0,chacara
432054,2022,-23.6291678926597,-46.6696476804652,5,kilometer,262.0,"7174,06",7.0,8.0,9.0,7.0,31.0,chacara
432055,2022,-23.6384577732056,-46.6674071042846,5,kilometer,174.0,"6098,42",7.0,3.0,6.0,9.0,25.0,chacara
432057,2022,-23.6393100206204,-46.6693990694796,5,kilometer,232.0,"8524,75",6.0,14.0,5.0,6.0,31.0,chacara
432058,2022,-23.6386417908343,-46.6691635707853,5,kilometer,234.0,"13809,16",8.0,6.0,5.0,4.0,23.0,chacara
432059,2022,-23.6392103700405,-46.6722581560803,5,kilometer,161.0,"5410,82",4.0,,7.0,8.0,19.0,chacara
432060,2022,-23.6238654042896,-46.6804128904823,5,kilometer,185.0,"12137,46",5.0,6.0,8.0,19.0,38.0,chacara
432061,2022,-23.6244938762537,-46.67895365096209,5,kilometer,275.0,"8815,57",7.0,14.0,5.0,8.0,34.0,chacara
432062,2022,-23.622666512482,-46.673420394991,5,kilometer,296.0,"14935,03",7.0,13.0,12.0,14.0,46.0,chacara
432063,2022,-23.6231295931678,-46.6735516075194,5,kilometer,248.0,"11520,29",6.0,7.0,7.0,13.0,33.0,chacara
432064,2022,-23.6265118607535,-46.6848367333656,5,kilometer,298.0,"25739,58",14.0,14.0,25.0,22.0,75.0,chacara
432065,2022,-23.6268256957098,-46.6852218639378,5,kilometer,300.0,"24810,23",9.0,15.0,19.0,37.0,80.0,chacara
432066,2022,-23.623799558574,-46.6849804126201,5,kilometer,270.0,"25343,58",13.0,15.0,20.0,18.0,66.0,chacara
432067,2022,-23.6252662150636,-46.6852592063278,5,kilometer,295.0,"28787,11",10.0,13.0,25.0,21.0,69.0,chacara
432068,2022,-23.6213931038507,-46.6813513100192,5,kilometer,211.0,"27360,05",9.0,9.0,16.0,13.0,47.0,chacara
432069,2022,-23.6224774720459,-46.6823855562224,5,kilometer,247.0,"10948,8",0.0,4.0,5.0,10.0,19.0,chacara
432070,2022,-23.6199460248049,-46.6799058466732,5,kilometer,263.0,"17859,75",9.0,14.0,10.0,12.0,45.0,chacara
432071,2022,-23.6210203959968,-46.6793672200317,5,kilometer,234.0,"28223,41",19.0,27.0,12.0,9.0,67.0,chacara
432072,2022,-23.61994386073,-46.6736186320034,5,kilometer,200.0,"9852,42",15.0,4.0,7.0,11.0,37.0,chacara
432073,2022,-23.6197384964729,-46.674102710177294,5,kilometer,129.0,"6302,06",,,0.0,0.0,0.0,chacara
432074,2022,-23.6145426940018,-46.6733027851461,5,kilometer,267.0,"19094,06",15.0,30.0,13.0,7.0,65.0,chacara
432075,2022,-23.6148109951634,-46.6734094259373,5,kilometer,348.0,"23978,26",29.0,17.0,21.0,16.0,83.0,chacara
432076,2022,-23.6153019812795,-46.674309665755,5,kilometer,170.0,"14915,2",7.0,9.0,4.0,,20.0,chacara
432077,2022,-23.6156386633773,-46.6738043470799,5,kilometer,119.0,"8193,33",0.0,0.0,,,0.0,chacara
432078,2022,-23.6172931855654,-46.6803248222677,5,kilometer,202.0,"16029,84",4.0,9.0,11.0,9.0,33.0,chacara
432079,2022,-23.6175608530962,-46.6805893385211,5,kilometer,153.0,"11731,64",,7.0,,6.0,13.0,chacara
432080,2022,-23.6285804375296,-46.6780562185784,5,kilometer,356.0,"9706,97",14.0,11.0,18.0,22.0,65.0,chacara
432081,2022,-23.6294207562433,-46.67584038356689,5,kilometer,280.0,"12730,77",8.0,14.0,16.0,19.0,57.0,chacara
432082,2022,-23.6230552177791,-46.6778564348938,5,kilometer,201.0,"21540,79",16.0,14.0,13.0,9.0,52.0,chacara
432083,2022,-23.6228987810812,-46.6765585059955,5,kilometer,336.0,"39652,59",27.0,36.0,29.0,12.0,104.0,chacara
432084,2022,-23.6335183918436,-46.6773552405134,5,kilometer,393.0,"18251,29",14.0,10.0,25.0,31.0,80.0,chacara
432085,2022,-23.6310279471047,-46.6794080793723,5,kilometer,324.0,"17389,53",9.0,17.0,22.0,23.0,71.0,chacara
432086,2022,-23.6388889370626,-46.673910392759,5,kilometer,176.0,"6554,67",,7.0,7.0,4.0,18.0,chacara
432087,2022,-23.6400301509208,-46.6755799496326,5,kilometer,297.0,"7556,32",7.0,5.0,12.0,15.0,39.0,chacara
432088,2022,-23.6215138716432,-46.6831515746288,5,kilometer,343.0,"19381,65",7.0,18.0,17.0,12.0,54.0,chacara
432089,2022,-23.6199316373672,-46.6817634405953,5,kilometer,257.0,"14179,61",9.0,7.0,13.0,12.0,41.0,chacara
432090,2022,-23.6189819262189,-46.681608574719,5,kilometer,240.0,"15162,68",4.0,9.0,8.0,11.0,32.0,chacara
432091,2022,-23.6186275422001,-46.6740414313966,5,kilometer,200.0,"21059,28",10.0,11.0,,5.0,26.0,chacara
432092,2022,-23.6194172442382,-46.6747901308306,5,kilometer,363.0,"9619,41",16.0,10.0,14.0,22.0,62.0,chacara
432095,2022,-23.630968461338,-46.67084266890831,5,kilometer,339.0,"1584,83",35.0,39.0,37.0,27.0,138.0,chacara
432096,2022,-23.6302314968236,-46.6707774663625,5,kilometer,205.0,"6068,03",9.0,13.0,12.0,15.0,49.0,chacara
432097,2022,-23.6281031747855,-46.6739009445143,5,kilometer,381.0,"14367,62",23.0,24.0,15.0,11.0,73.0,chacara
432098,2022,-23.629949912928,-46.6728731454751,5,kilometer,195.0,"5747,68",4.0,11.0,12.0,20.0,47.0,chacara
432101,2022,-23.6221192084726,-46.6761666298457,5,kilometer,276.0,"28724,72",24.0,24.0,23.0,20.0,91.0,chacara
432102,2022,-23.6224586577929,-46.6758802891073,5,kilometer,282.0,"29301,21",15.0,28.0,29.0,11.0,83.0,chacara
432103,2022,-23.6213083591991,-46.6776673974328,5,kilometer,165.0,"18520,58",,4.0,3.0,,7.0,chacara
432104,2022,-23.6210190776127,-46.6773949785485,5,kilometer,221.0,"15819,94",,4.0,7.0,7.0,18.0,chacara
432105,2022,-23.6205708276198,-46.6748064784226,5,kilometer,201.0,"10639,25",3.0,,4.0,5.0,12.0,chacara
432106,2022,-23.6207508851552,-46.6742845924309,5,kilometer,213.0,"10893,2",6.0,5.0,4.0,3.0,18.0,chacara
432109,2022,-23.6204249589087,-46.677272585887,5,kilometer,320.0,"10948,35",7.0,8.0,7.0,4.0,26.0,chacara
432110,2022,-23.6441949293857,-46.6714624549231,5,kilometer,110.0,"8432,55",,3.0,3.0,4.0,10.0,chacara
432111,2022,-23.643708099768,-46.671885046715104,5,kilometer,115.0,"8681,52",,8.0,5.0,3.0,16.0,chacara
432112,2022,-23.6432336500501,-46.6701167277371,5,kilometer,205.0,"18772,12",12.0,13.0,8.0,14.0,47.0,chacara
432113,2022,-23.6420844679072,-46.6704650022283,5,kilometer,261.0,"39691,29",11.0,7.0,8.0,12.0,38.0,chacara
432116,2022,-23.6329423419682,-46.6680566830588,5,kilometer,288.0,"9799,22",9.0,17.0,11.0,16.0,53.0,chacara
432121,2022,-23.6399244503301,-46.6728324170862,5,kilometer,199.0,"7823,17",5.0,4.0,4.0,4.0,17.0,chacara
432125,2022,-23.6220451397948,-46.6776124604398,5,kilometer,203.0,"16522,84",6.0,5.0,5.0,3.0,19.0,chacara
432126,2022,-23.6223774488298,-46.6771994773521,5,kilometer,363.0,"18556,42",21.0,5.0,7.0,3.0,36.0,chacara
432130,2022,-23.6293062620993,-46.67239392938409,5,kilometer,62.0,"1620,76",,0.0,,,0.0,chacara
432131,2022,-23.6298937938307,-46.6720596987315,5,kilometer,597.0,"1539,75",69.0,90.0,75.0,67.0,301.0,chacara
432132,2022,-23.6189129406089,-46.681755464044,5,kilometer,182.0,"15732,43",0.0,,6.0,7.0,13.0,chacara
432134,2022,-23.6375226931088,-46.6659480095961,5,kilometer,334.0,"6585,52",7.0,12.0,7.0,3.0,29.0,chacara
432135,2022,-23.6343993532994,-46.6702624764714,5,kilometer,57.0,"5564,18",4.0,,5.0,0.0,9.0,chacara
432138,2022,-23.616213397911,-46.6702596897714,5,kilometer,215.0,"8499,91",14.0,3.0,7.0,9.0,33.0,chacara
432141,2022,-23.6311528879732,-46.6693720568368,5,kilometer,,,,,,,0.0,chacara
432143,2022,-23.630881339898,-46.6698687956192,5,kilometer,845.0,"1925,14",66.0,76.0,91.0,79.0,312.0,chacara
432145,2022,-23.6324075722927,-46.6695472209791,5,kilometer,,,,,,,0.0,chacara
432177,2022,-23.6680615333705,-46.6913595286924,5,kilometer,546.0,"5173,66",15.0,23.0,43.0,44.0,125.0,chacara
432183,2022,-23.6693220130608,-46.6994512144239,5,kilometer,18.0,"4716,67",0.0,,,,0.0,chacara
432184,2022,-23.6643495388609,-46.6900712239522,5,kilometer,528.0,"8524,95",12.0,23.0,25.0,20.0,80.0,chacara
432185,2022,-23.6642447085597,-46.6889930072414,5,kilometer,386.0,"6576,83",15.0,16.0,14.0,21.0,66.0,chacara
432186,2022,-23.6646455097905,-46.6888849317773,5,kilometer,586.0,"8470,03",15.0,21.0,30.0,27.0,93.0,chacara
432187,2022,-23.6575353620432,-46.6806378609685,5,kilometer,517.0,"10300,28",18.0,21.0,23.0,28.0,90.0,chacara
432188,2022,-23.6629435622465,-46.684077278101,5,kilometer,528.0,"7725,2",14.0,13.0,15.0,25.0,67.0,chacara
432189,2022,-23.6608547272679,-46.6851766407035,5,kilometer,639.0,"9898,92",25.0,30.0,36.0,46.0,137.0,chacara
432190,2022,-23.6613656642383,-46.6860030996216,5,kilometer,291.0,"5819,76",11.0,8.0,9.0,14.0,42.0,chacara
432191,2022,-23.6578452805051,-46.6832936710068,5,kilometer,221.0,"11613,03",6.0,15.0,13.0,6.0,40.0,chacara
432194,2022,-23.6598407600436,-46.6899050868942,5,kilometer,393.0,"6982,95",12.0,28.0,20.0,21.0,81.0,chacara
432195,2022,-23.6604572447653,-46.6903804699374,5,kilometer,346.0,"9825,38",13.0,21.0,19.0,20.0,73.0,chacara
432196,2022,-23.6595781007257,-46.6931486492666,5,kilometer,552.0,"12750,43",21.0,43.0,41.0,36.0,141.0,chacara
432197,2022,-23.660227689752,-46.6944497428776,5,kilometer,502.0,"6152,7",17.0,27.0,8.0,16.0,68.0,chacara
432198,2022,-23.6581471645481,-46.6919843327346,5,kilometer,233.0,"9243,9",5.0,10.0,6.0,9.0,30.0,chacara
432199,2022,-23.6587957573287,-46.6909388309548,5,kilometer,593.0,"12434,1",19.0,29.0,31.0,30.0,109.0,chacara
432200,2022,-23.6596062812375,-46.6910213056672,5,kilometer,327.0,"10166,91",11.0,16.0,20.0,22.0,69.0,chacara
432201,2022,-23.6579886486094,-46.6964122367698,5,kilometer,341.0,"9374,01",7.0,12.0,21.0,14.0,54.0,chacara
432202,2022,-23.6555368154388,-46.6910868002912,5,kilometer,137.0,"8509,61",8.0,6.0,3.0,4.0,21.0,chacara
432203,2022,-23.6539499809032,-46.6819641773822,5,kilometer,380.0,"14813,32",11.0,20.0,20.0,16.0,67.0,chacara
432219,2022,-23.6583961296783,-46.695289426902896,5,kilometer,699.0,"13037,16",18.0,46.0,68.0,57.0,189.0,chacara
432220,2022,-23.6636486055803,-46.6920765379016,5,kilometer,504.0,"8421,37",19.0,32.0,51.0,36.0,138.0,chacara
432221,2022,-23.6666191055519,-46.6906155280419,5,kilometer,418.0,"6358,49",9.0,12.0,16.0,16.0,53.0,chacara
432222,2022,-23.6639683668981,-46.6844315421226,5,kilometer,765.0,"13565,81",31.0,47.0,52.0,43.0,173.0,chacara
432224,2022,-23.6556380753678,-46.6901635264788,5,kilometer,507.0,"22584,36",23.0,34.0,21.0,26.0,104.0,chacara
432225,2022,-23.6640413604042,-46.6866412906547,5,kilometer,689.0,"9162,4",22.0,34.0,51.0,41.0,148.0,chacara
432226,2022,-23.6562151817954,-46.6926697980077,5,kilometer,393.0,"10948,55",9.0,9.0,6.0,15.0,39.0,chacara
432229,2022,-23.6571548246242,-46.69106313425871,5,kilometer,718.0,"21732,02",20.0,41.0,65.0,47.0,173.0,chacara
432235,2022,-23.6587196104017,-46.689917788234,5,kilometer,528.0,"7419,02",19.0,26.0,30.0,29.0,104.0,chacara
432236,2022,-23.6582985933184,-46.6929844892495,5,kilometer,555.0,"11373,43",14.0,23.0,28.0,19.0,84.0,chacara
432237,2022,-23.6559332865542,-46.6891269173592,5,kilometer,760.0,"26243,9",15.0,63.0,74.0,62.0,214.0,chacara
432238,2022,-23.6597806248331,-46.6892432966219,5,kilometer,609.0,"10087,58",22.0,31.0,36.0,44.0,133.0,chacara
432239,2022,-23.6607942214041,-46.6938012852657,5,kilometer,348.0,"9248,3",12.0,12.0,13.0,10.0,47.0,chacara
432243,2022,-23.6575843356517,-46.6931996042373,5,kilometer,290.0,"12106,07",10.0,10.0,25.0,13.0,58.0,chacara
432244,2022,-23.6692326455948,-46.7025849711557,5,kilometer,767.0,"17668,93",45.0,54.0,59.0,48.0,206.0,chacara
432251,2022,-23.656968339771,-46.6809107525291,5,kilometer,347.0,"9909,36",9.0,5.0,7.0,13.0,34.0,chacara
432252,2022,-23.653301171281,-46.6864841021694,5,kilometer,429.0,"14526,15",11.0,15.0,22.0,35.0,83.0,chacara
432254,2022,-23.6651004794641,-46.69552401030391,5,kilometer,64.0,"6472,26",0.0,,,0.0,0.0,chacara
432255,2022,-23.6664464696859,-46.6954406618403,5,kilometer,446.0,"18022,96",17.0,33.0,39.0,27.0,116.0,chacara
432256,2022,-23.6654593552798,-46.6966290435716,5,kilometer,429.0,"18454,37",12.0,31.0,33.0,32.0,108.0,chacara
432257,2022,-23.6617206318935,-46.6852648931757,5,kilometer,352.0,"5144,6",11.0,14.0,11.0,15.0,51.0,chacara
432292,2022,-23.6695085823736,-46.6915524284099,5,kilometer,518.0,"10048,49",45.0,32.0,33.0,15.0,125.0,chacara
432293,2022,-23.6692355910691,-46.6899413728143,5,kilometer,362.0,"9190,2",21.0,25.0,26.0,13.0,85.0,chacara
432294,2022,-23.670227368226,-46.6930028332027,5,kilometer,603.0,"4806,13",24.0,30.0,29.0,35.0,118.0,chacara
432303,2022,-23.6644658909876,-46.707494133594096,5,kilometer,654.0,"13315,25",60.0,61.0,35.0,30.0,186.0,chacara
432304,2022,-23.6704562376011,-46.70151447000271,5,kilometer,660.0,"17575,33",26.0,53.0,47.0,48.0,174.0,chacara
432305,2022,-23.6701796885727,-46.6954481259508,5,kilometer,707.0,"8568,82",35.0,52.0,46.0,41.0,174.0,chacara
432306,2022,-23.666574545177,-46.686166580508,5,kilometer,,,,,,,0.0,chacara
432310,2022,-23.6618702548635,-46.6935377712774,5,kilometer,119.0,"4993,45",,6.0,6.0,,12.0,chacara
432311,2022,-23.6642429711497,-46.6935905618602,5,kilometer,511.0,"10216,64",23.0,24.0,29.0,35.0,111.0,chacara
432312,2022,-23.6641817155074,-46.6915629268878,5,kilometer,545.0,"14377,71",34.0,47.0,42.0,32.0,155.0,chacara
432313,2022,-23.665794838788,-46.6920741745454,5,kilometer,452.0,"4272,59",16.0,20.0,22.0,17.0,75.0,chacara
432314,2022,-23.6637961902085,-46.6890556792891,5,kilometer,347.0,"8129,43",8.0,14.0,9.0,18.0,49.0,chacara
432316,2022,-23.6643642467563,-46.6824126131726,5,kilometer,454.0,"10376,77",17.0,25.0,34.0,28.0,104.0,chacara
432321,2022,-23.6597397180365,-46.6800999395513,5,kilometer,664.0,"20302,3",35.0,48.0,61.0,59.0,203.0,chacara
432322,2022,-23.6602493372024,-46.6814779120449,5,kilometer,739.0,"27906,45",28.0,63.0,82.0,57.0,230.0,chacara
432323,2022,-23.6592664262579,-46.6817304052628,5,kilometer,528.0,"23468,55",28.0,42.0,50.0,50.0,170.0,chacara
432324,2022,-23.65755206541,-46.6813785816714,5,kilometer,274.0,"5608,52",11.0,12.0,9.0,14.0,46.0,chacara
432325,2022,-23.6623523902776,-46.681866123431504,5,kilometer,304.0,"6807,87",6.0,9.0,22.0,14.0,51.0,chacara
432326,2022,-23.661791386242,-46.6844364732758,5,kilometer,527.0,"6375,1",23.0,34.0,41.0,26.0,124.0,chacara
432327,2022,-23.662046476873,-46.6840960059046,5,kilometer,282.0,"5912,06",10.0,14.0,19.0,14.0,57.0,chacara
432328,2022,-23.6645378450829,-46.6944485562479,5,kilometer,502.0,"6270,37",17.0,14.0,26.0,20.0,77.0,chacara
432329,2022,-23.6637416286427,-46.6953823113537,5,kilometer,526.0,"5658,39",16.0,22.0,22.0,33.0,93.0,chacara
432337,2022,-23.6620761068927,-46.6916152975796,5,kilometer,336.0,"10131,44",8.0,14.0,24.0,17.0,63.0,chacara
432338,2022,-23.6617912134891,-46.6914851174414,5,kilometer,321.0,"8851,37",5.0,12.0,13.0,16.0,46.0,chacara
432339,2022,-23.6548942978217,-46.6886046937342,5,kilometer,49.0,"12366,8",3.0,4.0,5.0,,12.0,chacara
432340,2022,-23.6576707605398,-46.6899189313406,5,kilometer,472.0,"7619,73",25.0,27.0,23.0,13.0,88.0,chacara
432341,2022,-23.6604392539304,-46.6913323677294,5,kilometer,349.0,"14828,34",13.0,18.0,21.0,12.0,64.0,chacara
432342,2022,-23.6601589533961,-46.6844647711976,5,kilometer,447.0,"9479,51",12.0,17.0,32.0,28.0,89.0,chacara
432343,2022,-23.659570527168,-46.6834645220155,5,kilometer,357.0,"13762,02",12.0,17.0,33.0,17.0,79.0,chacara
432344,2022,-23.6605195395847,-46.7007808541297,5,kilometer,391.0,"7252,17",13.0,14.0,21.0,20.0,68.0,chacara
432345,2022,-23.6603885807872,-46.6986039169702,5,kilometer,413.0,"9023,29",7.0,10.0,21.0,21.0,59.0,chacara
432351,2022,-23.659825572225,-46.6958020079855,5,kilometer,283.0,"7669,53",8.0,6.0,7.0,9.0,30.0,chacara
432352,2022,-23.6599771464026,-46.6953303483105,5,kilometer,284.0,"13062,51",10.0,7.0,5.0,13.0,35.0,chacara
432365,2022,-23.6644670043292,-46.6923837079682,5,kilometer,582.0,"13808,11",27.0,50.0,60.0,31.0,168.0,chacara
432366,2022,-23.662780189283,-46.6875727037561,5,kilometer,258.0,"3059,75",7.0,4.0,6.0,9.0,26.0,chacara
432367,2022,-23.6632069648672,-46.6875994483036,5,kilometer,332.0,"12185,37",21.0,11.0,14.0,21.0,67.0,chacara
432384,2022,-23.6638687186274,-46.7067015097778,5,kilometer,215.0,"7603,02",6.0,13.0,10.0,10.0,39.0,chacara
432385,2022,-23.6649525386323,-46.685097057291294,5,kilometer,206.0,"16749,3",5.0,10.0,18.0,18.0,51.0,chacara
432387,2022,-23.6640556688777,-46.6855516799277,5,kilometer,211.0,"5246,19",6.0,9.0,9.0,9.0,33.0,chacara
432388,2022,-23.6646880014866,-46.6874224626482,5,kilometer,467.0,"4238,1",9.0,13.0,28.0,26.0,76.0,chacara
432390,2022,-23.6630927115791,-46.6925769888468,5,kilometer,184.0,"5301,26",4.0,9.0,7.0,6.0,26.0,chacara
432391,2022,-23.6583320500478,-46.6829593491755,5,kilometer,257.0,"12685,67",15.0,16.0,17.0,18.0,66.0,chacara
432393,2022,-23.6621658809097,-46.6904737928294,5,kilometer,404.0,"7622,63",8.0,14.0,15.0,21.0,58.0,chacara
432394,2022,-23.6629608784501,-46.6959728687492,5,kilometer,393.0,"11549,59",13.0,19.0,18.0,16.0,66.0,chacara
432395,2022,-23.6614216162486,-46.6982131134316,5,kilometer,117.0,"5517,07",7.0,,0.0,11.0,18.0,chacara
432396,2022,-23.6593388194347,-46.6967381855043,5,kilometer,14.0,"3580,8",3.0,,0.0,,3.0,chacara
432397,2022,-23.6585821294377,-46.69451584152311,5,kilometer,432.0,"8282,55",24.0,22.0,24.0,14.0,84.0,chacara
432399,2022,-23.6559876359929,-46.6845250728709,5,kilometer,343.0,"10911,9",15.0,12.0,16.0,19.0,62.0,chacara
432400,2022,-23.6617205094823,-46.701631456278,5,kilometer,109.0,"5935,88",3.0,11.0,3.0,4.0,21.0,chacara
432403,2022,-23.6685772032349,-46.7042294039358,5,kilometer,578.0,"5055,32",28.0,17.0,12.0,19.0,76.0,chacara
432404,2022,-23.6680172708338,-46.7046272221594,5,kilometer,480.0,"5058,5",16.0,17.0,14.0,24.0,71.0,chacara
432405,2022,-23.6651174530049,-46.68982962883511,5,kilometer,323.0,"8182,93",16.0,16.0,18.0,12.0,62.0,chacara
432406,2022,-23.6638065910589,-46.6896943548105,5,kilometer,286.0,"6441,23",10.0,7.0,14.0,9.0,40.0,chacara
432407,2022,-23.6643581882691,-46.6896256780756,5,kilometer,80.0,"5897,53",,3.0,3.0,,6.0,chacara
432419,2022,-23.6707200044654,-46.7041881257141,5,kilometer,,,,,,,0.0,chacara
432435,2022,-23.6687381494484,-46.7035414199414,5,kilometer,67.0,"1510,34",,0.0,,,0.0,chacara
432450,2022,-23.6113806744245,-46.7524117439723,5,kilometer,573.0,"3682,89",20.0,24.0,29.0,42.0,115.0,chacara
432465,2022,-23.6394333064007,-46.7589865206733,5,kilometer,270.0,"5826,36",16.0,7.0,19.0,17.0,59.0,chacara
432483,2022,-23.6305474366392,-46.7580909792362,5,kilometer,311.0,"2311,2",17.0,24.0,10.0,24.0,75.0,chacara
432484,2022,-23.630592888924,-46.754877958982895,5,kilometer,808.0,"2771,67",49.0,53.0,49.0,45.0,196.0,chacara
432486,2022,-23.6315502005726,-46.7517919544588,5,kilometer,305.0,"2390,72",13.0,14.0,15.0,17.0,59.0,chacara
432487,2022,-23.6322810701426,-46.7580341955588,5,kilometer,414.0,"2205,29",19.0,27.0,27.0,40.0,113.0,chacara
432488,2022,-23.6316263571323,-46.7524994069177,5,kilometer,495.0,"1841,85",29.0,34.0,37.0,47.0,147.0,chacara
432489,2022,-23.6344119745297,-46.757326122435,5,kilometer,661.0,"2007,61",41.0,50.0,46.0,60.0,197.0,chacara
432492,2022,-23.6377963423558,-46.757101309290704,5,kilometer,743.0,"2466,77",34.0,31.0,50.0,61.0,176.0,chacara
432514,2022,-23.6251332442012,-46.7560564955329,5,kilometer,653.0,"2522,43",28.0,41.0,39.0,44.0,152.0,chacara
432515,2022,-23.625520712133,-46.7563535864052,5,kilometer,246.0,"1733,57",13.0,14.0,17.0,16.0,60.0,chacara
432516,2022,-23.6270751869437,-46.753845281759,5,kilometer,534.0,"1536,76",40.0,51.0,44.0,44.0,179.0,chacara
432517,2022,-23.6260772762514,-46.7531535605357,5,kilometer,1165.0,"1701,74",121.0,85.0,65.0,80.0,351.0,chacara
432518,2022,-23.6307081602307,-46.75149241346951,5,kilometer,629.0,"2659,74",30.0,32.0,47.0,37.0,146.0,chacara
432519,2022,-23.6345972781601,-46.7548573978983,5,kilometer,959.0,"2652,92",51.0,65.0,61.0,68.0,245.0,chacara
432520,2022,-23.6368140269788,-46.7524623325585,5,kilometer,384.0,"2338,78",19.0,17.0,27.0,26.0,89.0,chacara
432521,2022,-23.6380818590003,-46.7557000840832,5,kilometer,63.0,"2372,08",5.0,3.0,,3.0,11.0,chacara
432522,2022,-23.6366733450485,-46.75383823036911,5,kilometer,526.0,"2022,36",36.0,26.0,34.0,36.0,132.0,chacara
432523,2022,-23.6392018108761,-46.7547144486141,5,kilometer,631.0,"2210,7",33.0,31.0,39.0,42.0,145.0,chacara
432524,2022,-23.640342670414,-46.7536420121577,5,kilometer,455.0,"1720,82",21.0,38.0,29.0,32.0,120.0,chacara
432525,2022,-23.6415904971368,-46.7505466456855,5,kilometer,273.0,"2070,85",13.0,14.0,19.0,22.0,68.0,chacara
432526,2022,-23.6435238491711,-46.75332566307689,5,kilometer,710.0,"2297,19",41.0,37.0,49.0,46.0,173.0,chacara
432527,2022,-23.6439615797808,-46.7559364761473,5,kilometer,681.0,"6186,86",30.0,36.0,43.0,37.0,146.0,chacara
432528,2022,-23.6451577487148,-46.7566130891255,5,kilometer,721.0,"5532,24",25.0,37.0,50.0,57.0,169.0,chacara
432529,2022,-23.6448168703913,-46.7552162050078,5,kilometer,598.0,"1296,04",43.0,48.0,48.0,50.0,189.0,chacara
432530,2022,-23.6424642200133,-46.7576765000942,5,kilometer,772.0,"9574,64",39.0,43.0,56.0,54.0,192.0,chacara
432540,2022,-23.6225065292887,-46.7553065776603,5,kilometer,437.0,"3473,77",11.0,23.0,22.0,29.0,85.0,chacara
432541,2022,-23.6220523428378,-46.7527173231391,5,kilometer,768.0,"2948,85",39.0,43.0,40.0,47.0,169.0,chacara
432542,2022,-23.6243377969102,-46.752832330932,5,kilometer,812.0,"3498,15",45.0,43.0,45.0,55.0,188.0,chacara
432543,2022,-23.625594243242,-46.7498951337066,5,kilometer,778.0,"2512,93",60.0,60.0,45.0,56.0,221.0,chacara
432544,2022,-23.6283893695225,-46.7490452026938,5,kilometer,614.0,"1607,52",43.0,58.0,48.0,47.0,196.0,chacara
432545,2022,-23.6440787367433,-46.7524355641257,5,kilometer,1096.0,"1376,52",61.0,93.0,76.0,89.0,319.0,chacara
432554,2022,-23.6201417478448,-46.7523904727502,5,kilometer,346.0,"4816,11",8.0,24.0,18.0,20.0,70.0,chacara
432555,2022,-23.6184784321263,-46.7523079386668,5,kilometer,740.0,"3493,82",22.0,32.0,40.0,39.0,133.0,chacara
432556,2022,-23.6205348729728,-46.7525701394239,5,kilometer,311.0,"4702,47",14.0,13.0,14.0,18.0,59.0,chacara
432557,2022,-23.6343669642276,-46.7474425006945,5,kilometer,764.0,"2972,59",70.0,42.0,33.0,49.0,194.0,chacara
432558,2022,-23.6357303185445,-46.7470640733299,5,kilometer,505.0,"2377,42",31.0,33.0,28.0,36.0,128.0,chacara
432559,2022,-23.6382656245528,-46.7484386884203,5,kilometer,844.0,"2898,53",55.0,36.0,33.0,39.0,163.0,chacara
432560,2022,-23.642101683154,-46.7498477513696,5,kilometer,670.0,"2167,5",38.0,33.0,44.0,50.0,165.0,chacara
432563,2022,-23.6346340820162,-46.7432884900421,5,kilometer,705.0,"2386,45",37.0,61.0,48.0,52.0,198.0,chacara
432575,2022,-23.6322522400018,-46.7552031858144,5,kilometer,800.0,"2458,09",52.0,51.0,63.0,58.0,224.0,chacara
432576,2022,-23.633429800963,-46.755291773222,5,kilometer,812.0,"2323,15",52.0,54.0,58.0,61.0,225.0,chacara
432577,2022,-23.6378217618428,-46.7581388797782,5,kilometer,611.0,"2097,26",33.0,41.0,39.0,37.0,150.0,chacara
432580,2022,-23.6283162944134,-46.7535228314268,5,kilometer,1050.0,"2466,47",59.0,69.0,75.0,86.0,289.0,chacara
432581,2022,-23.6249551616687,-46.752284312538,5,kilometer,816.0,"1576,07",105.0,54.0,53.0,33.0,245.0,chacara
432582,2022,-23.6315065251812,-46.7499886788246,5,kilometer,542.0,"2334,44",28.0,32.0,38.0,32.0,130.0,chacara
432583,2022,-23.6377259457012,-46.7516413938331,5,kilometer,410.0,"4252,03",18.0,19.0,25.0,24.0,86.0,chacara
432584,2022,-23.6390899249155,-46.7513109057962,5,kilometer,185.0,"2844,07",7.0,11.0,11.0,8.0,37.0,chacara
432585,2022,-23.6421696225845,-46.7519265388625,5,kilometer,903.0,"2689,11",40.0,59.0,59.0,59.0,217.0,chacara
432589,2022,-23.6261246865747,-46.7510301157666,5,kilometer,760.0,"2105,29",48.0,67.0,52.0,45.0,212.0,chacara
432590,2022,-23.6197186262873,-46.752920173514,5,kilometer,314.0,"4904,14",12.0,11.0,18.0,6.0,47.0,chacara
432591,2022,-23.636479249025,-46.743036218713,5,kilometer,640.0,"3132,13",25.0,37.0,37.0,38.0,137.0,chacara
432592,2022,-23.6344297339812,-46.7418244020053,5,kilometer,297.0,"1927,14",13.0,32.0,19.0,16.0,80.0,chacara
432613,2022,-23.6299240201694,-46.756677882115504,5,kilometer,349.0,"2184,14",22.0,21.0,14.0,28.0,85.0,chacara
432614,2022,-23.6316553067266,-46.756684720284,5,kilometer,373.0,"2455,13",19.0,23.0,20.0,27.0,89.0,chacara
432616,2022,-23.6314197406008,-46.7576566646721,5,kilometer,321.0,"1548,42",14.0,24.0,23.0,24.0,85.0,chacara
432617,2022,-23.632838013146,-46.7562840648991,5,kilometer,331.0,"4645,24",13.0,17.0,11.0,29.0,70.0,chacara
432624,2022,-23.6274535578468,-46.7508643457509,5,kilometer,267.0,"1695,41",19.0,22.0,19.0,23.0,83.0,chacara
432630,2022,-23.6210266819657,-46.755652191330704,5,kilometer,614.0,"3774,11",24.0,29.0,34.0,32.0,119.0,chacara
432631,2022,-23.6234351855459,-46.7547194218901,5,kilometer,378.0,"3899,94",19.0,20.0,22.0,18.0,79.0,chacara
432632,2022,-23.6287749937562,-46.747207972702704,5,kilometer,723.0,"2693,25",29.0,47.0,46.0,52.0,174.0,chacara
432633,2022,-23.6359838091854,-46.75075456864911,5,kilometer,585.0,"2080,73",36.0,25.0,41.0,31.0,133.0,chacara
432634,2022,-23.6447066567865,-46.7518706115332,5,kilometer,446.0,"1602,89",32.0,36.0,35.0,48.0,151.0,chacara
432637,2022,-23.6223486243683,-46.748368171586,5,kilometer,561.0,"2172,18",28.0,36.0,32.0,29.0,125.0,chacara
432639,2022,-23.6376454769803,-46.7462549784702,5,kilometer,757.0,"2589,85",77.0,42.0,20.0,15.0,154.0,chacara
432645,2022,-23.6154032388177,-46.7511567218477,5,kilometer,373.0,"10099,42",7.0,10.0,29.0,16.0,62.0,chacara
432650,2022,-23.6346640059208,-46.7583424396499,5,kilometer,129.0,"2515,14",3.0,5.0,16.0,8.0,32.0,chacara
432651,2022,-23.6313810586333,-46.7531027251807,5,kilometer,240.0,"2603,26",7.0,18.0,10.0,15.0,50.0,chacara
432653,2022,-23.6369517185711,-46.7543867322448,5,kilometer,151.0,"3382,41",8.0,8.0,9.0,17.0,42.0,chacara
432656,2022,-23.6249092913078,-46.7511683971054,5,kilometer,393.0,"1977,37",20.0,27.0,30.0,32.0,109.0,chacara
432658,2022,-23.6285286324941,-46.7519833220679,5,kilometer,486.0,"2460,01",30.0,37.0,28.0,32.0,127.0,chacara
432669,2022,-23.6356375749787,-46.753299663946,5,kilometer,170.0,"2431,58",4.0,16.0,11.0,12.0,43.0,chacara
432670,2022,-23.6383417573907,-46.7540116456908,5,kilometer,233.0,"2314,07",17.0,13.0,12.0,9.0,51.0,chacara
432671,2022,-23.6380378907057,-46.7550523013386,5,kilometer,235.0,"1617,9",4.0,13.0,19.0,23.0,59.0,chacara
432674,2022,-23.6351470562307,-46.7514754090635,5,kilometer,348.0,"2094,93",15.0,17.0,25.0,23.0,80.0,chacara
432675,2022,-23.6249736008657,-46.7478566457118,5,kilometer,252.0,"1732,41",24.0,18.0,20.0,22.0,84.0,chacara
432679,2022,-23.637968196461,-46.7444093500148,5,kilometer,373.0,"1746,55",18.0,22.0,25.0,32.0,97.0,chacara
432681,2022,-23.6349526772896,-46.7446943174075,5,kilometer,462.0,"1676,47",26.0,24.0,52.0,37.0,139.0,chacara
432683,2022,-23.6356669802137,-46.7505971236235,5,kilometer,166.0,"1732,3",8.0,10.0,9.0,10.0,37.0,chacara
432684,2022,-23.6363991476667,-46.7457094766147,5,kilometer,214.0,"3508,3",11.0,12.0,23.0,11.0,57.0,chacara
432685,2022,-23.6362106836001,-46.7464156142056,5,kilometer,216.0,"2843,96",12.0,11.0,23.0,11.0,57.0,chacara
432688,2022,-23.6205010974087,-46.7506964423824,5,kilometer,559.0,"2480,47",36.0,28.0,38.0,38.0,140.0,chacara
432689,2022,-23.6195628296585,-46.7501397325895,5,kilometer,363.0,"2465,12",11.0,21.0,26.0,24.0,82.0,chacara
432694,2022,-23.6298572774406,-46.7492797127805,5,kilometer,521.0,"5095,36",27.0,28.0,26.0,31.0,112.0,chacara
432696,2022,-23.6289264121526,-46.7492753849506,5,kilometer,503.0,"5429,98",36.0,27.0,29.0,19.0,111.0,chacara
432697,2022,-23.632718498259,-46.7492380009268,5,kilometer,375.0,"2313,42",22.0,23.0,20.0,17.0,82.0,chacara
432698,2022,-23.6323330810074,-46.7485611129716,5,kilometer,260.0,"2392,9",16.0,10.0,20.0,17.0,63.0,chacara
432699,2022,-23.6351641612107,-46.7521336723104,5,kilometer,161.0,"2828,64",6.0,8.0,4.0,9.0,27.0,chacara
432700,2022,-23.633957969983,-46.7505497796579,5,kilometer,487.0,"2774,44",22.0,35.0,34.0,28.0,119.0,chacara
432708,2022,-23.6361237225168,-46.7552153173239,5,kilometer,515.0,"2492,55",29.0,23.0,29.0,30.0,111.0,chacara
432709,2022,-23.6349697956597,-46.7565251613192,5,kilometer,392.0,"2263,64",17.0,29.0,19.0,28.0,93.0,chacara
432710,2022,-23.6370454722518,-46.7568915368456,5,kilometer,448.0,"1659,66",26.0,34.0,22.0,33.0,115.0,chacara
432711,2022,-23.6369891059932,-46.7558441833113,5,kilometer,503.0,"1992,48",25.0,35.0,26.0,36.0,122.0,chacara
432713,2022,-23.6237483283621,-46.7480175587536,5,kilometer,849.0,"2004,83",69.0,57.0,67.0,72.0,265.0,chacara
432714,2022,-23.6253475048552,-46.7481497252148,5,kilometer,811.0,"2869,28",42.0,40.0,63.0,71.0,216.0,chacara
432715,2022,-23.6266134141071,-46.7469236699248,5,kilometer,443.0,"7864,14",30.0,26.0,20.0,22.0,98.0,chacara
432716,2022,-23.6268231913655,-46.7482169343187,5,kilometer,408.0,"2298,99",22.0,21.0,26.0,34.0,103.0,chacara
432717,2022,-23.627455337416,-46.7461891820499,5,kilometer,552.0,"7643,32",47.0,37.0,26.0,13.0,123.0,chacara
432718,2022,-23.6283875475671,-46.7450852322548,5,kilometer,392.0,"9083,56",35.0,22.0,11.0,10.0,78.0,chacara
432719,2022,-23.6451714057706,-46.7532916331684,5,kilometer,518.0,"1784,45",29.0,35.0,42.0,43.0,149.0,chacara
432727,2022,-23.6300175345868,-46.7534720242829,5,kilometer,416.0,"2128,04",23.0,30.0,39.0,30.0,122.0,chacara
432728,2022,-23.6307681104462,-46.7537400969309,5,kilometer,280.0,"2207,64",25.0,15.0,12.0,16.0,68.0,chacara
432729,2022,-23.6256637280483,-46.7542205839903,5,kilometer,324.0,"2993,43",18.0,11.0,20.0,18.0,67.0,chacara
432731,2022,-23.6261185129382,-46.7544435450276,5,kilometer,656.0,"3538,21",31.0,53.0,64.0,42.0,190.0,chacara
432732,2022,-23.6405481957747,-46.7485888024384,5,kilometer,378.0,"2723,28",22.0,16.0,17.0,14.0,69.0,chacara
432733,2022,-23.6401153461627,-46.7468850091622,5,kilometer,403.0,"2274,34",17.0,18.0,17.0,26.0,78.0,chacara
432740,2022,-23.63209166042,-46.7473301451623,5,kilometer,488.0,"2303,86",23.0,25.0,30.0,20.0,98.0,chacara
432741,2022,-23.6330789905991,-46.7466323585879,5,kilometer,351.0,"2048,02",19.0,19.0,22.0,28.0,88.0,chacara
432742,2022,-23.6388769916189,-46.7575374027673,5,kilometer,256.0,"2128,58",15.0,11.0,15.0,18.0,59.0,chacara
432743,2022,-23.6415056424871,-46.7550127532069,5,kilometer,686.0,4283,36.0,44.0,38.0,37.0,155.0,chacara
432744,2022,-23.6135828331442,-46.7532668476677,5,kilometer,250.0,"16685,38",5.0,9.0,11.0,23.0,48.0,chacara
432766,2022,-23.641098809911,-46.7540953106351,5,kilometer,581.0,"1942,13",32.0,36.0,39.0,48.0,155.0,chacara
432768,2022,-23.640112617581,-46.7525109973585,5,kilometer,588.0,"2105,67",28.0,35.0,42.0,37.0,142.0,chacara
432770,2022,-23.6274372735968,-46.7562010617087,5,kilometer,313.0,"2166,9",17.0,22.0,26.0,22.0,87.0,chacara
432772,2022,-23.6284870467876,-46.7554136815558,5,kilometer,268.0,"2381,96",12.0,10.0,16.0,24.0,62.0,chacara
432774,2022,-23.6367203653298,-46.74765472901289,5,kilometer,917.0,"2526,16",78.0,61.0,31.0,35.0,205.0,chacara
432776,2022,-23.6376606687602,-46.7477837545259,5,kilometer,222.0,"2754,96",6.0,8.0,10.0,17.0,41.0,chacara
432777,2022,-23.6219202274489,-46.7498348801309,5,kilometer,624.0,"2244,36",31.0,33.0,47.0,48.0,159.0,chacara
432780,2022,-23.6232826971566,-46.7491375329668,5,kilometer,690.0,"4484,53",66.0,41.0,42.0,30.0,179.0,chacara
432831,2022,-23.617065791667,-46.754271186431,5,kilometer,700.0,"5256,5",56.0,49.0,26.0,35.0,166.0,chacara
432839,2022,-23.6324438798697,-46.7595528992907,5,kilometer,426.0,"2394,39",31.0,27.0,23.0,38.0,119.0,chacara
432844,2022,-23.6179293202913,-46.7547599560426,5,kilometer,439.0,"4836,78",16.0,19.0,21.0,21.0,77.0,chacara
432845,2022,-23.6186861367703,-46.7543244657474,5,kilometer,541.0,"4173,65",12.0,24.0,29.0,28.0,93.0,chacara
432847,2022,-23.624360329722,-46.7474439394289,5,kilometer,286.0,"1729,83",24.0,27.0,32.0,29.0,112.0,chacara
432848,2022,-23.6247319625735,-46.7466310243578,5,kilometer,369.0,"1568,17",28.0,35.0,44.0,25.0,132.0,chacara
432855,2022,-23.6291990516499,-46.7564381318471,5,kilometer,354.0,"2213,57",25.0,28.0,30.0,30.0,113.0,chacara
432858,2022,-23.6387680221616,-46.7513620159172,5,kilometer,482.0,"2190,89",21.0,30.0,31.0,31.0,113.0,chacara
432862,2022,-23.6273684377299,-46.745306926761,5,kilometer,336.0,"7567,45",28.0,17.0,10.0,12.0,67.0,chacara
432865,2022,-23.6432090407755,-46.7501375620151,5,kilometer,413.0,"2995,81",16.0,14.0,32.0,29.0,91.0,chacara
432866,2022,-23.6316053472404,-46.7434195208896,5,kilometer,148.0,"2206,27",18.0,10.0,9.0,16.0,53.0,chacara
432867,2022,-23.631577725038,-46.7443762713057,5,kilometer,702.0,"1657,93",63.0,61.0,71.0,77.0,272.0,chacara
432872,2022,-23.6429738505003,-46.7553798553192,5,kilometer,191.0,"9066,67",12.0,16.0,20.0,12.0,60.0,chacara
432873,2022,-23.6447780776558,-46.7545040900239,5,kilometer,602.0,"1864,7",42.0,45.0,43.0,41.0,171.0,chacara
432881,2022,-23.6217453175206,-46.7514011845434,5,kilometer,436.0,"5238,75",20.0,21.0,26.0,26.0,93.0,chacara
432882,2022,-23.6210294393658,-46.7518500497626,5,kilometer,420.0,"4489,11",16.0,18.0,19.0,25.0,78.0,chacara
432883,2022,-23.6194350602468,-46.7536641290583,5,kilometer,325.0,"3600,07",17.0,17.0,14.0,20.0,68.0,chacara
432884,2022,-23.6191124031596,-46.7532475323471,5,kilometer,324.0,"3870,58",7.0,13.0,11.0,15.0,46.0,chacara
432885,2022,-23.6331640649743,-46.7545604033413,5,kilometer,172.0,"3379,76",9.0,10.0,13.0,14.0,46.0,chacara
432886,2022,-23.6330115697436,-46.7539344234734,5,kilometer,284.0,"2787,89",11.0,15.0,26.0,27.0,79.0,chacara
432896,2022,-23.6183234779714,-46.756284911487,5,kilometer,204.0,"5526,87",9.0,13.0,11.0,13.0,46.0,chacara
432910,2022,-23.6403664950484,-46.7505573802279,5,kilometer,439.0,"2112,79",26.0,25.0,32.0,24.0,107.0,chacara
432911,2022,-23.6410809210836,-46.7524122501613,5,kilometer,383.0,"2970,33",11.0,31.0,23.0,24.0,89.0,chacara
432912,2022,-23.6317401508743,-46.7462631510866,5,kilometer,266.0,"2476,01",17.0,18.0,21.0,20.0,76.0,chacara
432913,2022,-23.630372127374,-46.7439752319083,5,kilometer,549.0,"1491,23",45.0,49.0,54.0,53.0,201.0,chacara
432914,2022,-23.6312105701653,-46.7432885048396,5,kilometer,411.0,"1711,86",33.0,36.0,38.0,44.0,151.0,chacara
432925,2022,-23.6283435334915,-46.7570613864204,5,kilometer,289.0,"2389,56",22.0,26.0,27.0,22.0,97.0,chacara
432926,2022,-23.6303829276933,-46.747933077767,5,kilometer,607.0,"3971,2",40.0,47.0,29.0,32.0,148.0,chacara
432929,2022,-23.6260844692759,-46.74642302926,5,kilometer,390.0,"8929,77",32.0,25.0,23.0,20.0,100.0,chacara
432930,2022,-23.627265465006,-46.7473999252364,5,kilometer,335.0,"7056,9",25.0,19.0,10.0,7.0,61.0,chacara
432931,2022,-23.6280505208267,-46.7469002051013,5,kilometer,356.0,"8293,02",25.0,14.0,26.0,6.0,71.0,chacara
432932,2022,-23.628938271015,-46.7458574570437,5,kilometer,399.0,"8851,47",49.0,19.0,13.0,6.0,87.0,chacara
432934,2022,-23.6263001765799,-46.756611185531,5,kilometer,156.0,"1377,68",17.0,19.0,19.0,16.0,71.0,chacara
432935,2022,-23.6266777877491,-46.7567267458264,5,kilometer,345.0,"5725,41",31.0,20.0,20.0,14.0,85.0,chacara
432943,2022,-23.6348439306632,-46.7459217790684,5,kilometer,414.0,"3628,12",21.0,22.0,28.0,25.0,96.0,chacara
432944,2022,-23.6336975964746,-46.7452784507088,5,kilometer,1024.0,"2034,63",62.0,63.0,57.0,73.0,255.0,chacara
432946,2022,-23.6163840812189,-46.7527295342857,5,kilometer,712.0,"5379,45",29.0,37.0,34.0,28.0,128.0,chacara
432952,2022,-23.6304959295882,-46.7489202402868,5,kilometer,710.0,"3249,06",37.0,55.0,42.0,45.0,179.0,chacara
432953,2022,-23.6293303271139,-46.7507024848984,5,kilometer,422.0,"4215,03",32.0,25.0,22.0,16.0,95.0,chacara
432954,2022,-23.629069258756,-46.7504724317692,5,kilometer,396.0,"4459,44",35.0,20.0,13.0,14.0,82.0,chacara
432955,2022,-23.6362751313231,-46.7448738137918,5,kilometer,1064.0,"2180,26",50.0,66.0,53.0,53.0,222.0,chacara
432956,2022,-23.6357579327648,-46.7438872912302,5,kilometer,139.0,"1878,78",10.0,17.0,17.0,5.0,49.0,chacara
432963,2022,-23.6333685846773,-46.7521261962384,5,kilometer,105.0,"1856,55",11.0,4.0,4.0,12.0,31.0,chacara
432964,2022,-23.6329306683387,-46.752679107631,5,kilometer,72.0,"2695,56",3.0,4.0,,3.0,10.0,chacara
432965,2022,-23.6339230041057,-46.7530518248257,5,kilometer,49.0,2172,3.0,8.0,,5.0,16.0,chacara
432966,2022,-23.6336693051505,-46.7525862731276,5,kilometer,25.0,"1530,89",,,0.0,,0.0,chacara
432967,2022,-23.6379672265713,-46.7506073688347,5,kilometer,848.0,"1931,81",63.0,50.0,53.0,69.0,235.0,chacara
432968,2022,-23.6368054056037,-46.7510530440757,5,kilometer,,,,,,,0.0,chacara
432969,2022,-23.6438589571809,-46.7499203069629,5,kilometer,21.0,"2172,67",0.0,0.0,0.0,0.0,0.0,chacara
432970,2022,-23.6427926934053,-46.747989747894,5,kilometer,178.0,"3038,1",11.0,6.0,12.0,8.0,37.0,chacara
432971,2022,-23.6429729340405,-46.7487461949783,5,kilometer,91.0,"2279,59",4.0,3.0,5.0,8.0,20.0,chacara
432972,2022,-23.6444493589125,-46.7500030114442,5,kilometer,80.0,"3341,52",4.0,,,,4.0,chacara
432974,2022,-23.6292715669657,-46.757735092251,5,kilometer,904.0,"1654,18",56.0,86.0,71.0,64.0,277.0,chacara
432978,2022,-23.630527607488,-46.7449819402484,5,kilometer,674.0,"1350,66",55.0,72.0,53.0,66.0,246.0,chacara
432979,2022,-23.6304746901612,-46.7462182347638,5,kilometer,23.0,"2666,67",6.0,0.0,,,6.0,chacara
432980,2022,-23.6442548873807,-46.7507722029926,5,kilometer,276.0,"2299,15",12.0,18.0,16.0,21.0,67.0,chacara
432987,2022,-23.6329294195684,-46.7514738405965,5,kilometer,479.0,"2324,61",17.0,31.0,26.0,38.0,112.0,chacara
432988,2022,-23.6345420110542,-46.7529169147087,5,kilometer,253.0,"2610,66",19.0,22.0,23.0,21.0,85.0,chacara
432990,2022,-23.6323180307309,-46.7531769120124,5,kilometer,482.0,"1572,88",23.0,42.0,34.0,48.0,147.0,chacara
432991,2022,-23.6225338891562,-46.7473865777585,5,kilometer,618.0,"1454,83",46.0,46.0,45.0,58.0,195.0,chacara
432995,2022,-23.6246420380958,-46.7461585335127,5,kilometer,263.0,"1154,58",23.0,26.0,23.0,37.0,109.0,chacara
433420,2022,-23.6268973249649,-46.7454840224792,5,kilometer,109.0,"1508,35",10.0,11.0,8.0,7.0,36.0,chacara
433430,2022,-23.6193222924929,-46.7489901979052,5,kilometer,471.0,"1300,64",74.0,60.0,55.0,69.0,258.0,chacara
433431,2022,-23.6200052402453,-46.748760371408,5,kilometer,59.0,"1842,19",,4.0,,,4.0,chacara
433432,2022,-23.6308263156381,-46.756461789017294,5,kilometer,412.0,"1540,44",22.0,30.0,34.0,39.0,125.0,chacara
433433,2022,-23.6306390345632,-46.7565833853638,5,kilometer,89.0,"1676,15",4.0,0.0,12.0,5.0,21.0,chacara
433436,2022,-23.6377066286167,-46.7532689577375,5,kilometer,350.0,"2089,93",15.0,24.0,21.0,31.0,91.0,chacara
433437,2022,-23.6364728109461,-46.7531496977091,5,kilometer,125.0,"2276,81",5.0,4.0,7.0,9.0,25.0,chacara
433438,2022,-23.6353393080479,-46.7491790969058,5,kilometer,692.0,"2076,61",51.0,44.0,39.0,42.0,176.0,chacara
433439,2022,-23.6353506588646,-46.7500443078594,5,kilometer,68.0,"1763,5",3.0,4.0,4.0,8.0,19.0,chacara
433440,2022,-23.6375729156628,-46.7457039848776,5,kilometer,760.0,"2131,57",62.0,50.0,26.0,28.0,166.0,chacara
433441,2022,-23.6377549350637,-46.745074515535,5,kilometer,432.0,"2068,64",30.0,24.0,21.0,15.0,90.0,chacara
433855,2022,-23.6503846892475,-46.7552210163278,5,kilometer,473.0,"2416,25",14.0,25.0,19.0,39.0,97.0,chacara
434085,2022,-23.651130692042,-46.7535241870669,5,kilometer,514.0,"3777,75",32.0,22.0,18.0,21.0,93.0,chacara
434086,2022,-23.6508215748913,-46.754205290151695,5,kilometer,229.0,"3753,71",14.0,8.0,7.0,10.0,39.0,chacara
434147,2022,-23.6488142141862,-46.7545549992933,5,kilometer,297.0,"8664,8",15.0,15.0,20.0,19.0,69.0,chacara
435001,2022,-23.6607034563312,-46.6789731098283,5,kilometer,437.0,"6754,62",24.0,22.0,22.0,20.0,88.0,chacara
435007,2022,-23.6573602010067,-46.6755509826549,5,kilometer,338.0,"5437,04",13.0,13.0,19.0,16.0,61.0,chacara
435018,2022,-23.6521234588516,-46.6757807779582,5,kilometer,715.0,"8436,01",27.0,41.0,28.0,26.0,122.0,chacara
435019,2022,-23.6545020350399,-46.6742774060436,5,kilometer,479.0,"7615,48",10.0,20.0,16.0,25.0,71.0,chacara
435020,2022,-23.6530065767034,-46.6723323212871,5,kilometer,477.0,"7998,44",22.0,19.0,33.0,21.0,95.0,chacara
435035,2022,-23.6521520798635,-46.677736765537,5,kilometer,231.0,"8420,91",11.0,15.0,18.0,9.0,53.0,chacara
435036,2022,-23.6496910481417,-46.6738598405031,5,kilometer,871.0,"13414,17",37.0,59.0,57.0,64.0,217.0,chacara
435042,2022,-23.6462917433901,-46.673336239968,5,kilometer,597.0,"7097,96",21.0,17.0,31.0,22.0,91.0,chacara
435097,2022,-23.6566089390812,-46.6735554848852,5,kilometer,360.0,"4595,42",20.0,21.0,24.0,17.0,82.0,chacara
435489,2022,-23.6569327665856,-46.678788940065694,5,kilometer,350.0,"6317,65",18.0,19.0,15.0,19.0,71.0,chacara
435490,2022,-23.6589932290883,-46.6780429963528,5,kilometer,306.0,"3895,79",18.0,14.0,13.0,15.0,60.0,chacara
435538,2022,-23.6479458588484,-46.6713967240478,5,kilometer,320.0,"12788,42",34.0,15.0,10.0,6.0,65.0,chacara
435565,2022,-23.6572689330271,-46.6777585337781,5,kilometer,224.0,"10577,18",4.0,5.0,10.0,12.0,31.0,chacara
435566,2022,-23.6583324981956,-46.6770485852406,5,kilometer,224.0,"9200,24",9.0,4.0,12.0,6.0,31.0,chacara
435580,2022,-23.6552224531907,-46.6782721387219,5,kilometer,414.0,"9596,88",29.0,27.0,17.0,12.0,85.0,chacara
435581,2022,-23.6569574269966,-46.6770828052175,5,kilometer,433.0,"7633,81",24.0,16.0,18.0,17.0,75.0,chacara
435584,2022,-23.6488430610001,-46.6711501648105,5,kilometer,353.0,"11295,29",32.0,27.0,14.0,13.0,86.0,chacara
435585,2022,-23.647081113567,-46.6717813913092,5,kilometer,288.0,"8222,52",15.0,9.0,16.0,13.0,53.0,chacara
435596,2022,-23.6502949889561,-46.6714890261845,5,kilometer,369.0,10431,14.0,15.0,16.0,14.0,59.0,chacara
441283,2022,-23.6067800102011,-46.6802642929412,5,kilometer,399.0,"8766,83",13.0,13.0,17.0,24.0,67.0,chacara
441284,2022,-23.6068499542705,-46.6827614458615,5,kilometer,465.0,"13784,21",22.0,16.0,21.0,24.0,83.0,chacara
441285,2022,-23.6051829603278,-46.6871990273365,5,kilometer,508.0,"9635,06",38.0,19.0,17.0,12.0,86.0,chacara
441286,2022,-23.6020121552748,-46.6891607898803,5,kilometer,352.0,"7533,68",11.0,9.0,15.0,17.0,52.0,chacara
441287,2022,-23.5987850391115,-46.6932387771018,5,kilometer,56.0,"3609,32",,,,,0.0,chacara
441292,2022,-23.6090924863242,-46.6783160666799,5,kilometer,450.0,"11245,93",25.0,20.0,29.0,19.0,93.0,chacara
441293,2022,-23.6112087058394,-46.6795365739909,5,kilometer,351.0,"15936,09",14.0,16.0,22.0,14.0,66.0,chacara
441294,2022,-23.6084592496949,-46.683821961223,5,kilometer,509.0,"11622,58",18.0,35.0,22.0,32.0,107.0,chacara
441295,2022,-23.6071615370631,-46.6891335606092,5,kilometer,297.0,"10395,05",14.0,8.0,5.0,8.0,35.0,chacara
441296,2022,-23.6043245065288,-46.6916860329107,5,kilometer,242.0,"7763,33",4.0,7.0,3.0,8.0,22.0,chacara
441297,2022,-23.603962932909,-46.6933410595524,5,kilometer,95.0,"8636,45",,,,5.0,5.0,chacara
441301,2022,-23.6120946121765,-46.679942648321,5,kilometer,284.0,"11831,55",11.0,17.0,6.0,5.0,39.0,chacara
441302,2022,-23.6119253772259,-46.6806758653877,5,kilometer,370.0,"19782,44",19.0,10.0,11.0,7.0,47.0,chacara
441303,2022,-23.607842326505,-46.6928754569187,5,kilometer,299.0,"17357,03",10.0,13.0,12.0,9.0,44.0,chacara
441309,2022,-23.6138144764421,-46.679555698475504,5,kilometer,421.0,"14947,87",8.0,10.0,16.0,15.0,49.0,chacara
441310,2022,-23.612783427432,-46.6813600947269,5,kilometer,344.0,"18098,45",19.0,14.0,6.0,13.0,52.0,chacara
441311,2022,-23.6109796315608,-46.6829717304695,5,kilometer,264.0,"12904,58",9.0,4.0,3.0,6.0,22.0,chacara
441312,2022,-23.6122876528115,-46.6837623080518,5,kilometer,267.0,"11001,22",14.0,6.0,11.0,9.0,40.0,chacara
441313,2022,-23.6127798547655,-46.6933974001074,5,kilometer,318.0,"5379,17",12.0,15.0,24.0,19.0,70.0,chacara
441323,2022,-23.6158211756485,-46.6970731999208,5,kilometer,407.0,"8822,43",14.0,15.0,14.0,18.0,61.0,chacara
441326,2022,-23.6190515760699,-46.6882248432557,5,kilometer,465.0,"7720,68",20.0,23.0,19.0,20.0,82.0,chacara
441334,2022,-23.6220567874284,-46.6866721630021,5,kilometer,735.0,"15530,07",44.0,33.0,21.0,20.0,118.0,chacara
441341,2022,-23.6133721478169,-46.6949295903357,5,kilometer,449.0,"2938,05",16.0,28.0,32.0,36.0,112.0,chacara
441342,2022,-23.6137091369097,-46.6936100901546,5,kilometer,300.0,"2550,83",19.0,24.0,20.0,23.0,86.0,chacara
441347,2022,-23.6016956772575,-46.6869127733836,5,kilometer,348.0,"8840,8",18.0,16.0,24.0,24.0,82.0,chacara
441348,2022,-23.6133434424006,-46.6788156775223,5,kilometer,124.0,"12259,16",,,0.0,3.0,3.0,chacara
441349,2022,-23.6107095420706,-46.6847018170373,5,kilometer,307.0,"7537,8",8.0,13.0,10.0,9.0,40.0,chacara
441353,2022,-23.6121837207901,-46.6783698428506,5,kilometer,374.0,"14401,79",12.0,8.0,15.0,15.0,50.0,chacara
441354,2022,-23.6058107432247,-46.6901364378576,5,kilometer,472.0,"13090,07",21.0,22.0,25.0,11.0,79.0,chacara
441356,2022,-23.6187501592204,-46.6950727358804,5,kilometer,302.0,"6048,31",11.0,12.0,14.0,12.0,49.0,chacara
441357,2022,-23.6207167234825,-46.69407304267791,5,kilometer,294.0,"10072,27",11.0,9.0,8.0,6.0,34.0,chacara
441358,2022,-23.6115810961173,-46.6801193458188,5,kilometer,386.0,"11489,29",12.0,15.0,5.0,5.0,37.0,chacara
441361,2022,-23.6146302306416,-46.6802333566136,5,kilometer,407.0,"16629,84",21.0,12.0,14.0,11.0,58.0,chacara
441362,2022,-23.6151001758582,-46.6802490805757,5,kilometer,225.0,"15179,69",0.0,0.0,,3.0,3.0,chacara
441363,2022,-23.6141467954847,-46.6797510087873,5,kilometer,193.0,"10459,39",,,,,0.0,chacara
441364,2022,-23.6113779941888,-46.6822854318094,5,kilometer,308.0,"12463,43",10.0,6.0,4.0,3.0,23.0,chacara
441366,2022,-23.6127755881025,-46.682995502252304,5,kilometer,487.0,"13698,99",29.0,19.0,19.0,18.0,85.0,chacara
441367,2022,-23.6126622140901,-46.6841215722613,5,kilometer,257.0,"9586,91",11.0,7.0,7.0,,25.0,chacara
441387,2022,-23.6014255070931,-46.68401615871311,5,kilometer,337.0,"4728,02",18.0,16.0,19.0,21.0,74.0,chacara
441388,2022,-23.604232434014,-46.6815019996528,5,kilometer,360.0,"5659,45",19.0,7.0,18.0,15.0,59.0,chacara
441389,2022,-23.6013328080097,-46.6852000123682,5,kilometer,409.0,"5958,42",8.0,10.0,12.0,21.0,51.0,chacara
441391,2022,-23.6002782944227,-46.6875342414169,5,kilometer,314.0,"23215,01",36.0,25.0,18.0,5.0,84.0,chacara
441392,2022,-23.601226757574,-46.690382735581,5,kilometer,243.0,"6599,15",3.0,15.0,11.0,14.0,43.0,chacara
441393,2022,-23.5986651474774,-46.6892378280179,5,kilometer,368.0,"17131,66",29.0,16.0,9.0,10.0,64.0,chacara
441394,2022,-23.5995201635623,-46.6899040770904,5,kilometer,376.0,"29817,44",21.0,16.0,26.0,15.0,78.0,chacara
441395,2022,-23.5993044849634,-46.6893658603426,5,kilometer,282.0,"19698,68",9.0,4.0,8.0,15.0,36.0,chacara
441406,2022,-23.6041359311685,-46.6838707504628,5,kilometer,306.0,"7799,01",11.0,14.0,15.0,15.0,55.0,chacara
441414,2022,-23.6099544153588,-46.6811046461666,5,kilometer,501.0,"20663,44",18.0,28.0,21.0,15.0,82.0,chacara
441415,2022,-23.609192039267,-46.68038614998,5,kilometer,103.0,"10910,34",3.0,6.0,9.0,5.0,23.0,chacara
441416,2022,-23.6091407071764,-46.6863434167067,5,kilometer,297.0,"6020,61",13.0,14.0,19.0,17.0,63.0,chacara
441417,2022,-23.6105042489578,-46.6871226513082,5,kilometer,340.0,"16653,83",13.0,6.0,9.0,10.0,38.0,chacara
441418,2022,-23.6091283243582,-46.6886681782922,5,kilometer,225.0,"6382,94",11.0,8.0,9.0,6.0,34.0,chacara
441419,2022,-23.6081462357197,-46.6881687156176,5,kilometer,210.0,"10974,94",9.0,9.0,6.0,6.0,30.0,chacara
441420,2022,-23.6067722491938,-46.6911200801126,5,kilometer,174.0,"12291,1",8.0,8.0,7.0,4.0,27.0,chacara
441421,2022,-23.608227021537,-46.6899895137286,5,kilometer,286.0,"15858,17",6.0,12.0,17.0,17.0,52.0,chacara
441422,2022,-23.6027568496071,-46.6955433129091,5,kilometer,231.0,"14043,73",6.0,8.0,6.0,5.0,25.0,chacara
441423,2022,-23.6046586776953,-46.6959608828223,5,kilometer,267.0,"10527,39",7.0,9.0,5.0,9.0,30.0,chacara
441424,2022,-23.6026900614569,-46.695263963541,5,kilometer,203.0,"21004,05",29.0,10.0,8.0,4.0,51.0,chacara
441425,2022,-23.6028383560391,-46.694747142360704,5,kilometer,292.0,"19705,81",33.0,32.0,22.0,9.0,96.0,chacara
441426,2022,-23.6029816639678,-46.6942273229008,5,kilometer,225.0,"24095,04",23.0,12.0,13.0,5.0,53.0,chacara
441434,2022,-23.6129243293105,-46.6805272021734,5,kilometer,371.0,"17661,9",11.0,16.0,12.0,6.0,45.0,chacara
441435,2022,-23.6121636687569,-46.6812789542653,5,kilometer,356.0,"17964,09",8.0,4.0,,4.0,16.0,chacara
441443,2022,-23.6129195305616,-46.679468529753,5,kilometer,225.0,"13869,23",6.0,,5.0,6.0,17.0,chacara
441444,2022,-23.6127339104688,-46.6788619449214,5,kilometer,189.0,"13510,45",7.0,4.0,4.0,6.0,21.0,chacara
441445,2022,-23.610767298554,-46.681536903104,5,kilometer,343.0,"19553,43",12.0,8.0,14.0,16.0,50.0,chacara
441446,2022,-23.6106467400152,-46.6822552199394,5,kilometer,225.0,"12100,51",8.0,6.0,3.0,6.0,23.0,chacara
441447,2022,-23.6116743888777,-46.6884557643722,5,kilometer,267.0,"17793,91",8.0,9.0,10.0,10.0,37.0,chacara
441448,2022,-23.6118784438718,-46.6864472979322,5,kilometer,332.0,"15492,59",21.0,15.0,11.0,20.0,67.0,chacara
441449,2022,-23.6095755419039,-46.6899687098721,5,kilometer,298.0,"7929,26",14.0,4.0,5.0,10.0,33.0,chacara
441450,2022,-23.6104247211102,-46.6889001323792,5,kilometer,374.0,"43930,3",15.0,23.0,15.0,8.0,61.0,chacara
441451,2022,-23.6101764778866,-46.6908335076305,5,kilometer,248.0,"12524,42",18.0,12.0,9.0,7.0,46.0,chacara
441452,2022,-23.6107175460334,-46.6903685652938,5,kilometer,173.0,"22767,22",13.0,11.0,4.0,9.0,37.0,chacara
441453,2022,-23.6099989495481,-46.6969612867422,5,kilometer,278.0,"19671,96",15.0,18.0,6.0,12.0,51.0,chacara
441454,2022,-23.6105374795819,-46.6953990175726,5,kilometer,196.0,"17675,25",6.0,4.0,,4.0,14.0,chacara
441455,2022,-23.6071724528996,-46.6962340435143,5,kilometer,325.0,"26852,01",22.0,23.0,16.0,11.0,72.0,chacara
441456,2022,-23.6072668685673,-46.6959264161794,5,kilometer,309.0,"23757,05",26.0,10.0,10.0,8.0,54.0,chacara
441457,2022,-23.6059065097338,-46.6939358459323,5,kilometer,339.0,"10418,72",8.0,14.0,8.0,6.0,36.0,chacara
441458,2022,-23.6055772025376,-46.6948102500692,5,kilometer,205.0,"10131,64",0.0,7.0,3.0,7.0,17.0,chacara
441464,2022,-23.6028825402109,-46.6854376830095,5,kilometer,313.0,"6879,74",16.0,9.0,10.0,15.0,50.0,chacara
441465,2022,-23.612113151074,-46.6831841532549,5,kilometer,388.0,"20098,44",21.0,28.0,13.0,18.0,80.0,chacara
441466,2022,-23.6117758001742,-46.6834709514825,5,kilometer,234.0,"23325,45",8.0,8.0,16.0,5.0,37.0,chacara
441467,2022,-23.6134675744457,-46.6834198925164,5,kilometer,368.0,"14250,07",14.0,21.0,13.0,15.0,63.0,chacara
441468,2022,-23.6130972998298,-46.684319512722304,5,kilometer,382.0,"14928,36",14.0,15.0,22.0,20.0,71.0,chacara
441469,2022,-23.6140492425653,-46.687709337598,5,kilometer,372.0,"29855,3",35.0,25.0,15.0,5.0,80.0,chacara
441470,2022,-23.6149844650095,-46.6865368944752,5,kilometer,279.0,"16730,9",29.0,22.0,12.0,8.0,71.0,chacara
441471,2022,-23.6134707082881,-46.6858275941808,5,kilometer,352.0,"7582,52",15.0,12.0,9.0,12.0,48.0,chacara
441472,2022,-23.6157186311541,-46.6856097284324,5,kilometer,311.0,"17182,53",31.0,30.0,12.0,10.0,83.0,chacara
441473,2022,-23.6153471886449,-46.686075705898,5,kilometer,209.0,"14684,57",5.0,4.0,4.0,3.0,16.0,chacara
441474,2022,-23.6154489422855,-46.6859273535925,5,kilometer,287.0,"15354,46",22.0,11.0,4.0,4.0,41.0,chacara
441475,2022,-23.6148903207724,-46.6849734677422,5,kilometer,245.0,"15888,19",14.0,8.0,8.0,5.0,35.0,chacara
441476,2022,-23.6150819939826,-46.6847493129207,5,kilometer,249.0,"14660,22",,,5.0,8.0,13.0,chacara
441477,2022,-23.6144396609815,-46.6859386103345,5,kilometer,308.0,"15848,34",32.0,23.0,17.0,,72.0,chacara
441478,2022,-23.6142951916055,-46.6854426579413,5,kilometer,485.0,"14799,84",39.0,26.0,10.0,11.0,86.0,chacara
441479,2022,-23.6128696139503,-46.6900371282168,5,kilometer,211.0,"7241,67",7.0,7.0,6.0,6.0,26.0,chacara
441480,2022,-23.613492175095,-46.68924593564,5,kilometer,247.0,"7396,81",11.0,6.0,11.0,11.0,39.0,chacara
441481,2022,-23.6149584887497,-46.688575523824895,5,kilometer,98.0,"6785,86",4.0,6.0,,5.0,15.0,chacara
441482,2022,-23.6143600234246,-46.6885457211572,5,kilometer,312.0,"14876,57",23.0,14.0,5.0,3.0,45.0,chacara
441483,2022,-23.6115455634683,-46.6908565487029,5,kilometer,231.0,"12358,34",10.0,13.0,9.0,18.0,50.0,chacara
441484,2022,-23.6123126695787,-46.6915740308529,5,kilometer,427.0,"23652,2",32.0,46.0,33.0,21.0,132.0,chacara
441488,2022,-23.6154044088252,-46.680965619585294,5,kilometer,219.0,"23755,84",7.0,15.0,27.0,14.0,63.0,chacara
441489,2022,-23.6155907204228,-46.680565670841,5,kilometer,436.0,"26411,77",35.0,38.0,52.0,37.0,162.0,chacara
441490,2022,-23.6159231885686,-46.6807592370189,5,kilometer,375.0,"29596,87",34.0,41.0,30.0,23.0,128.0,chacara
441491,2022,-23.614649949186,-46.6819375233698,5,kilometer,344.0,"14559,12",14.0,18.0,6.0,5.0,43.0,chacara
441494,2022,-23.6140048528729,-46.6824906256445,5,kilometer,247.0,"10632,6",5.0,3.0,3.0,4.0,15.0,chacara
441495,2022,-23.6140464880263,-46.683029363008,5,kilometer,175.0,"8054,14",8.0,6.0,7.0,5.0,26.0,chacara
441496,2022,-23.6137103063015,-46.681932217404,5,kilometer,309.0,"29471,59",17.0,4.0,,9.0,30.0,chacara
441497,2022,-23.6129624404928,-46.6823799828862,5,kilometer,106.0,"12839,5",9.0,4.0,0.0,0.0,13.0,chacara
441498,2022,-23.6132199163264,-46.6816656994443,5,kilometer,318.0,"18786,89",10.0,10.0,17.0,14.0,51.0,chacara
441499,2022,-23.613897804781,-46.6810538861611,5,kilometer,260.0,"14483,69",12.0,,6.0,9.0,27.0,chacara
441501,2022,-23.6160688999525,-46.6817398495457,5,kilometer,311.0,"8207,39",11.0,10.0,7.0,6.0,34.0,chacara
441502,2022,-23.6167539661692,-46.6811459637986,5,kilometer,185.0,"14896,92",10.0,14.0,9.0,9.0,42.0,chacara
441503,2022,-23.617567364952,-46.6825745673841,5,kilometer,431.0,"11078,05",13.0,20.0,29.0,36.0,98.0,chacara
441504,2022,-23.6168966766806,-46.6819471934169,5,kilometer,207.0,"15353,56",8.0,9.0,3.0,6.0,26.0,chacara
441505,2022,-23.6170554317149,-46.6817236914106,5,kilometer,170.0,"13536,55",5.0,,4.0,,9.0,chacara
441506,2022,-23.6177495928938,-46.6852254130042,5,kilometer,107.0,"9197,61",3.0,4.0,4.0,7.0,18.0,chacara
441507,2022,-23.6186669475813,-46.685534132095,5,kilometer,223.0,"12638,81",10.0,7.0,6.0,9.0,32.0,chacara
441508,2022,-23.6187786300161,-46.6844773073603,5,kilometer,212.0,"19350,99",8.0,6.0,,7.0,21.0,chacara
441509,2022,-23.6195186943328,-46.6834382361885,5,kilometer,470.0,"12641,76",18.0,24.0,31.0,16.0,89.0,chacara
441510,2022,-23.6165896671387,-46.687697789565,5,kilometer,249.0,"9667,93",9.0,18.0,11.0,3.0,41.0,chacara
441511,2022,-23.6154821882134,-46.6914133098167,5,kilometer,360.0,"6139,98",15.0,19.0,16.0,30.0,80.0,chacara
441512,2022,-23.6139491177479,-46.690801144472,5,kilometer,221.0,"16667,41",7.0,,0.0,,7.0,chacara
441513,2022,-23.6137695575533,-46.6910258031999,5,kilometer,233.0,"16778,18",10.0,6.0,5.0,,21.0,chacara
441519,2022,-23.6198754604451,-46.6860497267959,5,kilometer,249.0,"8087,1",10.0,4.0,4.0,9.0,27.0,chacara
441520,2022,-23.6213520889153,-46.6847921919247,5,kilometer,185.0,"8588,24",5.0,,6.0,6.0,17.0,chacara
441521,2022,-23.6204931421876,-46.684165017932,5,kilometer,463.0,"20281,98",42.0,28.0,32.0,17.0,119.0,chacara
441522,2022,-23.6216439703745,-46.6849803539332,5,kilometer,278.0,"23556,25",10.0,6.0,14.0,9.0,39.0,chacara
441523,2022,-23.6167685772112,-46.6906426032416,5,kilometer,364.0,"6347,32",8.0,17.0,15.0,12.0,52.0,chacara
441524,2022,-23.618286733903,-46.6908008246919,5,kilometer,378.0,"7563,42",15.0,10.0,17.0,15.0,57.0,chacara
441525,2022,-23.6184212464715,-46.6934834593495,5,kilometer,329.0,"9014,73",10.0,10.0,8.0,8.0,36.0,chacara
441526,2022,-23.619947005349,-46.6912848479537,5,kilometer,328.0,"9055,78",7.0,12.0,16.0,24.0,59.0,chacara
441527,2022,-23.6175261708014,-46.6947922617162,5,kilometer,398.0,"14544,77",21.0,10.0,15.0,5.0,51.0,chacara
441528,2022,-23.6217732801745,-46.6965619612299,5,kilometer,404.0,"20685,65",40.0,29.0,16.0,19.0,104.0,chacara
441529,2022,-23.6201987490179,-46.6949930296631,5,kilometer,238.0,"21322,79",23.0,10.0,10.0,8.0,51.0,chacara
441530,2022,-23.6209236746928,-46.695461372536,5,kilometer,338.0,"33901,64",40.0,48.0,20.0,10.0,118.0,chacara
441531,2022,-23.620509884848,-46.6955484841829,5,kilometer,196.0,"11842,38",6.0,,3.0,8.0,17.0,chacara
441532,2022,-23.620212218931,-46.6954393791783,5,kilometer,233.0,"14072,1",16.0,16.0,,4.0,36.0,chacara
441533,2022,-23.6202803604655,-46.697050917529104,5,kilometer,134.0,"17564,58",,4.0,,0.0,4.0,chacara
441534,2022,-23.6201913221055,-46.6973635300256,5,kilometer,126.0,"23545,92",,,,,0.0,chacara
441535,2022,-23.6195897418491,-46.6985926945711,5,kilometer,615.0,"25051,17",49.0,31.0,48.0,37.0,165.0,chacara
441540,2022,-23.6220105460389,-46.6893776898292,5,kilometer,325.0,"7447,39",3.0,10.0,6.0,11.0,30.0,chacara
441541,2022,-23.6228421822821,-46.6923843336296,5,kilometer,251.0,"7635,12",10.0,6.0,14.0,12.0,42.0,chacara
441542,2022,-23.6221442932649,-46.6946017862901,5,kilometer,325.0,"9141,43",10.0,13.0,10.0,7.0,40.0,chacara
441543,2022,-23.6234512148434,-46.6950922964737,5,kilometer,253.0,"16195,12",,,,3.0,3.0,chacara
441553,2022,-23.6232599332093,-46.6862592208766,5,kilometer,346.0,"14343,34",8.0,16.0,19.0,16.0,59.0,chacara
441554,2022,-23.6235572648122,-46.686067048509,5,kilometer,466.0,"17389,41",28.0,33.0,20.0,17.0,98.0,chacara
441555,2022,-23.6242435303613,-46.6878214164615,5,kilometer,327.0,"15369,65",26.0,13.0,7.0,4.0,50.0,chacara
441556,2022,-23.6248132101087,-46.68779538441711,5,kilometer,226.0,"11375,33",5.0,5.0,,,10.0,chacara
441557,2022,-23.6251537915594,-46.6886084728174,5,kilometer,319.0,"33907,62",5.0,10.0,7.0,6.0,28.0,chacara
441583,2022,-23.6060017263826,-46.6959963025556,5,kilometer,235.0,"7375,23",12.0,8.0,7.0,11.0,38.0,chacara
441584,2022,-23.6072716253681,-46.6944703165984,5,kilometer,44.0,"8256,57",,0.0,3.0,3.0,6.0,chacara
441585,2022,-23.611009309343,-46.6938475140237,5,kilometer,184.0,"36884,35",14.0,17.0,17.0,10.0,58.0,chacara
441586,2022,-23.6116600433363,-46.6928097890924,5,kilometer,325.0,"18470,52",27.0,12.0,8.0,6.0,53.0,chacara
441587,2022,-23.6112775665418,-46.6924506421437,5,kilometer,175.0,"17061,22",4.0,6.0,,0.0,10.0,chacara
441588,2022,-23.6105352186735,-46.6919895255351,5,kilometer,317.0,"18617,33",23.0,25.0,13.0,20.0,81.0,chacara
441593,2022,-23.611535427136,-46.6829654494681,5,kilometer,318.0,"16714,6",18.0,14.0,15.0,13.0,60.0,chacara
441594,2022,-23.6119287484194,-46.6820695388763,5,kilometer,240.0,"15400,1",12.0,13.0,5.0,12.0,42.0,chacara
441603,2022,-23.6098898207953,-46.6930348857032,5,kilometer,278.0,"39611,2",13.0,22.0,13.0,18.0,66.0,chacara
441604,2022,-23.6089656872192,-46.6914215728046,5,kilometer,323.0,"11140,61",10.0,16.0,6.0,9.0,41.0,chacara
441610,2022,-23.6038864987815,-46.6948781894226,5,kilometer,245.0,"19894,86",9.0,11.0,12.0,6.0,38.0,chacara
441611,2022,-23.6041500488323,-46.6949827939003,5,kilometer,212.0,"21910,98",16.0,5.0,4.0,4.0,29.0,chacara
441617,2022,-23.6110992863616,-46.6897326999505,5,kilometer,159.0,"21589,36",7.0,13.0,7.0,5.0,32.0,chacara
441621,2022,-23.6154112413437,-46.6834901724799,5,kilometer,176.0,"7203,95",6.0,12.0,5.0,8.0,31.0,chacara
441630,2022,-23.616563343556,-46.6850047781596,5,kilometer,272.0,"11946,1",9.0,16.0,,5.0,30.0,chacara
441631,2022,-23.6165528275774,-46.68452694236871,5,kilometer,92.0,"9585,75",3.0,9.0,5.0,6.0,23.0,chacara
441632,2022,-23.6214329198462,-46.68796205392791,5,kilometer,81.0,"10061,64",0.0,0.0,0.0,0.0,0.0,chacara
441633,2022,-23.6219369945746,-46.6884998417567,5,kilometer,257.0,"17398,83",15.0,17.0,13.0,9.0,54.0,chacara
441634,2022,-23.6239255765794,-46.690901433931,5,kilometer,166.0,"18443,72",28.0,7.0,,4.0,39.0,chacara
441635,2022,-23.6239313476903,-46.69008234283591,5,kilometer,383.0,"9331,65",14.0,15.0,6.0,9.0,44.0,chacara
442782,2022,-23.6457112250289,-46.6710625839321,5,kilometer,236.0,"24337,66",16.0,21.0,25.0,15.0,77.0,chacara
442783,2022,-23.6480625794619,-46.6700118062912,5,kilometer,479.0,"12918,09",21.0,14.0,13.0,18.0,66.0,chacara
442863,2022,-23.643374945286,-46.6679723909661,5,kilometer,341.0,"11683,01",9.0,11.0,16.0,15.0,51.0,chacara
442893,2022,-23.6458177869416,-46.670227013338895,5,kilometer,243.0,"17134,36",15.0,15.0,19.0,7.0,56.0,chacara
442894,2022,-23.6450469085546,-46.6705326870498,5,kilometer,344.0,"11163,48",15.0,18.0,21.0,16.0,70.0,chacara
442895,2022,-23.6449452417338,-46.669767921413694,5,kilometer,351.0,"13911,11",9.0,13.0,20.0,13.0,55.0,chacara
445314,2022,-23.6625749018638,-46.7385216918103,5,kilometer,981.0,"2278,82",47.0,59.0,49.0,69.0,224.0,chacara
445315,2022,-23.666419734166,-46.7384868445428,5,kilometer,918.0,"2376,03",46.0,57.0,51.0,52.0,206.0,chacara
445316,2022,-23.6676341155376,-46.7396521886226,5,kilometer,394.0,"2266,71",16.0,19.0,23.0,28.0,86.0,chacara
445317,2022,-23.6690619939797,-46.7389172837521,5,kilometer,331.0,"2424,16",17.0,10.0,20.0,26.0,73.0,chacara
445318,2022,-23.6662438160295,-46.7366172842486,5,kilometer,613.0,"4038,11",32.0,29.0,33.0,40.0,134.0,chacara
445338,2022,-23.6460947928095,-46.7320446309255,5,kilometer,315.0,"2799,62",13.0,20.0,16.0,20.0,69.0,chacara
445339,2022,-23.6501478456778,-46.7341571550071,5,kilometer,263.0,"2099,82",13.0,21.0,17.0,17.0,68.0,chacara
445349,2022,-23.6626198146035,-46.7419313306395,5,kilometer,459.0,"2272,73",14.0,37.0,34.0,35.0,120.0,chacara
445350,2022,-23.6637054415693,-46.7411217423095,5,kilometer,426.0,"1893,63",16.0,20.0,27.0,20.0,83.0,chacara
445351,2022,-23.6628735926967,-46.7404230760371,5,kilometer,447.0,"2706,26",19.0,30.0,32.0,27.0,108.0,chacara
445352,2022,-23.6621409878465,-46.7407462668089,5,kilometer,670.0,"2492,51",42.0,41.0,41.0,46.0,170.0,chacara
445353,2022,-23.6597147946596,-46.7402113127951,5,kilometer,157.0,"2083,9",5.0,8.0,8.0,13.0,34.0,chacara
445354,2022,-23.6642739528442,-46.7363421585689,5,kilometer,824.0,"3468,73",47.0,46.0,47.0,59.0,199.0,chacara
445355,2022,-23.6691861936621,-46.7322195360971,5,kilometer,498.0,"4047,51",25.0,25.0,17.0,30.0,97.0,chacara
445356,2022,-23.6712499768585,-46.7335551324437,5,kilometer,434.0,"3416,51",16.0,22.0,20.0,19.0,77.0,chacara
445386,2022,-23.6521647611061,-46.7529094969108,5,kilometer,,,,,,,0.0,chacara
445387,2022,-23.6606155687229,-46.7474979659885,5,kilometer,285.0,"1929,62",9.0,18.0,24.0,25.0,76.0,chacara
445388,2022,-23.6594514606235,-46.7456078914875,5,kilometer,793.0,"1877,84",48.0,52.0,41.0,59.0,200.0,chacara
445389,2022,-23.6586475701468,-46.7420107838714,5,kilometer,762.0,"2130,41",48.0,48.0,50.0,50.0,196.0,chacara
445390,2022,-23.6592278684749,-46.7361469054731,5,kilometer,491.0,"2646,85",20.0,30.0,30.0,36.0,116.0,chacara
445391,2022,-23.6596294022041,-46.735249441961,5,kilometer,509.0,"2297,59",22.0,28.0,20.0,30.0,100.0,chacara
445392,2022,-23.6665319700009,-46.7316344611782,5,kilometer,470.0,"2832,01",20.0,23.0,21.0,33.0,97.0,chacara
445412,2022,-23.6549467615221,-46.7483998565018,5,kilometer,436.0,"4095,11",21.0,25.0,31.0,32.0,109.0,chacara
445413,2022,-23.6559053601162,-46.7427285712037,5,kilometer,634.0,"4758,47",29.0,33.0,48.0,56.0,166.0,chacara
445414,2022,-23.6552192141497,-46.7431131106455,5,kilometer,565.0,"3699,41",35.0,27.0,36.0,40.0,138.0,chacara
445415,2022,-23.6566066718898,-46.741213441411,5,kilometer,414.0,"3100,32",13.0,21.0,14.0,32.0,80.0,chacara
445416,2022,-23.6552474251572,-46.7364608345007,5,kilometer,640.0,"2240,11",20.0,23.0,39.0,46.0,128.0,chacara
445417,2022,-23.6604057939917,-46.73205878708,5,kilometer,968.0,"2137,94",65.0,53.0,61.0,76.0,255.0,chacara
445418,2022,-23.6644647870635,-46.729963450056,5,kilometer,675.0,"4703,2",37.0,50.0,45.0,51.0,183.0,chacara
445430,2022,-23.6545671185694,-46.7451366887073,5,kilometer,666.0,"2834,11",23.0,36.0,38.0,45.0,142.0,chacara
445431,2022,-23.6533775372181,-46.744004597036,5,kilometer,660.0,"2216,88",36.0,43.0,47.0,54.0,180.0,chacara
445432,2022,-23.6543343125533,-46.74224111006,5,kilometer,613.0,"3060,26",29.0,39.0,26.0,26.0,120.0,chacara
445433,2022,-23.6548658031388,-46.7399289683642,5,kilometer,557.0,"2932,45",17.0,16.0,27.0,28.0,88.0,chacara
445434,2022,-23.6542942946508,-46.7390434128548,5,kilometer,563.0,"2834,86",36.0,23.0,29.0,30.0,118.0,chacara
445435,2022,-23.6536053909143,-46.7380674770774,5,kilometer,582.0,"2733,9",28.0,36.0,37.0,36.0,137.0,chacara
445436,2022,-23.6560468724124,-46.7345797199179,5,kilometer,970.0,"2454,82",46.0,41.0,47.0,53.0,187.0,chacara
445437,2022,-23.6572437360126,-46.7339337151669,5,kilometer,645.0,"2479,01",36.0,41.0,44.0,38.0,159.0,chacara
445438,2022,-23.6579356316246,-46.7326913805311,5,kilometer,822.0,"2045,14",60.0,46.0,47.0,46.0,199.0,chacara
445439,2022,-23.6591433095768,-46.7312045024134,5,kilometer,375.0,"2130,15",19.0,27.0,31.0,38.0,115.0,chacara
445446,2022,-23.6518720326642,-46.7494552273854,5,kilometer,633.0,"5536,09",30.0,28.0,36.0,38.0,132.0,chacara
445447,2022,-23.6515419525473,-46.7455764762261,5,kilometer,894.0,"6994,29",65.0,61.0,64.0,47.0,237.0,chacara
445448,2022,-23.6517913643394,-46.7447554292331,5,kilometer,608.0,"6624,83",32.0,24.0,39.0,45.0,140.0,chacara
445449,2022,-23.6518828864282,-46.74225933002791,5,kilometer,673.0,"2906,99",48.0,38.0,41.0,50.0,177.0,chacara
445450,2022,-23.6519838952815,-46.7392271898108,5,kilometer,721.0,"2268,81",41.0,35.0,45.0,54.0,175.0,chacara
445451,2022,-23.6525340242287,-46.7363551652862,5,kilometer,756.0,"2631,62",40.0,39.0,54.0,47.0,180.0,chacara
445452,2022,-23.6541753495586,-46.7345942651394,5,kilometer,381.0,"2215,28",20.0,19.0,24.0,21.0,84.0,chacara
445453,2022,-23.6502392521872,-46.7501893279067,5,kilometer,689.0,"3718,79",26.0,19.0,47.0,42.0,134.0,chacara
445454,2022,-23.6491893004303,-46.7452182400334,5,kilometer,716.0,"4052,53",29.0,45.0,42.0,40.0,156.0,chacara
445455,2022,-23.6495478032794,-46.740472955528,5,kilometer,600.0,"2957,37",28.0,20.0,19.0,29.0,96.0,chacara
445456,2022,-23.6512612693154,-46.737423084322494,5,kilometer,839.0,"3308,75",46.0,47.0,50.0,65.0,208.0,chacara
445457,2022,-23.6512628949245,-46.7358697413611,5,kilometer,847.0,"2108,38",48.0,53.0,49.0,68.0,218.0,chacara
445458,2022,-23.6516530737516,-46.7343052941298,5,kilometer,491.0,"2466,95",16.0,25.0,28.0,33.0,102.0,chacara
445459,2022,-23.6540603487031,-46.7326536117671,5,kilometer,699.0,"2101,39",42.0,40.0,41.0,44.0,167.0,chacara
445460,2022,-23.6530072899046,-46.731778410082704,5,kilometer,608.0,"2987,06",51.0,41.0,30.0,36.0,158.0,chacara
445461,2022,-23.6483670460455,-46.7519445629456,5,kilometer,599.0,"3162,03",15.0,24.0,19.0,21.0,79.0,chacara
445462,2022,-23.6472223357272,-46.7439488318546,5,kilometer,858.0,"2669,72",36.0,54.0,45.0,50.0,185.0,chacara
445463,2022,-23.6462492551565,-46.7456450900938,5,kilometer,937.0,"5067,65",34.0,46.0,55.0,54.0,189.0,chacara
445464,2022,-23.6487687504536,-46.7425910670294,5,kilometer,367.0,"1766,87",21.0,19.0,25.0,28.0,93.0,chacara
445465,2022,-23.6467448883763,-46.7372061127363,5,kilometer,374.0,"3999,08",8.0,14.0,23.0,16.0,61.0,chacara
445466,2022,-23.6499281986542,-46.7366723676436,5,kilometer,481.0,"4833,29",23.0,32.0,31.0,30.0,116.0,chacara
445467,2022,-23.6487839555976,-46.7349561401875,5,kilometer,776.0,"2472,29",42.0,37.0,51.0,49.0,179.0,chacara
445468,2022,-23.6488657841349,-46.73403937619951,5,kilometer,725.0,"2294,82",39.0,48.0,40.0,63.0,190.0,chacara
445469,2022,-23.6427968261686,-46.746061737115696,5,kilometer,715.0,"4545,64",32.0,41.0,39.0,36.0,148.0,chacara
445470,2022,-23.6448778611815,-46.7402458402869,5,kilometer,638.0,"4791,38",19.0,27.0,30.0,38.0,114.0,chacara
445471,2022,-23.6482214961695,-46.7358323006325,5,kilometer,379.0,"4670,25",14.0,19.0,20.0,21.0,74.0,chacara
445472,2022,-23.6470133983878,-46.7357463705886,5,kilometer,349.0,"1580,45",28.0,28.0,29.0,30.0,115.0,chacara
445479,2022,-23.6579267800012,-46.7377395823376,5,kilometer,511.0,"2582,83",27.0,38.0,31.0,33.0,129.0,chacara
445480,2022,-23.6583933603868,-46.739213301272,5,kilometer,733.0,"2148,19",56.0,49.0,71.0,58.0,234.0,chacara
445485,2022,-23.6553497580301,-46.7516461715551,5,kilometer,373.0,"1633,25",24.0,29.0,29.0,27.0,109.0,chacara
445486,2022,-23.6583170066143,-46.7433217509249,5,kilometer,824.0,"2022,06",56.0,65.0,63.0,69.0,253.0,chacara
445493,2022,-23.6568428456333,-46.7442489430415,5,kilometer,874.0,"1776,83",54.0,62.0,60.0,66.0,242.0,chacara
445494,2022,-23.652390636286,-46.7405353978323,5,kilometer,608.0,"3897,54",30.0,30.0,40.0,29.0,129.0,chacara
445495,2022,-23.6614677790073,-46.7420084600881,5,kilometer,594.0,"1695,13",40.0,39.0,48.0,57.0,184.0,chacara
445501,2022,-23.6662311630413,-46.729463227847,5,kilometer,324.0,"3836,83",18.0,13.0,14.0,20.0,65.0,chacara
445507,2022,-23.6564479349672,-46.736989559822,5,kilometer,558.0,"9943,82",28.0,38.0,50.0,46.0,162.0,chacara
445508,2022,-23.6553319463309,-46.7379836230855,5,kilometer,454.0,"2212,27",25.0,31.0,18.0,27.0,101.0,chacara
445510,2022,-23.6596357501029,-46.7356725687904,5,kilometer,792.0,"2477,74",35.0,42.0,69.0,79.0,225.0,chacara
445514,2022,-23.6597171895028,-46.7412411782964,5,kilometer,384.0,"2123,65",15.0,19.0,29.0,19.0,82.0,chacara
445516,2022,-23.6605516859643,-46.7300145547616,5,kilometer,131.0,"2290,27",5.0,6.0,7.0,9.0,27.0,chacara
445525,2022,-23.6490495750141,-46.7334814684799,5,kilometer,277.0,"1839,24",25.0,22.0,17.0,24.0,88.0,chacara
445533,2022,-23.6538124803825,-46.74853713483311,5,kilometer,147.0,"1739,98",7.0,9.0,9.0,8.0,33.0,chacara
445540,2022,-23.6553232002763,-46.7295614640608,5,kilometer,1082.0,"1773,94",103.0,84.0,82.0,95.0,364.0,chacara
445553,2022,-23.6669242875357,-46.7404284520384,5,kilometer,549.0,"2011,55",30.0,46.0,32.0,38.0,146.0,chacara
445554,2022,-23.6652009261461,-46.7347750184275,5,kilometer,962.0,"2509,54",50.0,54.0,55.0,60.0,219.0,chacara
445573,2022,-23.6556994157559,-46.74968457119,5,kilometer,406.0,"3042,63",27.0,29.0,26.0,30.0,112.0,chacara
445574,2022,-23.6542310929304,-46.7508785723867,5,kilometer,889.0,"2091,67",49.0,76.0,75.0,67.0,267.0,chacara
445575,2022,-23.654232544966,-46.7465894023196,5,kilometer,683.0,"3270,84",28.0,41.0,45.0,42.0,156.0,chacara
445576,2022,-23.6554766578827,-46.7464260987529,5,kilometer,396.0,"3558,36",13.0,24.0,24.0,27.0,88.0,chacara
445577,2022,-23.6567123034492,-46.7461956286175,5,kilometer,455.0,"1799,12",27.0,20.0,29.0,28.0,104.0,chacara
445578,2022,-23.6582181703765,-46.745798921642304,5,kilometer,837.0,"1828,56",56.0,62.0,54.0,53.0,225.0,chacara
445579,2022,-23.6575641867902,-46.74536099498911,5,kilometer,812.0,"1603,08",41.0,50.0,68.0,67.0,226.0,chacara
445580,2022,-23.656541296783,-46.7388805367338,5,kilometer,438.0,"3109,26",22.0,27.0,31.0,30.0,110.0,chacara
445581,2022,-23.6579563613171,-46.7406071739839,5,kilometer,655.0,"2699,67",33.0,42.0,40.0,42.0,157.0,chacara
445582,2022,-23.6592391824463,-46.7343087829284,5,kilometer,490.0,"2125,78",19.0,31.0,28.0,35.0,113.0,chacara
445583,2022,-23.6588442681026,-46.733682362300094,5,kilometer,577.0,"1964,21",22.0,33.0,58.0,47.0,160.0,chacara
445595,2022,-23.6609419365558,-46.7305026923942,5,kilometer,385.0,"2053,01",15.0,32.0,25.0,31.0,103.0,chacara
445596,2022,-23.6594478472363,-46.7316126883275,5,kilometer,423.0,"2727,1",32.0,27.0,35.0,30.0,124.0,chacara
445601,2022,-23.6524257980768,-46.7467466229957,5,kilometer,1037.0,"2248,05",53.0,49.0,78.0,76.0,256.0,chacara
445602,2022,-23.6503132591579,-46.7443297147943,5,kilometer,196.0,"2515,08",8.0,5.0,13.0,21.0,47.0,chacara
445603,2022,-23.6507718821882,-46.7433797176702,5,kilometer,788.0,"3340,06",56.0,48.0,50.0,60.0,214.0,chacara
445604,2022,-23.6546487945836,-46.7337430081217,5,kilometer,412.0,"2266,78",18.0,28.0,18.0,23.0,87.0,chacara
445605,2022,-23.655854445647,-46.7326191149021,5,kilometer,699.0,"2450,65",29.0,43.0,41.0,36.0,149.0,chacara
445606,2022,-23.6485063739877,-46.7445045574596,5,kilometer,408.0,"2850,61",22.0,23.0,24.0,19.0,88.0,chacara
445607,2022,-23.6491389731765,-46.7419719158622,5,kilometer,505.0,"2467,07",25.0,34.0,31.0,43.0,133.0,chacara
445608,2022,-23.6508188065189,-46.7404687879964,5,kilometer,639.0,"2301,9",35.0,47.0,28.0,50.0,160.0,chacara
445609,2022,-23.6506176943338,-46.7387871445052,5,kilometer,315.0,"2387,2",9.0,19.0,16.0,14.0,58.0,chacara
445610,2022,-23.6516224662337,-46.7334118376082,5,kilometer,206.0,"2843,16",12.0,13.0,13.0,6.0,44.0,chacara
445611,2022,-23.6538260493806,-46.7320210294762,5,kilometer,600.0,"2350,37",32.0,35.0,35.0,39.0,141.0,chacara
445612,2022,-23.6553925793742,-46.7309990716537,5,kilometer,384.0,"2212,27",27.0,28.0,29.0,15.0,99.0,chacara
445613,2022,-23.6473749191986,-46.7557749626746,5,kilometer,382.0,"2280,41",11.0,17.0,27.0,24.0,79.0,chacara
445614,2022,-23.6465048709303,-46.7525033247076,5,kilometer,459.0,"3138,09",15.0,23.0,18.0,23.0,79.0,chacara
445615,2022,-23.6449085062425,-46.744683402379295,5,kilometer,250.0,"6631,25",12.0,8.0,7.0,8.0,35.0,chacara
445616,2022,-23.6462573359881,-46.7433959800111,5,kilometer,605.0,"3438,99",30.0,31.0,44.0,40.0,145.0,chacara
445617,2022,-23.6437875747223,-46.7410616500575,5,kilometer,275.0,"3609,08",12.0,16.0,12.0,19.0,59.0,chacara
445618,2022,-23.6441090278891,-46.7423937064872,5,kilometer,304.0,"4273,98",13.0,7.0,12.0,15.0,47.0,chacara
445619,2022,-23.6456774699222,-46.742121330919,5,kilometer,387.0,"2679,62",20.0,15.0,17.0,13.0,65.0,chacara
445620,2022,-23.6475372865211,-46.740373239793,5,kilometer,531.0,"6244,48",39.0,25.0,33.0,35.0,132.0,chacara
445621,2022,-23.6468618281837,-46.7393561540087,5,kilometer,272.0,"3615,66",14.0,12.0,11.0,6.0,43.0,chacara
445622,2022,-23.6431494991723,-46.7438610413198,5,kilometer,508.0,"2539,97",26.0,26.0,26.0,22.0,100.0,chacara
445623,2022,-23.6419946582182,-46.7427335208779,5,kilometer,160.0,"4026,53",5.0,6.0,3.0,5.0,19.0,chacara
445624,2022,-23.6439328109397,-46.7389512201899,5,kilometer,449.0,"5778,38",9.0,16.0,17.0,27.0,69.0,chacara
445625,2022,-23.6466834649904,-46.7384862984468,5,kilometer,451.0,"4651,65",21.0,20.0,27.0,27.0,95.0,chacara
445626,2022,-23.6484395334621,-46.737859293589,5,kilometer,554.0,"3104,69",23.0,36.0,22.0,40.0,121.0,chacara
445627,2022,-23.6493932910976,-46.7379299511049,5,kilometer,272.0,"3057,23",9.0,13.0,14.0,15.0,51.0,chacara
445630,2022,-23.6666320794695,-46.729043001494496,5,kilometer,342.0,"6456,37",17.0,17.0,14.0,9.0,57.0,chacara
445634,2022,-23.6601676117354,-46.742577480538,5,kilometer,646.0,"2990,4",46.0,44.0,39.0,35.0,164.0,chacara
445635,2022,-23.6616201374492,-46.7427824623684,5,kilometer,251.0,"1747,88",16.0,26.0,22.0,31.0,95.0,chacara
445636,2022,-23.6647105546435,-46.7322880363435,5,kilometer,228.0,"2001,63",13.0,22.0,19.0,15.0,69.0,chacara
445637,2022,-23.6660030513338,-46.7307157427877,5,kilometer,438.0,"2784,48",22.0,23.0,26.0,27.0,98.0,chacara
445638,2022,-23.6478766771267,-46.7464982573234,5,kilometer,181.0,"1649,33",14.0,12.0,10.0,10.0,46.0,chacara
445639,2022,-23.6525255952264,-46.7430721261095,5,kilometer,393.0,"2087,92",29.0,24.0,18.0,29.0,100.0,chacara
445646,2022,-23.6591032680034,-46.7298214722424,5,kilometer,407.0,"1863,29",28.0,34.0,34.0,37.0,133.0,chacara
445647,2022,-23.6598228024048,-46.7296431345289,5,kilometer,349.0,"2139,91",27.0,31.0,32.0,32.0,122.0,chacara
445648,2022,-23.6616012561445,-46.7312836874863,5,kilometer,216.0,"1488,64",19.0,16.0,15.0,27.0,77.0,chacara
445649,2022,-23.6617048231995,-46.7302363834541,5,kilometer,189.0,"2054,67",10.0,17.0,11.0,9.0,47.0,chacara
445654,2022,-23.6501112466545,-46.7461750489163,5,kilometer,935.0,"8339,28",82.0,74.0,50.0,52.0,258.0,chacara
445666,2022,-23.6709926968315,-46.7350821784525,5,kilometer,471.0,"17140,25",14.0,26.0,21.0,35.0,96.0,chacara
445673,2022,-23.6472037086636,-46.7501822893769,5,kilometer,694.0,"4448,8",26.0,34.0,42.0,42.0,144.0,chacara
445674,2022,-23.6451115650461,-46.7479285055092,5,kilometer,228.0,"3482,34",18.0,9.0,13.0,14.0,54.0,chacara
445675,2022,-23.6472298376698,-46.7488019055489,5,kilometer,400.0,"5274,31",29.0,20.0,10.0,14.0,73.0,chacara
445676,2022,-23.6469971003469,-46.7481055895767,5,kilometer,942.0,"8902,78",44.0,75.0,56.0,68.0,243.0,chacara
445677,2022,-23.6684889384342,-46.7343661360421,5,kilometer,727.0,"3441,74",38.0,52.0,58.0,67.0,215.0,chacara
445678,2022,-23.6681968821407,-46.733709397173904,5,kilometer,551.0,"3078,6",36.0,44.0,49.0,39.0,168.0,chacara
445679,2022,-23.6700814279169,-46.729007843633,5,kilometer,482.0,"6960,48",13.0,27.0,24.0,27.0,91.0,chacara
445680,2022,-23.6701660179914,-46.7287440103683,5,kilometer,420.0,"10272,47",20.0,19.0,39.0,33.0,111.0,chacara
445681,2022,-23.650992048499,-46.7476915563356,5,kilometer,471.0,"4456,3",42.0,27.0,27.0,27.0,123.0,chacara
445682,2022,-23.650481236803,-46.7470894430895,5,kilometer,309.0,"5092,96",25.0,14.0,7.0,16.0,62.0,chacara
445683,2022,-23.651702643054,-46.7471512407723,5,kilometer,187.0,"5658,6",24.0,9.0,10.0,4.0,47.0,chacara
445684,2022,-23.6528850560135,-46.750048860965,5,kilometer,733.0,"2530,68",46.0,42.0,46.0,45.0,179.0,chacara
445685,2022,-23.6533240880602,-46.7486054115866,5,kilometer,340.0,"18916,28",31.0,26.0,17.0,12.0,86.0,chacara
445686,2022,-23.653483851818,-46.7478591637243,5,kilometer,236.0,"6537,5",9.0,13.0,12.0,13.0,47.0,chacara
445687,2022,-23.6529401600842,-46.751937075883,5,kilometer,341.0,"1325,35",20.0,38.0,24.0,31.0,113.0,chacara
445688,2022,-23.6526287518794,-46.7513666437722,5,kilometer,347.0,"1198,23",19.0,24.0,29.0,26.0,98.0,chacara
445689,2022,-23.6452841887396,-46.7356112734472,5,kilometer,631.0,"1803,76",42.0,39.0,48.0,56.0,185.0,chacara
445690,2022,-23.646975173339,-46.7362358768332,5,kilometer,682.0,"1601,74",48.0,48.0,46.0,58.0,200.0,chacara
445691,2022,-23.6594222026415,-46.7406439525122,5,kilometer,482.0,"1850,11",30.0,25.0,35.0,26.0,116.0,chacara
445692,2022,-23.6609705330111,-46.7411147869628,5,kilometer,697.0,"1712,29",50.0,51.0,64.0,56.0,221.0,chacara
445693,2022,-23.6614141252471,-46.7407215153595,5,kilometer,568.0,"1650,47",49.0,48.0,48.0,56.0,201.0,chacara
445700,2022,-23.6625256795556,-46.726872217697,5,kilometer,434.0,"1861,21",31.0,33.0,30.0,41.0,135.0,chacara
445701,2022,-23.6623217711172,-46.7278336459644,5,kilometer,566.0,"1803,83",42.0,53.0,49.0,42.0,186.0,chacara
445702,2022,-23.6628455239026,-46.728166751263295,5,kilometer,542.0,"1961,99",37.0,36.0,43.0,40.0,156.0,chacara
445703,2022,-23.6628405512782,-46.7277441693475,5,kilometer,482.0,"2167,26",32.0,39.0,34.0,29.0,134.0,chacara
445704,2022,-23.6628980594542,-46.7270893479524,5,kilometer,512.0,"1853,84",37.0,34.0,43.0,34.0,148.0,chacara
445705,2022,-23.6560583414172,-46.7293895636884,5,kilometer,168.0,"1494,49",8.0,10.0,11.0,24.0,53.0,chacara
445706,2022,-23.6556204160647,-46.728456316721,5,kilometer,349.0,"1577,77",27.0,30.0,36.0,35.0,128.0,chacara
445712,2022,-23.6561634494521,-46.7511013976022,5,kilometer,291.0,"1505,9",18.0,26.0,22.0,22.0,88.0,chacara
445713,2022,-23.6562201079354,-46.7504140242757,5,kilometer,369.0,"1874,9",30.0,27.0,21.0,28.0,106.0,chacara
445714,2022,-23.6571377021151,-46.7500618245529,5,kilometer,559.0,"1583,17",31.0,41.0,40.0,52.0,164.0,chacara
445715,2022,-23.6582110681989,-46.7481601191234,5,kilometer,824.0,"1623,08",63.0,73.0,67.0,61.0,264.0,chacara
445716,2022,-23.658647000345,-46.74840764392351,5,kilometer,716.0,"1678,1",55.0,73.0,57.0,66.0,251.0,chacara
445717,2022,-23.6589854214744,-46.7473578853098,5,kilometer,601.0,"1648,63",37.0,42.0,48.0,56.0,183.0,chacara
445718,2022,-23.6594293811311,-46.7480724693182,5,kilometer,734.0,"1451,91",55.0,68.0,60.0,55.0,238.0,chacara
445719,2022,-23.659941603931,-46.7473625241904,5,kilometer,344.0,"1710,32",14.0,19.0,20.0,27.0,80.0,chacara
445720,2022,-23.662384729565,-46.7328609354826,5,kilometer,360.0,"2392,07",19.0,20.0,23.0,33.0,95.0,chacara
445721,2022,-23.6636607495767,-46.7323212608698,5,kilometer,429.0,"1601,53",23.0,37.0,30.0,42.0,132.0,chacara
445722,2022,-23.6634841586463,-46.7330158307367,5,kilometer,402.0,"1959,69",17.0,22.0,20.0,29.0,88.0,chacara
445723,2022,-23.6600962117093,-46.7393155955346,5,kilometer,557.0,"3436,66",31.0,31.0,38.0,45.0,145.0,chacara
445724,2022,-23.6607407346697,-46.7369601385809,5,kilometer,421.0,"2522,08",18.0,25.0,27.0,31.0,101.0,chacara
445725,2022,-23.6594420056185,-46.7288840944449,5,kilometer,600.0,"1498,49",45.0,55.0,38.0,49.0,187.0,chacara
445729,2022,-23.660612987057,-46.7341339144256,5,kilometer,704.0,"2478,18",49.0,33.0,36.0,47.0,165.0,chacara
445730,2022,-23.6613569104319,-46.7350119077392,5,kilometer,268.0,"2302,06",11.0,23.0,20.0,12.0,66.0,chacara
445735,2022,-23.6539052845188,-46.7522026648706,5,kilometer,86.0,"1633,4",5.0,5.0,4.0,8.0,22.0,chacara
445740,2022,-23.6622461196483,-46.7318679888494,5,kilometer,299.0,"1623,96",16.0,22.0,24.0,26.0,88.0,chacara
445741,2022,-23.6457709634137,-46.7340361480746,5,kilometer,619.0,"3256,26",28.0,31.0,31.0,22.0,112.0,chacara
445745,2022,-23.6608603657359,-46.7292552742286,5,kilometer,485.0,"1660,22",37.0,45.0,26.0,43.0,151.0,chacara
445746,2022,-23.6605329236919,-46.7287694228648,5,kilometer,225.0,"1652,76",11.0,19.0,23.0,14.0,67.0,chacara
445747,2022,-23.657386312974,-46.7489062574589,5,kilometer,283.0,"1847,19",16.0,22.0,30.0,22.0,90.0,chacara
445748,2022,-23.6576909007397,-46.748407113993295,5,kilometer,282.0,"1554,47",26.0,24.0,14.0,29.0,93.0,chacara
445752,2022,-23.6563376864724,-46.7281390087705,5,kilometer,367.0,"1622,81",33.0,35.0,29.0,24.0,121.0,chacara
445757,2022,-23.6583827728523,-46.730043954199296,5,kilometer,418.0,"1636,62",22.0,28.0,35.0,37.0,122.0,chacara
445761,2022,-23.6615834893181,-46.7326854566251,5,kilometer,291.0,"1722,19",21.0,19.0,21.0,17.0,78.0,chacara
445762,2022,-23.6612877115543,-46.7318653911115,5,kilometer,465.0,"1381,93",29.0,29.0,48.0,38.0,144.0,chacara
445766,2022,-23.6575167212558,-46.7479463445434,5,kilometer,93.0,"1670,95",9.0,6.0,7.0,6.0,28.0,chacara
445767,2022,-23.6568426973145,-46.7479553259143,5,kilometer,739.0,"1990,88",54.0,46.0,53.0,53.0,206.0,chacara
445770,2022,-23.6619299030087,-46.7394772089359,5,kilometer,37.0,"1707,4",54.0,44.0,50.0,67.0,215.0,chacara
445771,2022,-23.6604072340006,-46.7381065366982,5,kilometer,,,,,,,0.0,chacara
445772,2022,-23.6567263093537,-46.7275753840365,5,kilometer,217.0,"1638,64",28.0,17.0,14.0,19.0,78.0,chacara
445778,2022,-23.6626501280013,-46.7358507188425,5,kilometer,193.0,"1754,58",15.0,15.0,17.0,8.0,55.0,chacara
445779,2022,-23.6629517816798,-46.7336865865716,5,kilometer,382.0,"1338,94",16.0,15.0,26.0,40.0,97.0,chacara
445780,2022,-23.656173987173,-46.7305194177224,5,kilometer,212.0,"2087,54",8.0,10.0,10.0,12.0,40.0,chacara
445781,2022,-23.6554622341131,-46.7304487709051,5,kilometer,230.0,"1707,62",10.0,15.0,15.0,22.0,62.0,chacara
445782,2022,-23.6571270245554,-46.7300526306241,5,kilometer,193.0,"3126,19",16.0,11.0,7.0,12.0,46.0,chacara
445783,2022,-23.6585403052936,-46.7289414176757,5,kilometer,569.0,"1729,02",36.0,42.0,56.0,43.0,177.0,chacara
445786,2022,-23.6536303841908,-46.7301489956709,5,kilometer,35.0,2448,,,3.0,4.0,7.0,chacara
445787,2022,-23.6566197066156,-46.7294244869291,5,kilometer,181.0,"1728,95",13.0,19.0,15.0,16.0,63.0,chacara
445795,2022,-23.6632500546237,-46.7318125203248,5,kilometer,427.0,"1613,86",38.0,34.0,21.0,31.0,124.0,chacara
445796,2022,-23.6624633897512,-46.7323704390764,5,kilometer,291.0,"1876,57",20.0,19.0,27.0,26.0,92.0,chacara
445797,2022,-23.6619832873091,-46.7334992517945,5,kilometer,120.0,"2110,18",7.0,7.0,7.0,,21.0,chacara
445798,2022,-23.6619456494947,-46.7337034714958,5,kilometer,111.0,"1807,14",3.0,4.0,5.0,4.0,16.0,chacara
445799,2022,-23.6643611918073,-46.733597079794,5,kilometer,753.0,"2105,11",51.0,39.0,50.0,50.0,190.0,chacara
445800,2022,-23.6640543403334,-46.7330187227741,5,kilometer,72.0,"1795,26",3.0,6.0,,4.0,13.0,chacara
445801,2022,-23.6648175434551,-46.7384024414308,5,kilometer,282.0,"2090,3",23.0,13.0,14.0,32.0,82.0,chacara
445802,2022,-23.6643457192832,-46.7388484886378,5,kilometer,116.0,"1515,49",3.0,8.0,10.0,15.0,36.0,chacara
445804,2022,-23.6512283413304,-46.7310914139514,5,kilometer,402.0,"3037,48",20.0,18.0,20.0,20.0,78.0,chacara
445829,2022,-23.6611103696414,-46.7255946456072,5,kilometer,,,,,,,0.0,chacara
445830,2022,-23.6632568684085,-46.7307570933388,5,kilometer,42.0,"2517,64",,3.0,6.0,90.0,99.0,chacara
445831,2022,-23.668249762622,-46.735629970535,5,kilometer,102.0,"4597,33",6.0,3.0,,6.0,15.0,chacara
445834,2022,-23.6576989242608,-46.7310366974577,5,kilometer,430.0,"2110,03",39.0,22.0,22.0,30.0,113.0,chacara
445835,2022,-23.6489382620383,-46.7478356824072,5,kilometer,278.0,"3319,45",9.0,18.0,8.0,8.0,43.0,chacara
445836,2022,-23.6632608155369,-46.7432517824319,5,kilometer,28.0,"2489,5",,,,6.0,6.0,chacara
445837,2022,-23.6441573876494,-46.7368128678768,5,kilometer,601.0,"6117,52",18.0,26.0,27.0,45.0,116.0,chacara
445838,2022,-23.6629881650635,-46.7351886808501,5,kilometer,602.0,"1990,7",24.0,38.0,39.0,49.0,150.0,chacara
445839,2022,-23.6589854881924,-46.7282689917732,5,kilometer,35.0,"2166,67",3.0,3.0,,,6.0,chacara
445840,2022,-23.6622292834773,-46.7353632190317,5,kilometer,619.0,"2160,78",26.0,31.0,46.0,53.0,156.0,chacara
445841,2022,-23.661941900104,-46.7344359892166,5,kilometer,63.0,"3732,15",,,4.0,3.0,7.0,chacara
445842,2022,-23.6571043917193,-46.7286756770384,5,kilometer,379.0,"1430,7",26.0,37.0,23.0,37.0,123.0,chacara
445843,2022,-23.6572206901247,-46.7293467694071,5,kilometer,199.0,"2288,43",15.0,18.0,9.0,14.0,56.0,chacara
445847,2022,-23.6552177500664,-46.7276528685156,5,kilometer,906.0,"1651,87",79.0,76.0,66.0,87.0,308.0,chacara
447171,2022,-23.5925539242988,-46.7131257708509,5,kilometer,264.0,"18605,23",5.0,18.0,12.0,16.0,51.0,chacara
447172,2022,-23.5901904430389,-46.7073854524962,5,kilometer,250.0,"22974,36",4.0,3.0,6.0,10.0,23.0,chacara
447173,2022,-23.5964253450963,-46.7115089989975,5,kilometer,287.0,"19470,3",6.0,15.0,15.0,12.0,48.0,chacara
447177,2022,-23.5930176949565,-46.6987450421095,5,kilometer,198.0,"21515,09",7.0,9.0,11.0,11.0,38.0,chacara
447178,2022,-23.6051771301316,-46.7042931374265,5,kilometer,549.0,"18292,34",15.0,29.0,28.0,21.0,93.0,chacara
447179,2022,-23.606430863851,-46.7066550290032,5,kilometer,258.0,"14413,84",12.0,11.0,19.0,22.0,64.0,chacara
447180,2022,-23.6073260884694,-46.7102083481881,5,kilometer,366.0,"18308,17",13.0,9.0,24.0,28.0,74.0,chacara
447181,2022,-23.6049773197206,-46.7155666855138,5,kilometer,490.0,"15586,94",22.0,20.0,21.0,27.0,90.0,chacara
447182,2022,-23.5945545594844,-46.7186842381256,5,kilometer,251.0,"13156,93",4.0,13.0,6.0,20.0,43.0,chacara
447194,2022,-23.6063671911893,-46.7043050663161,5,kilometer,162.0,"19420,41",0.0,6.0,8.0,12.0,26.0,chacara
447195,2022,-23.6088567241314,-46.7021984167718,5,kilometer,336.0,"2068,1",18.0,17.0,37.0,24.0,96.0,chacara
447196,2022,-23.6100028391163,-46.7026218559359,5,kilometer,630.0,"2170,63",45.0,42.0,32.0,43.0,162.0,chacara
447197,2022,-23.6094809611177,-46.7031753577754,5,kilometer,751.0,"1981,12",40.0,56.0,47.0,75.0,218.0,chacara
447198,2022,-23.6084080030922,-46.7050620843779,5,kilometer,493.0,"10132,05",11.0,28.0,30.0,18.0,87.0,chacara
447199,2022,-23.6079527487176,-46.7074459990822,5,kilometer,372.0,"17318,59",13.0,18.0,14.0,19.0,64.0,chacara
447200,2022,-23.6108163985383,-46.7067022046353,5,kilometer,566.0,"19172,98",9.0,21.0,27.0,27.0,84.0,chacara
447201,2022,-23.6124859223102,-46.7087311718121,5,kilometer,225.0,22290,6.0,14.0,9.0,13.0,42.0,chacara
447202,2022,-23.6061995637848,-46.7210887381145,5,kilometer,45.0,"8745,88",,,0.0,3.0,3.0,chacara
447203,2022,-23.6018087905526,-46.721037999738,5,kilometer,351.0,"16475,01",9.0,20.0,17.0,16.0,62.0,chacara
447209,2022,-23.6107778885327,-46.7046069627903,5,kilometer,523.0,"19810,64",9.0,12.0,20.0,20.0,61.0,chacara
447210,2022,-23.6128026689918,-46.7042589950037,5,kilometer,194.0,"8357,93",6.0,9.0,5.0,5.0,25.0,chacara
447211,2022,-23.6126691799992,-46.7057261648897,5,kilometer,322.0,"18899,22",10.0,19.0,16.0,17.0,62.0,chacara
447212,2022,-23.6141016522532,-46.7066133407804,5,kilometer,480.0,"14296,04",14.0,15.0,22.0,19.0,70.0,chacara
447213,2022,-23.6158014717043,-46.7091787572369,5,kilometer,350.0,"15203,65",23.0,16.0,15.0,19.0,73.0,chacara
447214,2022,-23.5988633412032,-46.6995218798373,5,kilometer,199.0,"16293,84",5.0,14.0,20.0,14.0,53.0,chacara
447215,2022,-23.603391511711,-46.6991785017948,5,kilometer,1295.0,"1562,58",112.0,152.0,130.0,115.0,509.0,chacara
447216,2022,-23.6061775454882,-46.7050592898861,5,kilometer,396.0,"19817,4",10.0,12.0,28.0,18.0,68.0,chacara
447217,2022,-23.6096951092362,-46.717345567256494,5,kilometer,132.0,"11789,36",,11.0,9.0,5.0,25.0,chacara
447218,2022,-23.6090956827433,-46.7014206287084,5,kilometer,315.0,"1827,43",15.0,21.0,25.0,19.0,80.0,chacara
447219,2022,-23.6082044462823,-46.7006278798499,5,kilometer,566.0,"1642,72",32.0,48.0,36.0,41.0,157.0,chacara
447220,2022,-23.6098860196994,-46.7053877632972,5,kilometer,528.0,"14943,89",15.0,17.0,21.0,11.0,64.0,chacara
447221,2022,-23.6122475404393,-46.7116412339478,5,kilometer,219.0,"21499,24",4.0,15.0,18.0,6.0,43.0,chacara
447222,2022,-23.5941266488141,-46.7105520198285,5,kilometer,268.0,"24957,45",10.0,14.0,17.0,10.0,51.0,chacara
447223,2022,-23.5959870207729,-46.709780612770096,5,kilometer,128.0,"16232,22",4.0,3.0,4.0,10.0,21.0,chacara
447224,2022,-23.6066127775376,-46.7148628244947,5,kilometer,233.0,"15865,62",4.0,5.0,14.0,17.0,40.0,chacara
447225,2022,-23.6077923573489,-46.7160186284704,5,kilometer,198.0,"19877,17",4.0,8.0,4.0,7.0,23.0,chacara
447226,2022,-23.5999678114976,-46.7144734095852,5,kilometer,264.0,"15356,1",6.0,8.0,8.0,20.0,42.0,chacara
447227,2022,-23.6044300621227,-46.7236595444787,5,kilometer,353.0,"20538,73",10.0,17.0,17.0,20.0,64.0,chacara
447228,2022,-23.6067593037382,-46.7243716156631,5,kilometer,457.0,"7800,14",11.0,19.0,23.0,20.0,73.0,chacara
447229,2022,-23.6087552074472,-46.7248797135484,5,kilometer,441.0,"4610,61",18.0,19.0,30.0,21.0,88.0,chacara
447230,2022,-23.6095632008339,-46.7243598834436,5,kilometer,478.0,"6465,4",21.0,17.0,19.0,18.0,75.0,chacara
447231,2022,-23.6102659848013,-46.7253204684157,5,kilometer,392.0,"3984,64",15.0,17.0,24.0,24.0,80.0,chacara
447232,2022,-23.6112313077548,-46.7258606472965,5,kilometer,358.0,"3272,78",16.0,24.0,17.0,29.0,86.0,chacara
447233,2022,-23.6111373079889,-46.7242528861729,5,kilometer,228.0,"4817,39",9.0,16.0,16.0,14.0,55.0,chacara
447234,2022,-23.610621162344,-46.723356862481694,5,kilometer,507.0,"1990,61",38.0,43.0,37.0,55.0,173.0,chacara
447235,2022,-23.6091874980408,-46.7212640612336,5,kilometer,222.0,"10458,46",8.0,9.0,11.0,17.0,45.0,chacara
447236,2022,-23.6108986007902,-46.7211911107574,5,kilometer,182.0,"8044,7",5.0,5.0,,9.0,19.0,chacara
447237,2022,-23.6087785608791,-46.722780448223,5,kilometer,142.0,"7729,68",7.0,7.0,7.0,9.0,30.0,chacara
447238,2022,-23.6094531227425,-46.7230787044268,5,kilometer,165.0,"6965,4",12.0,7.0,13.0,8.0,40.0,chacara
447240,2022,-23.5925629268508,-46.7184917930336,5,kilometer,193.0,"16508,44",8.0,8.0,10.0,6.0,32.0,chacara
447241,2022,-23.5926509910765,-46.7162269797581,5,kilometer,570.0,"17210,36",17.0,22.0,29.0,33.0,101.0,chacara
447242,2022,-23.6116233523038,-46.714635859808496,5,kilometer,133.0,"15994,88",3.0,4.0,5.0,9.0,21.0,chacara
447243,2022,-23.6088957004101,-46.7078367233598,5,kilometer,482.0,"17157,55",4.0,55.0,17.0,8.0,84.0,chacara
447244,2022,-23.6105935679975,-46.7100072627835,5,kilometer,265.0,"20049,03",3.0,8.0,7.0,14.0,32.0,chacara
447245,2022,-23.6161663234425,-46.7027115380245,5,kilometer,171.0,"6458,61",5.0,6.0,7.0,8.0,26.0,chacara
447246,2022,-23.6059248353401,-46.7072672187953,5,kilometer,269.0,"26464,02",3.0,9.0,14.0,17.0,43.0,chacara
447247,2022,-23.6065935740077,-46.7066594808199,5,kilometer,193.0,"27781,05",3.0,3.0,4.0,17.0,27.0,chacara
447248,2022,-23.6063362458759,-46.703290379476,5,kilometer,417.0,"16978,37",16.0,17.0,34.0,33.0,100.0,chacara
447249,2022,-23.6072467091552,-46.7019732158206,5,kilometer,814.0,"2927,66",52.0,73.0,86.0,84.0,295.0,chacara
447250,2022,-23.6129959667133,-46.7079656384267,5,kilometer,203.0,15670,3.0,12.0,5.0,5.0,25.0,chacara
447251,2022,-23.6119260168721,-46.7050571656752,5,kilometer,326.0,"11620,31",17.0,15.0,11.0,9.0,52.0,chacara
447252,2022,-23.611489826723,-46.7075240528234,5,kilometer,315.0,"20505,31",9.0,12.0,9.0,14.0,44.0,chacara
447253,2022,-23.6095991210592,-46.70861503462729,5,kilometer,513.0,"13448,67",14.0,29.0,26.0,28.0,97.0,chacara
447254,2022,-23.6091873190206,-46.7059147561326,5,kilometer,166.0,"12894,24",10.0,3.0,10.0,5.0,28.0,chacara
447256,2022,-23.6050577937037,-46.7012901337342,5,kilometer,218.0,"22498,46",13.0,11.0,7.0,3.0,34.0,chacara
447258,2022,-23.5985304250261,-46.6988958497058,5,kilometer,266.0,"36209,01",15.0,17.0,18.0,14.0,64.0,chacara
447259,2022,-23.5983063468912,-46.697861609769,5,kilometer,285.0,"39025,42",14.0,19.0,17.0,10.0,60.0,chacara
447260,2022,-23.5993342301657,-46.6978788246703,5,kilometer,202.0,"33625,12",5.0,8.0,23.0,19.0,55.0,chacara
447271,2022,-23.5918691648679,-46.71011229144,5,kilometer,213.0,"23781,71",,,9.0,,9.0,chacara
447279,2022,-23.5940254366891,-46.7041656513931,5,kilometer,200.0,"26238,12",8.0,6.0,4.0,11.0,29.0,chacara
447280,2022,-23.5968038412571,-46.706313011663,5,kilometer,186.0,"15804,72",4.0,12.0,9.0,11.0,36.0,chacara
447281,2022,-23.5952637930235,-46.696203926430094,5,kilometer,153.0,"24302,81",4.0,4.0,11.0,7.0,26.0,chacara
447282,2022,-23.5921011313398,-46.701562512038,5,kilometer,204.0,"24384,49",,8.0,6.0,11.0,25.0,chacara
447283,2022,-23.5961269813356,-46.701992728059295,5,kilometer,174.0,"23186,05",4.0,,7.0,10.0,21.0,chacara
447289,2022,-23.6028858306043,-46.71596900539431,5,kilometer,331.0,"18319,26",10.0,20.0,18.0,15.0,63.0,chacara
447290,2022,-23.6015422436335,-46.7165315976372,5,kilometer,261.0,"17295,93",7.0,5.0,0.0,7.0,19.0,chacara
447291,2022,-23.6016639972749,-46.7177427063942,5,kilometer,329.0,"13274,49",6.0,3.0,,14.0,23.0,chacara
447292,2022,-23.607997677347,-46.7010288570976,5,kilometer,422.0,"2360,76",27.0,33.0,44.0,37.0,141.0,chacara
447293,2022,-23.6077451671558,-46.7014390682849,5,kilometer,1005.0,"2098,48",77.0,78.0,91.0,100.0,346.0,chacara
447296,2022,-23.6076629804561,-46.7233849115286,5,kilometer,823.0,"1693,96",53.0,70.0,69.0,79.0,271.0,chacara
447297,2022,-23.6082918129767,-46.7226028684733,5,kilometer,202.0,"1430,63",10.0,17.0,10.0,4.0,41.0,chacara
447298,2022,-23.6025206072875,-46.703803461102304,5,kilometer,357.0,"28390,91",11.0,14.0,22.0,19.0,66.0,chacara
447299,2022,-23.5968511910776,-46.7161765477152,5,kilometer,276.0,"14533,53",4.0,8.0,7.0,9.0,28.0,chacara
447301,2022,-23.5910377891918,-46.704610740754,5,kilometer,164.0,"23500,09",,6.0,6.0,23.0,35.0,chacara
447303,2022,-23.6078359771016,-46.7027582598866,5,kilometer,506.0,"2383,25",36.0,28.0,45.0,60.0,169.0,chacara
447304,2022,-23.6077169898002,-46.7034372987055,5,kilometer,422.0,"13009,04",17.0,15.0,26.0,26.0,84.0,chacara
447307,2022,-23.6066591191565,-46.7009763090398,5,kilometer,414.0,"13890,78",,5.0,,,5.0,chacara
447308,2022,-23.6059529218509,-46.7006016887625,5,kilometer,635.0,"22632,68",14.0,40.0,52.0,41.0,147.0,chacara
447309,2022,-23.6025756821063,-46.6996354321454,5,kilometer,529.0,"30590,3",22.0,40.0,51.0,34.0,147.0,chacara
447311,2022,-23.6029641397439,-46.69975298681,5,kilometer,506.0,"1616,2",34.0,51.0,37.0,44.0,166.0,chacara
447312,2022,-23.601725098501,-46.6995976590562,5,kilometer,,,,,,,0.0,chacara
447313,2022,-23.6009067282929,-46.6991194121479,5,kilometer,91.0,"1517,86",8.0,5.0,9.0,11.0,33.0,chacara
447314,2022,-23.6016204341445,-46.7068075111177,5,kilometer,266.0,"26389,88",5.0,12.0,8.0,22.0,47.0,chacara
452135,2022,-23.6403037152452,-46.6962366969829,5,kilometer,436.0,"16268,17",25.0,32.0,32.0,17.0,106.0,chacara
452136,2022,-23.6371074711617,-46.6990236460976,5,kilometer,462.0,"8813,96",11.0,20.0,23.0,24.0,78.0,chacara
452137,2022,-23.6362053482092,-46.6968826125734,5,kilometer,571.0,"10410,23",20.0,12.0,17.0,36.0,85.0,chacara
452138,2022,-23.6434302108325,-46.6958883723848,5,kilometer,409.0,"9333,49",20.0,18.0,23.0,21.0,82.0,chacara
452139,2022,-23.6435296381673,-46.705235244012,5,kilometer,568.0,9655,28.0,32.0,17.0,19.0,96.0,chacara
452140,2022,-23.6370525889957,-46.7040894784166,5,kilometer,518.0,"16863,88",11.0,16.0,20.0,30.0,77.0,chacara
452141,2022,-23.6389938239657,-46.6888327208973,5,kilometer,384.0,"14819,18",8.0,9.0,19.0,27.0,63.0,chacara
452142,2022,-23.6470089877427,-46.6960762910476,5,kilometer,514.0,"16483,87",13.0,26.0,31.0,22.0,92.0,chacara
452143,2022,-23.6513205526308,-46.6956744120646,5,kilometer,465.0,"14273,29",12.0,10.0,25.0,23.0,70.0,chacara
452144,2022,-23.6536484718244,-46.6976896488431,5,kilometer,497.0,"7330,5",14.0,22.0,29.0,24.0,89.0,chacara
452145,2022,-23.6508616523436,-46.7020500859595,5,kilometer,401.0,"10989,84",21.0,12.0,14.0,15.0,62.0,chacara
452146,2022,-23.6462506108505,-46.7136889557939,5,kilometer,348.0,"4872,04",13.0,19.0,14.0,18.0,64.0,chacara
452147,2022,-23.6442826220346,-46.7103075283752,5,kilometer,439.0,"12711,33",19.0,16.0,23.0,25.0,83.0,chacara
452148,2022,-23.6417544979346,-46.7116873560457,5,kilometer,615.0,"6186,84",25.0,34.0,36.0,24.0,119.0,chacara
452149,2022,-23.6386466989101,-46.7119277926108,5,kilometer,590.0,"4942,92",16.0,19.0,25.0,16.0,76.0,chacara
452150,2022,-23.6342166489882,-46.7086235572076,5,kilometer,792.0,"23468,64",37.0,53.0,50.0,49.0,189.0,chacara
452151,2022,-23.6324983757258,-46.7005091528979,5,kilometer,502.0,"13631,64",20.0,27.0,20.0,21.0,88.0,chacara
452152,2022,-23.6314771928309,-46.698985649568,5,kilometer,298.0,"3649,84",6.0,14.0,7.0,24.0,51.0,chacara
452153,2022,-23.6276740640279,-46.6945692755715,5,kilometer,551.0,"11744,35",23.0,24.0,21.0,15.0,83.0,chacara
452154,2022,-23.6279316154475,-46.6923992779862,5,kilometer,240.0,"9255,31",6.0,9.0,6.0,6.0,27.0,chacara
452155,2022,-23.628111060289,-46.6912478851056,5,kilometer,477.0,"8611,48",14.0,10.0,16.0,19.0,59.0,chacara
452156,2022,-23.6273779800834,-46.6904147732894,5,kilometer,437.0,"10413,89",5.0,14.0,7.0,18.0,44.0,chacara
452157,2022,-23.6329825845853,-46.6819404157838,5,kilometer,404.0,"9822,96",21.0,27.0,29.0,24.0,101.0,chacara
452158,2022,-23.6500551109567,-46.6909839458491,5,kilometer,113.0,"18510,55",,3.0,8.0,6.0,17.0,chacara
452159,2022,-23.6579789941233,-46.7051533792932,5,kilometer,487.0,"4182,27",16.0,14.0,25.0,14.0,69.0,chacara
452160,2022,-23.6537261345606,-46.7125669734271,5,kilometer,443.0,"4683,18",19.0,15.0,21.0,19.0,74.0,chacara
452161,2022,-23.6513882055361,-46.7110384528966,5,kilometer,399.0,"3714,15",12.0,18.0,19.0,23.0,72.0,chacara
452162,2022,-23.6416875880885,-46.7157264812,5,kilometer,409.0,"4011,6",13.0,11.0,14.0,21.0,59.0,chacara
452163,2022,-23.6332109750903,-46.710723293987,5,kilometer,300.0,"5781,47",7.0,11.0,11.0,8.0,37.0,chacara
452164,2022,-23.6303561307856,-46.7037347635092,5,kilometer,381.0,"8900,37",17.0,24.0,14.0,19.0,74.0,chacara
452165,2022,-23.6286089784369,-46.7031578631434,5,kilometer,447.0,"4900,89",11.0,19.0,13.0,13.0,56.0,chacara
452166,2022,-23.6470741386591,-46.678041079709,5,kilometer,452.0,"19443,38",14.0,11.0,14.0,27.0,66.0,chacara
452167,2022,-23.6449459862978,-46.6792203366347,5,kilometer,596.0,"18201,42",25.0,28.0,26.0,35.0,114.0,chacara
452168,2022,-23.6492543881781,-46.6777412142085,5,kilometer,624.0,"13683,77",28.0,24.0,37.0,33.0,122.0,chacara
452169,2022,-23.6523626423024,-46.6884522517719,5,kilometer,25.0,"8642,86",,3.0,0.0,3.0,6.0,chacara
452170,2022,-23.6586313948879,-46.7073159550752,5,kilometer,459.0,"4379,45",16.0,16.0,15.0,26.0,73.0,chacara
452171,2022,-23.657266402921,-46.71130070099991,5,kilometer,724.0,"8064,41",18.0,33.0,29.0,29.0,109.0,chacara
452172,2022,-23.6558169003595,-46.7145638309388,5,kilometer,560.0,"6189,16",24.0,23.0,16.0,15.0,78.0,chacara
452173,2022,-23.6458948815604,-46.718962099549,5,kilometer,511.0,"5150,77",9.0,15.0,20.0,24.0,68.0,chacara
452174,2022,-23.6264125925793,-46.708715173287,5,kilometer,362.0,"5149,9",23.0,7.0,16.0,17.0,63.0,chacara
452175,2022,-23.6447191759704,-46.6979803778101,5,kilometer,353.0,"12493,98",11.0,17.0,20.0,24.0,72.0,chacara
452176,2022,-23.6468698760675,-46.701370536667,5,kilometer,512.0,"10630,39",20.0,31.0,41.0,31.0,123.0,chacara
452177,2022,-23.6465778574725,-46.7026694940195,5,kilometer,548.0,"17203,39",38.0,44.0,48.0,43.0,173.0,chacara
452178,2022,-23.6318861222501,-46.7053694891998,5,kilometer,439.0,"13183,25",16.0,16.0,18.0,15.0,65.0,chacara
452179,2022,-23.6551502250652,-46.6937404291385,5,kilometer,546.0,"29968,29",24.0,36.0,41.0,47.0,148.0,chacara
452180,2022,-23.6557170896606,-46.6962040756486,5,kilometer,480.0,"12708,04",19.0,29.0,37.0,29.0,114.0,chacara
452181,2022,-23.6394042376018,-46.7149568432886,5,kilometer,536.0,"15141,71",38.0,70.0,49.0,21.0,178.0,chacara
452182,2022,-23.6307559090931,-46.7009914413136,5,kilometer,194.0,"8822,92",4.0,5.0,7.0,4.0,20.0,chacara
452183,2022,-23.6379444741083,-46.6871128511214,5,kilometer,504.0,"14886,02",15.0,23.0,42.0,28.0,108.0,chacara
452184,2022,-23.6413139931097,-46.7134370078275,5,kilometer,463.0,"4962,33",26.0,22.0,28.0,24.0,100.0,chacara
452185,2022,-23.633897097155,-46.7067474293875,5,kilometer,762.0,"28266,39",35.0,79.0,66.0,63.0,243.0,chacara
452186,2022,-23.6321645968836,-46.7019326177542,5,kilometer,431.0,"8549,01",12.0,9.0,8.0,10.0,39.0,chacara
452187,2022,-23.6292811925872,-46.693363701704,5,kilometer,678.0,"15133,14",35.0,42.0,35.0,39.0,151.0,chacara
452188,2022,-23.6336502109599,-46.7139879835044,5,kilometer,272.0,"9853,21",5.0,5.0,5.0,,15.0,chacara
452189,2022,-23.6341477796299,-46.7145691422873,5,kilometer,501.0,"39839,35",40.0,54.0,39.0,39.0,172.0,chacara
452190,2022,-23.6345553469211,-46.7150273179438,5,kilometer,710.0,"21262,66",44.0,64.0,78.0,40.0,226.0,chacara
452191,2022,-23.6415458925511,-46.6769854429821,5,kilometer,488.0,"10534,53",13.0,19.0,22.0,23.0,77.0,chacara
452192,2022,-23.6440720213197,-46.6747975665084,5,kilometer,410.0,"8526,29",12.0,19.0,17.0,19.0,67.0,chacara
452193,2022,-23.6439057686404,-46.7135649031797,5,kilometer,640.0,"4361,49",23.0,28.0,24.0,33.0,108.0,chacara
452194,2022,-23.6408566243873,-46.6975971246809,5,kilometer,402.0,"11368,74",18.0,23.0,16.0,21.0,78.0,chacara
452195,2022,-23.6434924852426,-46.6928946187918,5,kilometer,544.0,"18914,85",23.0,45.0,36.0,37.0,141.0,chacara
452196,2022,-23.6515576874698,-46.6982275728462,5,kilometer,418.0,"9219,09",11.0,15.0,8.0,20.0,54.0,chacara
452197,2022,-23.6514213403487,-46.7011185040494,5,kilometer,473.0,"3734,37",13.0,21.0,36.0,30.0,100.0,chacara
452198,2022,-23.6401673559529,-46.714511020394,5,kilometer,541.0,"19016,1",42.0,50.0,46.0,35.0,173.0,chacara
452199,2022,-23.6552797077644,-46.696627965247,5,kilometer,451.0,"15819,34",20.0,29.0,30.0,33.0,112.0,chacara
452200,2022,-23.6508175431572,-46.6928733073438,5,kilometer,400.0,"26006,1",15.0,31.0,38.0,25.0,109.0,chacara
452201,2022,-23.6272820582555,-46.6965329477031,5,kilometer,420.0,"14946,78",19.0,23.0,18.0,31.0,91.0,chacara
452202,2022,-23.6321094796647,-46.70328980144951,5,kilometer,306.0,"7501,09",8.0,5.0,15.0,11.0,39.0,chacara
452203,2022,-23.640150922588,-46.7121205273227,5,kilometer,183.0,"12541,54",6.0,16.0,10.0,6.0,38.0,chacara
452204,2022,-23.6260760279044,-46.7067063272768,5,kilometer,630.0,"22089,24",50.0,64.0,44.0,27.0,185.0,chacara
452205,2022,-23.6355038086886,-46.71574492665,5,kilometer,562.0,"21530,96",40.0,58.0,35.0,26.0,159.0,chacara
452206,2022,-23.6279071053975,-46.708767549548,5,kilometer,680.0,"14707,05",52.0,56.0,50.0,33.0,191.0,chacara
452207,2022,-23.6442826236113,-46.7010365483476,5,kilometer,260.0,"6480,8",18.0,14.0,9.0,4.0,45.0,chacara
452208,2022,-23.6454657337932,-46.7001239294175,5,kilometer,493.0,"14084,46",12.0,28.0,24.0,20.0,84.0,chacara
452209,2022,-23.6411677686451,-46.7024831731388,5,kilometer,350.0,"11857,5",11.0,19.0,19.0,28.0,77.0,chacara
452210,2022,-23.6430386384211,-46.7018305090766,5,kilometer,271.0,"11480,74",8.0,11.0,15.0,11.0,45.0,chacara
452211,2022,-23.638242608237,-46.7016492359769,5,kilometer,294.0,"17051,99",11.0,13.0,12.0,20.0,56.0,chacara
452212,2022,-23.6385673647295,-46.6991177756991,5,kilometer,370.0,"15941,42",19.0,8.0,13.0,21.0,61.0,chacara
452213,2022,-23.6364076863654,-46.69069672702889,5,kilometer,393.0,"11806,53",14.0,11.0,21.0,25.0,71.0,chacara
452214,2022,-23.6395633557091,-46.6939991804411,5,kilometer,377.0,"9489,43",12.0,21.0,20.0,23.0,76.0,chacara
452216,2022,-23.6482725116516,-46.6988628556445,5,kilometer,393.0,"15366,5",22.0,24.0,30.0,19.0,95.0,chacara
452217,2022,-23.65005110031,-46.699550774341,5,kilometer,246.0,"10303,59",6.0,12.0,15.0,10.0,43.0,chacara
452218,2022,-23.6460461119436,-46.7021783757729,5,kilometer,488.0,"11073,75",27.0,26.0,14.0,9.0,76.0,chacara
452219,2022,-23.6464930489482,-46.7012903302975,5,kilometer,326.0,"11812,39",13.0,12.0,11.0,9.0,45.0,chacara
452220,2022,-23.6474131838505,-46.7013469871729,5,kilometer,275.0,"14847,12",15.0,9.0,4.0,17.0,45.0,chacara
452221,2022,-23.6467224480856,-46.7043533001712,5,kilometer,322.0,"8739,13",,9.0,,9.0,18.0,chacara
452222,2022,-23.6468097054142,-46.7037353824597,5,kilometer,509.0,"10745,25",27.0,6.0,8.0,6.0,47.0,chacara
452223,2022,-23.6484145525035,-46.7050486448045,5,kilometer,586.0,"11267,28",46.0,42.0,40.0,35.0,163.0,chacara
452225,2022,-23.6333552045203,-46.6981485542752,5,kilometer,245.0,"6928,72",7.0,4.0,8.0,9.0,28.0,chacara
452226,2022,-23.6350916325901,-46.698895113201694,5,kilometer,305.0,"7804,83",10.0,12.0,16.0,25.0,63.0,chacara
452227,2022,-23.631244365376,-46.6886681629326,5,kilometer,258.0,"13147,19",8.0,12.0,3.0,4.0,27.0,chacara
452228,2022,-23.6335603703658,-46.6894355502215,5,kilometer,326.0,"9258,53",13.0,14.0,13.0,12.0,52.0,chacara
452229,2022,-23.6327510487932,-46.6912824181118,5,kilometer,299.0,"13156,04",8.0,16.0,10.0,,34.0,chacara
452230,2022,-23.6316137341065,-46.6857805237959,5,kilometer,581.0,"11366,54",22.0,19.0,26.0,35.0,102.0,chacara
452231,2022,-23.6381308587437,-46.70881728173031,5,kilometer,174.0,"9041,69",5.0,6.0,11.0,11.0,33.0,chacara
452233,2022,-23.6417163000085,-46.7042399924353,5,kilometer,345.0,"12302,24",15.0,18.0,15.0,15.0,63.0,chacara
452234,2022,-23.6457174846134,-46.706335366689,5,kilometer,133.0,"7109,67",5.0,6.0,,4.0,15.0,chacara
452235,2022,-23.6459163676674,-46.6923893724823,5,kilometer,404.0,"10636,42",21.0,25.0,14.0,17.0,77.0,chacara
452237,2022,-23.6491310303169,-46.6954613770737,5,kilometer,341.0,"16397,79",7.0,9.0,17.0,16.0,49.0,chacara
452239,2022,-23.6541187041856,-46.7006120997155,5,kilometer,470.0,"6948,65",12.0,15.0,27.0,17.0,71.0,chacara
452240,2022,-23.6520667709712,-46.7038445951855,5,kilometer,328.0,"6150,21",11.0,12.0,10.0,16.0,49.0,chacara
452241,2022,-23.6544061190874,-46.705367159878,5,kilometer,43.0,"6906,59",,,3.0,,3.0,chacara
452242,2022,-23.6490772428669,-46.7084939522077,5,kilometer,167.0,"4659,44",9.0,6.0,9.0,10.0,34.0,chacara
452243,2022,-23.6516583459188,-46.7069116025063,5,kilometer,149.0,"5787,9",6.0,5.0,11.0,10.0,32.0,chacara
452245,2022,-23.6481467735633,-46.7104850499784,5,kilometer,826.0,"4137,98",31.0,30.0,30.0,42.0,133.0,chacara
452246,2022,-23.6400888948094,-46.7133741117779,5,kilometer,327.0,"7426,96",7.0,12.0,9.0,15.0,43.0,chacara
452247,2022,-23.6356685561314,-46.7107975109452,5,kilometer,449.0,"11564,02",23.0,12.0,16.0,12.0,63.0,chacara
452248,2022,-23.6372407736931,-46.7106325739269,5,kilometer,349.0,"5759,24",10.0,9.0,16.0,17.0,52.0,chacara
452249,2022,-23.6354123095397,-46.7073691266818,5,kilometer,291.0,"16641,35",9.0,11.0,19.0,12.0,51.0,chacara
452250,2022,-23.6319952098486,-46.7043284834236,5,kilometer,429.0,"11101,04",10.0,10.0,15.0,20.0,55.0,chacara
452251,2022,-23.6331307001486,-46.70437225229271,5,kilometer,195.0,"10382,45",11.0,3.0,6.0,5.0,25.0,chacara
452252,2022,-23.6288377328201,-46.6989755602215,5,kilometer,289.0,"5698,64",10.0,13.0,12.0,12.0,47.0,chacara
452253,2022,-23.6301359385768,-46.7002725915892,5,kilometer,303.0,"7355,98",7.0,14.0,11.0,21.0,53.0,chacara
452254,2022,-23.6268309964364,-46.6979241540918,5,kilometer,232.0,"15102,44",10.0,7.0,6.0,3.0,26.0,chacara
452255,2022,-23.626078060135,-46.6968772432754,5,kilometer,302.0,"25831,01",19.0,37.0,17.0,16.0,89.0,chacara
452256,2022,-23.6265691931769,-46.6971692890972,5,kilometer,642.0,"20657,49",68.0,59.0,56.0,37.0,220.0,chacara
452257,2022,-23.6296592440474,-46.6953380427808,5,kilometer,286.0,"33056,51",8.0,12.0,9.0,9.0,38.0,chacara
452259,2022,-23.629776550523,-46.69209139728071,5,kilometer,293.0,"7458,33",6.0,8.0,8.0,6.0,28.0,chacara
452260,2022,-23.6303695948404,-46.6910312542666,5,kilometer,280.0,"7556,6",7.0,7.0,0.0,8.0,22.0,chacara
452262,2022,-23.6289553460578,-46.68786654559089,5,kilometer,249.0,"11197,35",3.0,4.0,,4.0,11.0,chacara
452263,2022,-23.6353480336028,-46.6833247077181,5,kilometer,530.0,"21167,96",19.0,36.0,35.0,41.0,131.0,chacara
452264,2022,-23.6377629140528,-46.6792805073868,5,kilometer,470.0,"22132,56",20.0,40.0,28.0,24.0,112.0,chacara
452265,2022,-23.6528830774119,-46.6906485361933,5,kilometer,627.0,"15651,63",23.0,31.0,24.0,39.0,117.0,chacara
452266,2022,-23.6540277252021,-46.6926148795802,5,kilometer,367.0,"33083,83",18.0,30.0,32.0,46.0,126.0,chacara
452267,2022,-23.6545872239637,-46.6981421906532,5,kilometer,228.0,6230,6.0,10.0,9.0,6.0,31.0,chacara
452268,2022,-23.6539476665622,-46.694964036191,5,kilometer,135.0,"20671,45",8.0,10.0,10.0,6.0,34.0,chacara
452269,2022,-23.6567710472561,-46.6962630594915,5,kilometer,290.0,"7901,64",18.0,12.0,19.0,17.0,66.0,chacara
452270,2022,-23.6556477575523,-46.7073399090122,5,kilometer,396.0,"6439,33",12.0,19.0,11.0,14.0,56.0,chacara
452271,2022,-23.6569388988246,-46.7082875748548,5,kilometer,519.0,"5461,32",20.0,23.0,19.0,23.0,85.0,chacara
452272,2022,-23.6318098513269,-46.7155407426761,5,kilometer,71.0,"6242,92",3.0,4.0,4.0,5.0,16.0,chacara
452273,2022,-23.633219014296,-46.715464634178495,5,kilometer,275.0,"10537,7",5.0,4.0,4.0,4.0,17.0,chacara
452274,2022,-23.6333695135079,-46.7160907372016,5,kilometer,264.0,"10577,09",5.0,,,3.0,8.0,chacara
452275,2022,-23.6336821913213,-46.713515508856,5,kilometer,205.0,"9749,46",,,0.0,,0.0,chacara
452276,2022,-23.634022077224,-46.7138488549232,5,kilometer,245.0,"7762,01",0.0,5.0,7.0,7.0,19.0,chacara
452277,2022,-23.6372598263123,-46.7141528523502,5,kilometer,378.0,"4565,12",18.0,9.0,5.0,16.0,48.0,chacara
452278,2022,-23.6397937240664,-46.7185848271236,5,kilometer,437.0,"15330,54",47.0,30.0,17.0,8.0,102.0,chacara
452279,2022,-23.6382064458221,-46.7189783972076,5,kilometer,644.0,"16838,46",64.0,82.0,31.0,15.0,192.0,chacara
452280,2022,-23.6368117701241,-46.7143109707286,5,kilometer,279.0,"15919,4",13.0,17.0,,12.0,42.0,chacara
452281,2022,-23.6293472075376,-46.7106748043087,5,kilometer,,,,,,,0.0,chacara
452282,2022,-23.6316926883765,-46.7126811757867,5,kilometer,101.0,"7581,52",6.0,,,,6.0,chacara
452283,2022,-23.6243973983188,-46.7038112977384,5,kilometer,,,,,,,0.0,chacara
452284,2022,-23.624928705256,-46.6975643836723,5,kilometer,42.0,"5805,32",0.0,0.0,0.0,,0.0,chacara
452285,2022,-23.6275067289772,-46.7013313838268,5,kilometer,77.0,"3665,69",3.0,,3.0,3.0,9.0,chacara
452286,2022,-23.6258140821986,-46.6994630637192,5,kilometer,332.0,"6767,58",6.0,5.0,10.0,10.0,31.0,chacara
452287,2022,-23.6260193525961,-46.7012015941563,5,kilometer,337.0,"13858,78",15.0,3.0,3.0,7.0,28.0,chacara
452288,2022,-23.6440620962288,-46.6832745384847,5,kilometer,281.0,"17541,02",5.0,8.0,18.0,27.0,58.0,chacara
452289,2022,-23.649029578172,-46.6845460900163,5,kilometer,307.0,"21378,14",13.0,19.0,15.0,15.0,62.0,chacara
452290,2022,-23.6606373739849,-46.707273063762,5,kilometer,426.0,"11830,24",29.0,16.0,19.0,16.0,80.0,chacara
452291,2022,-23.6607520043787,-46.7067645205177,5,kilometer,437.0,11858,40.0,16.0,22.0,10.0,88.0,chacara
452292,2022,-23.6568085320822,-46.717137003819104,5,kilometer,515.0,"5707,56",19.0,15.0,17.0,20.0,71.0,chacara
452294,2022,-23.6510495913344,-46.7174003554866,5,kilometer,375.0,"5545,47",7.0,14.0,7.0,12.0,40.0,chacara
452295,2022,-23.6512780509528,-46.7186124214828,5,kilometer,554.0,"14652,39",38.0,54.0,36.0,31.0,159.0,chacara
452296,2022,-23.6521261811506,-46.7180891172092,5,kilometer,628.0,"14438,28",74.0,44.0,43.0,20.0,181.0,chacara
452297,2022,-23.651720617128,-46.7193279247634,5,kilometer,518.0,"17517,23",64.0,39.0,18.0,17.0,138.0,chacara
452298,2022,-23.6525666706937,-46.7188223106034,5,kilometer,671.0,"19598,58",79.0,52.0,45.0,28.0,204.0,chacara
452299,2022,-23.6520682676257,-46.7200902457314,5,kilometer,552.0,"12812,76",41.0,22.0,14.0,16.0,93.0,chacara
452301,2022,-23.6468626578924,-46.7204405261783,5,kilometer,572.0,"5489,06",21.0,14.0,11.0,17.0,63.0,chacara
452303,2022,-23.6489324528284,-46.72122424714191,5,kilometer,507.0,"13811,73",36.0,30.0,18.0,12.0,96.0,chacara
452304,2022,-23.6410139546187,-46.721187004712,5,kilometer,167.0,"3973,29",4.0,6.0,8.0,10.0,28.0,chacara
452306,2022,-23.6435925675772,-46.7169080863634,5,kilometer,267.0,"4254,91",11.0,11.0,12.0,13.0,47.0,chacara
452307,2022,-23.641944619891,-46.7204511971875,5,kilometer,705.0,"15649,11",64.0,53.0,32.0,25.0,174.0,chacara
452308,2022,-23.6325960459759,-46.7145706840997,5,kilometer,157.0,"4718,27",6.0,9.0,5.0,6.0,26.0,chacara
452309,2022,-23.6330206841231,-46.7140603912435,5,kilometer,508.0,"7286,32",17.0,18.0,20.0,21.0,76.0,chacara
452310,2022,-23.6487895581386,-46.7026563371094,5,kilometer,501.0,"12735,55",29.0,29.0,33.0,15.0,106.0,chacara
452311,2022,-23.6533382290952,-46.6955701871298,5,kilometer,397.0,"7272,03",15.0,15.0,11.0,13.0,54.0,chacara
452313,2022,-23.6566785758566,-46.7133765889534,5,kilometer,478.0,"6984,69",16.0,16.0,18.0,19.0,69.0,chacara
452315,2022,-23.6389890980613,-46.683295233554,5,kilometer,403.0,"15626,16",16.0,15.0,23.0,17.0,71.0,chacara
452316,2022,-23.6425865927235,-46.6872492109669,5,kilometer,400.0,"12923,76",10.0,20.0,27.0,30.0,87.0,chacara
452317,2022,-23.6266214826515,-46.6932387337098,5,kilometer,267.0,"15353,26",7.0,3.0,3.0,8.0,21.0,chacara
452318,2022,-23.6563139932549,-46.6977704823168,5,kilometer,455.0,"14724,11",17.0,25.0,37.0,35.0,114.0,chacara
452319,2022,-23.6551482348515,-46.6985790317072,5,kilometer,236.0,"12655,83",8.0,14.0,16.0,14.0,52.0,chacara
452320,2022,-23.654593703103,-46.6948102557218,5,kilometer,428.0,"21291,91",18.0,34.0,37.0,27.0,116.0,chacara
452321,2022,-23.6349205033924,-46.6936169851824,5,kilometer,448.0,"10908,49",9.0,11.0,13.0,14.0,47.0,chacara
452322,2022,-23.6359239572535,-46.6935028980433,5,kilometer,223.0,"13793,02",6.0,8.0,6.0,11.0,31.0,chacara
452323,2022,-23.630699951827,-46.6971843731089,5,kilometer,285.0,"11893,29",9.0,,6.0,9.0,24.0,chacara
452324,2022,-23.6320248988818,-46.6951631546962,5,kilometer,505.0,"22390,84",53.0,26.0,16.0,17.0,112.0,chacara
452325,2022,-23.6330207526289,-46.693970055506,5,kilometer,229.0,"7693,36",10.0,11.0,8.0,6.0,35.0,chacara
452326,2022,-23.6470241191956,-46.70665651377311,5,kilometer,345.0,"5709,45",11.0,14.0,13.0,8.0,46.0,chacara
452327,2022,-23.6482923033203,-46.7064831683128,5,kilometer,302.0,"9465,07",9.0,13.0,15.0,14.0,51.0,chacara
452328,2022,-23.6276429441154,-46.705736500059295,5,kilometer,104.0,"3959,66",4.0,,4.0,7.0,15.0,chacara
452329,2022,-23.6283954881423,-46.7062266307941,5,kilometer,405.0,"9923,55",7.0,15.0,11.0,7.0,40.0,chacara
452331,2022,-23.6433842190841,-46.7229952879004,5,kilometer,316.0,"4994,38",12.0,13.0,13.0,16.0,54.0,chacara
452332,2022,-23.6481130456301,-46.7237259788791,5,kilometer,189.0,"8422,58",6.0,12.0,7.0,3.0,28.0,chacara
452333,2022,-23.6439790278105,-46.7215274485092,5,kilometer,422.0,"20486,6",42.0,20.0,17.0,11.0,90.0,chacara
452334,2022,-23.6405190223887,-46.6995467493631,5,kilometer,362.0,"13204,28",19.0,13.0,14.0,19.0,65.0,chacara
452335,2022,-23.6405681789018,-46.7007326841788,5,kilometer,253.0,"13581,52",9.0,6.0,9.0,10.0,34.0,chacara
452336,2022,-23.6339558099302,-46.7024478880376,5,kilometer,352.0,"9887,25",10.0,6.0,12.0,17.0,45.0,chacara
452337,2022,-23.6342741477484,-46.7006384189732,5,kilometer,343.0,"14445,25",17.0,21.0,22.0,27.0,87.0,chacara
452338,2022,-23.6610798097842,-46.7062525473438,5,kilometer,451.0,"9593,5",20.0,18.0,16.0,10.0,64.0,chacara
452339,2022,-23.6614389815513,-46.7091979984556,5,kilometer,502.0,"5878,17",11.0,25.0,25.0,29.0,90.0,chacara
452340,2022,-23.6296580467674,-46.7066189912395,5,kilometer,286.0,"9739,2",10.0,9.0,8.0,6.0,33.0,chacara
452341,2022,-23.6317792474777,-46.706392228997295,5,kilometer,359.0,"13220,27",19.0,14.0,14.0,10.0,57.0,chacara
452342,2022,-23.6268458882318,-46.6933875763908,5,kilometer,279.0,"16048,62",28.0,19.0,9.0,8.0,64.0,chacara
452343,2022,-23.6257134089554,-46.6943142642608,5,kilometer,284.0,"11476,97",15.0,10.0,11.0,3.0,39.0,chacara
452344,2022,-23.6334010933582,-46.70896732187,5,kilometer,213.0,"7901,15",5.0,13.0,11.0,3.0,32.0,chacara
452345,2022,-23.6341608531443,-46.70925978656,5,kilometer,325.0,"21926,67",28.0,29.0,18.0,10.0,85.0,chacara
452346,2022,-23.630858792503,-46.6944165505243,5,kilometer,237.0,"8357,19",,6.0,6.0,7.0,19.0,chacara
452347,2022,-23.6317958555934,-46.6928513063264,5,kilometer,306.0,"7906,35",6.0,7.0,5.0,19.0,37.0,chacara
452348,2022,-23.633734775652,-46.695454230051,5,kilometer,403.0,"12633,45",15.0,9.0,9.0,7.0,40.0,chacara
452349,2022,-23.6342332955433,-46.6946349637944,5,kilometer,98.0,"6285,58",,3.0,,5.0,8.0,chacara
452350,2022,-23.6327927658313,-46.6964472839577,5,kilometer,159.0,"4818,07",,6.0,3.0,8.0,17.0,chacara
452351,2022,-23.6347938273125,-46.6962105573159,5,kilometer,205.0,"10184,08",3.0,8.0,5.0,3.0,19.0,chacara
452352,2022,-23.6598735965114,-46.7036244746231,5,kilometer,172.0,"5705,81",3.0,10.0,15.0,5.0,33.0,chacara
452353,2022,-23.6573486258659,-46.7019459771173,5,kilometer,434.0,"2711,47",13.0,15.0,13.0,18.0,59.0,chacara
452354,2022,-23.6594250414736,-46.7028172452382,5,kilometer,34.0,"5641,61",,,,0.0,0.0,chacara
452355,2022,-23.6500409726781,-46.7152123089867,5,kilometer,577.0,"3458,88",20.0,25.0,22.0,34.0,101.0,chacara
452358,2022,-23.636080506366,-46.7161939323448,5,kilometer,11.0,6375,0.0,0.0,0.0,0.0,0.0,chacara
452359,2022,-23.6366855523232,-46.7178421101818,5,kilometer,750.0,"7184,79",20.0,15.0,10.0,17.0,62.0,chacara
452360,2022,-23.6367130453355,-46.7183486427081,5,kilometer,306.0,"10511,45",20.0,11.0,9.0,4.0,44.0,chacara
452361,2022,-23.6468780351522,-46.7132435636994,5,kilometer,209.0,"9744,52",11.0,10.0,8.0,8.0,37.0,chacara
452362,2022,-23.6479256608689,-46.7136534107887,5,kilometer,334.0,"5878,25",9.0,18.0,14.0,6.0,47.0,chacara
452363,2022,-23.6470393402965,-46.7120097496164,5,kilometer,212.0,"5468,93",12.0,5.0,11.0,8.0,36.0,chacara
452364,2022,-23.6473790352401,-46.7130983056743,5,kilometer,345.0,"5285,35",15.0,14.0,10.0,17.0,56.0,chacara
452365,2022,-23.6458673822108,-46.7033576139229,5,kilometer,295.0,"8779,45",3.0,8.0,8.0,4.0,23.0,chacara
452366,2022,-23.6451477734436,-46.7027336008127,5,kilometer,316.0,"13548,73",13.0,15.0,13.0,8.0,49.0,chacara
452367,2022,-23.6486941840367,-46.70200798764591,5,kilometer,175.0,"9357,18",9.0,3.0,9.0,12.0,33.0,chacara
452368,2022,-23.6479386685055,-46.7018155685628,5,kilometer,201.0,"13142,63",8.0,9.0,3.0,4.0,24.0,chacara
452369,2022,-23.6254904770238,-46.6960397489272,5,kilometer,433.0,"15625,72",26.0,27.0,19.0,22.0,94.0,chacara
452370,2022,-23.6263914055783,-46.695425535013,5,kilometer,269.0,"14546,08",16.0,18.0,17.0,6.0,57.0,chacara
452371,2022,-23.6259159979873,-46.691734213597,5,kilometer,385.0,"12207,05",30.0,20.0,17.0,16.0,83.0,chacara
452373,2022,-23.6287069169756,-46.6900371176766,5,kilometer,280.0,"9903,82",6.0,4.0,6.0,8.0,24.0,chacara
452375,2022,-23.6387335770825,-46.714139743191,5,kilometer,333.0,"4941,22",16.0,13.0,12.0,14.0,55.0,chacara
452376,2022,-23.6562204581513,-46.6992788582303,5,kilometer,385.0,"13816,3",15.0,27.0,30.0,21.0,93.0,chacara
454357,2022,-23.6743384912575,-46.7105945700503,5,kilometer,1835.0,"5310,03",95.0,82.0,84.0,80.0,341.0,chacara
454358,2022,-23.6693015375672,-46.709368411343696,5,kilometer,626.0,"2948,88",17.0,29.0,29.0,38.0,113.0,chacara
454359,2022,-23.6761404979295,-46.7060687735815,5,kilometer,608.0,"4051,8",21.0,23.0,33.0,41.0,118.0,chacara
454363,2022,-23.6719330440851,-46.719744759719,5,kilometer,693.0,"3692,67",27.0,22.0,40.0,46.0,135.0,chacara
454368,2022,-23.6709299425173,-46.7213025858243,5,kilometer,517.0,"5189,87",20.0,25.0,25.0,25.0,95.0,chacara
454369,2022,-23.6635982398527,-46.7207406449901,5,kilometer,427.0,"2524,28",27.0,27.0,13.0,38.0,105.0,chacara
454370,2022,-23.6613293028512,-46.71690818063311,5,kilometer,422.0,"3276,36",13.0,20.0,22.0,33.0,88.0,chacara
454371,2022,-23.6658367368746,-46.7162433259839,5,kilometer,297.0,"1738,33",17.0,22.0,23.0,17.0,79.0,chacara
454383,2022,-23.6745079637969,-46.7144375086161,5,kilometer,426.0,"4496,48",10.0,26.0,26.0,23.0,85.0,chacara
454384,2022,-23.6708095153636,-46.716521142544096,5,kilometer,391.0,"4979,9",17.0,14.0,11.0,22.0,64.0,chacara
454386,2022,-23.6743018870293,-46.7136279445922,5,kilometer,443.0,"4155,74",19.0,30.0,21.0,27.0,97.0,chacara
454387,2022,-23.6736858535515,-46.7163116878426,5,kilometer,583.0,"7925,69",37.0,26.0,25.0,24.0,112.0,chacara
454389,2022,-23.661730210742,-46.7161693962622,5,kilometer,156.0,"1386,02",8.0,12.0,10.0,11.0,41.0,chacara
454400,2022,-23.6721116415921,-46.71403255971,5,kilometer,256.0,"2644,07",9.0,11.0,16.0,12.0,48.0,chacara
454401,2022,-23.6730427464167,-46.7156285061147,5,kilometer,470.0,"10327,55",31.0,42.0,28.0,20.0,121.0,chacara
454402,2022,-23.6738886730832,-46.7142259324327,5,kilometer,267.0,"6068,05",8.0,17.0,7.0,10.0,42.0,chacara
454405,2022,-23.6668247575813,-46.713692272159,5,kilometer,252.0,"4489,27",8.0,4.0,7.0,18.0,37.0,chacara
454406,2022,-23.669014382959,-46.7116360446459,5,kilometer,309.0,"3894,61",8.0,21.0,14.0,18.0,61.0,chacara
454408,2022,-23.6692127643853,-46.7205973282897,5,kilometer,494.0,"3742,66",26.0,33.0,27.0,36.0,122.0,chacara
454409,2022,-23.6694290614982,-46.7238273077595,5,kilometer,407.0,"4661,76",15.0,23.0,23.0,16.0,77.0,chacara
454410,2022,-23.6680125977061,-46.7196936025214,5,kilometer,475.0,"3860,99",12.0,23.0,21.0,20.0,76.0,chacara
454411,2022,-23.6665002437978,-46.7155214540947,5,kilometer,188.0,"4064,84",8.0,12.0,12.0,6.0,38.0,chacara
454429,2022,-23.6733443152952,-46.7134887551772,5,kilometer,684.0,"6974,08",32.0,44.0,30.0,21.0,127.0,chacara
454433,2022,-23.6776081293715,-46.716723546892304,5,kilometer,216.0,"4228,7",4.0,8.0,11.0,17.0,40.0,chacara
455296,2022,-23.6289730286731,-46.7303238795637,5,kilometer,507.0,"13064,32",31.0,31.0,27.0,15.0,104.0,chacara
455297,2022,-23.6254671447323,-46.7308323110957,5,kilometer,409.0,"14617,34",10.0,24.0,30.0,21.0,85.0,chacara
455298,2022,-23.6237561243765,-46.7292556891222,5,kilometer,282.0,"10663,08",12.0,11.0,15.0,19.0,57.0,chacara
455299,2022,-23.6214815363833,-46.7295669070841,5,kilometer,229.0,"10157,45",14.0,15.0,10.0,13.0,52.0,chacara
455300,2022,-23.6200054463659,-46.7271139598409,5,kilometer,881.0,"1598,42",96.0,87.0,102.0,80.0,365.0,chacara
455301,2022,-23.6227582698923,-46.719969453135,5,kilometer,540.0,"20341,66",16.0,28.0,21.0,27.0,92.0,chacara
455302,2022,-23.6240074646516,-46.7130591489551,5,kilometer,104.0,"21149,77",0.0,,0.0,0.0,0.0,chacara
455303,2022,-23.6156925762769,-46.720452080003,5,kilometer,788.0,"1989,66",49.0,77.0,53.0,61.0,240.0,chacara
455304,2022,-23.6383688067872,-46.7361068238125,5,kilometer,357.0,"6533,63",15.0,16.0,13.0,19.0,63.0,chacara
455305,2022,-23.6381311697889,-46.7341679804574,5,kilometer,377.0,"9489,01",12.0,20.0,14.0,15.0,61.0,chacara
455306,2022,-23.6375172796575,-46.7350655281427,5,kilometer,439.0,"8194,86",18.0,28.0,13.0,22.0,81.0,chacara
455307,2022,-23.6390485533342,-46.7343673976095,5,kilometer,240.0,"7392,56",10.0,15.0,6.0,7.0,38.0,chacara
455308,2022,-23.6303543887621,-46.7354240738113,5,kilometer,311.0,"14955,12",7.0,16.0,12.0,10.0,45.0,chacara
455309,2022,-23.6257893705646,-46.7351290213255,5,kilometer,244.0,"15035,71",8.0,7.0,12.0,14.0,41.0,chacara
455310,2022,-23.6244115524951,-46.7344391243043,5,kilometer,193.0,"12045,62",12.0,9.0,3.0,5.0,29.0,chacara
455311,2022,-23.6209574967437,-46.7345844854286,5,kilometer,148.0,"12963,17",7.0,5.0,6.0,5.0,23.0,chacara
455312,2022,-23.6231163661212,-46.7357636590856,5,kilometer,259.0,"14600,74",9.0,5.0,7.0,15.0,36.0,chacara
455313,2022,-23.6214834753873,-46.7370676914463,5,kilometer,123.0,"17281,09",4.0,7.0,4.0,5.0,20.0,chacara
455314,2022,-23.6122872440957,-46.7249404729346,5,kilometer,827.0,"1836,41",77.0,56.0,56.0,69.0,258.0,chacara
455315,2022,-23.6208199805329,-46.7048241592816,5,kilometer,221.0,"15357,77",11.0,6.0,12.0,9.0,38.0,chacara
455316,2022,-23.6420777458327,-46.7310872302986,5,kilometer,278.0,"2063,68",18.0,14.0,17.0,24.0,73.0,chacara
455317,2022,-23.634869520201,-46.7409566761132,5,kilometer,1105.0,"1549,71",76.0,100.0,91.0,120.0,387.0,chacara
455318,2022,-23.6184147124311,-46.74368000115,5,kilometer,579.0,"1676,11",42.0,48.0,44.0,62.0,196.0,chacara
455319,2022,-23.6201796802803,-46.7370824719652,5,kilometer,178.0,"25049,27",7.0,6.0,5.0,9.0,27.0,chacara
455320,2022,-23.6180096852873,-46.734019077857,5,kilometer,292.0,"18595,8",8.0,16.0,28.0,17.0,69.0,chacara
455321,2022,-23.6161210955937,-46.7338388908221,5,kilometer,126.0,"10672,13",5.0,3.0,,9.0,17.0,chacara
455322,2022,-23.6406847289333,-46.744301078519904,5,kilometer,637.0,"3088,28",19.0,35.0,30.0,38.0,122.0,chacara
455323,2022,-23.6167671779434,-46.747219916418,5,kilometer,680.0,"6201,98",41.0,38.0,26.0,32.0,137.0,chacara
455324,2022,-23.6159512274165,-46.7443202676868,5,kilometer,355.0,"4601,23",10.0,17.0,18.0,18.0,63.0,chacara
455325,2022,-23.6163437848928,-46.741761813538496,5,kilometer,443.0,"14877,28",18.0,25.0,24.0,41.0,108.0,chacara
455326,2022,-23.6154227747934,-46.7410872234234,5,kilometer,207.0,"13350,02",11.0,4.0,6.0,8.0,29.0,chacara
455327,2022,-23.6182216699581,-46.7241701567413,5,kilometer,646.0,"1742,75",47.0,70.0,67.0,56.0,240.0,chacara
455328,2022,-23.6181174276946,-46.7079709487318,5,kilometer,197.0,"15405,99",3.0,3.0,8.0,10.0,24.0,chacara
455329,2022,-23.6181756778762,-46.7256979540968,5,kilometer,465.0,"2054,19",43.0,33.0,34.0,35.0,145.0,chacara
455330,2022,-23.6167701080826,-46.7437550100611,5,kilometer,355.0,"5817,95",14.0,17.0,8.0,13.0,52.0,chacara
455331,2022,-23.6165573462114,-46.7431332658614,5,kilometer,293.0,"11042,4",14.0,9.0,14.0,9.0,46.0,chacara
455332,2022,-23.6160818756316,-46.7410980641398,5,kilometer,198.0,"7584,11",14.0,5.0,7.0,9.0,35.0,chacara
455333,2022,-23.6166746000009,-46.7411175212126,5,kilometer,192.0,"13541,14",7.0,6.0,13.0,14.0,40.0,chacara
455334,2022,-23.6173690100836,-46.7411680056864,5,kilometer,187.0,"8547,62",6.0,7.0,11.0,5.0,29.0,chacara
455335,2022,-23.6177672902616,-46.7420964944081,5,kilometer,281.0,"12985,6",7.0,13.0,20.0,19.0,59.0,chacara
455336,2022,-23.6180153481854,-46.7415209660853,5,kilometer,88.0,12310,,6.0,,6.0,12.0,chacara
455337,2022,-23.6249243072294,-46.7456594186498,5,kilometer,558.0,"1625,79",50.0,45.0,44.0,51.0,190.0,chacara
455338,2022,-23.6204196719042,-46.7455685195421,5,kilometer,534.0,"2078,99",34.0,34.0,35.0,50.0,153.0,chacara
455339,2022,-23.6242662495511,-46.7386653320902,5,kilometer,487.0,"11000,88",31.0,18.0,15.0,18.0,82.0,chacara
455340,2022,-23.6258191832075,-46.7378516558149,5,kilometer,176.0,"7814,31",10.0,12.0,7.0,9.0,38.0,chacara
455341,2022,-23.6233556030977,-46.7370454397537,5,kilometer,221.0,"8739,8",18.0,6.0,8.0,9.0,41.0,chacara
455342,2022,-23.6242038263292,-46.735730816551,5,kilometer,270.0,"11437,33",11.0,9.0,16.0,12.0,48.0,chacara
455343,2022,-23.6245780980235,-46.7364983115608,5,kilometer,316.0,"12285,59",13.0,9.0,19.0,15.0,56.0,chacara
455344,2022,-23.6258265688231,-46.736412251587694,5,kilometer,190.0,"6535,29",4.0,3.0,5.0,9.0,21.0,chacara
455345,2022,-23.626122400406,-46.735647750759,5,kilometer,120.0,"7292,21",,,0.0,4.0,4.0,chacara
455346,2022,-23.6273629638473,-46.7360662604629,5,kilometer,271.0,9439,8.0,16.0,17.0,17.0,58.0,chacara
455347,2022,-23.6284413414984,-46.7367443589352,5,kilometer,149.0,"7422,07",7.0,6.0,10.0,3.0,26.0,chacara
455348,2022,-23.6277300017814,-46.73664549541591,5,kilometer,301.0,"5726,49",12.0,13.0,8.0,15.0,48.0,chacara
455349,2022,-23.6298828928549,-46.7384142026239,5,kilometer,230.0,"7805,99",5.0,5.0,5.0,9.0,24.0,chacara
455350,2022,-23.6216219835356,-46.7398288547827,5,kilometer,394.0,"14917,92",12.0,19.0,29.0,26.0,86.0,chacara
455351,2022,-23.620346060255,-46.7402620202108,5,kilometer,67.0,"14928,57",,0.0,3.0,0.0,3.0,chacara
455352,2022,-23.6171668252767,-46.7405168427501,5,kilometer,115.0,"10137,25",,,3.0,9.0,12.0,chacara
455353,2022,-23.617450677403,-46.737305644247,5,kilometer,167.0,"18224,59",,10.0,8.0,3.0,21.0,chacara
455354,2022,-23.6165157544314,-46.7389297280938,5,kilometer,223.0,"10232,41",7.0,5.0,10.0,7.0,29.0,chacara
455355,2022,-23.618339586864,-46.7387790630407,5,kilometer,342.0,"19897,74",17.0,10.0,27.0,29.0,83.0,chacara
455356,2022,-23.6189346916151,-46.7379196423918,5,kilometer,192.0,"19595,09",7.0,8.0,8.0,14.0,37.0,chacara
455357,2022,-23.6172019053026,-46.7398712806151,5,kilometer,160.0,"12724,79",6.0,4.0,8.0,6.0,24.0,chacara
455358,2022,-23.6174739306088,-46.7387431793256,5,kilometer,364.0,"20613,79",15.0,17.0,21.0,24.0,77.0,chacara
455359,2022,-23.6185860255024,-46.7396032143364,5,kilometer,291.0,"19371,63",9.0,16.0,19.0,15.0,59.0,chacara
455360,2022,-23.6181234875489,-46.7367353632479,5,kilometer,171.0,"11731,45",5.0,7.0,11.0,7.0,30.0,chacara
455361,2022,-23.6186873323985,-46.7369395050377,5,kilometer,185.0,"14546,38",9.0,10.0,9.0,7.0,35.0,chacara
455362,2022,-23.617398411796,-46.7353050402578,5,kilometer,420.0,"13976,97",19.0,13.0,20.0,13.0,65.0,chacara
455363,2022,-23.6154602229507,-46.7328155057457,5,kilometer,190.0,"16312,51",10.0,8.0,9.0,5.0,32.0,chacara
455364,2022,-23.6162865258828,-46.7320827754408,5,kilometer,253.0,"13039,6",8.0,9.0,8.0,13.0,38.0,chacara
455365,2022,-23.6177616464968,-46.7324708675073,5,kilometer,157.0,"5310,76",3.0,10.0,8.0,3.0,24.0,chacara
455366,2022,-23.6174074792569,-46.7330352751642,5,kilometer,182.0,"11383,16",3.0,4.0,10.0,8.0,25.0,chacara
455367,2022,-23.6196752816463,-46.7363984149078,5,kilometer,116.0,"7075,25",5.0,5.0,5.0,6.0,21.0,chacara
455368,2022,-23.6205538376343,-46.73674128303809,5,kilometer,167.0,"19340,85",5.0,3.0,7.0,11.0,26.0,chacara
455369,2022,-23.6193391677755,-46.7355532044743,5,kilometer,410.0,"16646,16",11.0,13.0,21.0,14.0,59.0,chacara
455370,2022,-23.6190619906414,-46.734554932922094,5,kilometer,281.0,"16184,76",13.0,7.0,24.0,20.0,64.0,chacara
455371,2022,-23.6215757839098,-46.7379243378193,5,kilometer,254.0,"7316,25",9.0,16.0,20.0,7.0,52.0,chacara
455372,2022,-23.621341214291,-46.7390158773722,5,kilometer,266.0,"9431,85",6.0,19.0,17.0,11.0,53.0,chacara
455373,2022,-23.6225151474722,-46.7357848278627,5,kilometer,250.0,"11534,31",10.0,15.0,12.0,9.0,46.0,chacara
455374,2022,-23.622211850335,-46.7348520939628,5,kilometer,226.0,"16505,83",3.0,8.0,13.0,13.0,37.0,chacara
455375,2022,-23.623643721959,-46.7352300545441,5,kilometer,176.0,"12988,53",4.0,,,3.0,7.0,chacara
455376,2022,-23.6223728415272,-46.7381688465515,5,kilometer,266.0,"12895,85",9.0,9.0,18.0,17.0,53.0,chacara
455377,2022,-23.6226796704871,-46.7369580699624,5,kilometer,140.0,"14558,22",6.0,10.0,5.0,,21.0,chacara
455378,2022,-23.6358311377082,-46.7407487885575,5,kilometer,226.0,"1432,15",18.0,15.0,20.0,18.0,71.0,chacara
455379,2022,-23.6365030003114,-46.7397053143588,5,kilometer,592.0,"1686,61",51.0,44.0,51.0,67.0,213.0,chacara
455380,2022,-23.639040060779,-46.735852365966494,5,kilometer,262.0,"8345,43",8.0,7.0,9.0,7.0,31.0,chacara
455381,2022,-23.6382721661286,-46.7353619359022,5,kilometer,393.0,"7356,36",17.0,19.0,13.0,17.0,66.0,chacara
455382,2022,-23.638381387151,-46.7346908711888,5,kilometer,386.0,"9022,99",21.0,15.0,10.0,19.0,65.0,chacara
455383,2022,-23.6164414161326,-46.7233977302449,5,kilometer,1017.0,"1843,8",62.0,86.0,80.0,90.0,318.0,chacara
455384,2022,-23.6187769877566,-46.7227254945752,5,kilometer,359.0,"2401,88",14.0,36.0,36.0,32.0,118.0,chacara
455385,2022,-23.6184366412704,-46.7234428213569,5,kilometer,603.0,"1923,07",31.0,58.0,48.0,77.0,214.0,chacara
455386,2022,-23.6376910799187,-46.734607241034,5,kilometer,172.0,"8252,3",9.0,6.0,4.0,9.0,28.0,chacara
455387,2022,-23.6332329243156,-46.7298946035158,5,kilometer,391.0,"14789,63",14.0,11.0,13.0,16.0,54.0,chacara
455388,2022,-23.6348640619694,-46.7326677938702,5,kilometer,373.0,"19179,59",11.0,12.0,10.0,16.0,49.0,chacara
455389,2022,-23.6340399057146,-46.7313381103852,5,kilometer,277.0,"15275,23",17.0,9.0,11.0,16.0,53.0,chacara
455390,2022,-23.6360165138105,-46.735611481738,5,kilometer,292.0,"18542,17",12.0,21.0,20.0,22.0,75.0,chacara
455391,2022,-23.6351149799068,-46.7344874514024,5,kilometer,431.0,"13383,92",26.0,30.0,22.0,21.0,99.0,chacara
455392,2022,-23.6339349054246,-46.7344263176034,5,kilometer,266.0,"13627,67",6.0,11.0,10.0,19.0,46.0,chacara
455393,2022,-23.6349347511805,-46.7366465397156,5,kilometer,175.0,"8954,12",11.0,3.0,9.0,4.0,27.0,chacara
455394,2022,-23.6180688530279,-46.7166998745433,5,kilometer,313.0,"7918,21",10.0,14.0,14.0,31.0,69.0,chacara
455395,2022,-23.6165079073854,-46.714026635159,5,kilometer,167.0,"19914,29",,,5.0,7.0,12.0,chacara
455396,2022,-23.6293114386284,-46.72206624869391,5,kilometer,236.0,"27635,47",8.0,12.0,14.0,16.0,50.0,chacara
455397,2022,-23.6285433941786,-46.7220856856216,5,kilometer,259.0,"31514,77",6.0,15.0,16.0,27.0,64.0,chacara
455398,2022,-23.6286462185026,-46.7233653567805,5,kilometer,433.0,"32901,46",15.0,22.0,28.0,31.0,96.0,chacara
455399,2022,-23.6266384329663,-46.7237565799234,5,kilometer,173.0,"21205,91",5.0,15.0,10.0,7.0,37.0,chacara
455400,2022,-23.6254828435503,-46.7229737250827,5,kilometer,273.0,"14484,41",10.0,6.0,11.0,10.0,37.0,chacara
455401,2022,-23.6257996379984,-46.720642908339904,5,kilometer,293.0,"23700,98",26.0,30.0,23.0,17.0,96.0,chacara
455402,2022,-23.6261683544485,-46.72111834780431,5,kilometer,105.0,"10320,32",,6.0,4.0,,10.0,chacara
455403,2022,-23.6271658934638,-46.7221027205178,5,kilometer,340.0,"18374,37",7.0,11.0,15.0,12.0,45.0,chacara
455404,2022,-23.6199183176693,-46.71857915934,5,kilometer,238.0,"17841,71",12.0,19.0,13.0,15.0,59.0,chacara
455405,2022,-23.6227127324813,-46.7174081077694,5,kilometer,250.0,"11157,1",9.0,11.0,21.0,12.0,53.0,chacara
455406,2022,-23.6226269312149,-46.7193661647049,5,kilometer,486.0,"17272,58",21.0,19.0,36.0,25.0,101.0,chacara
455407,2022,-23.6249405429286,-46.7259645100425,5,kilometer,299.0,"12982,39",16.0,18.0,12.0,12.0,58.0,chacara
455408,2022,-23.630862265782,-46.7254914451046,5,kilometer,190.0,"18370,36",6.0,11.0,20.0,11.0,48.0,chacara
455409,2022,-23.6291831316125,-46.7198059900478,5,kilometer,197.0,"22717,19",12.0,12.0,14.0,16.0,54.0,chacara
455410,2022,-23.6278617475644,-46.7186521947362,5,kilometer,319.0,"23164,63",13.0,15.0,11.0,21.0,60.0,chacara
455411,2022,-23.6294878506369,-46.719042284042,5,kilometer,357.0,"32097,56",19.0,11.0,31.0,22.0,83.0,chacara
455412,2022,-23.6356593448811,-46.7299926793596,5,kilometer,289.0,"34125,23",14.0,19.0,28.0,23.0,84.0,chacara
455413,2022,-23.6356953810497,-46.7291276846749,5,kilometer,285.0,"31688,39",11.0,20.0,27.0,23.0,81.0,chacara
455414,2022,-23.6362982225054,-46.7289427519023,5,kilometer,322.0,"29951,6",7.0,19.0,30.0,37.0,93.0,chacara
455415,2022,-23.6358132126261,-46.7308456635123,5,kilometer,325.0,"32260,1",14.0,30.0,39.0,25.0,108.0,chacara
455416,2022,-23.6364453635479,-46.7314115447893,5,kilometer,279.0,"34796,51",,9.0,25.0,29.0,63.0,chacara
455417,2022,-23.6373778781735,-46.7315247611502,5,kilometer,299.0,31162,6.0,16.0,25.0,41.0,88.0,chacara
455418,2022,-23.6379658713797,-46.7309309157845,5,kilometer,152.0,"29725,76",,10.0,11.0,23.0,44.0,chacara
455419,2022,-23.638331489443,-46.7301102881199,5,kilometer,277.0,"27507,4",10.0,32.0,24.0,17.0,83.0,chacara
455420,2022,-23.6383632983486,-46.729196120124,5,kilometer,270.0,"23830,74",9.0,13.0,25.0,12.0,59.0,chacara
455421,2022,-23.6373333917184,-46.7292565926827,5,kilometer,272.0,"19696,98",13.0,19.0,17.0,12.0,61.0,chacara
455422,2022,-23.6339198006928,-46.7299912893026,5,kilometer,178.0,"16595,84",12.0,11.0,9.0,5.0,37.0,chacara
455423,2022,-23.627664977983,-46.72856394886831,5,kilometer,313.0,"13537,21",7.0,8.0,14.0,18.0,47.0,chacara
455424,2022,-23.6259346766437,-46.7301917795664,5,kilometer,391.0,"18726,04",18.0,21.0,19.0,25.0,83.0,chacara
455425,2022,-23.6254272513741,-46.7278532084922,5,kilometer,539.0,"7480,62",50.0,37.0,29.0,31.0,147.0,chacara
455426,2022,-23.6219848647824,-46.7314346193536,5,kilometer,162.0,"10286,97",6.0,6.0,7.0,4.0,23.0,chacara
455427,2022,-23.6242332934375,-46.7330886509069,5,kilometer,321.0,"11433,79",14.0,8.0,8.0,8.0,38.0,chacara
455428,2022,-23.6252483985252,-46.729209262689,5,kilometer,294.0,"17948,67",17.0,21.0,18.0,11.0,67.0,chacara
455429,2022,-23.6248231679775,-46.7317662967372,5,kilometer,201.0,"73198,95",6.0,8.0,12.0,12.0,38.0,chacara
455430,2022,-23.619991043623,-46.728359396826,5,kilometer,1295.0,"1417,69",98.0,140.0,133.0,116.0,487.0,chacara
455431,2022,-23.6184227502385,-46.731181031173904,5,kilometer,785.0,"1895,66",83.0,61.0,61.0,57.0,262.0,chacara
455432,2022,-23.6144839318154,-46.7307633031788,5,kilometer,154.0,"11727,66",6.0,5.0,6.0,16.0,33.0,chacara
455433,2022,-23.6123223226752,-46.7278125919548,5,kilometer,90.0,"6019,48",5.0,,3.0,9.0,17.0,chacara
455434,2022,-23.6369290804513,-46.7374611223186,5,kilometer,541.0,"9301,51",27.0,26.0,14.0,21.0,88.0,chacara
455435,2022,-23.6209572290901,-46.7258008137395,5,kilometer,800.0,"1483,98",76.0,68.0,82.0,74.0,300.0,chacara
455436,2022,-23.6273280712167,-46.7278146101818,5,kilometer,224.0,"1458,71",28.0,30.0,23.0,14.0,95.0,chacara
455437,2022,-23.6123132938212,-46.72709447334471,5,kilometer,1259.0,"1644,32",117.0,113.0,96.0,124.0,450.0,chacara
455438,2022,-23.6380350745037,-46.7379765965459,5,kilometer,246.0,"1682,47",19.0,22.0,16.0,14.0,71.0,chacara
455439,2022,-23.6213957388761,-46.7278195393295,5,kilometer,,,,,,,0.0,chacara
455440,2022,-23.6139062229597,-46.73005113757,5,kilometer,171.0,"1927,88",8.0,8.0,16.0,12.0,44.0,chacara
455441,2022,-23.6136720364868,-46.7295415389364,5,kilometer,287.0,"5896,46",16.0,13.0,16.0,8.0,53.0,chacara
455442,2022,-23.6213908658444,-46.7268573324215,5,kilometer,404.0,"2231,65",18.0,33.0,34.0,47.0,132.0,chacara
455443,2022,-23.6181595956081,-46.7458290518542,5,kilometer,695.0,"3380,61",41.0,39.0,44.0,42.0,166.0,chacara
455444,2022,-23.6181445426477,-46.747243942628,5,kilometer,568.0,"2954,97",39.0,44.0,41.0,23.0,147.0,chacara
455445,2022,-23.6212904328713,-46.7463389397957,5,kilometer,407.0,"3688,25",23.0,27.0,22.0,27.0,99.0,chacara
455446,2022,-23.6195920222833,-46.7477079445891,5,kilometer,388.0,"2819,02",23.0,23.0,28.0,28.0,102.0,chacara
455447,2022,-23.6284739858743,-46.7410619940957,5,kilometer,383.0,"13747,47",21.0,28.0,36.0,20.0,105.0,chacara
455448,2022,-23.6293117742911,-46.74081821722,5,kilometer,241.0,"11844,56",7.0,13.0,8.0,14.0,42.0,chacara
455449,2022,-23.6260250814183,-46.73274975681969,5,kilometer,466.0,"18525,36",24.0,24.0,23.0,28.0,99.0,chacara
455450,2022,-23.6285095417329,-46.7317511110032,5,kilometer,353.0,"11290,63",13.0,17.0,18.0,14.0,62.0,chacara
455451,2022,-23.6227850195865,-46.7293171267758,5,kilometer,509.0,"9516,45",27.0,34.0,25.0,25.0,111.0,chacara
455452,2022,-23.6223286404237,-46.7301525042673,5,kilometer,312.0,"7767,16",27.0,11.0,20.0,13.0,71.0,chacara
455453,2022,-23.6266877161267,-46.7342920598985,5,kilometer,450.0,"19676,8",18.0,18.0,36.0,13.0,85.0,chacara
455454,2022,-23.6283843648231,-46.7342736072342,5,kilometer,560.0,"14389,26",6.0,19.0,10.0,17.0,52.0,chacara
455455,2022,-23.6315476884213,-46.7333773856325,5,kilometer,579.0,"18843,26",16.0,20.0,37.0,39.0,112.0,chacara
455456,2022,-23.63302637254,-46.7328762989617,5,kilometer,640.0,"18533,34",19.0,29.0,58.0,56.0,162.0,chacara
455457,2022,-23.632943400546,-46.7344563953025,5,kilometer,321.0,"32376,41",11.0,18.0,30.0,36.0,95.0,chacara
455458,2022,-23.6314292701093,-46.7340928364142,5,kilometer,344.0,"19341,99",18.0,16.0,41.0,27.0,102.0,chacara
455459,2022,-23.6396992853123,-46.74296656040711,5,kilometer,426.0,"3576,25",13.0,14.0,19.0,20.0,66.0,chacara
455460,2022,-23.6281851404447,-46.74339367183671,5,kilometer,612.0,"16945,65",44.0,65.0,59.0,25.0,193.0,chacara
455461,2022,-23.6267357851288,-46.7431389177701,5,kilometer,531.0,"12562,25",37.0,25.0,19.0,12.0,93.0,chacara
455462,2022,-23.6228711268647,-46.7395212288377,5,kilometer,538.0,"20218,61",46.0,50.0,41.0,22.0,159.0,chacara
455463,2022,-23.6248821904826,-46.7405088687926,5,kilometer,630.0,"16775,44",49.0,43.0,40.0,29.0,161.0,chacara
455464,2022,-23.6237856940264,-46.7393140529135,5,kilometer,152.0,"18058,93",5.0,6.0,5.0,13.0,29.0,chacara
455465,2022,-23.6248916480945,-46.7396503471979,5,kilometer,498.0,"10270,45",20.0,29.0,21.0,15.0,85.0,chacara
455466,2022,-23.6256761633508,-46.7397107113587,5,kilometer,625.0,"15901,01",63.0,64.0,36.0,28.0,191.0,chacara
455467,2022,-23.6272428022139,-46.7297293338476,5,kilometer,271.0,"8711,97",12.0,13.0,3.0,8.0,36.0,chacara
455468,2022,-23.6277232941092,-46.7292809242086,5,kilometer,478.0,"13528,92",13.0,10.0,10.0,8.0,41.0,chacara
455469,2022,-23.6305809695388,-46.7326941542749,5,kilometer,396.0,"20121,52",22.0,29.0,18.0,22.0,91.0,chacara
455470,2022,-23.6276353874481,-46.7333418216675,5,kilometer,164.0,"11973,68",6.0,4.0,10.0,8.0,28.0,chacara
455471,2022,-23.6303339479874,-46.73125325586,5,kilometer,262.0,"12349,21",7.0,11.0,13.0,11.0,42.0,chacara
455472,2022,-23.6315931534026,-46.729544825775,5,kilometer,491.0,"34358,72",24.0,59.0,63.0,33.0,179.0,chacara
455473,2022,-23.6307853330525,-46.7318042523652,5,kilometer,284.0,"20914,69",7.0,16.0,18.0,13.0,54.0,chacara
455474,2022,-23.628200374536,-46.73006873479991,5,kilometer,393.0,"15250,41",11.0,12.0,12.0,19.0,54.0,chacara
455475,2022,-23.6288625820057,-46.729570225308,5,kilometer,356.0,"10683,49",13.0,16.0,4.0,6.0,39.0,chacara
455476,2022,-23.6195960519686,-46.7324097093277,5,kilometer,347.0,"11054,95",12.0,10.0,16.0,16.0,54.0,chacara
455477,2022,-23.6201628614552,-46.731556349346896,5,kilometer,730.0,"8612,12",46.0,57.0,44.0,40.0,187.0,chacara
455478,2022,-23.6204715125547,-46.7308971292937,5,kilometer,774.0,"8201,51",67.0,71.0,39.0,50.0,227.0,chacara
455479,2022,-23.6212432758277,-46.7314318940832,5,kilometer,733.0,"9047,54",53.0,53.0,40.0,36.0,182.0,chacara
455480,2022,-23.6208077765738,-46.7318572567062,5,kilometer,756.0,"8152,03",56.0,51.0,47.0,47.0,201.0,chacara
455481,2022,-23.6224243338043,-46.7327381399953,5,kilometer,341.0,"8309,22",5.0,8.0,8.0,10.0,31.0,chacara
455482,2022,-23.6237492340787,-46.7321381305226,5,kilometer,158.0,"8499,44",3.0,,,3.0,6.0,chacara
455483,2022,-23.624197574069,-46.7315301405317,5,kilometer,323.0,"15309,01",15.0,16.0,16.0,7.0,54.0,chacara
455484,2022,-23.6369069909284,-46.7354015632878,5,kilometer,410.0,"13360,06",8.0,16.0,13.0,18.0,55.0,chacara
455485,2022,-23.6355569609847,-46.7337019805817,5,kilometer,235.0,"16471,2",18.0,11.0,11.0,12.0,52.0,chacara
455486,2022,-23.6329840604765,-46.726761749588,5,kilometer,399.0,"34812,5",22.0,18.0,42.0,33.0,115.0,chacara
455487,2022,-23.6342294650082,-46.7250686178666,5,kilometer,293.0,"24477,72",6.0,8.0,,3.0,17.0,chacara
455488,2022,-23.6286060822561,-46.7203952552522,5,kilometer,702.0,"23338,27",37.0,34.0,41.0,30.0,142.0,chacara
455489,2022,-23.6275184240447,-46.7198009858871,5,kilometer,324.0,"20722,13",33.0,23.0,15.0,13.0,84.0,chacara
455490,2022,-23.6278687271719,-46.7186737088922,5,kilometer,296.0,"12973,61",8.0,6.0,,7.0,21.0,chacara
455491,2022,-23.6184044053597,-46.742666951793,5,kilometer,272.0,"21264,65",11.0,8.0,22.0,18.0,59.0,chacara
455492,2022,-23.6162628519897,-46.7423103340994,5,kilometer,434.0,"17110,69",32.0,27.0,17.0,16.0,92.0,chacara
455493,2022,-23.6159694243282,-46.7403272814858,5,kilometer,191.0,"9391,14",4.0,9.0,11.0,9.0,33.0,chacara
455494,2022,-23.6190196520637,-46.7401599582514,5,kilometer,316.0,"12908,57",11.0,7.0,9.0,9.0,36.0,chacara
455495,2022,-23.6276995996886,-46.7402559401344,5,kilometer,690.0,"16382,16",28.0,58.0,62.0,62.0,210.0,chacara
455496,2022,-23.6283033644427,-46.7423993047898,5,kilometer,472.0,"19142,86",30.0,48.0,61.0,33.0,172.0,chacara
455498,2022,-23.6274779105843,-46.7384725689133,5,kilometer,237.0,"23394,42",18.0,16.0,14.0,17.0,65.0,chacara
455499,2022,-23.6299519485946,-46.7419804436389,5,kilometer,144.0,"8418,33",5.0,4.0,,6.0,15.0,chacara
455500,2022,-23.6299970611329,-46.7424164990086,5,kilometer,444.0,"11708,25",43.0,26.0,12.0,13.0,94.0,chacara
455501,2022,-23.6295322280209,-46.743169914070094,5,kilometer,418.0,"11454,63",38.0,17.0,18.0,13.0,86.0,chacara
455502,2022,-23.6313343642712,-46.7415448073246,5,kilometer,89.0,15125,10.0,5.0,7.0,3.0,25.0,chacara
455503,2022,-23.6397195092354,-46.7354246500574,5,kilometer,626.0,"14482,3",39.0,56.0,43.0,40.0,178.0,chacara
455504,2022,-23.6403011265422,-46.7347556704217,5,kilometer,613.0,"15081,76",60.0,42.0,38.0,31.0,171.0,chacara
455506,2022,-23.6409957506307,-46.7304017474874,5,kilometer,867.0,"2349,29",44.0,54.0,56.0,77.0,231.0,chacara
455507,2022,-23.6433722204999,-46.728231840959,5,kilometer,188.0,"2096,25",13.0,7.0,7.0,16.0,43.0,chacara
455508,2022,-23.621554847999,-46.7429294086371,5,kilometer,684.0,"15819,69",56.0,47.0,53.0,38.0,194.0,chacara
455509,2022,-23.6248663403162,-46.7416951430668,5,kilometer,588.0,"8317,47",43.0,27.0,18.0,18.0,106.0,chacara
455510,2022,-23.6251780133975,-46.7424924668989,5,kilometer,600.0,"10347,88",41.0,35.0,22.0,23.0,121.0,chacara
455511,2022,-23.6193296469733,-46.7436652397806,5,kilometer,622.0,"9384,08",44.0,32.0,30.0,24.0,130.0,chacara
455512,2022,-23.619704518394,-46.7447418346044,5,kilometer,729.0,"9008,13",57.0,31.0,35.0,30.0,153.0,chacara
455513,2022,-23.6240113446227,-46.7431888317596,5,kilometer,404.0,"12538,19",22.0,23.0,18.0,8.0,71.0,chacara
455514,2022,-23.6230425467285,-46.7416212838165,5,kilometer,432.0,"10895,6",24.0,23.0,18.0,18.0,83.0,chacara
455515,2022,-23.6231115919158,-46.7433159859002,5,kilometer,737.0,"14016,77",75.0,57.0,43.0,30.0,205.0,chacara
455516,2022,-23.6227829126409,-46.7434845074956,5,kilometer,294.0,"14444,56",30.0,28.0,19.0,17.0,94.0,chacara
455517,2022,-23.6264858534304,-46.74412174341089,5,kilometer,798.0,"9082,44",65.0,48.0,48.0,36.0,197.0,chacara
455518,2022,-23.6252493595885,-46.7432187857896,5,kilometer,516.0,"8718,69",32.0,23.0,27.0,13.0,95.0,chacara
455519,2022,-23.6245470571783,-46.743839727802,5,kilometer,386.0,"8523,5",18.0,22.0,14.0,12.0,66.0,chacara
455520,2022,-23.6238020351398,-46.7452896672739,5,kilometer,298.0,"8761,01",32.0,12.0,8.0,11.0,63.0,chacara
455521,2022,-23.6222161906348,-46.7446988834948,5,kilometer,543.0,"9108,87",24.0,37.0,27.0,28.0,116.0,chacara
455522,2022,-23.622613850304,-46.7457668195355,5,kilometer,679.0,"7614,97",41.0,39.0,36.0,36.0,152.0,chacara
455523,2022,-23.6237119601017,-46.7201777285303,5,kilometer,705.0,"17047,4",41.0,59.0,57.0,54.0,211.0,chacara
455524,2022,-23.6233337085453,-46.7214021248908,5,kilometer,697.0,"17095,41",45.0,71.0,60.0,42.0,218.0,chacara
455525,2022,-23.6357049555332,-46.732214340304495,5,kilometer,340.0,"16422,67",11.0,11.0,21.0,17.0,60.0,chacara
455526,2022,-23.6381883882854,-46.7299586325248,5,kilometer,152.0,"18989,89",,12.0,7.0,7.0,26.0,chacara
455527,2022,-23.6345235878321,-46.738945117033296,5,kilometer,249.0,"7678,75",17.0,13.0,12.0,15.0,57.0,chacara
455528,2022,-23.6337114888988,-46.7381231542897,5,kilometer,265.0,"9329,58",9.0,23.0,13.0,8.0,53.0,chacara
455529,2022,-23.6327026686674,-46.7387240502403,5,kilometer,174.0,"7473,63",6.0,,4.0,4.0,14.0,chacara
455530,2022,-23.6321689450854,-46.7383095232294,5,kilometer,247.0,"5895,1",15.0,14.0,11.0,12.0,52.0,chacara
455531,2022,-23.6315928445119,-46.7397276316874,5,kilometer,440.0,"16950,69",36.0,29.0,19.0,14.0,98.0,chacara
455532,2022,-23.6306981359262,-46.7398698111136,5,kilometer,385.0,"12673,15",29.0,22.0,21.0,11.0,83.0,chacara
455533,2022,-23.6300834998199,-46.7395481997306,5,kilometer,557.0,"11599,54",46.0,47.0,24.0,25.0,142.0,chacara
455534,2022,-23.6314725695739,-46.7374103581402,5,kilometer,200.0,"9774,05",9.0,8.0,9.0,9.0,35.0,chacara
455535,2022,-23.6355489099909,-46.7398068542916,5,kilometer,470.0,"4692,92",38.0,39.0,26.0,29.0,132.0,chacara
455536,2022,-23.6283371038371,-46.7400333642603,5,kilometer,566.0,"12779,97",35.0,29.0,25.0,24.0,113.0,chacara
455537,2022,-23.6285480127013,-46.738256434907,5,kilometer,381.0,"15562,02",21.0,37.0,25.0,18.0,101.0,chacara
455538,2022,-23.6213488826892,-46.7189927487066,5,kilometer,127.0,"13075,1",3.0,8.0,,10.0,21.0,chacara
455539,2022,-23.6195629101576,-46.7413831901984,5,kilometer,334.0,"15830,76",7.0,6.0,14.0,14.0,41.0,chacara
455540,2022,-23.6212776072815,-46.7408372987808,5,kilometer,303.0,"34652,59",32.0,32.0,20.0,15.0,99.0,chacara
455541,2022,-23.62081030939,-46.7415494390993,5,kilometer,574.0,"28157,71",58.0,44.0,46.0,23.0,171.0,chacara
455542,2022,-23.6207868331042,-46.7475335466592,5,kilometer,454.0,"6124,93",38.0,25.0,18.0,27.0,108.0,chacara
455543,2022,-23.6216136006054,-46.747142776499,5,kilometer,473.0,"4823,61",37.0,24.0,31.0,23.0,115.0,chacara
455544,2022,-23.6175530471962,-46.7213808250745,5,kilometer,461.0,"2079,77",26.0,28.0,42.0,49.0,145.0,chacara
455545,2022,-23.6176624644802,-46.7220585317946,5,kilometer,597.0,"2446,14",42.0,41.0,40.0,60.0,183.0,chacara
455546,2022,-23.6417093883016,-46.7331868957172,5,kilometer,297.0,"2519,78",19.0,25.0,19.0,22.0,85.0,chacara
455547,2022,-23.6209905062385,-46.7285147319074,5,kilometer,406.0,"1910,79",48.0,41.0,35.0,26.0,150.0,chacara
455548,2022,-23.6207261043226,-46.7289338882371,5,kilometer,153.0,"2468,56",13.0,11.0,13.0,17.0,54.0,chacara
455549,2022,-23.6206495431049,-46.7280496568749,5,kilometer,319.0,"2453,97",16.0,25.0,36.0,36.0,113.0,chacara
455550,2022,-23.6180116056391,-46.7270326585894,5,kilometer,651.0,"1623,5",47.0,60.0,56.0,53.0,216.0,chacara
455551,2022,-23.6176436394122,-46.7281151335673,5,kilometer,527.0,"1690,56",41.0,43.0,44.0,55.0,183.0,chacara
455552,2022,-23.6181545511289,-46.7280735140457,5,kilometer,790.0,"1660,23",59.0,58.0,58.0,84.0,259.0,chacara
455553,2022,-23.617608419521,-46.7226842919937,5,kilometer,336.0,"1795,87",21.0,24.0,29.0,24.0,98.0,chacara
455554,2022,-23.6173312112382,-46.7237277887335,5,kilometer,533.0,"1912,24",36.0,49.0,43.0,60.0,188.0,chacara
455555,2022,-23.6201202420528,-46.7260951984924,5,kilometer,1435.0,"1823,46",91.0,95.0,109.0,115.0,410.0,chacara
455556,2022,-23.6205764802251,-46.7246181285927,5,kilometer,646.0,"2292,74",31.0,43.0,50.0,44.0,168.0,chacara
455557,2022,-23.6146155220334,-46.721754643167294,5,kilometer,593.0,"1491,23",44.0,57.0,48.0,59.0,208.0,chacara
455558,2022,-23.6146641179363,-46.7208419546683,5,kilometer,809.0,"1652,09",68.0,88.0,73.0,66.0,295.0,chacara
455559,2022,-23.6145324611797,-46.7200693621497,5,kilometer,872.0,"1655,29",68.0,78.0,73.0,87.0,306.0,chacara
455560,2022,-23.6194130329731,-46.7309399121408,5,kilometer,416.0,"1893,34",34.0,30.0,29.0,38.0,131.0,chacara
455561,2022,-23.6197766977576,-46.7307074048718,5,kilometer,548.0,"1671,68",45.0,51.0,42.0,41.0,179.0,chacara
455562,2022,-23.6187343103875,-46.7305706412326,5,kilometer,924.0,"1397,75",65.0,89.0,67.0,91.0,312.0,chacara
455563,2022,-23.6188206911007,-46.7294664216673,5,kilometer,1089.0,"1505,63",69.0,104.0,93.0,99.0,365.0,chacara
455564,2022,-23.6178174139767,-46.7302147587072,5,kilometer,762.0,"1575,76",60.0,72.0,58.0,78.0,268.0,chacara
455565,2022,-23.6178114286526,-46.7293243614583,5,kilometer,1124.0,"1648,29",89.0,96.0,74.0,107.0,366.0,chacara
455566,2022,-23.617001452305,-46.7280162196188,5,kilometer,984.0,"1666,1",78.0,78.0,84.0,81.0,321.0,chacara
455567,2022,-23.6169813062179,-46.7270222584344,5,kilometer,638.0,"1801,66",63.0,61.0,50.0,54.0,228.0,chacara
455568,2022,-23.6160480256139,-46.7269821170774,5,kilometer,625.0,"1580,66",47.0,52.0,44.0,60.0,203.0,chacara
455569,2022,-23.6159787613893,-46.7280191931483,5,kilometer,1169.0,"1680,38",105.0,98.0,73.0,119.0,395.0,chacara
455570,2022,-23.6150237474916,-46.7277442256213,5,kilometer,894.0,"1497,48",58.0,59.0,66.0,86.0,269.0,chacara
455571,2022,-23.6150774662947,-46.7266936619759,5,kilometer,705.0,"1587,75",51.0,55.0,37.0,46.0,189.0,chacara
455572,2022,-23.6147887370344,-46.7299093980422,5,kilometer,937.0,"1643,08",64.0,60.0,71.0,68.0,263.0,chacara
455573,2022,-23.6148420209723,-46.7288919093997,5,kilometer,1323.0,"1603,86",125.0,123.0,113.0,88.0,449.0,chacara
455574,2022,-23.6139001663932,-46.7285250144578,5,kilometer,1967.0,"1710,17",153.0,172.0,172.0,159.0,656.0,chacara
455575,2022,-23.6140975097998,-46.7270666868744,5,kilometer,1496.0,"1605,93",134.0,130.0,117.0,112.0,493.0,chacara
455576,2022,-23.612920890989,-46.7284302363352,5,kilometer,845.0,"1668,94",80.0,85.0,88.0,74.0,327.0,chacara
455577,2022,-23.6130335287293,-46.727529573614,5,kilometer,1686.0,"1475,31",160.0,166.0,155.0,138.0,619.0,chacara
455578,2022,-23.6130514618883,-46.726507055212,5,kilometer,1130.0,"1538,55",68.0,115.0,82.0,99.0,364.0,chacara
455579,2022,-23.6141944397563,-46.7258226063924,5,kilometer,1032.0,"1625,33",102.0,118.0,61.0,60.0,341.0,chacara
455580,2022,-23.6142968545877,-46.7247732539634,5,kilometer,545.0,"1597,71",49.0,52.0,50.0,42.0,193.0,chacara
455581,2022,-23.6160457488876,-46.7260624600403,5,kilometer,276.0,"1609,72",20.0,25.0,29.0,15.0,89.0,chacara
455582,2022,-23.6164230920346,-46.7254122731185,5,kilometer,751.0,"1631,24",57.0,78.0,59.0,66.0,260.0,chacara
455583,2022,-23.6161515177379,-46.7247671467049,5,kilometer,455.0,"1774,95",45.0,20.0,46.0,34.0,145.0,chacara
455584,2022,-23.6138344852537,-46.7187203562342,5,kilometer,188.0,"8632,94",12.0,8.0,7.0,7.0,34.0,chacara
455585,2022,-23.6124980456237,-46.722939684291696,5,kilometer,1141.0,"1450,93",108.0,184.0,48.0,68.0,408.0,chacara
455586,2022,-23.6135088806498,-46.7227485788978,5,kilometer,953.0,"1657,09",73.0,76.0,75.0,81.0,305.0,chacara
455587,2022,-23.6424420235794,-46.7324717399186,5,kilometer,737.0,"2246,72",40.0,43.0,48.0,51.0,182.0,chacara
455588,2022,-23.6421994603133,-46.7315091010494,5,kilometer,613.0,"2659,65",28.0,36.0,27.0,43.0,134.0,chacara
455589,2022,-23.6375888897742,-46.7413963194083,5,kilometer,613.0,"1944,18",36.0,56.0,40.0,55.0,187.0,chacara
455590,2022,-23.6369689111387,-46.7403690983634,5,kilometer,1149.0,"1612,6",78.0,104.0,95.0,96.0,373.0,chacara
455591,2022,-23.6153441864911,-46.7237187594781,5,kilometer,351.0,"1697,09",33.0,29.0,27.0,35.0,124.0,chacara
455592,2022,-23.615542726068,-46.7227873818043,5,kilometer,1217.0,"1843,09",96.0,108.0,87.0,90.0,381.0,chacara
455593,2022,-23.6156296407714,-46.721713832492,5,kilometer,677.0,"1917,7",36.0,49.0,42.0,58.0,185.0,chacara
455594,2022,-23.6151968563265,-46.725675925111,5,kilometer,503.0,"1852,62",29.0,35.0,29.0,25.0,118.0,chacara
455595,2022,-23.6152976851529,-46.7246572781405,5,kilometer,602.0,"1659,54",43.0,64.0,45.0,36.0,188.0,chacara
455596,2022,-23.6157916696692,-46.7302999146012,5,kilometer,782.0,"2055,57",56.0,59.0,52.0,61.0,228.0,chacara
455597,2022,-23.6157193651886,-46.7295879445584,5,kilometer,735.0,"1882,08",50.0,55.0,62.0,71.0,238.0,chacara
455598,2022,-23.6159139107429,-46.7288177736933,5,kilometer,790.0,"1641,27",93.0,73.0,67.0,51.0,284.0,chacara
455599,2022,-23.6167077372373,-46.7298306313461,5,kilometer,816.0,"1609,84",78.0,83.0,56.0,64.0,281.0,chacara
455600,2022,-23.6169007398436,-46.7291238132364,5,kilometer,918.0,"1766,42",70.0,91.0,64.0,82.0,307.0,chacara
455601,2022,-23.6166253372566,-46.7217068379415,5,kilometer,1228.0,"1786,69",111.0,106.0,82.0,118.0,417.0,chacara
455602,2022,-23.6172712805095,-46.7260709277193,5,kilometer,306.0,"2039,08",20.0,26.0,20.0,26.0,92.0,chacara
455603,2022,-23.6173823927307,-46.7249296618412,5,kilometer,390.0,"1740,76",17.0,25.0,17.0,16.0,75.0,chacara
455604,2022,-23.6189781088313,-46.7263174279137,5,kilometer,533.0,"2152,72",29.0,44.0,30.0,44.0,147.0,chacara
455605,2022,-23.6192928060102,-46.7258147870191,5,kilometer,941.0,"1825,08",73.0,80.0,76.0,55.0,284.0,chacara
455606,2022,-23.6132150315081,-46.7256534359298,5,kilometer,983.0,"1572,49",79.0,78.0,79.0,75.0,311.0,chacara
455607,2022,-23.6133258724315,-46.724612642823296,5,kilometer,538.0,"1712,26",46.0,47.0,45.0,34.0,172.0,chacara
455608,2022,-23.6187517551515,-46.7284629836604,5,kilometer,665.0,"1532,37",38.0,77.0,52.0,56.0,223.0,chacara
455609,2022,-23.6193427593645,-46.72830016090649,5,kilometer,617.0,"1457,11",50.0,65.0,57.0,70.0,242.0,chacara
455610,2022,-23.6188575792516,-46.7276736931998,5,kilometer,739.0,"1437,2",73.0,82.0,63.0,59.0,277.0,chacara
455611,2022,-23.6188794759662,-46.7269213661861,5,kilometer,290.0,"1493,16",21.0,19.0,28.0,30.0,98.0,chacara
455612,2022,-23.6197928988399,-46.7294547029348,5,kilometer,783.0,"1917,76",61.0,62.0,42.0,56.0,221.0,chacara
455613,2022,-23.6202686415554,-46.72977398430729,5,kilometer,547.0,"1852,04",50.0,49.0,33.0,50.0,182.0,chacara
455614,2022,-23.6424997841196,-46.7291624254288,5,kilometer,1055.0,"1642,37",79.0,88.0,87.0,99.0,353.0,chacara
455615,2022,-23.6432182329911,-46.7294857927519,5,kilometer,507.0,"1949,77",38.0,42.0,38.0,37.0,155.0,chacara
455616,2022,-23.6347140377297,-46.7301516193528,5,kilometer,435.0,"17738,96",28.0,18.0,14.0,17.0,77.0,chacara
455617,2022,-23.632256585278,-46.739421634996,5,kilometer,328.0,"10458,73",25.0,17.0,9.0,4.0,55.0,chacara
455618,2022,-23.6331076196806,-46.7383057931656,5,kilometer,273.0,"11494,69",20.0,8.0,11.0,11.0,50.0,chacara
455619,2022,-23.625016274859,-46.7208503909448,5,kilometer,166.0,"14171,89",12.0,8.0,7.0,8.0,35.0,chacara
455620,2022,-23.621957109853,-46.7233473530884,5,kilometer,1292.0,"4500,65",82.0,71.0,45.0,54.0,252.0,chacara
455621,2022,-23.6324117299104,-46.7234768789076,5,kilometer,209.0,"23306,02",10.0,9.0,25.0,24.0,68.0,chacara
455622,2022,-23.6301115129524,-46.7212902639424,5,kilometer,299.0,"38322,45",20.0,6.0,14.0,14.0,54.0,chacara
455623,2022,-23.6302572149537,-46.7196506431946,5,kilometer,267.0,"29036,36",12.0,11.0,26.0,13.0,62.0,chacara
455624,2022,-23.6226756251554,-46.7298283720072,5,kilometer,334.0,"6776,19",31.0,17.0,12.0,18.0,78.0,chacara
455625,2022,-23.6165217208085,-46.7305683653961,5,kilometer,529.0,"2647,77",30.0,36.0,48.0,49.0,163.0,chacara
455626,2022,-23.6168123156102,-46.7313004806958,5,kilometer,305.0,"7831,82",10.0,7.0,4.0,8.0,29.0,chacara
455627,2022,-23.6192847356721,-46.7385991301143,5,kilometer,425.0,"13450,24",31.0,25.0,10.0,10.0,76.0,chacara
455628,2022,-23.6203665310915,-46.7386272038837,5,kilometer,199.0,"17325,57",6.0,10.0,12.0,6.0,34.0,chacara
455629,2022,-23.62334342804,-46.7263065493774,5,kilometer,392.0,"11790,69",12.0,21.0,14.0,11.0,58.0,chacara
455630,2022,-23.6326850737784,-46.7317749050054,5,kilometer,247.0,"19061,8",5.0,12.0,17.0,17.0,51.0,chacara
455631,2022,-23.6316692413616,-46.7309391608338,5,kilometer,625.0,"24194,58",69.0,54.0,39.0,25.0,187.0,chacara
455632,2022,-23.6144120329775,-46.7234821857476,5,kilometer,296.0,"1704,57",27.0,21.0,29.0,23.0,100.0,chacara
455633,2022,-23.6145342107076,-46.7224937177499,5,kilometer,560.0,"1613,31",47.0,45.0,39.0,42.0,173.0,chacara
455634,2022,-23.6268794255438,-46.7391853339739,5,kilometer,584.0,"13874,43",35.0,54.0,21.0,6.0,116.0,chacara
455635,2022,-23.6243216217,-46.738299747837,5,kilometer,168.0,"10263,44",8.0,8.0,,,16.0,chacara
455636,2022,-23.6290838997998,-46.7325657524245,5,kilometer,463.0,"15834,52",14.0,20.0,25.0,27.0,86.0,chacara
455637,2022,-23.6273060803899,-46.7330798658282,5,kilometer,125.0,"12794,67",,0.0,,,0.0,chacara
455638,2022,-23.6193674425829,-46.7372162901946,5,kilometer,357.0,"19315,01",28.0,16.0,14.0,10.0,68.0,chacara
455639,2022,-23.6349053809358,-46.7262901997666,5,kilometer,632.0,"18954,01",45.0,49.0,39.0,31.0,164.0,chacara
455640,2022,-23.6174567607436,-46.7307196836871,5,kilometer,783.0,"1872,73",64.0,61.0,68.0,86.0,279.0,chacara
455641,2022,-23.6351201293116,-46.7358582753203,5,kilometer,141.0,"10497,14",4.0,,,,4.0,chacara
455642,2022,-23.6340386299873,-46.7355259613886,5,kilometer,463.0,"10836,24",16.0,25.0,12.0,6.0,59.0,chacara
455643,2022,-23.6241376452369,-46.7306705746426,5,kilometer,428.0,"14187,69",21.0,7.0,9.0,11.0,48.0,chacara
455644,2022,-23.6267004905576,-46.7290580489379,5,kilometer,256.0,"13527,08",16.0,10.0,19.0,12.0,57.0,chacara
455645,2022,-23.6189621473325,-46.7453342561814,5,kilometer,440.0,"3372,98",24.0,16.0,30.0,25.0,95.0,chacara
455646,2022,-23.6239334236575,-46.744294518211,5,kilometer,384.0,"7246,3",20.0,18.0,16.0,17.0,71.0,chacara
455647,2022,-23.6220652419116,-46.7439980237266,5,kilometer,60.0,"3169,6",0.0,3.0,3.0,4.0,10.0,chacara
455648,2022,-23.6205072240927,-46.743619811287104,5,kilometer,454.0,"14012,06",33.0,30.0,21.0,25.0,109.0,chacara
455649,2022,-23.6328958121603,-46.7409524142082,5,kilometer,371.0,"4714,1",24.0,24.0,14.0,16.0,78.0,chacara
455650,2022,-23.6334175427183,-46.7407870727633,5,kilometer,565.0,"4352,31",35.0,33.0,31.0,20.0,119.0,chacara
455651,2022,-23.6305616143323,-46.7385928586378,5,kilometer,328.0,"11846,07",20.0,11.0,8.0,5.0,44.0,chacara
455652,2022,-23.6312084866701,-46.7388274786499,5,kilometer,324.0,"11439,05",23.0,11.0,8.0,6.0,48.0,chacara
455653,2022,-23.6362312932745,-46.7382043411174,5,kilometer,311.0,"7206,51",14.0,22.0,16.0,13.0,65.0,chacara
455654,2022,-23.6369820067158,-46.7386161769839,5,kilometer,252.0,"9149,93",15.0,11.0,6.0,7.0,39.0,chacara
455655,2022,-23.6274061403643,-46.7438838625972,5,kilometer,212.0,"13174,24",5.0,,4.0,,9.0,chacara
455656,2022,-23.6265908195894,-46.7419672841568,5,kilometer,784.0,"13254,26",64.0,48.0,36.0,33.0,181.0,chacara
455657,2022,-23.6267488879719,-46.7403060919754,5,kilometer,138.0,"12706,72",3.0,,10.0,4.0,17.0,chacara
455658,2022,-23.6324529933953,-46.7306573931318,5,kilometer,289.0,"23967,79",15.0,17.0,36.0,22.0,90.0,chacara
455659,2022,-23.6324813639169,-46.7296394769936,5,kilometer,263.0,"12139,15",10.0,3.0,5.0,7.0,25.0,chacara
455660,2022,-23.6323505719461,-46.7292325736665,5,kilometer,269.0,"12548,96",8.0,7.0,6.0,5.0,26.0,chacara
455661,2022,-23.6247202316908,-46.7450660450996,5,kilometer,578.0,"4432,37",44.0,22.0,21.0,28.0,115.0,chacara
455662,2022,-23.6254205053061,-46.7444033668271,5,kilometer,345.0,"8381,83",26.0,19.0,16.0,16.0,77.0,chacara
455663,2022,-23.640094383562,-46.7393377894683,5,kilometer,1691.0,"3883,02",111.0,95.0,97.0,74.0,377.0,chacara
455664,2022,-23.63793151143,-46.7416639539373,5,kilometer,235.0,"1425,14",18.0,31.0,10.0,18.0,77.0,chacara
455665,2022,-23.636787342112,-46.741647229958,5,kilometer,417.0,"1868,86",46.0,37.0,45.0,42.0,170.0,chacara
455666,2022,-23.6388446971012,-46.7435879424655,5,kilometer,265.0,"1652,99",31.0,35.0,18.0,17.0,101.0,chacara
455667,2022,-23.6375816144624,-46.7429455152533,5,kilometer,905.0,"2940,59",49.0,60.0,59.0,57.0,225.0,chacara
455668,2022,-23.61683332,-46.720311144194,5,kilometer,,,,,,,0.0,chacara
455669,2022,-23.6164372956792,-46.7201927943263,5,kilometer,87.0,"1848,7",4.0,4.0,,9.0,17.0,chacara
455670,2022,-23.6275869956379,-46.7260943189715,5,kilometer,15.0,2250,0.0,0.0,3.0,,3.0,chacara
455672,2022,-23.6189471613168,-46.7247602333636,5,kilometer,537.0,"1805,85",36.0,60.0,53.0,55.0,204.0,chacara
458068,2022,-23.6016654355354,-46.7411898859481,5,kilometer,132.0,"18358,61",3.0,3.0,6.0,7.0,19.0,chacara
458071,2022,-23.6005868347227,-46.7364222193036,5,kilometer,526.0,"3932,29",29.0,31.0,34.0,33.0,127.0,chacara
458072,2022,-23.6014114144163,-46.7383425610985,5,kilometer,259.0,"4181,39",10.0,5.0,9.0,14.0,38.0,chacara
458073,2022,-23.603589387189,-46.7380932237513,5,kilometer,334.0,"3765,06",15.0,15.0,18.0,13.0,61.0,chacara
458074,2022,-23.6050862337605,-46.7380007898874,5,kilometer,406.0,"7263,81",16.0,25.0,20.0,23.0,84.0,chacara
458075,2022,-23.6060675832678,-46.7383458803043,5,kilometer,383.0,"7336,2",13.0,10.0,18.0,14.0,55.0,chacara
458076,2022,-23.6068603015713,-46.7400173699581,5,kilometer,256.0,"7427,31",3.0,12.0,13.0,9.0,37.0,chacara
458077,2022,-23.6038229452214,-46.7406420376894,5,kilometer,396.0,"4735,05",19.0,15.0,18.0,20.0,72.0,chacara
458078,2022,-23.6027409255337,-46.7419385135497,5,kilometer,257.0,"6349,32",8.0,11.0,8.0,11.0,38.0,chacara
458079,2022,-23.6038049156721,-46.7420661097601,5,kilometer,345.0,"4576,77",7.0,13.0,21.0,20.0,61.0,chacara
458086,2022,-23.5981239998457,-46.734608322628496,5,kilometer,383.0,"3737,56",19.0,23.0,20.0,15.0,77.0,chacara
458087,2022,-23.5990552902917,-46.7361821708608,5,kilometer,265.0,"2440,65",11.0,12.0,19.0,19.0,61.0,chacara
458088,2022,-23.6030764398915,-46.7344211784906,5,kilometer,393.0,"3852,89",23.0,30.0,28.0,23.0,104.0,chacara
458089,2022,-23.6086334904287,-46.7367685147019,5,kilometer,455.0,"8936,39",11.0,20.0,29.0,18.0,78.0,chacara
458090,2022,-23.607427133502,-46.7428364169464,5,kilometer,342.0,"7886,64",7.0,18.0,10.0,23.0,58.0,chacara
458091,2022,-23.6046260491822,-46.7430470561823,5,kilometer,420.0,"8190,93",15.0,17.0,27.0,18.0,77.0,chacara
458099,2022,-23.5978032936426,-46.7327311256648,5,kilometer,511.0,"2676,65",17.0,29.0,36.0,22.0,104.0,chacara
458100,2022,-23.5987073106375,-46.7326319256538,5,kilometer,169.0,"3010,46",4.0,7.0,8.0,7.0,26.0,chacara
458101,2022,-23.6001755750033,-46.732453417888,5,kilometer,260.0,"3674,56",8.0,10.0,7.0,13.0,38.0,chacara
458102,2022,-23.6016728796059,-46.7313825904078,5,kilometer,398.0,"3854,35",16.0,26.0,19.0,15.0,76.0,chacara
458103,2022,-23.6014880894499,-46.7293575618692,5,kilometer,445.0,8734,26.0,17.0,24.0,23.0,90.0,chacara
458104,2022,-23.6030674675994,-46.72774937989431,5,kilometer,300.0,"7642,09",13.0,17.0,14.0,8.0,52.0,chacara
458105,2022,-23.6060155441093,-46.7290892308097,5,kilometer,737.0,"1658,37",42.0,53.0,56.0,55.0,206.0,chacara
458106,2022,-23.6071035422308,-46.7269964256434,5,kilometer,701.0,"1928,49",49.0,45.0,43.0,57.0,194.0,chacara
458107,2022,-23.6099018765911,-46.7285502693923,5,kilometer,1188.0,"1638,48",69.0,92.0,95.0,91.0,347.0,chacara
458108,2022,-23.6090390632888,-46.7295169606344,5,kilometer,1062.0,"1577,78",85.0,87.0,96.0,87.0,355.0,chacara
458109,2022,-23.6110632307841,-46.7323152863836,5,kilometer,353.0,"15922,27",15.0,11.0,14.0,19.0,59.0,chacara
458110,2022,-23.6151529833802,-46.7391267136828,5,kilometer,446.0,"9737,97",18.0,19.0,20.0,30.0,87.0,chacara
458111,2022,-23.613274293822,-46.7359123836339,5,kilometer,454.0,"12848,35",26.0,21.0,27.0,22.0,96.0,chacara
458112,2022,-23.6154554053499,-46.737412121532,5,kilometer,499.0,"12752,78",25.0,28.0,21.0,28.0,102.0,chacara
458113,2022,-23.6157322493949,-46.735617669062,5,kilometer,320.0,"13509,79",8.0,13.0,22.0,24.0,67.0,chacara
458114,2022,-23.6115182074264,-46.7387636284249,5,kilometer,362.0,"13083,47",22.0,23.0,12.0,12.0,69.0,chacara
458115,2022,-23.6080511657382,-46.7458946691765,5,kilometer,227.0,6123,9.0,10.0,10.0,11.0,40.0,chacara
458116,2022,-23.6099888674101,-46.7471619304143,5,kilometer,353.0,"5377,55",10.0,11.0,14.0,15.0,50.0,chacara
458134,2022,-23.5942519251695,-46.7284555817701,5,kilometer,227.0,"5881,81",6.0,6.0,8.0,7.0,27.0,chacara
458135,2022,-23.5956297619339,-46.7262993317043,5,kilometer,573.0,"5179,67",16.0,27.0,30.0,29.0,102.0,chacara
458136,2022,-23.5959247446831,-46.7286810397148,5,kilometer,180.0,"4491,66",8.0,7.0,9.0,11.0,35.0,chacara
458137,2022,-23.5977094712012,-46.7271912249839,5,kilometer,250.0,"3893,64",5.0,13.0,6.0,15.0,39.0,chacara
458138,2022,-23.5975156502559,-46.7300758873401,5,kilometer,557.0,"16153,07",17.0,23.0,24.0,44.0,108.0,chacara
458139,2022,-23.5996950205457,-46.7281599507034,5,kilometer,346.0,"13268,76",13.0,10.0,15.0,32.0,70.0,chacara
458140,2022,-23.6008990308215,-46.7268765466872,5,kilometer,590.0,"5442,63",28.0,30.0,30.0,27.0,115.0,chacara
458141,2022,-23.6128954744245,-46.7313987955962,5,kilometer,462.0,"11694,59",14.0,18.0,22.0,13.0,67.0,chacara
458142,2022,-23.6143747847191,-46.74952590013,5,kilometer,245.0,"5352,48",6.0,11.0,8.0,10.0,35.0,chacara
458143,2022,-23.6114596873117,-46.7487735879018,5,kilometer,63.0,"5200,55",7.0,,5.0,7.0,19.0,chacara
458144,2022,-23.6100136179726,-46.7501049881609,5,kilometer,224.0,"7049,21",6.0,5.0,9.0,9.0,29.0,chacara
458148,2022,-23.5937127168817,-46.7231333558317,5,kilometer,425.0,"13097,16",8.0,13.0,16.0,20.0,57.0,chacara
458149,2022,-23.5988576781437,-46.7226317693562,5,kilometer,232.0,"7826,37",7.0,6.0,10.0,17.0,40.0,chacara
458150,2022,-23.5987764613143,-46.7356336748415,5,kilometer,610.0,"1729,56",38.0,37.0,35.0,36.0,146.0,chacara
458152,2022,-23.6121395246443,-46.7502893681823,5,kilometer,,,,,,,0.0,chacara
458155,2022,-23.6003666710191,-46.7399026185153,5,kilometer,159.0,"4022,95",,6.0,7.0,6.0,19.0,chacara
458158,2022,-23.6037477620379,-46.7395756888781,5,kilometer,406.0,"6135,62",12.0,15.0,16.0,15.0,58.0,chacara
458160,2022,-23.6007438371393,-46.7391802440271,5,kilometer,406.0,"4013,83",20.0,13.0,20.0,15.0,68.0,chacara
458161,2022,-23.5993362085032,-46.7375417088948,5,kilometer,389.0,"3106,05",15.0,25.0,14.0,18.0,72.0,chacara
458162,2022,-23.6021219956174,-46.7360744470783,5,kilometer,427.0,"3400,96",19.0,18.0,22.0,22.0,81.0,chacara
458163,2022,-23.6029359671273,-46.7369127638911,5,kilometer,322.0,"3789,25",11.0,13.0,13.0,20.0,57.0,chacara
458164,2022,-23.6034622069437,-46.7374300686684,5,kilometer,351.0,"5171,95",21.0,16.0,13.0,22.0,72.0,chacara
458165,2022,-23.6066183519589,-46.7388271220886,5,kilometer,341.0,"6440,68",7.0,9.0,19.0,17.0,52.0,chacara
458166,2022,-23.6025557513355,-46.7409959654371,5,kilometer,328.0,6423,8.0,13.0,14.0,21.0,56.0,chacara
458167,2022,-23.6019857383091,-46.7426280549816,5,kilometer,216.0,"7302,07",8.0,9.0,7.0,9.0,33.0,chacara
458175,2022,-23.6028155518996,-46.7338439169711,5,kilometer,511.0,2697,32.0,31.0,26.0,35.0,124.0,chacara
458176,2022,-23.6038686585768,-46.735172112734,5,kilometer,392.0,"3522,82",18.0,20.0,21.0,16.0,75.0,chacara
458177,2022,-23.6098069043975,-46.7367782592456,5,kilometer,240.0,"8846,3",9.0,8.0,12.0,9.0,38.0,chacara
458178,2022,-23.6106694290767,-46.735747568991,5,kilometer,407.0,"15446,18",11.0,17.0,14.0,27.0,69.0,chacara
458179,2022,-23.6102783640169,-46.734833958819,5,kilometer,226.0,"10436,34",9.0,10.0,20.0,16.0,55.0,chacara
458180,2022,-23.6104591744071,-46.7399358677916,5,kilometer,177.0,"9708,79",4.0,7.0,11.0,11.0,33.0,chacara
458181,2022,-23.6098116193238,-46.7422078413092,5,kilometer,191.0,"11634,26",5.0,8.0,6.0,7.0,26.0,chacara
458182,2022,-23.6059306971501,-46.7444938936795,5,kilometer,359.0,"8124,85",6.0,15.0,19.0,17.0,57.0,chacara
458200,2022,-23.5960311014865,-46.7322279498949,5,kilometer,257.0,"5053,34",6.0,9.0,11.0,9.0,35.0,chacara
458201,2022,-23.5989005215059,-46.7314172665461,5,kilometer,573.0,"8879,2",23.0,28.0,26.0,22.0,99.0,chacara
458202,2022,-23.6000989218046,-46.731157415068,5,kilometer,486.0,"9345,24",15.0,20.0,22.0,33.0,90.0,chacara
458203,2022,-23.5994358542832,-46.7303240734462,5,kilometer,245.0,"7674,05",4.0,4.0,8.0,6.0,22.0,chacara
458204,2022,-23.6004713075739,-46.7304966940513,5,kilometer,247.0,"10662,62",10.0,7.0,9.0,6.0,32.0,chacara
458205,2022,-23.6038968881081,-46.730634518331,5,kilometer,378.0,"5160,95",11.0,11.0,11.0,20.0,53.0,chacara
458206,2022,-23.6081269643384,-46.7267661412025,5,kilometer,420.0,"13950,94",13.0,25.0,27.0,19.0,84.0,chacara
458207,2022,-23.6059493411202,-46.728600304857,5,kilometer,150.0,"2105,38",8.0,13.0,14.0,14.0,49.0,chacara
458208,2022,-23.6061160183467,-46.7268330610772,5,kilometer,910.0,"1847,68",60.0,69.0,71.0,87.0,287.0,chacara
458209,2022,-23.6070237175494,-46.7279015046213,5,kilometer,699.0,"1767,42",41.0,62.0,59.0,55.0,217.0,chacara
458210,2022,-23.6074846315443,-46.7289398372726,5,kilometer,945.0,"1539,39",61.0,72.0,82.0,88.0,303.0,chacara
458211,2022,-23.6079881004507,-46.7279644755623,5,kilometer,844.0,"1450,67",59.0,71.0,60.0,46.0,236.0,chacara
458212,2022,-23.6079341103057,-46.7277801313736,5,kilometer,313.0,"1466,79",33.0,33.0,27.0,26.0,119.0,chacara
458213,2022,-23.6094953750185,-46.7278611188817,5,kilometer,1275.0,"1874,15",94.0,101.0,120.0,98.0,413.0,chacara
458214,2022,-23.6110449974679,-46.7282779210382,5,kilometer,586.0,"1868,98",40.0,51.0,31.0,59.0,181.0,chacara
458215,2022,-23.6109894379336,-46.7346289334086,5,kilometer,334.0,"8446,16",11.0,13.0,17.0,12.0,53.0,chacara
458216,2022,-23.6112356059163,-46.7353253727764,5,kilometer,331.0,"7568,71",6.0,13.0,19.0,21.0,59.0,chacara
458217,2022,-23.6133002585128,-46.7388291777651,5,kilometer,529.0,"14606,37",22.0,29.0,33.0,23.0,107.0,chacara
458218,2022,-23.6100253681681,-46.737481713871,5,kilometer,552.0,"16528,15",27.0,50.0,51.0,44.0,172.0,chacara
458219,2022,-23.6111495575928,-46.737251148164894,5,kilometer,486.0,"14813,84",33.0,36.0,39.0,31.0,139.0,chacara
458220,2022,-23.6107317383487,-46.7374131658113,5,kilometer,209.0,"12213,7",5.0,8.0,15.0,10.0,38.0,chacara
458221,2022,-23.6120883001385,-46.7390360916,5,kilometer,198.0,"10041,31",4.0,3.0,4.0,12.0,23.0,chacara
458222,2022,-23.61422761207,-46.7427023899316,5,kilometer,510.0,"4377,02",15.0,13.0,19.0,24.0,71.0,chacara
458223,2022,-23.6153217970138,-46.7467438763734,5,kilometer,206.0,"7546,51",8.0,14.0,8.0,4.0,34.0,chacara
458224,2022,-23.6107536083053,-46.7435727926616,5,kilometer,349.0,"7067,88",7.0,4.0,17.0,17.0,45.0,chacara
458225,2022,-23.6103119120264,-46.744062120969,5,kilometer,383.0,"6237,33",11.0,15.0,13.0,20.0,59.0,chacara
458226,2022,-23.6119775868874,-46.7425558121905,5,kilometer,314.0,"8828,67",9.0,11.0,7.0,11.0,38.0,chacara
458227,2022,-23.6111385148711,-46.7473251687074,5,kilometer,248.0,"6667,99",15.0,19.0,9.0,11.0,54.0,chacara
458264,2022,-23.595175548216,-46.7298974192346,5,kilometer,157.0,"4574,51",6.0,7.0,5.0,12.0,30.0,chacara
458265,2022,-23.5949298116103,-46.7273127037512,5,kilometer,280.0,"6345,12",4.0,9.0,12.0,13.0,38.0,chacara
458267,2022,-23.5966942393578,-46.727360132346,5,kilometer,281.0,"5530,19",10.0,12.0,16.0,15.0,53.0,chacara
458268,2022,-23.5986334680643,-46.7277892286471,5,kilometer,341.0,"5386,65",10.0,18.0,8.0,13.0,49.0,chacara
458269,2022,-23.5980290793225,-46.7303650485937,5,kilometer,280.0,"18546,82",5.0,13.0,14.0,14.0,46.0,chacara
458270,2022,-23.5991201693193,-46.729156494254,5,kilometer,469.0,"16098,31",16.0,26.0,26.0,32.0,100.0,chacara
458271,2022,-23.5997910813481,-46.7255653927198,5,kilometer,312.0,"21510,6",12.0,26.0,27.0,13.0,78.0,chacara
458272,2022,-23.6015050668534,-46.7256762925141,5,kilometer,176.0,"15225,71",10.0,11.0,11.0,6.0,38.0,chacara
458273,2022,-23.5984806472996,-46.7256203070766,5,kilometer,545.0,"6794,24",14.0,30.0,22.0,34.0,100.0,chacara
458274,2022,-23.6160702326958,-46.7488270266992,5,kilometer,388.0,"5796,9",13.0,16.0,18.0,19.0,66.0,chacara
458275,2022,-23.6106522600227,-46.7493724172858,5,kilometer,483.0,"4064,31",12.0,12.0,19.0,22.0,65.0,chacara
458277,2022,-23.5907429680279,-46.725689355077,5,kilometer,362.0,"9980,47",6.0,17.0,15.0,15.0,53.0,chacara
458278,2022,-23.596453725863,-46.7216191466433,5,kilometer,364.0,"8985,89",11.0,17.0,19.0,20.0,67.0,chacara
458279,2022,-23.5979898257107,-46.7240482993313,5,kilometer,386.0,"10362,18",22.0,15.0,11.0,18.0,66.0,chacara
458280,2022,-23.5983021071755,-46.7236673336357,5,kilometer,319.0,"14573,9",18.0,18.0,15.0,16.0,67.0,chacara
458287,2022,-23.5990256231068,-46.7357983341882,5,kilometer,151.0,"3011,67",6.0,11.0,5.0,13.0,35.0,chacara
458288,2022,-23.604357730732,-46.7262998054904,5,kilometer,240.0,"12011,69",11.0,10.0,19.0,18.0,58.0,chacara
458290,2022,-23.6115044278134,-46.7292151501532,5,kilometer,689.0,"1648,13",59.0,60.0,62.0,65.0,246.0,chacara
458299,2022,-23.6060356357255,-46.7348919136184,5,kilometer,872.0,"21168,4",76.0,95.0,71.0,52.0,294.0,chacara
458300,2022,-23.6068237344866,-46.7357562220372,5,kilometer,648.0,"20294,88",64.0,73.0,48.0,28.0,213.0,chacara
458301,2022,-23.6077930935263,-46.7351188338414,5,kilometer,648.0,"21230,77",46.0,58.0,54.0,37.0,195.0,chacara
458302,2022,-23.6087962434308,-46.734521097824704,5,kilometer,634.0,"17041,56",32.0,55.0,55.0,43.0,185.0,chacara
458303,2022,-23.6103046591661,-46.7330022141367,5,kilometer,481.0,"13162,76",37.0,29.0,42.0,23.0,131.0,chacara
458304,2022,-23.6087978693693,-46.7406174209959,5,kilometer,440.0,"8693,38",22.0,15.0,17.0,23.0,77.0,chacara
458305,2022,-23.6089467855748,-46.7387544968132,5,kilometer,398.0,"15241,02",25.0,36.0,25.0,13.0,99.0,chacara
458315,2022,-23.6080716165646,-46.7272759209939,5,kilometer,373.0,"6956,83",18.0,11.0,7.0,15.0,51.0,chacara
458316,2022,-23.6061652780263,-46.7273593497291,5,kilometer,234.0,"4696,2",9.0,22.0,21.0,12.0,64.0,chacara
458317,2022,-23.613148778628,-46.7381474091082,5,kilometer,245.0,"12102,27",12.0,8.0,5.0,9.0,34.0,chacara
458318,2022,-23.6128075246015,-46.7370807678753,5,kilometer,391.0,"13838,8",9.0,22.0,20.0,27.0,78.0,chacara
458319,2022,-23.6005058039454,-46.7337410609117,5,kilometer,218.0,"2361,9",8.0,16.0,15.0,13.0,52.0,chacara
458320,2022,-23.6024066870571,-46.7322891506981,5,kilometer,429.0,"9490,32",24.0,22.0,21.0,20.0,87.0,chacara
458321,2022,-23.6094862858264,-46.7425616642273,5,kilometer,273.0,"8674,66",8.0,17.0,11.0,13.0,49.0,chacara
458322,2022,-23.6090629320938,-46.7426322243477,5,kilometer,415.0,"10228,08",20.0,26.0,28.0,23.0,97.0,chacara
458326,2022,-23.6100831691064,-46.7449323628761,5,kilometer,172.0,"6486,46",6.0,13.0,6.0,6.0,31.0,chacara
458327,2022,-23.6112828836593,-46.7430722759704,5,kilometer,420.0,"8822,45",18.0,12.0,14.0,20.0,64.0,chacara
458328,2022,-23.6116892094057,-46.7427657882398,5,kilometer,139.0,"4683,95",5.0,,4.0,6.0,15.0,chacara
458329,2022,-23.6124571428045,-46.7421779417558,5,kilometer,750.0,"13215,92",43.0,70.0,47.0,46.0,206.0,chacara
458334,2022,-23.6132932914817,-46.7496442205979,5,kilometer,365.0,"3086,38",18.0,20.0,35.0,26.0,99.0,chacara
458335,2022,-23.6140776840762,-46.7484390954332,5,kilometer,601.0,"2078,78",33.0,37.0,57.0,47.0,174.0,chacara
458336,2022,-23.614636445384,-46.7475815821875,5,kilometer,152.0,"8520,77",4.0,10.0,6.0,8.0,28.0,chacara
458337,2022,-23.61484669976,-46.7470971572357,5,kilometer,157.0,"1810,81",11.0,23.0,13.0,15.0,62.0,chacara
458340,2022,-23.6116027610976,-46.7507940588377,5,kilometer,375.0,"6904,18",33.0,21.0,18.0,8.0,80.0,chacara
458343,2022,-23.6019721989957,-46.733544415657,5,kilometer,457.0,"2377,36",23.0,26.0,29.0,21.0,99.0,chacara
458344,2022,-23.6040409020955,-46.7324388537876,5,kilometer,114.0,"1512,5",5.0,13.0,9.0,14.0,41.0,chacara
458345,2022,-23.6107440719285,-46.7288108563798,5,kilometer,758.0,"1549,81",76.0,65.0,52.0,55.0,248.0,chacara
458346,2022,-23.6121290279513,-46.7295811111306,5,kilometer,237.0,"14606,48",8.0,11.0,8.0,9.0,36.0,chacara
458347,2022,-23.6122012659123,-46.7488049250312,5,kilometer,309.0,"1592,33",11.0,26.0,22.0,36.0,95.0,chacara
458348,2022,-23.6129360037166,-46.7491491617082,5,kilometer,89.0,"1718,48",6.0,11.0,6.0,8.0,31.0,chacara
458355,2022,-23.6089524774792,-46.7283543630267,5,kilometer,736.0,"1709,52",52.0,65.0,70.0,56.0,243.0,chacara
458356,2022,-23.608893831656,-46.7289136544938,5,kilometer,464.0,"1614,66",30.0,34.0,45.0,46.0,155.0,chacara
458357,2022,-23.6102492406087,-46.7310675132008,5,kilometer,103.0,"13528,95",8.0,3.0,,4.0,15.0,chacara
458358,2022,-23.6125323166954,-46.7305770317181,5,kilometer,38.0,"10462,5",0.0,0.0,5.0,,5.0,chacara
458359,2022,-23.6125864106461,-46.7324606174892,5,kilometer,284.0,"12451,01",14.0,11.0,11.0,13.0,49.0,chacara
458361,2022,-23.5980008358566,-46.7240466496268,5,kilometer,327.0,"19923,97",13.0,20.0,28.0,16.0,77.0,chacara
458362,2022,-23.6022107983111,-46.7249669608303,5,kilometer,233.0,"23740,29",10.0,12.0,14.0,15.0,51.0,chacara
458366,2022,-23.6116199818179,-46.7469928549427,5,kilometer,372.0,"6013,73",12.0,15.0,13.0,17.0,57.0,chacara
458367,2022,-23.6139797334765,-46.7479349293472,5,kilometer,522.0,"2393,69",34.0,49.0,58.0,47.0,188.0,chacara
458368,2022,-23.6075096407333,-46.7495244896283,5,kilometer,352.0,"6210,62",11.0,16.0,12.0,16.0,55.0,chacara
458369,2022,-23.6082742011301,-46.7483815613589,5,kilometer,567.0,"11434,22",51.0,41.0,20.0,29.0,141.0,chacara
458370,2022,-23.6089019681367,-46.7485365771346,5,kilometer,473.0,"12989,82",40.0,33.0,21.0,11.0,105.0,chacara
458371,2022,-23.6081435028965,-46.733792442939,5,kilometer,326.0,18829,27.0,30.0,35.0,18.0,110.0,chacara
458377,2022,-23.6128645615669,-46.7456241146807,5,kilometer,147.0,8383,3.0,8.0,5.0,12.0,28.0,chacara
458379,2022,-23.6127869565107,-46.7401339232211,5,kilometer,456.0,"16218,35",12.0,20.0,24.0,29.0,85.0,chacara
458383,2022,-23.6139178871518,-46.7399791234751,5,kilometer,349.0,"14117,9",21.0,16.0,20.0,15.0,72.0,chacara
