id,ano,latitude_centro,longitude_centro,radius,distance_unit,populacao_total,renda_media,v01031_0_4anos,v01032_5_9anos,v01033_10_14anos,v01034_15_19anos,Total,unidade
452185,2022,"-23.633.897.097.155.000,00","-4.670.674.742.938.750,00",5,kilometer,762.0,"R$ 28.266,39",35.0,79.0,66.0,63.0,243.0,morumbi
455631,2022,"-23.631.669.241.361.600,00","-467.309.391.608.338,00",5,kilometer,625.0,"R$ 24.194,58",69.0,54.0,39.0,25.0,187.0,morumbi
455472,2022,"-23.631.593.153.402.600,00","-4.672.954.482.577.500,00",5,kilometer,491.0,"R$ 34.358,72",24.0,59.0,63.0,33.0,179.0,morumbi
452189,2022,"-23.634.147.779.629.900,00","-467.145.691.422.873,00",5,kilometer,501.0,"R$ 39.839,35",40.0,54.0,39.0,39.0,172.0,morumbi
455541,2022,"-23.620.810.309.390.000,00","-4.674.154.943.909.930,00",5,kilometer,574.0,"R$ 28.157,71",58.0,44.0,46.0,23.0,171.0,morumbi
441535,2022,"-2.361.958.974.184.910,00","-4.669.859.269.457.110,00",5,kilometer,615.0,"R$ 25.051,17",49.0,31.0,48.0,37.0,165.0,morumbi
447309,2022,"-23.602.575.682.106.300,00","-4.669.963.543.214.540,00",5,kilometer,529.0,"R$ 30.590,30",22.0,40.0,51.0,34.0,147.0,morumbi
441530,2022,"-23.620.923.674.692.800,00","-46.695.461.372.536.000,00",5,kilometer,338.0,"R$ 33.901,64",40.0,48.0,20.0,10.0,118.0,morumbi
455486,2022,"-23.632.984.060.476.500,00","-46.726.761.749.588.000,00",5,kilometer,399.0,"R$ 34.812,50",22.0,18.0,42.0,33.0,115.0,morumbi
455415,2022,"-23.635.813.212.626.100,00","-4.673.084.566.351.230,00",5,kilometer,325.0,"R$ 32.260,10",14.0,30.0,39.0,25.0,108.0,morumbi
455540,2022,"-236.212.776.072.815,00","-4.674.083.729.878.080,00",5,kilometer,303.0,"R$ 34.652,59",32.0,32.0,20.0,15.0,99.0,morumbi
455398,2022,"-23.628.646.218.502.600,00","-46.723.365.356.780.500,00",5,kilometer,433.0,"R$ 32.901,46",15.0,22.0,28.0,31.0,96.0,morumbi
455457,2022,"-2.363.294.340.054.600,00","-4.673.445.639.530.250,00",5,kilometer,321.0,"R$ 32.376,41",11.0,18.0,30.0,36.0,95.0,morumbi
455414,2022,"-23.636.298.222.505.400,00","-4.672.894.275.190.230,00",5,kilometer,322.0,"R$ 29.951,60",7.0,19.0,30.0,37.0,93.0,morumbi
455658,2022,"-2.363.245.299.339.530,00","-4.673.065.739.313.180,00",5,kilometer,289.0,"R$ 23.967,79",15.0,17.0,36.0,22.0,90.0,morumbi
452255,2022,"-23.626.078.060.135.000,00","-4.669.687.724.327.540,00",5,kilometer,302.0,"R$ 25.831,01",19.0,37.0,17.0,16.0,89.0,morumbi
455417,2022,"-23.637.377.878.173.500,00","-4.673.152.476.115.020,00",5,kilometer,299.0,"R$ 31.162,00",6.0,16.0,25.0,41.0,88.0,morumbi
455412,2022,"-23.635.659.344.881.100,00","-46.729.992.679.359.600,00",5,kilometer,289.0,"R$ 34.125,23",14.0,19.0,28.0,23.0,84.0,morumbi
455411,2022,"-23.629.487.850.636.900,00","-4.671.904.228.404.200,00",5,kilometer,357.0,"R$ 32.097,56",19.0,11.0,31.0,22.0,83.0,morumbi
455419,2022,"-23.638.331.489.443.000,00","-4.673.011.028.811.990,00",5,kilometer,277.0,"R$ 27.507,40",10.0,32.0,24.0,17.0,83.0,morumbi
455413,2022,"-23.635.695.381.049.700,00","-4.672.912.768.467.490,00",5,kilometer,285.0,"R$ 31.688,39",11.0,20.0,27.0,23.0,81.0,morumbi
447270,2022,"-23.587.981.595.834.100,00","-4.671.091.484.706.560,00",5,kilometer,352.0,"R$ 29.794,08",15.0,14.0,22.0,26.0,77.0,morumbi
447305,2022,"-23.591.568.633.610.300,00","-4.671.903.498.030.060,00",5,kilometer,237.0,"R$ 26.093,76",13.0,16.0,20.0,24.0,73.0,morumbi
441455,2022,"-23.607.172.452.899.600,00","-4.669.623.404.351.430,00",5,kilometer,325.0,"R$ 26.852,01",22.0,23.0,16.0,11.0,72.0,morumbi
431371,2022,"-2.357.439.925.078.790,00","-4.673.301.168.589.530,00",5,kilometer,289.0,"R$ 30.769,03",18.0,24.0,12.0,13.0,67.0,morumbi
441603,2022,"-23.609.889.820.795.300,00","-4.669.303.488.570.320,00",5,kilometer,278.0,"R$ 39.611,20",13.0,22.0,13.0,18.0,66.0,morumbi
447298,2022,"-2.360.252.060.728.750,00","-46.703.803.461.102.300,00",5,kilometer,357.0,"R$ 28.390,91",11.0,14.0,22.0,19.0,66.0,morumbi
447287,2022,"-23.590.715.762.335.200,00","-4.671.337.271.877.810,00",5,kilometer,352.0,"R$ 36.138,63",5.0,31.0,16.0,13.0,65.0,morumbi
447258,2022,"-23.598.530.425.026.100,00","-4.669.889.584.970.580,00",5,kilometer,266.0,"R$ 36.209,01",15.0,17.0,18.0,14.0,64.0,morumbi
455397,2022,"-2.362.854.339.417.860,00","-4.672.208.568.562.160,00",5,kilometer,259.0,"R$ 31.514,77",6.0,15.0,16.0,27.0,64.0,morumbi
455416,2022,"-2.363.644.536.354.790,00","-4.673.141.154.478.930,00",5,kilometer,279.0,"R$ 34.796,51",,9.0,25.0,29.0,63.0,morumbi
455623,2022,"-23.630.257.214.953.700,00","-4.671.965.064.319.460,00",5,kilometer,267.0,"R$ 29.036,36",12.0,11.0,26.0,13.0,62.0,morumbi
447259,2022,"-23.598.306.346.891.200,00","-4.669.786.160.976.900,00",5,kilometer,285.0,"R$ 39.025,42",14.0,19.0,17.0,10.0,60.0,morumbi
455420,2022,"-2.363.836.329.834.860,00","-46.729.196.120.124.000,00",5,kilometer,270.0,"R$ 23.830,74",9.0,13.0,25.0,12.0,59.0,morumbi
441585,2022,"-23.611.009.309.343.000,00","-4.669.384.751.402.370,00",5,kilometer,184.0,"R$ 36.884,35",14.0,17.0,17.0,10.0,58.0,morumbi
447260,2022,"-23.599.334.230.165.700,00","-4.669.787.882.467.030,00",5,kilometer,202.0,"R$ 33.625,12",5.0,8.0,23.0,19.0,55.0,morumbi
455622,2022,"-23.630.111.512.952.400,00","-46.721.290.263.942.400,00",5,kilometer,299.0,"R$ 38.322,45",20.0,6.0,14.0,14.0,54.0,morumbi
441426,2022,"-23.602.981.663.967.800,00","-4.669.422.732.290.080,00",5,kilometer,225.0,"R$ 24.095,04",23.0,12.0,13.0,5.0,53.0,morumbi
447222,2022,"-23.594.126.648.814.100,00","-4.671.055.201.982.850,00",5,kilometer,268.0,"R$ 24.957,45",10.0,14.0,17.0,10.0,51.0,morumbi
458252,2022,"-23.586.872.431.365.300,00","-4.674.011.217.508.630,00",5,kilometer,279.0,"R$ 36.298,90",9.0,9.0,9.0,23.0,50.0,morumbi
455396,2022,"-23.629.311.438.628.400,00","-46.722.066.248.693.900,00",5,kilometer,236.0,"R$ 27.635,47",8.0,12.0,14.0,16.0,50.0,morumbi
447314,2022,"-23.601.620.434.144.500,00","-4.670.680.751.111.770,00",5,kilometer,266.0,"R$ 26.389,88",5.0,12.0,8.0,22.0,47.0,morumbi
455418,2022,"-23.637.965.871.379.700,00","-4.673.093.091.578.450,00",5,kilometer,152.0,"R$ 29.725,76",,10.0,11.0,23.0,44.0,morumbi
447246,2022,"-23.605.924.835.340.100,00","-4.670.726.721.879.530,00",5,kilometer,269.0,"R$ 26.464,02",3.0,9.0,14.0,17.0,43.0,morumbi
455429,2022,"-2.362.482.316.797.750,00","-46.731.766.296.737.200,00",5,kilometer,201.0,"R$ 73.198,95",6.0,8.0,12.0,12.0,38.0,morumbi
452257,2022,"-23.629.659.244.047.400,00","-4.669.533.804.278.080,00",5,kilometer,286.0,"R$ 33.056,51",8.0,12.0,9.0,9.0,38.0,morumbi
447279,2022,"-23.594.025.436.689.100,00","-4.670.416.565.139.310,00",5,kilometer,200.0,"R$ 26.238,12",8.0,6.0,4.0,11.0,29.0,morumbi
441557,2022,"-2.362.515.379.155.940,00","-4.668.860.847.281.740,00",5,kilometer,319.0,"R$ 33.907,62",5.0,10.0,7.0,6.0,28.0,morumbi
447247,2022,"-2.360.659.357.400.770,00","-4.670.665.948.081.990,00",5,kilometer,193.0,"R$ 27.781,05",3.0,3.0,4.0,17.0,27.0,morumbi
447277,2022,"-23.583.810.271.586.800,00","-46.704.236.132.618.700,00",5,kilometer,205.0,"R$ 26.124,55",3.0,4.0,9.0,11.0,27.0,morumbi
455319,2022,"-2.362.017.968.028.030,00","-46.737.082.471.965.200,00",5,kilometer,178.0,"R$ 25.049,27",7.0,6.0,5.0,9.0,27.0,morumbi
447281,2022,"-23.595.263.793.023.500,00","-46.696.203.926.430.100,00",5,kilometer,153.0,"R$ 24.302,81",4.0,4.0,11.0,7.0,26.0,morumbi
447282,2022,"-23.592.101.131.339.800,00","-4.670.156.251.203.800,00",5,kilometer,204.0,"R$ 24.384,49",,8.0,6.0,11.0,25.0,morumbi
447284,2022,"-2.358.866.858.826.910,00","-4.669.789.567.003.230,00",5,kilometer,162.0,"R$ 31.177,78",,0.0,8.0,15.0,23.0,morumbi
447285,2022,"-2.359.100.123.612.900,00","-4.669.499.320.581.120,00",5,kilometer,190.0,"R$ 25.539,47",4.0,3.0,8.0,7.0,22.0,morumbi
455487,2022,"-23.634.229.465.008.200,00","-46.725.068.617.866.600,00",5,kilometer,293.0,"R$ 24.477,72",6.0,8.0,,3.0,17.0,morumbi
447271,2022,"-2.359.186.916.486.790,00","-4.671.011.229.144,00",5,kilometer,213.0,"R$ 23.781,71",,,9.0,,,morumbi
441456,2022,"-23.607.266.868.567.300,00","-46.695.926.416.179.400,00",5,kilometer,309.0,"R$ 23.757,05",26.0,10.0,10.0,8.0,,morumbi
458362,2022,"-23.602.210.798.311.100,00","-4.672.496.696.083.030,00",5,kilometer,233.0,"R$ 23.740,29",10.0,12.0,14.0,15.0,,morumbi
455401,2022,"-23.625.799.637.998.400,00","-46.720.642.908.339.900,00",5,kilometer,293.0,"R$ 23.700,98",26.0,30.0,23.0,17.0,,morumbi
441484,2022,"-23.612.312.669.578.700,00","-4.669.157.403.085.290,00",5,kilometer,427.0,"R$ 23.652,20",32.0,46.0,33.0,21.0,,morumbi
441534,2022,"-23.620.191.322.105.500,00","-46.697.363.530.025.600,00",5,kilometer,126.0,"R$ 23.545,92",,,,,,morumbi
447301,2022,"-235.910.377.891.918,00","-4.670.461.074.075.400,00",5,kilometer,164.0,"R$ 23.500,09",,6.0,6.0,23.0,,morumbi
452150,2022,"-23.634.216.648.988.200,00","-4.670.862.355.720.760,00",5,kilometer,792.0,"R$ 23.468,64",37.0,53.0,50.0,49.0,,morumbi
455498,2022,"-2.362.747.791.058.430,00","-467.384.725.689.133,00",5,kilometer,237.0,"R$ 23.394,42",18.0,16.0,14.0,17.0,,morumbi
455488,2022,"-23.628.606.082.256.100,00","-46.720.395.255.252.200,00",5,kilometer,702.0,"R$ 23.338,27",37.0,34.0,41.0,30.0,,morumbi
455621,2022,"-2.363.241.172.991.040,00","-4.672.347.687.890.760,00",5,kilometer,209.0,"R$ 23.306,02",10.0,9.0,25.0,24.0,,morumbi
447283,2022,"-2.359.612.698.133.560,00","-46.701.992.728.059.300,00",5,kilometer,174.0,"R$ 23.186,05",4.0,,7.0,10.0,,morumbi
455410,2022,"-2.362.786.174.756.440,00","-4.671.865.219.473.620,00",5,kilometer,319.0,"R$ 23.164,63",13.0,15.0,11.0,21.0,,morumbi
447172,2022,"-23.590.190.443.038.900,00","-46.707.385.452.496.200,00",5,kilometer,250.0,"R$ 22.974,36",4.0,3.0,6.0,10.0,,morumbi
441452,2022,"-23.610.717.546.033.400,00","-46.690.368.565.293.800,00",5,kilometer,173.0,"R$ 22.767,22",13.0,11.0,4.0,9.0,,morumbi
455409,2022,"-2.362.918.313.161.250,00","-4.671.980.599.004.780,00",5,kilometer,197.0,"R$ 22.717,19",12.0,12.0,14.0,16.0,,morumbi
447308,2022,"-23.605.952.921.850.900,00","-4.670.060.168.876.250,00",5,kilometer,635.0,"R$ 22.632,68",14.0,40.0,52.0,41.0,,morumbi
447256,2022,"-23.605.057.793.703.700,00","-46.701.290.133.734.200,00",5,kilometer,218.0,"R$ 22.498,46",13.0,11.0,7.0,3.0,,morumbi
452324,2022,"-23.632.024.898.881.800,00","-4.669.516.315.469.620,00",5,kilometer,505.0,"R$ 22.390,84",53.0,26.0,16.0,17.0,,morumbi
447201,2022,"-23.612.485.922.310.200,00","-4.670.873.117.181.210,00",5,kilometer,225.0,"R$ 22.290,00",6.0,14.0,9.0,13.0,,morumbi
447174,2022,"-2.358.460.251.377.710,00","-4.671.190.550.259.980,00",5,kilometer,183.0,"R$ 22.270,51",5.0,6.0,,4.0,,morumbi
452204,2022,"-23.626.076.027.904.400,00","-46.706.706.327.276.800,00",5,kilometer,630.0,"R$ 22.089,24",50.0,64.0,44.0,27.0,,morumbi
452345,2022,"-23.634.160.853.144.300,00","-4.670.925.978.656.000,00",5,kilometer,325.0,"R$ 21.926,67",28.0,29.0,18.0,10.0,,morumbi
441611,2022,"-23.604.150.048.832.300,00","-46.694.982.793.900.300,00",5,kilometer,212.0,"R$ 21.910,98",16.0,5.0,4.0,4.0,,morumbi
441617,2022,"-23.611.099.286.361.600,00","-4.668.973.269.995.050,00",5,kilometer,159.0,"R$ 21.589,36",7.0,13.0,7.0,5.0,,morumbi
447278,2022,"-23.585.780.169.532.900,00","-4.670.063.745.856.580,00",5,kilometer,152.0,"R$ 21.536,71",5.0,3.0,5.0,6.0,,morumbi
452205,2022,"-23.635.503.808.688.600,00","-46.715.744.926.650.000,00",5,kilometer,562.0,"R$ 21.530,96",40.0,58.0,35.0,26.0,,morumbi
447177,2022,"-2.359.301.769.495.650,00","-4.669.874.504.210.950,00",5,kilometer,198.0,"R$ 21.515,09",7.0,9.0,11.0,11.0,,morumbi
458271,2022,"-235.997.910.813.481,00","-46.725.565.392.719.800,00",5,kilometer,312.0,"R$ 21.510,60",12.0,26.0,27.0,13.0,,morumbi
447221,2022,"-23.612.247.540.439.300,00","-467.116.412.339.478,00",5,kilometer,219.0,"R$ 21.499,24",4.0,15.0,18.0,6.0,,morumbi
458312,2022,"-23.588.929.598.668.200,00","-4.674.100.028.902.410,00",5,kilometer,766.0,"R$ 21.492,27",36.0,65.0,74.0,62.0,,morumbi
447272,2022,"-2.358.496.395.705.090,00","-4.670.808.253.300.540,00",5,kilometer,191.0,"R$ 21.397,63",6.0,13.0,10.0,6.0,,morumbi
441529,2022,"-23.620.198.749.017.900,00","-46.694.993.029.663.100,00",5,kilometer,238.0,"R$ 21.322,79",23.0,10.0,10.0,8.0,,morumbi
455491,2022,"-23.618.404.405.359.700,00","-4.674.266.695.179.300,00",5,kilometer,272.0,"R$ 21.264,65",11.0,8.0,22.0,18.0,,morumbi
452190,2022,"-2.363.455.534.692.110,00","-4.671.502.731.794.380,00",5,kilometer,710.0,"R$ 21.262,66",44.0,64.0,78.0,40.0,,morumbi
458301,2022,"-23.607.793.093.526.300,00","-467.351.188.338.414,00",5,kilometer,648.0,"R$ 21.230,77",46.0,58.0,54.0,37.0,,morumbi
455399,2022,"-2.362.663.843.296.630,00","-4.672.375.657.992.340,00",5,kilometer,173.0,"R$ 21.205,91",5.0,15.0,10.0,7.0,,morumbi
458299,2022,"-2.360.603.563.572.550,00","-46.734.891.913.618.400,00",5,kilometer,872.0,"R$ 21.168,40",76.0,95.0,71.0,52.0,,morumbi
455302,2022,"-23.624.007.464.651.600,00","-4.671.305.914.895.510,00",5,kilometer,104.0,"R$ 21.149,77",0.0,,0.0,0.0,,morumbi
441424,2022,"-23.602.690.061.456.900,00","-46.695.263.963.541.000,00",5,kilometer,203.0,"R$ 21.004,05",29.0,10.0,8.0,4.0,,morumbi
455473,2022,"-23.630.785.333.052.500,00","-4.673.180.425.236.520,00",5,kilometer,284.0,"R$ 20.914,69",7.0,16.0,18.0,13.0,,morumbi
450146,2022,"-23.587.714.626.264.800,00","-4.676.009.633.897.430,00",5,kilometer,572.0,"R$ 20.817,24",32.0,24.0,27.0,37.0,,morumbi
455489,2022,"-23.627.518.424.044.700,00","-4.671.980.098.588.710,00",5,kilometer,324.0,"R$ 20.722,13",33.0,23.0,15.0,13.0,,morumbi
441528,2022,"-23.621.773.280.174.500,00","-4.669.656.196.122.990,00",5,kilometer,404.0,"R$ 20.685,65",40.0,29.0,16.0,19.0,,morumbi
452256,2022,"-23.626.569.193.176.900,00","-46.697.169.289.097.200,00",5,kilometer,642.0,"R$ 20.657,49",68.0,59.0,56.0,37.0,,morumbi
455358,2022,"-2.361.747.393.060.880,00","-46.738.743.179.325.600,00",5,kilometer,364.0,"R$ 20.613,79",15.0,17.0,21.0,24.0,,morumbi
447227,2022,"-2.360.443.006.212.270,00","-4.672.365.954.447.870,00",5,kilometer,353.0,"R$ 20.538,73",10.0,17.0,17.0,20.0,,morumbi
447252,2022,"-2.361.148.982.672.300,00","-4.670.752.405.282.340,00",5,kilometer,315.0,"R$ 20.505,31",9.0,12.0,9.0,14.0,,morumbi
452333,2022,"-2.364.397.902.781.050,00","-4.672.152.744.850.920,00",5,kilometer,422.0,"R$ 20.486,60",42.0,20.0,17.0,11.0,,morumbi
455301,2022,"-23.622.758.269.892.300,00","-4.671.996.945.313.500,00",5,kilometer,540.0,"R$ 20.341,66",16.0,28.0,21.0,27.0,,morumbi
458300,2022,"-2.360.682.373.448.660,00","-46.735.756.222.037.200,00",5,kilometer,648.0,"R$ 20.294,88",64.0,73.0,48.0,28.0,,morumbi
455462,2022,"-23.622.871.126.864.700,00","-4.673.952.122.883.770,00",5,kilometer,538.0,"R$ 20.218,61",46.0,50.0,41.0,22.0,,morumbi
455469,2022,"-23.630.580.969.538.800,00","-4.673.269.415.427.490,00",5,kilometer,396.0,"R$ 20.121,52",22.0,29.0,18.0,22.0,,morumbi
447244,2022,"-23.610.593.567.997.500,00","-4.671.000.726.278.350,00",5,kilometer,265.0,"R$ 20.049,03",3.0,8.0,7.0,14.0,,morumbi
458361,2022,"-23.598.000.835.856.600,00","-4.672.404.664.962.680,00",5,kilometer,327.0,"R$ 19.923,97",13.0,20.0,28.0,16.0,,morumbi
455395,2022,"-23.616.507.907.385.400,00","-46.714.026.635.159.000,00",5,kilometer,167.0,"R$ 19.914,29",,,5.0,7.0,,morumbi
455355,2022,"-23.618.339.586.864.000,00","-4.673.877.906.304.070,00",5,kilometer,342.0,"R$ 19.897,74",17.0,10.0,27.0,29.0,,morumbi
441610,2022,"-23.603.886.498.781.500,00","-46.694.878.189.422.600,00",5,kilometer,245.0,"R$ 19.894,86",9.0,11.0,12.0,6.0,,morumbi
447225,2022,"-23.607.792.357.348.900,00","-4.671.601.862.847.040,00",5,kilometer,198.0,"R$ 19.877,17",4.0,8.0,4.0,7.0,,morumbi
447216,2022,"-23.606.177.545.488.200,00","-4.670.505.928.988.610,00",5,kilometer,396.0,"R$ 19.817,40",10.0,12.0,28.0,18.0,,morumbi
447209,2022,"-2.361.077.788.853.270,00","-4.670.460.696.279.030,00",5,kilometer,523.0,"R$ 19.810,64",9.0,12.0,20.0,20.0,,morumbi
441425,2022,"-23.602.838.356.039.100,00","-46.694.747.142.360.700,00",5,kilometer,292.0,"R$ 19.705,81",33.0,32.0,22.0,9.0,,morumbi
455421,2022,"-23.637.333.391.718.400,00","-467.292.565.926.827,00",5,kilometer,272.0,"R$ 19.696,98",13.0,19.0,17.0,12.0,,morumbi
455453,2022,"-23.626.687.716.126.700,00","-4.673.429.205.989.850,00",5,kilometer,450.0,"R$ 19.676,80",18.0,18.0,36.0,13.0,,morumbi
441453,2022,"-2.360.999.894.954.810,00","-4.669.696.128.674.220,00",5,kilometer,278.0,"R$ 19.671,96",15.0,18.0,6.0,12.0,,morumbi
452298,2022,"-23.652.566.670.693.700,00","-4.671.882.231.060.340,00",5,kilometer,671.0,"R$ 19.598,58",79.0,52.0,45.0,28.0,,morumbi
455356,2022,"-2.361.893.469.161.510,00","-46.737.919.642.391.800,00",5,kilometer,192.0,"R$ 19.595,09",7.0,8.0,8.0,14.0,,morumbi
447306,2022,"-23.592.018.453.990.100,00","-4.672.006.714.603.630,00",5,kilometer,389.0,"R$ 19.584,90",14.0,21.0,21.0,22.0,,morumbi
447173,2022,"-2.359.642.534.509.630,00","-46.711.508.998.997.500,00",5,kilometer,287.0,"R$ 19.470,30",6.0,15.0,15.0,12.0,,morumbi
447194,2022,"-23.606.367.191.189.300,00","-4.670.430.506.631.610,00",5,kilometer,162.0,"R$ 19.420,41",0.0,6.0,8.0,12.0,,morumbi
455359,2022,"-2.361.858.602.550.240,00","-46.739.603.214.336.400,00",5,kilometer,291.0,"R$ 19.371,63",9.0,16.0,19.0,15.0,,morumbi
455458,2022,"-23.631.429.270.109.300,00","-4.673.409.283.641.420,00",5,kilometer,344.0,"R$ 19.341,99",18.0,16.0,41.0,27.0,,morumbi
455368,2022,"-23.620.553.837.634.300,00","-46.736.741.283.038.100,00",5,kilometer,167.0,"R$ 19.340,85",5.0,3.0,7.0,11.0,,morumbi
455638,2022,"-23.619.367.442.582.900,00","-4.673.721.629.019.460,00",5,kilometer,357.0,"R$ 19.315,01",28.0,16.0,14.0,10.0,,morumbi
447185,2022,"-2.359.086.820.983.690,00","-4.671.751.346.573.180,00",5,kilometer,299.0,"R$ 19.209,52",16.0,16.0,15.0,23.0,,morumbi
455388,2022,"-23.634.864.061.969.400,00","-4.673.266.779.387.020,00",5,kilometer,373.0,"R$ 19.179,59",11.0,12.0,10.0,16.0,,morumbi
447200,2022,"-2.361.081.639.853.830,00","-46.706.702.204.635.300,00",5,kilometer,566.0,"R$ 19.172,98",9.0,21.0,27.0,27.0,,morumbi
455496,2022,"-23.628.303.364.442.700,00","-4.674.239.930.478.980,00",5,kilometer,472.0,"R$ 19.142,86",30.0,48.0,61.0,33.0,,morumbi
455630,2022,"-23.632.685.073.778.400,00","-4.673.177.490.500.540,00",5,kilometer,247.0,"R$ 19.061,80",5.0,12.0,17.0,17.0,,morumbi
452198,2022,"-2.364.016.735.595.290,00","-46.714.511.020.394.000,00",5,kilometer,541.0,"R$ 19.016,10",42.0,50.0,46.0,35.0,,morumbi
447191,2022,"-2.358.076.973.555.220,00","-46.707.198.208.530.800,00",5,kilometer,175.0,"R$ 18.995,06",,6.0,8.0,10.0,,morumbi
455526,2022,"-2.363.818.838.828.540,00","-4.672.995.863.252.480,00",5,kilometer,152.0,"R$ 18.989,89",,12.0,7.0,7.0,,morumbi
455639,2022,"-23.634.905.380.935.800,00","-4.672.629.019.976.660,00",5,kilometer,632.0,"R$ 18.954,01",45.0,49.0,39.0,31.0,,morumbi
445685,2022,"-2.365.332.408.806.020,00","-4.674.860.541.158.660,00",5,kilometer,340.0,"R$ 18.916,28",31.0,26.0,17.0,12.0,,morumbi
447211,2022,"-236.126.691.799.992,00","-4.670.572.616.488.970,00",5,kilometer,322.0,"R$ 18.899,22",10.0,19.0,16.0,17.0,,morumbi
455455,2022,"-23.631.547.688.421.300,00","-4.673.337.738.563.250,00",5,kilometer,579.0,"R$ 18.843,26",16.0,20.0,37.0,39.0,,morumbi
458371,2022,"-23.608.143.502.896.500,00","-46.733.792.442.939.000,00",5,kilometer,326.0,"R$ 18.829,00",27.0,30.0,35.0,18.0,,morumbi
455424,2022,"-23.625.934.676.643.700,00","-4.673.019.177.956.640,00",5,kilometer,391.0,"R$ 18.726,04",18.0,21.0,19.0,25.0,,morumbi
441588,2022,"-23.610.535.218.673.500,00","-4.669.198.952.553.510,00",5,kilometer,317.0,"R$ 18.617,33",23.0,25.0,13.0,20.0,,morumbi
447171,2022,"-23.592.553.924.298.800,00","-4.671.312.577.085.090,00",5,kilometer,264.0,"R$ 18.605,23",5.0,18.0,12.0,16.0,,morumbi
455320,2022,"-2.361.800.968.528.730,00","-46.734.019.077.857.000,00",5,kilometer,292.0,"R$ 18.595,80",8.0,16.0,28.0,17.0,,morumbi
458269,2022,"-23.598.029.079.322.500,00","-4.673.036.504.859.370,00",5,kilometer,280.0,"R$ 18.546,82",5.0,13.0,14.0,14.0,,morumbi
455390,2022,"-23.636.016.513.810.500,00","-4.673.561.148.173.800,00",5,kilometer,292.0,"R$ 18.542,17",12.0,21.0,20.0,22.0,,morumbi
455456,2022,"-2.363.302.637.254.000,00","-46.732.876.298.961.700,00",5,kilometer,640.0,"R$ 18.533,34",19.0,29.0,58.0,56.0,,morumbi
455449,2022,"-23.626.025.081.418.300,00","-46.732.749.756.819.700,00",5,kilometer,466.0,"R$ 18.525,36",24.0,24.0,23.0,28.0,,morumbi
447265,2022,"-23.586.880.982.277.900,00","-46.718.819.475.735.500,00",5,kilometer,442.0,"R$ 18.515,83",31.0,32.0,25.0,22.0,,morumbi
441586,2022,"-23.611.660.043.336.300,00","-4.669.280.978.909.240,00",5,kilometer,325.0,"R$ 18.470,52",27.0,12.0,8.0,6.0,,morumbi
441634,2022,"-23.623.925.576.579.400,00","-46.690.901.433.931,00",5,kilometer,166.0,"R$ 18.443,72",28.0,7.0,,4.0,,morumbi
455403,2022,"-23.627.165.893.463.800,00","-4.672.210.272.051.780,00",5,kilometer,340.0,"R$ 18.374,37",7.0,11.0,15.0,12.0,,morumbi
455408,2022,"-2.363.086.226.578.200,00","-4.672.549.144.510.460,00",5,kilometer,190.0,"R$ 18.370,36",6.0,11.0,20.0,11.0,,morumbi
458068,2022,"-2.360.166.543.553.540,00","-4.674.118.988.594.810,00",5,kilometer,132.0,"R$ 18.358,61",3.0,3.0,6.0,7.0,,morumbi
447289,2022,"-23.602.885.830.604.300,00","-46.715.969.005.394.300,00",5,kilometer,331.0,"R$ 18.319,26",10.0,20.0,18.0,15.0,,morumbi
447180,2022,"-23.607.326.088.469.400,00","-46.710.208.348.188.100,00",5,kilometer,366.0,"R$ 18.308,17",13.0,9.0,24.0,28.0,,morumbi
447178,2022,"-2.360.517.713.013.160,00","-4.670.429.313.742.650,00",5,kilometer,549.0,"R$ 18.292,34",15.0,29.0,28.0,21.0,,morumbi
455353,2022,"-23.617.450.677.403,00","-46.737.305.644.247.000,00",5,kilometer,167.0,"R$ 18.224,59",,10.0,8.0,3.0,,morumbi
432788,2022,"-2.364.027.478.114.810,00","-46.769.783.025.029.700,00",5,kilometer,265.0,"R$ 18.203,63",25.0,12.0,21.0,12.0,,morumbi
447295,2022,"-23.586.004.042.089.200,00","-467.146.851.714.044,00",5,kilometer,26.0,"R$ 18.133,50",,,0.0,0.0,,morumbi
447263,2022,"-2.359.087.075.600.160,00","-4.671.570.968.656.340,00",5,kilometer,62.0,"R$ 18.064,58",3.0,,,3.0,,morumbi
455464,2022,"-2.362.378.569.402.640,00","-4.673.931.405.291.350,00",5,kilometer,152.0,"R$ 18.058,93",5.0,6.0,5.0,13.0,,morumbi
455428,2022,"-23.625.248.398.525.200,00","-46.729.209.262.689.000,00",5,kilometer,294.0,"R$ 17.948,67",17.0,21.0,18.0,11.0,,morumbi
455404,2022,"-23.619.918.317.669.300,00","-4.671.857.915.934.000,00",5,kilometer,238.0,"R$ 17.841,71",12.0,19.0,13.0,15.0,,morumbi
441447,2022,"-2.361.167.438.887.770,00","-4.668.845.576.437.220,00",5,kilometer,267.0,"R$ 17.793,91",8.0,9.0,10.0,10.0,,morumbi
455616,2022,"-23.634.714.037.729.700,00","-4.673.015.161.935.280,00",5,kilometer,435.0,"R$ 17.738,96",28.0,18.0,14.0,17.0,,morumbi
441454,2022,"-2.361.053.747.958.190,00","-4.669.539.901.757.260,00",5,kilometer,196.0,"R$ 17.675,25",6.0,4.0,,4.0,,morumbi
441533,2022,"-23.620.280.360.465.500,00","-46.697.050.917.529.100,00",5,kilometer,134.0,"R$ 17.564,58",,4.0,,0.0,,morumbi
452297,2022,"-23.651.720.617.128,00","-4.671.932.792.476.340,00",5,kilometer,518.0,"R$ 17.517,23",64.0,39.0,18.0,17.0,,morumbi
441633,2022,"-2.362.193.699.457.460,00","-46.688.499.841.756.700,00",5,kilometer,257.0,"R$ 17.398,83",15.0,17.0,13.0,9.0,,morumbi
441303,2022,"-23.607.842.326.505.000,00","-4.669.287.545.691.870,00",5,kilometer,299.0,"R$ 17.357,03",10.0,13.0,12.0,9.0,,morumbi
455628,2022,"-23.620.366.531.091.500,00","-4.673.862.720.388.370,00",5,kilometer,199.0,"R$ 17.325,57",6.0,10.0,12.0,6.0,,morumbi
447199,2022,"-2.360.795.274.871.760,00","-4.670.744.599.908.220,00",5,kilometer,372.0,"R$ 17.318,59",13.0,18.0,14.0,19.0,,morumbi
447290,2022,"-23.601.542.243.633.500,00","-4.671.653.159.763.720,00",5,kilometer,261.0,"R$ 17.295,93",7.0,5.0,0.0,7.0,,morumbi
455313,2022,"-2.362.148.347.538.730,00","-4.673.706.769.144.630,00",5,kilometer,123.0,"R$ 17.281,09",4.0,7.0,4.0,5.0,,morumbi
455406,2022,"-23.622.626.931.214.900,00","-4.671.936.616.470.490,00",5,kilometer,486.0,"R$ 17.272,58",21.0,19.0,36.0,25.0,,morumbi
447241,2022,"-23.592.650.991.076.500,00","-4.671.622.697.975.810,00",5,kilometer,570.0,"R$ 17.210,36",17.0,22.0,29.0,33.0,,morumbi
447243,2022,"-236.088.957.004.101,00","-4.670.783.672.335.980,00",5,kilometer,482.0,"R$ 17.157,55",4.0,55.0,17.0,8.0,,morumbi
455492,2022,"-2.361.626.285.198.970,00","-467.423.103.340.994,00",5,kilometer,434.0,"R$ 17.110,69",32.0,27.0,17.0,16.0,,morumbi
455524,2022,"-23.623.333.708.545.300,00","-4.672.140.212.489.080,00",5,kilometer,697.0,"R$ 17.095,41",45.0,71.0,60.0,42.0,,morumbi
441587,2022,"-23.611.277.566.541.800,00","-46.692.450.642.143.700,00",5,kilometer,175.0,"R$ 17.061,22",4.0,6.0,,0.0,,morumbi
452211,2022,"-23.638.242.608.237.000,00","-4.670.164.923.597.690,00",5,kilometer,294.0,"R$ 17.051,99",11.0,13.0,12.0,20.0,,morumbi
455523,2022,"-23.623.711.960.101.700,00","-46.720.177.728.530.300,00",5,kilometer,705.0,"R$ 17.047,40",41.0,59.0,57.0,54.0,,morumbi
458302,2022,"-2.360.879.624.343.080,00","-46.734.521.097.824.700,00",5,kilometer,634.0,"R$ 17.041,56",32.0,55.0,55.0,43.0,,morumbi
447248,2022,"-23.606.336.245.875.900,00","-4.670.329.037.947.600,00",5,kilometer,417.0,"R$ 16.978,37",16.0,17.0,34.0,33.0,,morumbi
455531,2022,"-23.631.592.844.511.900,00","-46.739.727.631.687.400,00",5,kilometer,440.0,"R$ 16.950,69",36.0,29.0,19.0,14.0,,morumbi
455460,2022,"-23.628.185.140.444.700,00","-46.743.393.671.836.700,00",5,kilometer,612.0,"R$ 16.945,65",44.0,65.0,59.0,25.0,,morumbi
452140,2022,"-23.637.052.588.995.700,00","-4.670.408.947.841.660,00",5,kilometer,518.0,"R$ 16.863,88",11.0,16.0,20.0,30.0,,morumbi
452279,2022,"-23.638.206.445.822.100,00","-4.671.897.839.720.760,00",5,kilometer,644.0,"R$ 16.838,46",64.0,82.0,31.0,15.0,,morumbi
441513,2022,"-2.361.376.955.755.330,00","-4.669.102.580.319.990,00",5,kilometer,233.0,"R$ 16.778,18",10.0,6.0,5.0,,,morumbi
455463,2022,"-2.362.488.219.048.260,00","-4.674.050.886.879.260,00",5,kilometer,630.0,"R$ 16.775,44",49.0,43.0,40.0,29.0,,morumbi
432744,2022,"-23.613.582.833.144.200,00","-4.675.326.684.766.770,00",5,kilometer,250.0,"R$ 16.685,38",5.0,9.0,11.0,23.0,,morumbi
441512,2022,"-23.613.949.117.747.900,00","-4.669.080.114.447.200,00",5,kilometer,221.0,"R$ 16.667,41",7.0,,0.0,,,morumbi
455369,2022,"-23.619.339.167.775.500,00","-4.673.555.320.447.430,00",5,kilometer,410.0,"R$ 16.646,16",11.0,13.0,21.0,14.0,,morumbi
452249,2022,"-23.635.412.309.539.700,00","-467.073.691.266.818,00",5,kilometer,291.0,"R$ 16.641,35",9.0,11.0,19.0,12.0,,morumbi
455422,2022,"-23.633.919.800.692.800,00","-46.729.991.289.302.600,00",5,kilometer,178.0,"R$ 16.595,84",12.0,11.0,9.0,5.0,,morumbi
458218,2022,"-2.361.002.536.816.810,00","-4.673.748.171.387.100,00",5,kilometer,552.0,"R$ 16.528,15",27.0,50.0,51.0,44.0,,morumbi
447240,2022,"-23.592.562.926.850.800,00","-4.671.849.179.303.360,00",5,kilometer,193.0,"R$ 16.508,44",8.0,8.0,10.0,6.0,,morumbi
455374,2022,"-23.622.211.850.335.000,00","-4.673.485.209.396.280,00",5,kilometer,226.0,"R$ 16.505,83",3.0,8.0,13.0,13.0,,morumbi
447203,2022,"-2.360.180.879.055.260,00","-4.672.103.799.973.800,00",5,kilometer,351.0,"R$ 16.475,01",9.0,20.0,17.0,16.0,,morumbi
455485,2022,"-23.635.556.960.984.700,00","-4.673.370.198.058.170,00",5,kilometer,235.0,"R$ 16.471,20",18.0,11.0,11.0,12.0,,morumbi
455525,2022,"-23.635.704.955.533.200,00","-46.732.214.340.304.500,00",5,kilometer,340.0,"R$ 16.422,67",11.0,11.0,21.0,17.0,,morumbi
455495,2022,"-23.627.699.599.688.600,00","-46.740.255.940.134.400,00",5,kilometer,690.0,"R$ 16.382,16",28.0,58.0,62.0,62.0,,morumbi
455363,2022,"-23.615.460.222.950.700,00","-4.673.281.550.574.570,00",5,kilometer,190.0,"R$ 16.312,51",10.0,8.0,9.0,5.0,,morumbi
447214,2022,"-23.598.863.341.203.200,00","-46.699.521.879.837.300,00",5,kilometer,199.0,"R$ 16.293,84",5.0,14.0,20.0,14.0,,morumbi
447223,2022,"-235.959.870.207.729,00","-46.709.780.612.770.100,00",5,kilometer,128.0,"R$ 16.232,22",4.0,3.0,4.0,10.0,,morumbi
458379,2022,"-2.361.278.695.651.070,00","-4.674.013.392.322.110,00",5,kilometer,456.0,"R$ 16.218,35",12.0,20.0,24.0,29.0,,morumbi
441543,2022,"-23.623.451.214.843.400,00","-4.669.509.229.647.370,00",5,kilometer,253.0,"R$ 16.195,12",,,,3.0,,morumbi
455370,2022,"-23.619.061.990.641.400,00","-46.734.554.932.922.100,00",5,kilometer,281.0,"R$ 16.184,76",13.0,7.0,24.0,20.0,,morumbi
458138,2022,"-2.359.751.565.025.590,00","-46.730.075.887.340.100,00",5,kilometer,557.0,"R$ 16.153,07",17.0,23.0,24.0,44.0,,morumbi
458270,2022,"-23.599.120.169.319.300,00","-46.729.156.494.254.000,00",5,kilometer,469.0,"R$ 16.098,31",16.0,26.0,26.0,32.0,,morumbi
452342,2022,"-2.362.684.588.823.180,00","-4.669.338.757.639.080,00",5,kilometer,279.0,"R$ 16.048,62",28.0,19.0,9.0,8.0,,morumbi
447242,2022,"-23.611.623.352.303.800,00","-46.714.635.859.808.500,00",5,kilometer,133.0,"R$ 15.994,88",3.0,4.0,5.0,9.0,,morumbi
452212,2022,"-23.638.567.364.729.500,00","-46.699.117.775.699.100,00",5,kilometer,370.0,"R$ 15.941,42",19.0,8.0,13.0,21.0,,morumbi
458109,2022,"-23.611.063.230.784.100,00","-4.673.231.528.638.360,00",5,kilometer,353.0,"R$ 15.922,27",15.0,11.0,14.0,19.0,,morumbi
452280,2022,"-2.363.681.177.012.410,00","-4.671.431.097.072.860,00",5,kilometer,279.0,"R$ 15.919,40",13.0,17.0,,12.0,,morumbi
455466,2022,"-2.362.567.616.335.080,00","-4.673.971.071.135.870,00",5,kilometer,625.0,"R$ 15.901,01",63.0,64.0,36.0,28.0,,morumbi
447224,2022,"-23.606.612.777.537.600,00","-4.671.486.282.449.470,00",5,kilometer,233.0,"R$ 15.865,62",4.0,5.0,14.0,17.0,,morumbi
441421,2022,"-23.608.227.021.537.000,00","-4.668.998.951.372.860,00",5,kilometer,286.0,"R$ 15.858,17",6.0,12.0,17.0,17.0,,morumbi
455636,2022,"-23.629.083.899.799.800,00","-46.732.565.752.424.500,00",5,kilometer,463.0,"R$ 15.834,52",14.0,20.0,25.0,27.0,,morumbi
455539,2022,"-2.361.956.291.015.760,00","-4.674.138.319.019.840,00",5,kilometer,334.0,"R$ 15.830,76",7.0,6.0,14.0,14.0,,morumbi
455508,2022,"-23.621.554.847.999.000,00","-467.429.294.086.371,00",5,kilometer,684.0,"R$ 15.819,69",56.0,47.0,53.0,38.0,,morumbi
447280,2022,"-23.596.803.841.257.100,00","-4.670.631.301.166.300,00",5,kilometer,186.0,"R$ 15.804,72",4.0,12.0,9.0,11.0,,morumbi
447250,2022,"-2.361.299.596.671.330,00","-4.670.796.563.842.670,00",5,kilometer,203.0,"R$ 15.670,00",3.0,12.0,5.0,5.0,,morumbi
452307,2022,"-23.641.944.619.891.000,00","-4.672.045.119.718.750,00",5,kilometer,705.0,"R$ 15.649,11",64.0,53.0,32.0,25.0,,morumbi
452369,2022,"-2.362.549.047.702.380,00","-4.669.603.974.892.720,00",5,kilometer,433.0,"R$ 15.625,72",26.0,27.0,19.0,22.0,,morumbi
447181,2022,"-23.604.977.319.720.600,00","-4.671.556.668.551.380,00",5,kilometer,490.0,"R$ 15.586,94",22.0,20.0,21.0,27.0,,morumbi
455537,2022,"-2.362.854.801.270.130,00","-4.673.825.643.490.700,00",5,kilometer,381.0,"R$ 15.562,02",21.0,37.0,25.0,18.0,,morumbi
458178,2022,"-2.361.066.942.907.670,00","-4.673.574.756.899.100,00",5,kilometer,407.0,"R$ 15.446,18",11.0,17.0,14.0,27.0,,morumbi
455328,2022,"-2.361.811.742.769.460,00","-4.670.797.094.873.180,00",5,kilometer,197.0,"R$ 15.405,99",3.0,3.0,8.0,10.0,,morumbi
455315,2022,"-2.362.081.998.053.290,00","-4.670.482.415.928.160,00",5,kilometer,221.0,"R$ 15.357,77",11.0,6.0,12.0,9.0,,morumbi
447226,2022,"-2.359.996.781.149.760,00","-4.671.447.340.958.520,00",5,kilometer,264.0,"R$ 15.356,10",6.0,8.0,8.0,20.0,,morumbi
452317,2022,"-23.626.621.482.651.500,00","-4.669.323.873.370.980,00",5,kilometer,267.0,"R$ 15.353,26",7.0,3.0,3.0,8.0,,morumbi
452278,2022,"-23.639.793.724.066.400,00","-4.671.858.482.712.360,00",5,kilometer,437.0,"R$ 15.330,54",47.0,30.0,17.0,8.0,,morumbi
455483,2022,"-2.362.419.757.406.900,00","-4.673.153.014.053.170,00",5,kilometer,323.0,"R$ 15.309,01",15.0,16.0,16.0,7.0,,morumbi
458191,2022,"-23.587.231.169.490.200,00","-4.675.254.245.243.930,00",5,kilometer,664.0,"R$ 15.308,05",35.0,47.0,46.0,53.0,,morumbi
455389,2022,"-23.634.039.905.714.600,00","-4.673.133.811.038.520,00",5,kilometer,277.0,"R$ 15.275,23",17.0,9.0,11.0,16.0,,morumbi
455474,2022,"-23.628.200.374.536.000,00","-46.730.068.734.799.900,00",5,kilometer,393.0,"R$ 15.250,41",11.0,12.0,12.0,19.0,,morumbi
458305,2022,"-2.360.894.678.557.480,00","-4.673.875.449.681.320,00",5,kilometer,398.0,"R$ 15.241,02",25.0,36.0,25.0,13.0,,morumbi
458272,2022,"-2.360.150.506.685.340,00","-4.672.567.629.251.410,00",5,kilometer,176.0,"R$ 15.225,71",10.0,11.0,11.0,6.0,,morumbi
447213,2022,"-2.361.580.147.170.430,00","-4.670.917.875.723.690,00",5,kilometer,350.0,"R$ 15.203,65",23.0,16.0,15.0,19.0,,morumbi
458313,2022,"-23.588.655.923.060.200,00","-46.740.289.485.440.100,00",5,kilometer,438.0,"R$ 15.184,18",27.0,39.0,29.0,32.0,,morumbi
452181,2022,"-2.363.940.423.760.180,00","-4.671.495.684.328.860,00",5,kilometer,536.0,"R$ 15.141,71",38.0,70.0,49.0,21.0,,morumbi
452187,2022,"-2.362.928.119.258.720,00","-4.669.336.370.170.400,00",5,kilometer,678.0,"R$ 15.133,14",35.0,42.0,35.0,39.0,,morumbi
455502,2022,"-23.631.334.364.271.200,00","-4.674.154.480.732.460,00",5,kilometer,89.0,"R$ 15.125,00",10.0,5.0,7.0,3.0,,morumbi
452254,2022,"-2.362.683.099.643.640,00","-4.669.792.415.409.180,00",5,kilometer,232.0,"R$ 15.102,44",10.0,7.0,6.0,3.0,,morumbi
455504,2022,"-23.640.301.126.542.200,00","-4.673.475.567.042.170,00",5,kilometer,613.0,"R$ 15.081,76",60.0,42.0,38.0,31.0,,morumbi
455309,2022,"-2.362.578.937.056.460,00","-4.673.512.902.132.550,00",5,kilometer,244.0,"R$ 15.035,71",8.0,7.0,12.0,14.0,,morumbi
458192,2022,"-2.358.841.646.284.870,00","-46.752.565.787.451.600,00",5,kilometer,655.0,"R$ 14.978,97",43.0,59.0,76.0,35.0,,morumbi
455308,2022,"-236.303.543.887.621,00","-4.673.542.407.381.130,00",5,kilometer,311.0,"R$ 14.955,12",7.0,16.0,12.0,10.0,,morumbi
452201,2022,"-2.362.728.205.825.550,00","-4.669.653.294.770.310,00",5,kilometer,420.0,"R$ 14.946,78",19.0,23.0,18.0,31.0,,morumbi
447220,2022,"-23.609.886.019.699.400,00","-4.670.538.776.329.720,00",5,kilometer,528.0,"R$ 14.943,89",15.0,17.0,21.0,11.0,,morumbi
455351,2022,"-23.620.346.060.255.000,00","-46.740.262.020.210.800,00",5,kilometer,67.0,"R$ 14.928,57",,0.0,3.0,0.0,,morumbi
455350,2022,"-23.621.621.983.535.600,00","-4.673.982.885.478.270,00",5,kilometer,394.0,"R$ 14.917,92",12.0,19.0,29.0,26.0,,morumbi
455325,2022,"-23.616.343.784.892.800,00","-46.741.761.813.538.500,00",5,kilometer,443.0,"R$ 14.877,28",18.0,25.0,24.0,41.0,,morumbi
458219,2022,"-236.111.495.575.928,00","-46.737.251.148.164.900,00",5,kilometer,486.0,"R$ 14.813,84",33.0,36.0,39.0,31.0,,morumbi
455387,2022,"-23.633.232.924.315.600,00","-46.729.894.603.515.800,00",5,kilometer,391.0,"R$ 14.789,63",14.0,11.0,13.0,16.0,,morumbi
452206,2022,"-23.627.907.105.397.500,00","-46.708.767.549.548,00",5,kilometer,680.0,"R$ 14.707,05",52.0,56.0,50.0,33.0,,morumbi
452295,2022,"-23.651.278.050.952.800,00","-4.671.861.242.148.280,00",5,kilometer,554.0,"R$ 14.652,39",38.0,54.0,36.0,31.0,,morumbi
455297,2022,"-2.362.546.714.473.230,00","-4.673.083.231.109.570,00",5,kilometer,409.0,"R$ 14.617,34",10.0,24.0,30.0,21.0,,morumbi
458346,2022,"-23.612.129.027.951.300,00","-4.672.958.111.113.060,00",5,kilometer,237.0,"R$ 14.606,48",8.0,11.0,8.0,9.0,,morumbi
458217,2022,"-23.613.300.258.512.800,00","-4.673.882.917.776.510,00",5,kilometer,529.0,"R$ 14.606,37",22.0,29.0,33.0,23.0,,morumbi
455312,2022,"-2.362.311.636.612.120,00","-4.673.576.365.908.560,00",5,kilometer,259.0,"R$ 14.600,74",9.0,5.0,7.0,15.0,,morumbi
458280,2022,"-23.598.302.107.175.500,00","-4.672.366.733.363.570,00",5,kilometer,319.0,"R$ 14.573,90",18.0,18.0,15.0,16.0,,morumbi
455377,2022,"-236.226.796.704.871,00","-467.369.580.699.624,00",5,kilometer,140.0,"R$ 14.558,22",6.0,10.0,5.0,,,morumbi
455361,2022,"-23.618.687.332.398.500,00","-46.736.939.505.037.700,00",5,kilometer,185.0,"R$ 14.546,38",9.0,10.0,9.0,7.0,,morumbi
452370,2022,"-23.626.391.405.578.300,00","-46.695.425.535.013.000,00",5,kilometer,269.0,"R$ 14.546,08",16.0,18.0,17.0,6.0,,morumbi
441527,2022,"-23.617.526.170.801.400,00","-46.694.792.261.716.200,00",5,kilometer,398.0,"R$ 14.544,77",21.0,10.0,15.0,5.0,,morumbi
447299,2022,"-23.596.851.191.077.600,00","-467.161.765.477.152,00",5,kilometer,276.0,"R$ 14.533,53",4.0,8.0,7.0,9.0,,morumbi
455400,2022,"-2.362.548.284.355.030,00","-467.229.737.250.827,00",5,kilometer,273.0,"R$ 14.484,41",10.0,6.0,11.0,10.0,,morumbi
455503,2022,"-2.363.971.950.923.540,00","-46.735.424.650.057.400,00",5,kilometer,626.0,"R$ 14.482,30",39.0,56.0,43.0,40.0,,morumbi
458374,2022,"-23.591.968.035.928.700,00","-4.673.826.185.569.840,00",5,kilometer,490.0,"R$ 14.480,37",27.0,28.0,29.0,30.0,,morumbi
452337,2022,"-23.634.274.147.748.400,00","-4.670.063.841.897.320,00",5,kilometer,343.0,"R$ 14.445,25",17.0,21.0,22.0,27.0,,morumbi
455516,2022,"-23.622.782.912.640.900,00","-4.674.348.450.749.560,00",5,kilometer,294.0,"R$ 14.444,56",30.0,28.0,19.0,17.0,,morumbi
452296,2022,"-23.652.126.181.150.600,00","-4.671.808.911.720.920,00",5,kilometer,628.0,"R$ 14.438,28",74.0,44.0,43.0,20.0,,morumbi
447179,2022,"-23.606.430.863.851.000,00","-46.706.655.029.003.200,00",5,kilometer,258.0,"R$ 14.413,84",12.0,11.0,19.0,22.0,,morumbi
455454,2022,"-23.628.384.364.823.100,00","-4.673.427.360.723.420,00",5,kilometer,560.0,"R$ 14.389,26",6.0,19.0,10.0,17.0,,morumbi
447212,2022,"-2.361.410.165.225.320,00","-46.706.613.340.780.400,00",5,kilometer,480.0,"R$ 14.296,04",14.0,15.0,22.0,19.0,,morumbi
455643,2022,"-2.362.413.764.523.690,00","-4.673.067.057.464.260,00",5,kilometer,428.0,"R$ 14.187,69",21.0,7.0,9.0,11.0,,morumbi
455619,2022,"-2.362.501.627.485.900,00","-4.672.085.039.094.480,00",5,kilometer,166.0,"R$ 14.171,89",12.0,8.0,7.0,8.0,,morumbi
458383,2022,"-2.361.391.788.715.180,00","-4.673.997.912.347.510,00",5,kilometer,349.0,"R$ 14.117,90",21.0,16.0,20.0,15.0,,morumbi
441532,2022,"-2.362.021.221.893.100,00","-46.695.439.379.178.300,00",5,kilometer,233.0,"R$ 14.072,10",16.0,16.0,,4.0,,morumbi
441422,2022,"-2.360.275.684.960.710,00","-46.695.543.312.909.100,00",5,kilometer,231.0,"R$ 14.043,73",6.0,8.0,6.0,5.0,,morumbi
455515,2022,"-23.623.111.591.915.800,00","-467.433.159.859.002,00",5,kilometer,737.0,"R$ 14.016,77",75.0,57.0,43.0,30.0,,morumbi
455648,2022,"-2.362.050.722.409.270,00","-46.743.619.811.287.100,00",5,kilometer,454.0,"R$ 14.012,06",33.0,30.0,21.0,25.0,,morumbi
455362,2022,"-23.617.398.411.796.000,00","-4.673.530.504.025.780,00",5,kilometer,420.0,"R$ 13.976,97",19.0,13.0,20.0,13.0,,morumbi
458206,2022,"-236.081.269.643.384,00","-4.672.676.614.120.250,00",5,kilometer,420.0,"R$ 13.950,94",13.0,25.0,27.0,19.0,,morumbi
447307,2022,"-2.360.665.911.915.650,00","-4.670.097.630.903.980,00",5,kilometer,414.0,"R$ 13.890,78",,5.0,,,,morumbi
455634,2022,"-2.362.687.942.554.380,00","-467.391.853.339.739,00",5,kilometer,584.0,"R$ 13.874,43",35.0,54.0,21.0,6.0,,morumbi
452287,2022,"-23.626.019.352.596.100,00","-4.670.120.159.415.630,00",5,kilometer,337.0,"R$ 13.858,78",15.0,3.0,3.0,7.0,,morumbi
458318,2022,"-23.612.807.524.601.500,00","-4.673.708.076.787.530,00",5,kilometer,391.0,"R$ 13.838,80",9.0,22.0,20.0,27.0,,morumbi
452303,2022,"-23.648.932.452.828.400,00","-46.721.224.247.141.900,00",5,kilometer,507.0,"R$ 13.811,73",36.0,30.0,18.0,12.0,,morumbi
455447,2022,"-23.628.473.985.874.300,00","-467.410.619.940.957,00",5,kilometer,383.0,"R$ 13.747,47",21.0,28.0,36.0,20.0,,morumbi
452151,2022,"-23.632.498.375.725.800,00","-4.670.050.915.289.790,00",5,kilometer,502.0,"R$ 13.631,64",20.0,27.0,20.0,21.0,,morumbi
455392,2022,"-23.633.934.905.424.600,00","-4.673.442.631.760.340,00",5,kilometer,266.0,"R$ 13.627,67",6.0,11.0,10.0,19.0,,morumbi
452335,2022,"-23.640.568.178.901.800,00","-4.670.073.268.417.880,00",5,kilometer,253.0,"R$ 13.581,52",9.0,6.0,9.0,10.0,,morumbi
452366,2022,"-23.645.147.773.443.600,00","-4.670.273.360.081.270,00",5,kilometer,316.0,"R$ 13.548,73",13.0,15.0,13.0,8.0,,morumbi
455333,2022,"-23.616.674.600.000.900,00","-46.741.117.521.212.600,00",5,kilometer,192.0,"R$ 13.541,14",7.0,6.0,13.0,14.0,,morumbi
455423,2022,"-23.627.664.977.983.000,00","-46.728.563.948.868.300,00",5,kilometer,313.0,"R$ 13.537,21",7.0,8.0,14.0,18.0,,morumbi
458357,2022,"-2.361.024.924.060.870,00","-4.673.106.751.320.080,00",5,kilometer,103.0,"R$ 13.528,95",8.0,3.0,,4.0,,morumbi
455468,2022,"-2.362.772.329.410.920,00","-4.672.928.092.420.860,00",5,kilometer,478.0,"R$ 13.528,92",13.0,10.0,10.0,8.0,,morumbi
455644,2022,"-23.626.700.490.557.600,00","-46.729.058.048.937.900,00",5,kilometer,256.0,"R$ 13.527,08",16.0,10.0,19.0,12.0,,morumbi
458113,2022,"-23.615.732.249.394.900,00","-4.673.561.766.906.200,00",5,kilometer,320.0,"R$ 13.509,79",8.0,13.0,22.0,24.0,,morumbi
455627,2022,"-23.619.284.735.672.100,00","-46.738.599.130.114.300,00",5,kilometer,425.0,"R$ 13.450,24",31.0,25.0,10.0,10.0,,morumbi
447253,2022,"-2.360.959.912.105.920,00","-46.708.615.034.627.300,00",5,kilometer,513.0,"R$ 13.448,67",14.0,29.0,26.0,28.0,,morumbi
455391,2022,"-23.635.114.979.906.800,00","-46.734.487.451.402.400,00",5,kilometer,431.0,"R$ 13.383,92",26.0,30.0,22.0,21.0,,morumbi
455484,2022,"-23.636.906.990.928.400,00","-4.673.540.156.328.780,00",5,kilometer,410.0,"R$ 13.360,06",8.0,16.0,13.0,18.0,,morumbi
455326,2022,"-2.361.542.277.479.340,00","-4.674.108.722.342.340,00",5,kilometer,207.0,"R$ 13.350,02",11.0,4.0,6.0,8.0,,morumbi
450805,2022,"-23.576.338.199.403.800,00","-4.674.569.715.803.160,00",5,kilometer,245.0,"R$ 13.328,44",5.0,13.0,8.0,13.0,,morumbi
447291,2022,"-23.601.663.997.274.900,00","-46.717.742.706.394.200,00",5,kilometer,329.0,"R$ 13.274,49",6.0,3.0,,14.0,,morumbi
458139,2022,"-2.359.969.502.054.570,00","-4.672.815.995.070.340,00",5,kilometer,346.0,"R$ 13.268,76",13.0,10.0,15.0,32.0,,morumbi
455656,2022,"-2.362.659.081.958.940,00","-4.674.196.728.415.680,00",5,kilometer,784.0,"R$ 13.254,26",64.0,48.0,36.0,33.0,,morumbi
450277,2022,"-2.358.563.974.313.020,00","-4.676.535.655.962.540,00",5,kilometer,452.0,"R$ 13.238,80",19.0,46.0,44.0,24.0,,morumbi
452341,2022,"-23.631.779.247.477.700,00","-46.706.392.228.997.300,00",5,kilometer,359.0,"R$ 13.220,27",19.0,14.0,14.0,10.0,,morumbi
458329,2022,"-2.361.245.714.280.450,00","-4.674.217.794.175.580,00",5,kilometer,750.0,"R$ 13.215,92",43.0,70.0,47.0,46.0,,morumbi
452334,2022,"-23.640.519.022.388.700,00","-4.669.954.674.936.310,00",5,kilometer,362.0,"R$ 13.204,28",19.0,13.0,14.0,19.0,,morumbi
452178,2022,"-23.631.886.122.250.100,00","-46.705.369.489.199.800,00",5,kilometer,439.0,"R$ 13.183,25",16.0,16.0,18.0,15.0,,morumbi
455655,2022,"-23.627.406.140.364.300,00","-4.674.388.386.259.720,00",5,kilometer,212.0,"R$ 13.174,24",5.0,,4.0,,,morumbi
458303,2022,"-23.610.304.659.166.100,00","-4.673.300.221.413.670,00",5,kilometer,481.0,"R$ 13.162,76",37.0,29.0,42.0,23.0,,morumbi
447182,2022,"-23.594.554.559.484.400,00","-4.671.868.423.812.560,00",5,kilometer,251.0,"R$ 13.156,93",4.0,13.0,6.0,20.0,,morumbi
447262,2022,"-23.587.061.969.772.000,00","-46.717.429.630.850.500,00",5,kilometer,374.0,"R$ 13.146,67",18.0,22.0,12.0,15.0,,morumbi
458148,2022,"-2.359.371.271.688.170,00","-46.723.133.355.831.700,00",5,kilometer,425.0,"R$ 13.097,16",8.0,13.0,16.0,20.0,,morumbi
430915,2022,"-2.358.339.535.573.360,00","-4.672.279.918.129.380,00",5,kilometer,278.0,"R$ 13.091,35",8.0,10.0,8.0,12.0,,morumbi
441354,2022,"-23.605.810.743.224.700,00","-4.669.013.643.785.760,00",5,kilometer,472.0,"R$ 13.090,07",21.0,22.0,25.0,11.0,,morumbi
458114,2022,"-2.361.151.820.742.640,00","-46.738.763.628.424.900,00",5,kilometer,362.0,"R$ 13.083,47",22.0,23.0,12.0,12.0,,morumbi
455538,2022,"-23.621.348.882.689.200,00","-4.671.899.274.870.660,00",5,kilometer,127.0,"R$ 13.075,10",3.0,8.0,,10.0,,morumbi
455296,2022,"-23.628.973.028.673.100,00","-4.673.032.387.956.370,00",5,kilometer,507.0,"R$ 13.064,32",31.0,31.0,27.0,15.0,,morumbi
455364,2022,"-23.616.286.525.882.800,00","-4.673.208.277.544.080,00",5,kilometer,253.0,"R$ 13.039,60",8.0,9.0,8.0,13.0,,morumbi
447304,2022,"-23.607.716.989.800.200,00","-4.670.343.729.870.550,00",5,kilometer,422.0,"R$ 13.009,04",17.0,15.0,26.0,26.0,,morumbi
458370,2022,"-23.608.901.968.136.700,00","-4.674.853.657.713.460,00",5,kilometer,473.0,"R$ 12.989,82",40.0,33.0,21.0,11.0,,morumbi
455375,2022,"-23.623.643.721.959.000,00","-46.735.230.054.544.100,00",5,kilometer,176.0,"R$ 12.988,53",4.0,,,3.0,,morumbi
455335,2022,"-2.361.776.729.026.160,00","-4.674.209.649.440.810,00",5,kilometer,281.0,"R$ 12.985,60",7.0,13.0,20.0,19.0,,morumbi
455407,2022,"-23.624.940.542.928.600,00","-4.672.596.451.004.250,00",5,kilometer,299.0,"R$ 12.982,39",16.0,18.0,12.0,12.0,,morumbi
455490,2022,"-2.362.786.872.717.190,00","-4.671.867.370.889.220,00",5,kilometer,296.0,"R$ 12.973,61",8.0,6.0,,7.0,,morumbi
447205,2022,"-23.586.902.919.143.100,00","-4.672.255.143.759.320,00",5,kilometer,436.0,"R$ 12.963,36",9.0,11.0,9.0,17.0,,morumbi
455311,2022,"-23.620.957.496.743.700,00","-4.673.458.448.542.860,00",5,kilometer,148.0,"R$ 12.963,17",7.0,5.0,6.0,5.0,,morumbi
447288,2022,"-2.358.882.628.986.850,00","-4.671.556.150.645.620,00",5,kilometer,244.0,"R$ 12.954,66",8.0,5.0,4.0,3.0,,morumbi
455494,2022,"-23.619.019.652.063.700,00","-46.740.159.958.251.400,00",5,kilometer,316.0,"R$ 12.908,57",11.0,7.0,9.0,9.0,,morumbi
455376,2022,"-2.362.237.284.152.720,00","-46.738.168.846.551.500,00",5,kilometer,266.0,"R$ 12.895,85",9.0,9.0,18.0,17.0,,morumbi
447254,2022,"-2.360.918.731.902.060,00","-4.670.591.475.613.260,00",5,kilometer,166.0,"R$ 12.894,24",10.0,3.0,10.0,5.0,,morumbi
458111,2022,"-23.613.274.293.822.000,00","-4.673.591.238.363.390,00",5,kilometer,454.0,"R$ 12.848,35",26.0,21.0,27.0,22.0,,morumbi
452299,2022,"-23.652.068.267.625.700,00","-4.672.009.024.573.140,00",5,kilometer,552.0,"R$ 12.812,76",41.0,22.0,14.0,16.0,,morumbi
455637,2022,"-23.627.306.080.389.900,00","-467.330.798.658.282,00",5,kilometer,125.0,"R$ 12.794,67",,0.0,,,,morumbi
455536,2022,"-2.362.833.710.383.710,00","-4.674.003.336.426.030,00",5,kilometer,566.0,"R$ 12.779,97",35.0,29.0,25.0,24.0,,morumbi
458112,2022,"-23.615.455.405.349.900,00","-4.673.741.212.153.200,00",5,kilometer,499.0,"R$ 12.752,78",25.0,28.0,21.0,28.0,,morumbi
455357,2022,"-2.361.720.190.530.260,00","-4.673.987.128.061.510,00",5,kilometer,160.0,"R$ 12.724,79",6.0,4.0,8.0,6.0,,morumbi
452147,2022,"-236.442.826.220.346,00","-4.671.030.752.837.520,00",5,kilometer,439.0,"R$ 12.711,33",19.0,16.0,23.0,25.0,,morumbi
455657,2022,"-2.362.674.888.797.190,00","-4.674.030.609.197.540,00",5,kilometer,138.0,"R$ 12.706,72",3.0,,10.0,4.0,,morumbi
455532,2022,"-23.630.698.135.926.200,00","-4.673.986.981.111.360,00",5,kilometer,385.0,"R$ 12.673,15",29.0,22.0,21.0,11.0,,morumbi
452348,2022,"-2.363.373.477.565.200,00","-46.695.454.230.051.000,00",5,kilometer,403.0,"R$ 12.633,45",15.0,9.0,9.0,7.0,,morumbi
455461,2022,"-2.362.673.578.512.880,00","-4.674.313.891.777.010,00",5,kilometer,531.0,"R$ 12.562,25",37.0,25.0,19.0,12.0,,morumbi
458259,2022,"-2.359.126.805.790.620,00","-467.291.701.689.172,00",5,kilometer,396.0,"R$ 12.556,66",20.0,15.0,26.0,25.0,,morumbi
455660,2022,"-2.363.235.057.194.610,00","-4.672.923.257.366.650,00",5,kilometer,269.0,"R$ 12.548,96",8.0,7.0,6.0,5.0,,morumbi
452203,2022,"-2.364.015.092.258.800,00","-46.712.120.527.322.700,00",5,kilometer,183.0,"R$ 12.541,54",6.0,16.0,10.0,6.0,,morumbi
455513,2022,"-23.624.011.344.622.700,00","-4.674.318.883.175.960,00",5,kilometer,404.0,"R$ 12.538,19",22.0,23.0,18.0,8.0,,morumbi
441451,2022,"-2.361.017.647.788.660,00","-4.669.083.350.763.050,00",5,kilometer,248.0,"R$ 12.524,42",18.0,12.0,9.0,7.0,,morumbi
458156,2022,"-23.598.849.371.517.100,00","-46.740.565.315.200.500,00",5,kilometer,526.0,"R$ 12.466,02",28.0,40.0,43.0,32.0,,morumbi
458359,2022,"-236.125.864.106.461,00","-4.673.246.061.748.920,00",5,kilometer,284.0,"R$ 12.451,01",14.0,11.0,11.0,13.0,,morumbi
447264,2022,"-23.586.906.379.368.800,00","-4.671.936.518.124.670,00",5,kilometer,203.0,"R$ 12.397,97",5.0,,6.0,6.0,,morumbi
441483,2022,"-23.611.545.563.468.300,00","-46.690.856.548.702.900,00",5,kilometer,231.0,"R$ 12.358,34",10.0,13.0,9.0,18.0,,morumbi
455471,2022,"-2.363.033.394.798.740,00","-4.673.125.325.586,00",5,kilometer,262.0,"R$ 12.349,21",7.0,11.0,13.0,11.0,,morumbi
455336,2022,"-2.361.801.534.818.540,00","-4.674.152.096.608.530,00",5,kilometer,88.0,"R$ 12.310,00",,6.0,,6.0,,morumbi
452233,2022,"-2.364.171.630.000.850,00","-46.704.239.992.435.300,00",5,kilometer,345.0,"R$ 12.302,24",15.0,18.0,15.0,15.0,,morumbi
441420,2022,"-23.606.772.249.193.800,00","-4.669.112.008.011.260,00",5,kilometer,174.0,"R$ 12.291,10",8.0,8.0,7.0,4.0,,morumbi
455343,2022,"-2.362.457.809.802.350,00","-4.673.649.831.156.080,00",5,kilometer,316.0,"R$ 12.285,59",13.0,9.0,19.0,15.0,,morumbi
450677,2022,"-23.575.949.663.664.100,00","-4.674.540.109.082.670,00",5,kilometer,221.0,"R$ 12.224,73",7.0,5.0,7.0,11.0,,morumbi
458220,2022,"-2.361.073.173.834.870,00","-46.737.413.165.811.300,00",5,kilometer,209.0,"R$ 12.213,70",5.0,8.0,15.0,10.0,,morumbi
452371,2022,"-23.625.915.997.987.300,00","-4.669.173.421.359.700,00",5,kilometer,385.0,"R$ 12.207,05",30.0,20.0,17.0,16.0,,morumbi
455659,2022,"-23.632.481.363.916.900,00","-4.672.963.947.699.360,00",5,kilometer,263.0,"R$ 12.139,15",10.0,3.0,5.0,7.0,,morumbi
458317,2022,"-23.613.148.778.628.000,00","-4.673.814.740.910.820,00",5,kilometer,245.0,"R$ 12.102,27",12.0,8.0,5.0,9.0,,morumbi
430854,2022,"-23.582.402.736.401.900,00","-4.673.652.901.495.960,00",5,kilometer,293.0,"R$ 12.060,18",7.0,17.0,14.0,13.0,,morumbi
455310,2022,"-2.362.441.155.249.510,00","-46.734.439.124.304.300,00",5,kilometer,193.0,"R$ 12.045,62",12.0,9.0,3.0,5.0,,morumbi
458288,2022,"-23.604.357.730.732.000,00","-4.672.629.980.549.040,00",5,kilometer,240.0,"R$ 12.011,69",11.0,10.0,19.0,18.0,,morumbi
455470,2022,"-2.362.763.538.744.810,00","-46.733.341.821.667.500,00",5,kilometer,164.0,"R$ 11.973,68",6.0,4.0,10.0,8.0,,morumbi
432829,2022,"-2.362.036.651.014.360,00","-467.606.155.035.911,00",5,kilometer,355.0,"R$ 11.947,29",15.0,19.0,23.0,26.0,,morumbi
430907,2022,"-2.357.993.532.695.580,00","-4.673.932.304.618.660,00",5,kilometer,376.0,"R$ 11.909,86",9.0,16.0,15.0,21.0,,morumbi
450288,2022,"-23.586.263.871.736.300,00","-46.764.058.812.296.800,00",5,kilometer,442.0,"R$ 11.898,77",27.0,32.0,23.0,19.0,,morumbi
452323,2022,"-2.363.069.995.182.700,00","-46.697.184.373.108.900,00",5,kilometer,285.0,"R$ 11.893,29",9.0,,6.0,9.0,,morumbi
452209,2022,"-236.411.677.686.451,00","-46.702.483.173.138.800,00",5,kilometer,350.0,"R$ 11.857,50",11.0,19.0,19.0,28.0,,morumbi
430838,2022,"-23.582.002.351.651.500,00","-4.673.012.510.824.670,00",5,kilometer,170.0,"R$ 11.855,41",0.0,3.0,8.0,13.0,,morumbi
455651,2022,"-23.630.561.614.332.300,00","-46.738.592.858.637.800,00",5,kilometer,328.0,"R$ 11.846,07",20.0,11.0,8.0,5.0,,morumbi
455448,2022,"-23.629.311.774.291.100,00","-4.674.081.821.722.000,00",5,kilometer,241.0,"R$ 11.844,56",7.0,13.0,8.0,14.0,,morumbi
441531,2022,"-23.620.509.884.848.000,00","-4.669.554.848.418.290,00",5,kilometer,196.0,"R$ 11.842,38",6.0,,3.0,8.0,,morumbi
458373,2022,"-2.359.163.735.986.960,00","-46.738.132.519.547.100,00",5,kilometer,453.0,"R$ 11.833,50",21.0,23.0,22.0,17.0,,morumbi
431333,2022,"-23.582.776.428.728.700,00","-4.673.601.651.026.790,00",5,kilometer,194.0,"R$ 11.826,59",5.0,8.0,11.0,15.0,,morumbi
458250,2022,"-23.586.179.026.551.500,00","-4.673.919.236.432.760,00",5,kilometer,348.0,"R$ 11.812,57",21.0,20.0,14.0,9.0,,morumbi
455629,2022,"-23.623.343.428.040.000,00","-4.672.630.654.937.740,00",5,kilometer,392.0,"R$ 11.790,69",12.0,21.0,14.0,11.0,,morumbi
447217,2022,"-2.360.969.510.923.620,00","-46.717.345.567.256.500,00",5,kilometer,132.0,"R$ 11.789,36",,11.0,9.0,5.0,,morumbi
458193,2022,"-23.588.013.997.177.100,00","-46.750.958.836.579.800,00",5,kilometer,540.0,"R$ 11.754,71",31.0,34.0,42.0,19.0,,morumbi
452153,2022,"-23.627.674.064.027.900,00","-46.694.569.275.571.500,00",5,kilometer,551.0,"R$ 11.744,35",23.0,24.0,21.0,15.0,,morumbi
458253,2022,"-23.587.592.216.362.900,00","-46.740.139.058.862.800,00",5,kilometer,241.0,"R$ 11.738,04",3.0,13.0,11.0,14.0,,morumbi
447269,2022,"-2.358.909.560.172.760,00","-4.672.066.462.178.840,00",5,kilometer,120.0,"R$ 11.732,55",3.0,,3.0,5.0,,morumbi
455360,2022,"-2.361.812.348.754.890,00","-46.736.735.363.247.900,00",5,kilometer,171.0,"R$ 11.731,45",5.0,7.0,11.0,7.0,,morumbi
455432,2022,"-23.614.483.931.815.400,00","-4.673.076.330.317.880,00",5,kilometer,154.0,"R$ 11.727,66",6.0,5.0,6.0,16.0,,morumbi
455500,2022,"-23.629.997.061.132.900,00","-46.742.416.499.008.600,00",5,kilometer,444.0,"R$ 11.708,25",43.0,26.0,12.0,13.0,,morumbi
458295,2022,"-23.598.073.903.793.100,00","-4.674.212.859.984.600,00",5,kilometer,553.0,"R$ 11.702,00",43.0,16.0,10.0,22.0,,morumbi
458141,2022,"-2.361.289.547.442.450,00","-4.673.139.879.559.620,00",5,kilometer,462.0,"R$ 11.694,59",14.0,18.0,22.0,13.0,,morumbi
450276,2022,"-2.358.584.551.099.680,00","-4.676.469.468.733.110,00",5,kilometer,437.0,"R$ 11.667,11",24.0,40.0,30.0,21.0,,morumbi
458307,2022,"-2.358.624.960.839.490,00","-4.674.460.176.611.630,00",5,kilometer,630.0,"R$ 11.656,24",44.0,35.0,32.0,23.0,,morumbi
458181,2022,"-2.360.981.161.932.380,00","-4.674.220.784.130.920,00",5,kilometer,191.0,"R$ 11.634,26",5.0,8.0,6.0,7.0,,morumbi
447251,2022,"-23.611.926.016.872.100,00","-467.050.571.656.752,00",5,kilometer,326.0,"R$ 11.620,31",17.0,15.0,11.0,9.0,,morumbi
455533,2022,"-2.363.008.349.981.990,00","-46.739.548.199.730.600,00",5,kilometer,557.0,"R$ 11.599,54",46.0,47.0,24.0,25.0,,morumbi
452247,2022,"-23.635.668.556.131.400,00","-4.671.079.751.094.520,00",5,kilometer,449.0,"R$ 11.564,02",23.0,12.0,16.0,12.0,,morumbi
455373,2022,"-23.622.515.147.472.200,00","-46.735.784.827.862.700,00",5,kilometer,250.0,"R$ 11.534,31",10.0,15.0,12.0,9.0,,morumbi
455618,2022,"-23.633.107.619.680.600,00","-4.673.830.579.316.560,00",5,kilometer,273.0,"R$ 11.494,69",20.0,8.0,11.0,11.0,,morumbi
452210,2022,"-23.643.038.638.421.100,00","-4.670.183.050.907.660,00",5,kilometer,271.0,"R$ 11.480,74",8.0,11.0,15.0,11.0,,morumbi
452343,2022,"-23.625.713.408.955.400,00","-46.694.314.264.260.800,00",5,kilometer,284.0,"R$ 11.476,97",15.0,10.0,11.0,3.0,,morumbi
455501,2022,"-23.629.532.228.020.900,00","-46.743.169.914.070.100,00",5,kilometer,418.0,"R$ 11.454,63",38.0,17.0,18.0,13.0,,morumbi
455652,2022,"-23.631.208.486.670.100,00","-4.673.882.747.864.990,00",5,kilometer,324.0,"R$ 11.439,05",23.0,11.0,8.0,6.0,,morumbi
455342,2022,"-2.362.420.382.632.920,00","-4.673.573.081.655.100,00",5,kilometer,270.0,"R$ 11.437,33",11.0,9.0,16.0,12.0,,morumbi
458369,2022,"-236.082.742.011.301,00","-467.483.815.613.589,00",5,kilometer,567.0,"R$ 11.434,22",51.0,41.0,20.0,29.0,,morumbi
455427,2022,"-23.624.233.293.437.500,00","-4.673.308.865.090.690,00",5,kilometer,321.0,"R$ 11.433,79",14.0,8.0,8.0,8.0,,morumbi
455366,2022,"-23.617.407.479.256.900,00","-4.673.303.527.516.420,00",5,kilometer,182.0,"R$ 11.383,16",3.0,4.0,10.0,8.0,,morumbi
452194,2022,"-2.364.085.662.438.730,00","-4.669.759.712.468.090,00",5,kilometer,402.0,"R$ 11.368,74",18.0,23.0,16.0,21.0,,morumbi
455450,2022,"-23.628.509.541.732.900,00","-4.673.175.111.100.320,00",5,kilometer,353.0,"R$ 11.290,63",13.0,17.0,18.0,14.0,,morumbi
458298,2022,"-23.596.366.207.910.900,00","-46.740.310.573.830.400,00",5,kilometer,360.0,"R$ 11.202,63",22.0,11.0,8.0,12.0,,morumbi
447286,2022,"-23.586.254.460.353.800,00","-46.718.065.725.621,00",5,kilometer,72.0,"R$ 11.177,39",3.0,,,4.0,,morumbi
455405,2022,"-23.622.712.732.481.300,00","-4.671.740.810.776.940,00",5,kilometer,250.0,"R$ 11.157,10",9.0,11.0,21.0,12.0,,morumbi
441604,2022,"-236.089.656.872.192,00","-46.691.421.572.804.600,00",5,kilometer,323.0,"R$ 11.140,61",10.0,16.0,6.0,9.0,,morumbi
447188,2022,"-23.587.345.498.416.400,00","-4.671.774.487.024.930,00",5,kilometer,295.0,"R$ 11.114,69",12.0,9.0,14.0,13.0,,morumbi
452250,2022,"-23.631.995.209.848.600,00","-4.670.432.848.342.360,00",5,kilometer,429.0,"R$ 11.101,04",10.0,10.0,15.0,20.0,,morumbi
455476,2022,"-2.361.959.605.196.860,00","-467.324.097.093.277,00",5,kilometer,347.0,"R$ 11.054,95",12.0,10.0,16.0,16.0,,morumbi
458309,2022,"-2.358.939.060.113.610,00","-46.743.302.092.404.700,00",5,kilometer,625.0,"R$ 11.050,64",60.0,38.0,15.0,19.0,,morumbi
430919,2022,"-2.358.207.290.666.610,00","-4.673.643.988.885.150,00",5,kilometer,178.0,"R$ 11.046,84",7.0,6.0,6.0,11.0,,morumbi
455331,2022,"-2.361.655.734.621.140,00","-46.743.133.265.861.400,00",5,kilometer,293.0,"R$ 11.042,40",14.0,9.0,14.0,9.0,,morumbi
447183,2022,"-2.359.099.229.402.020,00","-4.672.032.408.973.220,00",5,kilometer,458.0,"R$ 11.040,68",18.0,17.0,8.0,7.0,,morumbi
455339,2022,"-2.362.426.624.955.110,00","-4.673.866.533.209.020,00",5,kilometer,487.0,"R$ 11.000,88",31.0,18.0,15.0,18.0,,morumbi
452321,2022,"-23.634.920.503.392.400,00","-4.669.361.698.518.240,00",5,kilometer,448.0,"R$ 10.908,49",9.0,11.0,13.0,14.0,,morumbi
455514,2022,"-2.362.304.254.672.850,00","-4.674.162.128.381.650,00",5,kilometer,432.0,"R$ 10.895,60",24.0,23.0,18.0,18.0,,morumbi
458296,2022,"-23.598.577.062.366.000,00","-46.741.547.187.191,00",5,kilometer,590.0,"R$ 10.888,89",43.0,21.0,13.0,12.0,,morumbi
455642,2022,"-23.634.038.629.987.300,00","-46.735.525.961.388.600,00",5,kilometer,463.0,"R$ 10.836,24",16.0,25.0,12.0,6.0,,morumbi
463827,2022,"-23.616.045.322.769.700,00","-4.677.844.713.466.220,00",5,kilometer,635.0,"R$ 10.835,91",44.0,58.0,44.0,39.0,,morumbi
450902,2022,"-23.575.155.847.502.000,00","-4.674.466.159.791.740,00",5,kilometer,378.0,"R$ 10.802,73",28.0,26.0,19.0,16.0,,morumbi
455475,2022,"-2.362.886.258.200.570,00","-4.672.957.022.530.800,00",5,kilometer,356.0,"R$ 10.683,49",13.0,16.0,4.0,6.0,,morumbi
458262,2022,"-23.592.012.210.698.300,00","-4.672.888.198.620.620,00",5,kilometer,277.0,"R$ 10.679,22",5.0,6.0,4.0,15.0,,morumbi
455321,2022,"-2.361.612.109.559.370,00","-46.733.838.890.822.100,00",5,kilometer,126.0,"R$ 10.672,13",5.0,3.0,,9.0,,morumbi
455298,2022,"-23.623.756.124.376.500,00","-4.672.925.568.912.220,00",5,kilometer,282.0,"R$ 10.663,08",12.0,11.0,15.0,19.0,,morumbi
458204,2022,"-23.600.471.307.573.900,00","-4.673.049.669.405.130,00",5,kilometer,247.0,"R$ 10.662,62",10.0,7.0,9.0,6.0,,morumbi
431380,2022,"-2.357.600.192.102.700,00","-4.674.080.950.042.320,00",5,kilometer,328.0,"R$ 10.618,71",22.0,15.0,11.0,14.0,,morumbi
452274,2022,"-23.633.369.513.507.900,00","-4.671.609.073.720.160,00",5,kilometer,264.0,"R$ 10.577,09",5.0,,,3.0,,morumbi
447239,2022,"-23.591.752.881.498.400,00","-4.672.125.361.527.960,00",5,kilometer,272.0,"R$ 10.574,11",9.0,12.0,13.0,12.0,,morumbi
452273,2022,"-23.633.219.014.296.000,00","-46.715.464.634.178.500,00",5,kilometer,275.0,"R$ 10.537,70",5.0,4.0,4.0,4.0,,morumbi
441423,2022,"-2.360.465.867.769.530,00","-4.669.596.088.282.230,00",5,kilometer,267.0,"R$ 10.527,39",7.0,9.0,5.0,9.0,,morumbi
452360,2022,"-23.636.713.045.335.500,00","-4.671.834.864.270.810,00",5,kilometer,306.0,"R$ 10.511,45",20.0,11.0,9.0,4.0,,morumbi
447190,2022,"-23.585.686.059.086.100,00","-4.671.659.666.917.030,00",5,kilometer,452.0,"R$ 10.502,52",12.0,16.0,20.0,21.0,,morumbi
455641,2022,"-236.351.201.293.116,00","-4.673.585.827.532.030,00",5,kilometer,141.0,"R$ 10.497,14",4.0,,,,,morumbi
447207,2022,"-2.358.565.345.586.920,00","-4.671.947.098.658.260,00",5,kilometer,539.0,"R$ 10.462,84",9.0,6.0,14.0,14.0,,morumbi
458358,2022,"-23.612.532.316.695.400,00","-4.673.057.703.171.810,00",5,kilometer,38.0,"R$ 10.462,50",0.0,0.0,5.0,,,morumbi
455617,2022,"-2.363.225.658.527.800,00","-4.673.942.163.499.600,00",5,kilometer,328.0,"R$ 10.458,73",25.0,17.0,9.0,4.0,,morumbi
447235,2022,"-23.609.187.498.040.800,00","-4.672.126.406.123.360,00",5,kilometer,222.0,"R$ 10.458,46",8.0,9.0,11.0,17.0,,morumbi
458171,2022,"-23.594.150.145.525.800,00","-4.674.502.821.708.320,00",5,kilometer,572.0,"R$ 10.436,76",27.0,21.0,24.0,36.0,,morumbi
458179,2022,"-23.610.278.364.016.900,00","-4.673.483.395.881.900,00",5,kilometer,226.0,"R$ 10.436,34",9.0,10.0,20.0,16.0,,morumbi
441457,2022,"-23.605.906.509.733.800,00","-4.669.393.584.593.230,00",5,kilometer,339.0,"R$ 10.418,72",8.0,14.0,8.0,6.0,,morumbi
450806,2022,"-23.576.802.534.361.800,00","-4.674.582.697.994.470,00",5,kilometer,225.0,"R$ 10.418,30",3.0,6.0,3.0,12.0,,morumbi
452156,2022,"-2.362.737.798.008.340,00","-46.690.414.773.289.400,00",5,kilometer,437.0,"R$ 10.413,89",5.0,14.0,7.0,18.0,,morumbi
452137,2022,"-23.636.205.348.209.200,00","-4.669.688.261.257.340,00",5,kilometer,571.0,"R$ 10.410,23",20.0,12.0,17.0,36.0,,morumbi
441295,2022,"-23.607.161.537.063.100,00","-46.689.133.560.609.200,00",5,kilometer,297.0,"R$ 10.395,05",14.0,8.0,5.0,8.0,,morumbi
452251,2022,"-23.633.130.700.148.600,00","-46.704.372.252.292.700,00",5,kilometer,195.0,"R$ 10.382,45",11.0,3.0,6.0,5.0,,morumbi
431351,2022,"-23.583.650.979.086.000,00","-4.671.982.129.440.010,00",5,kilometer,241.0,"R$ 10.377,03",13.0,19.0,7.0,5.0,,morumbi
458279,2022,"-23.597.989.825.710.700,00","-4.672.404.829.933.130,00",5,kilometer,386.0,"R$ 10.362,18",22.0,15.0,11.0,18.0,,morumbi
455510,2022,"-23.625.178.013.397.500,00","-4.674.249.246.689.890,00",5,kilometer,600.0,"R$ 10.347,88",41.0,35.0,22.0,23.0,,morumbi
455402,2022,"-23.626.168.354.448.500,00","-46.721.118.347.804.300,00",5,kilometer,105.0,"R$ 10.320,32",,6.0,4.0,,,morumbi
455426,2022,"-2.362.198.486.478.240,00","-4.673.143.461.935.360,00",5,kilometer,162.0,"R$ 10.286,97",6.0,6.0,7.0,4.0,,morumbi
455465,2022,"-236.248.916.480.945,00","-4.673.965.034.719.790,00",5,kilometer,498.0,"R$ 10.270,45",20.0,29.0,21.0,15.0,,morumbi
455635,2022,"-2.362.432.162.170.000,00","-4.673.829.974.783.700,00",5,kilometer,168.0,"R$ 10.263,44",8.0,8.0,,,,morumbi
455354,2022,"-23.616.515.754.431.400,00","-46.738.929.728.093.800,00",5,kilometer,223.0,"R$ 10.232,41",7.0,5.0,10.0,7.0,,morumbi
458322,2022,"-2.360.906.293.209.380,00","-4.674.263.222.434.770,00",5,kilometer,415.0,"R$ 10.228,08",20.0,26.0,28.0,23.0,,morumbi
458310,2022,"-23.590.032.919.346.800,00","-46.742.572.612.143.000,00",5,kilometer,560.0,"R$ 10.223,55",47.0,34.0,23.0,17.0,,morumbi
452351,2022,"-23.634.793.827.312.500,00","-4.669.621.055.731.590,00",5,kilometer,205.0,"R$ 10.184,08",3.0,8.0,5.0,3.0,,morumbi
455299,2022,"-23.621.481.536.383.300,00","-4.672.956.690.708.410,00",5,kilometer,229.0,"R$ 10.157,45",14.0,15.0,10.0,13.0,,morumbi
455352,2022,"-23.617.166.825.276.700,00","-4.674.051.684.275.010,00",5,kilometer,115.0,"R$ 10.137,25",,,3.0,9.0,,morumbi
447198,2022,"-2.360.840.800.309.220,00","-4.670.506.208.437.790,00",5,kilometer,493.0,"R$ 10.132,05",11.0,28.0,30.0,18.0,,morumbi
441458,2022,"-23.605.577.202.537.600,00","-46.694.810.250.069.200,00",5,kilometer,205.0,"R$ 10.131,64",0.0,7.0,3.0,7.0,,morumbi
432645,2022,"-23.615.403.238.817.700,00","-4.675.115.672.184.770,00",5,kilometer,373.0,"R$ 10.099,42",7.0,10.0,29.0,16.0,,morumbi
447261,2022,"-235.901.671.444.914,00","-4.671.852.773.725.280,00",5,kilometer,166.0,"R$ 10.086,86",5.0,,8.0,6.0,,morumbi
441357,2022,"-23.620.716.723.482.500,00","-46.694.073.042.677.900,00",5,kilometer,294.0,"R$ 10.072,27",11.0,9.0,8.0,6.0,,morumbi
458221,2022,"-23.612.088.300.138.500,00","-4.673.903.609.160.000,00",5,kilometer,198.0,"R$ 10.041,31",4.0,3.0,4.0,12.0,,morumbi
458147,2022,"-23.589.802.062.061.000,00","-4.672.365.614.455.020,00",5,kilometer,362.0,"R$ 10.037,54",9.0,12.0,11.0,22.0,,morumbi
463382,2022,"-2.361.200.705.196.480,00","-4.676.532.898.945.290,00",5,kilometer,374.0,"R$ 10.001,50",31.0,29.0,23.0,24.0,,morumbi
430887,2022,"-23.581.323.461.628.700,00","-4.673.303.468.922.570,00",5,kilometer,373.0,"R$ 9.994,75",20.0,17.0,17.0,8.0,,morumbi
458277,2022,"-2.359.074.296.802.790,00","-4.672.568.935.507.700,00",5,kilometer,362.0,"R$ 9.980,47",6.0,17.0,15.0,15.0,,morumbi
458157,2022,"-23.599.317.169.230.500,00","-4.674.085.472.637.160,00",5,kilometer,533.0,"R$ 9.948,17",37.0,40.0,30.0,30.0,,morumbi
445507,2022,"-2.365.644.793.496.720,00","-4.673.698.955.982.200,00",5,kilometer,558.0,"R$ 9.943,82",28.0,38.0,50.0,46.0,,morumbi
447175,2022,"-23.581.871.714.684.000,00","-46.709.660.961.347.300,00",5,kilometer,147.0,"R$ 9.941,24",,0.0,,0.0,,morumbi
431381,2022,"-2.357.668.834.658.640,00","-4.674.064.700.282.350,00",5,kilometer,334.0,"R$ 9.933,39",21.0,12.0,4.0,17.0,,morumbi
452329,2022,"-2.362.839.548.814.230,00","-46.706.226.630.794.100,00",5,kilometer,405.0,"R$ 9.923,55",7.0,15.0,11.0,7.0,,morumbi
452336,2022,"-23.633.955.809.930.200,00","-46.702.447.888.037.600,00",5,kilometer,352.0,"R$ 9.887,25",10.0,6.0,12.0,17.0,,morumbi
447204,2022,"-2.358.835.703.594.370,00","-4.672.101.179.510.640,00",5,kilometer,500.0,"R$ 9.876,91",13.0,12.0,15.0,22.0,,morumbi
452188,2022,"-23.633.650.210.959.900,00","-4.671.398.798.350.440,00",5,kilometer,272.0,"R$ 9.853,21",5.0,5.0,5.0,,,morumbi
455534,2022,"-23.631.472.569.573.900,00","-46.737.410.358.140.200,00",5,kilometer,200.0,"R$ 9.774,05",9.0,8.0,9.0,9.0,,morumbi
447266,2022,"-23.587.054.309.316.900,00","-4.671.649.394.426.390,00",5,kilometer,368.0,"R$ 9.757,32",8.0,9.0,4.0,5.0,,morumbi
452275,2022,"-23.633.682.191.321.300,00","-46.713.515.508.856.000,00",5,kilometer,205.0,"R$ 9.749,46",,,0.0,,,morumbi
452361,2022,"-23.646.878.035.152.200,00","-46.713.243.563.699.400,00",5,kilometer,209.0,"R$ 9.744,52",11.0,10.0,8.0,8.0,,morumbi
452340,2022,"-23.629.658.046.767.400,00","-46.706.618.991.239.500,00",5,kilometer,286.0,"R$ 9.739,20",10.0,9.0,8.0,6.0,,morumbi
458110,2022,"-23.615.152.983.380.200,00","-4.673.912.671.368.280,00",5,kilometer,446.0,"R$ 9.737,97",18.0,19.0,20.0,30.0,,morumbi
458180,2022,"-2.361.045.917.440.710,00","-4.673.993.586.779.160,00",5,kilometer,177.0,"R$ 9.708,79",4.0,7.0,11.0,11.0,,morumbi
458311,2022,"-23.585.709.693.275.100,00","-4.674.453.209.077.410,00",5,kilometer,119.0,"R$ 9.686,50",6.0,6.0,7.0,10.0,,morumbi
430864,2022,"-2.358.040.594.098.160,00","-467.135.590.144.029,00",5,kilometer,333.0,"R$ 9.671,39",10.0,11.0,13.0,26.0,,morumbi
441510,2022,"-23.616.589.667.138.700,00","-4.668.769.778.956.500,00",5,kilometer,249.0,"R$ 9.667,93",9.0,18.0,11.0,3.0,,morumbi
452139,2022,"-23.643.529.638.167.300,00","-4.670.523.524.401.200,00",5,kilometer,568.0,"R$ 9.655,00",28.0,32.0,17.0,19.0,,morumbi
463826,2022,"-23.616.275.995.365.300,00","-46.779.112.359.478.400,00",5,kilometer,646.0,"R$ 9.643,32",24.0,46.0,60.0,45.0,,morumbi
432530,2022,"-2.364.246.422.001.330,00","-4.675.767.650.009.420,00",5,kilometer,772.0,"R$ 9.574,64",39.0,43.0,56.0,54.0,,morumbi
455451,2022,"-23.622.785.019.586.500,00","-4.672.931.712.677.580,00",5,kilometer,509.0,"R$ 9.516,45",27.0,34.0,25.0,25.0,,morumbi
458320,2022,"-2.360.240.668.705.710,00","-4.673.228.915.069.810,00",5,kilometer,429.0,"R$ 9.490,32",24.0,22.0,21.0,20.0,,morumbi
455305,2022,"-23.638.131.169.788.900,00","-4.673.416.798.045.740,00",5,kilometer,377.0,"R$ 9.489,01",12.0,20.0,14.0,15.0,,morumbi
452327,2022,"-23.648.292.303.320.300,00","-4.670.648.316.831.280,00",5,kilometer,302.0,"R$ 9.465,07",9.0,13.0,15.0,14.0,,morumbi
431346,2022,"-23.581.169.328.172.100,00","-4.671.469.060.009.180,00",5,kilometer,286.0,"R$ 9.441,67",10.0,12.0,16.0,13.0,,morumbi
455346,2022,"-23.627.362.963.847.300,00","-4.673.606.626.046.290,00",5,kilometer,271.0,"R$ 9.439,00",8.0,16.0,17.0,17.0,,morumbi
455372,2022,"-23.621.341.214.291.000,00","-4.673.901.587.737.220,00",5,kilometer,266.0,"R$ 9.431,85",6.0,19.0,17.0,11.0,,morumbi
431369,2022,"-2.357.493.853.831.320,00","-46.730.506.982.437.900,00",5,kilometer,230.0,"R$ 9.410,42",9.0,8.0,16.0,12.0,,morumbi
463911,2022,"-2.361.623.642.904.370,00","-4.676.973.287.031.040,00",5,kilometer,639.0,"R$ 9.399,14",42.0,45.0,42.0,36.0,,morumbi
455493,2022,"-2.361.596.942.432.820,00","-4.674.032.728.148.580,00",5,kilometer,191.0,"R$ 9.391,14",4.0,9.0,11.0,9.0,,morumbi
455511,2022,"-23.619.329.646.973.300,00","-4.674.366.523.978.060,00",5,kilometer,622.0,"R$ 9.384,08",44.0,32.0,30.0,24.0,,morumbi
458202,2022,"-23.600.098.921.804.600,00","-4.673.115.741.506.800,00",5,kilometer,486.0,"R$ 9.345,24",15.0,20.0,22.0,33.0,,morumbi
441635,2022,"-23.623.931.347.690.300,00","-46.690.082.342.835.900,00",5,kilometer,383.0,"R$ 9.331,65",14.0,15.0,6.0,9.0,,morumbi
455528,2022,"-2.363.371.148.889.880,00","-4.673.812.315.428.970,00",5,kilometer,265.0,"R$ 9.329,58",9.0,23.0,13.0,8.0,,morumbi
455434,2022,"-23.636.929.080.451.300,00","-4.673.746.112.231.860,00",5,kilometer,541.0,"R$ 9.301,51",27.0,26.0,14.0,21.0,,morumbi
463747,2022,"-2.360.845.064.497.020,00","-46.765.924.526.131.000,00",5,kilometer,911.0,"R$ 9.288,46",45.0,61.0,75.0,60.0,,morumbi
447189,2022,"-2.358.675.543.901.830,00","-46.717.934.437.861.400,00",5,kilometer,166.0,"R$ 9.285,54",6.0,,3.0,6.0,,morumbi
452154,2022,"-23.627.931.615.447.500,00","-4.669.239.927.798.620,00",5,kilometer,240.0,"R$ 9.255,31",6.0,9.0,6.0,6.0,,morumbi
458184,2022,"-2.360.541.511.717.490,00","-46.748.414.636.489.200,00",5,kilometer,342.0,"R$ 9.203,59",20.0,14.0,14.0,12.0,,morumbi
432533,2022,"-23.644.780.664.482.800,00","-46.759.903.999.968.700,00",5,kilometer,168.0,"R$ 9.178,90",4.0,8.0,17.0,8.0,,morumbi
455654,2022,"-23.636.982.006.715.800,00","-4.673.861.617.698.390,00",5,kilometer,252.0,"R$ 9.149,93",15.0,11.0,6.0,7.0,,morumbi
441542,2022,"-23.622.144.293.264.900,00","-4.669.460.178.629.010,00",5,kilometer,325.0,"R$ 9.141,43",10.0,13.0,10.0,7.0,,morumbi
455521,2022,"-23.622.216.190.634.800,00","-4.674.469.888.349.480,00",5,kilometer,543.0,"R$ 9.108,87",24.0,37.0,27.0,28.0,,morumbi
431334,2022,"-23.583.125.660.183.800,00","-4.673.559.387.077.190,00",5,kilometer,169.0,"R$ 9.108,19",8.0,6.0,7.0,13.0,,morumbi
458242,2022,"-23.590.263.135.194.000,00","-46.748.386.731.536.900,00",5,kilometer,401.0,"R$ 9.090,94",17.0,13.0,19.0,11.0,,morumbi
432718,2022,"-2.362.838.754.756.710,00","-4.674.508.523.225.480,00",5,kilometer,392.0,"R$ 9.083,56",35.0,22.0,11.0,10.0,,morumbi
455517,2022,"-23.626.485.853.430.400,00","-46.744.121.743.410.900,00",5,kilometer,798.0,"R$ 9.082,44",65.0,48.0,48.0,36.0,,morumbi
432872,2022,"-23.642.973.850.500.300,00","-467.553.798.553.192,00",5,kilometer,191.0,"R$ 9.066,67",12.0,16.0,20.0,12.0,,morumbi
441526,2022,"-23.619.947.005.349.000,00","-4.669.128.484.795.370,00",5,kilometer,328.0,"R$ 9.055,78",7.0,12.0,16.0,24.0,,morumbi
455479,2022,"-23.621.243.275.827.700,00","-4.673.143.189.408.320,00",5,kilometer,733.0,"R$ 9.047,54",53.0,53.0,40.0,36.0,,morumbi
452231,2022,"-2.363.813.085.874.370,00","-46.708.817.281.730.300,00",5,kilometer,174.0,"R$ 9.041,69",5.0,6.0,11.0,11.0,,morumbi
455382,2022,"-23.638.381.387.151.000,00","-4.673.469.087.118.880,00",5,kilometer,386.0,"R$ 9.022,99",21.0,15.0,10.0,19.0,,morumbi
441525,2022,"-23.618.421.246.471.500,00","-4.669.348.345.934.950,00",5,kilometer,329.0,"R$ 9.014,73",10.0,10.0,8.0,8.0,,morumbi
455512,2022,"-2.361.970.451.839.400,00","-4.674.474.183.460.440,00",5,kilometer,729.0,"R$ 9.008,13",57.0,31.0,35.0,30.0,,morumbi
430816,2022,"-23.574.451.868.901.100,00","-4.673.681.250.655.510,00",5,kilometer,388.0,"R$ 8.988,89",10.0,16.0,6.0,17.0,,morumbi
458278,2022,"-23.596.453.725.863.000,00","-46.721.619.146.643.300,00",5,kilometer,364.0,"R$ 8.985,89",11.0,17.0,19.0,20.0,,morumbi
455393,2022,"-23.634.934.751.180.500,00","-46.736.646.539.715.600,00",5,kilometer,175.0,"R$ 8.954,12",11.0,3.0,9.0,4.0,,morumbi
458330,2022,"-23.597.178.817.043.300,00","-46.737.833.573.657.600,00",5,kilometer,489.0,"R$ 8.943,80",36.0,22.0,14.0,14.0,,morumbi
458089,2022,"-23.608.633.490.428.700,00","-467.367.685.147.019,00",5,kilometer,455.0,"R$ 8.936,39",11.0,20.0,29.0,18.0,,morumbi
463812,2022,"-23.611.962.525.160.700,00","-46.765.927.521.200.500,00",5,kilometer,362.0,"R$ 8.932,53",37.0,29.0,25.0,17.0,,morumbi
432929,2022,"-2.362.608.446.927.590,00","-4.674.642.302.926.000,00",5,kilometer,390.0,"R$ 8.929,77",32.0,25.0,23.0,20.0,,morumbi
458308,2022,"-23.587.298.171.239.800,00","-467.438.316.843.038,00",5,kilometer,626.0,"R$ 8.904,96",53.0,41.0,33.0,22.0,,morumbi
445676,2022,"-23.646.997.100.346.900,00","-46.748.105.589.576.700,00",5,kilometer,942.0,"R$ 8.902,78",44.0,75.0,56.0,68.0,,morumbi
452164,2022,"-2.363.035.613.078.560,00","-4.670.373.476.350.920,00",5,kilometer,381.0,"R$ 8.900,37",17.0,24.0,14.0,19.0,,morumbi
458201,2022,"-23.598.900.521.505.900,00","-4.673.141.726.654.610,00",5,kilometer,573.0,"R$ 8.879,20",23.0,28.0,26.0,22.0,,morumbi
458153,2022,"-2.359.804.708.100.730,00","-4.674.005.712.880.950,00",5,kilometer,304.0,"R$ 8.876,93",13.0,9.0,10.0,7.0,,morumbi
431389,2022,"-2.357.643.570.070.030,00","-46.741.306.322.947.500,00",5,kilometer,428.0,"R$ 8.871,38",25.0,16.0,12.0,12.0,,morumbi
458263,2022,"-23.591.275.653.710.500,00","-46.726.888.252.815.000,00",5,kilometer,207.0,"R$ 8.867,43",6.0,5.0,5.0,7.0,,morumbi
432932,2022,"-23.628.938.271.015.000,00","-4.674.585.745.704.370,00",5,kilometer,399.0,"R$ 8.851,47",49.0,19.0,13.0,6.0,,morumbi
458177,2022,"-23.609.806.904.397.500,00","-46.736.778.259.245.600,00",5,kilometer,240.0,"R$ 8.846,30",9.0,8.0,12.0,9.0,,morumbi
430850,2022,"-2.358.036.444.860.140,00","-46.721.291.111.234.800,00",5,kilometer,330.0,"R$ 8.845,32",7.0,11.0,15.0,18.0,,morumbi
458226,2022,"-236.119.775.868.874,00","-467.425.558.121.905,00",5,kilometer,314.0,"R$ 8.828,67",9.0,11.0,7.0,11.0,,morumbi
452182,2022,"-23.630.755.909.093.100,00","-46.700.991.441.313.600,00",5,kilometer,194.0,"R$ 8.822,92",4.0,5.0,7.0,4.0,,morumbi
458327,2022,"-2.361.128.288.365.930,00","-46.743.072.275.970.400,00",5,kilometer,420.0,"R$ 8.822,45",18.0,12.0,14.0,20.0,,morumbi
441323,2022,"-2.361.582.117.564.850,00","-4.669.707.319.992.080,00",5,kilometer,407.0,"R$ 8.822,43",14.0,15.0,14.0,18.0,,morumbi
447267,2022,"-2.358.540.406.990.070,00","-4.671.860.094.016.610,00",5,kilometer,340.0,"R$ 8.819,47",8.0,12.0,7.0,13.0,,morumbi
452136,2022,"-23.637.107.471.161.700,00","-4.669.902.364.609.760,00",5,kilometer,462.0,"R$ 8.813,96",11.0,20.0,23.0,24.0,,morumbi
434082,2022,"-23.649.125.111.780.100,00","-4.675.567.470.146.900,00",5,kilometer,578.0,"R$ 8.807,29",25.0,25.0,38.0,46.0,,morumbi
430809,2022,"-2.357.505.444.645.600,00","-46.732.597.743.205.200,00",5,kilometer,550.0,"R$ 8.790,69",17.0,21.0,20.0,18.0,,morumbi
463748,2022,"-2.360.963.181.719.240,00","-4.676.591.929.925.640,00",5,kilometer,613.0,"R$ 8.784,80",36.0,33.0,36.0,38.0,,morumbi
452365,2022,"-2.364.586.738.221.080,00","-4.670.335.761.392.290,00",5,kilometer,295.0,"R$ 8.779,45",3.0,8.0,8.0,4.0,,morumbi
455520,2022,"-23.623.802.035.139.800,00","-4.674.528.966.727.390,00",5,kilometer,298.0,"R$ 8.761,01",32.0,12.0,8.0,11.0,,morumbi
447202,2022,"-2.360.619.956.378.480,00","-4.672.108.873.811.450,00",5,kilometer,45.0,"R$ 8.745,88",,,0.0,3.0,,morumbi
455341,2022,"-23.623.355.603.097.700,00","-4.673.704.543.975.370,00",5,kilometer,221.0,"R$ 8.739,80",18.0,6.0,8.0,9.0,,morumbi
458103,2022,"-2.360.148.808.944.990,00","-4.672.935.756.186.920,00",5,kilometer,445.0,"R$ 8.734,00",26.0,17.0,24.0,23.0,,morumbi
455518,2022,"-2.362.524.935.958.850,00","-4.674.321.878.578.960,00",5,kilometer,516.0,"R$ 8.718,69",32.0,23.0,27.0,13.0,,morumbi
455467,2022,"-2.362.724.280.221.390,00","-4.672.972.933.384.760,00",5,kilometer,271.0,"R$ 8.711,97",12.0,13.0,3.0,8.0,,morumbi
458304,2022,"-23.608.797.869.369.300,00","-4.674.061.742.099.590,00",5,kilometer,440.0,"R$ 8.693,38",22.0,15.0,17.0,23.0,,morumbi
458321,2022,"-2.360.948.628.582.640,00","-4.674.256.166.422.730,00",5,kilometer,273.0,"R$ 8.674,66",8.0,17.0,11.0,13.0,,morumbi
434147,2022,"-23.648.814.214.186.200,00","-4.675.455.499.929.330,00",5,kilometer,297.0,"R$ 8.664,80",15.0,15.0,20.0,19.0,,morumbi
458285,2022,"-23.587.640.754.369.300,00","-46.748.292.032.207.000,00",5,kilometer,364.0,"R$ 8.651,88",13.0,12.0,11.0,18.0,,morumbi
447208,2022,"-2.358.623.963.517.910,00","-4.671.978.482.372.650,00",5,kilometer,291.0,"R$ 8.638,33",8.0,10.0,7.0,6.0,,morumbi
441297,2022,"-23.603.962.932.909.000,00","-4.669.334.105.955.240,00",5,kilometer,95.0,"R$ 8.636,45",,,,5.0,,morumbi
455584,2022,"-2.361.383.448.525.370,00","-4.671.872.035.623.420,00",5,kilometer,188.0,"R$ 8.632,94",12.0,8.0,7.0,7.0,,morumbi
458376,2022,"-23.597.893.852.426.800,00","-4.674.426.146.921.310,00",5,kilometer,502.0,"R$ 8.614,80",22.0,13.0,21.0,28.0,,morumbi
455477,2022,"-2.362.016.286.145.520,00","-46.731.556.349.346.900,00",5,kilometer,730.0,"R$ 8.612,12",46.0,57.0,44.0,40.0,,morumbi
452155,2022,"-23.628.111.060.289.000,00","-46.691.247.885.105.600,00",5,kilometer,477.0,"R$ 8.611,48",14.0,10.0,16.0,19.0,,morumbi
452186,2022,"-23.632.164.596.883.600,00","-467.019.326.177.542,00",5,kilometer,431.0,"R$ 8.549,01",12.0,9.0,8.0,10.0,,morumbi
455334,2022,"-2.361.736.901.008.360,00","-46.741.168.005.686.400,00",5,kilometer,187.0,"R$ 8.547,62",6.0,7.0,11.0,5.0,,morumbi
455519,2022,"-2.362.454.705.717.830,00","-4.674.383.972.780.200,00",5,kilometer,386.0,"R$ 8.523,50",18.0,22.0,14.0,12.0,,morumbi
458336,2022,"-23.614.636.445.384.000,00","-4.674.758.158.218.750,00",5,kilometer,152.0,"R$ 8.520,77",4.0,10.0,6.0,8.0,,morumbi
431358,2022,"-2.358.204.298.324.990,00","-4.674.595.334.318.320,00",5,kilometer,266.0,"R$ 8.505,80",10.0,11.0,8.0,10.0,,morumbi
455482,2022,"-23.623.749.234.078.700,00","-4.673.213.813.052.260,00",5,kilometer,158.0,"R$ 8.499,44",3.0,,,3.0,,morumbi
458257,2022,"-2.358.592.733.476.800,00","-4.674.013.091.331.220,00",5,kilometer,293.0,"R$ 8.449,36",12.0,16.0,15.0,16.0,,morumbi
458215,2022,"-23.610.989.437.933.600,00","-4.673.462.893.340.860,00",5,kilometer,334.0,"R$ 8.446,16",11.0,13.0,17.0,12.0,,morumbi
430865,2022,"-23.580.375.032.076.200,00","-4.671.647.088.078.610,00",5,kilometer,335.0,"R$ 8.437,89",12.0,20.0,19.0,15.0,,morumbi
430902,2022,"-2.357.812.560.941.120,00","-46.722.083.672.545.500,00",5,kilometer,410.0,"R$ 8.437,72",15.0,20.0,25.0,29.0,,morumbi
452332,2022,"-2.364.811.304.563.010,00","-4.672.372.597.887.910,00",5,kilometer,189.0,"R$ 8.422,58",6.0,12.0,7.0,3.0,,morumbi
455499,2022,"-23.629.951.948.594.600,00","-4.674.198.044.363.890,00",5,kilometer,144.0,"R$ 8.418,33",5.0,4.0,,6.0,,morumbi
463817,2022,"-23.615.598.319.665.900,00","-4.676.991.617.027.880,00",5,kilometer,750.0,"R$ 8.397,19",49.0,66.0,68.0,39.0,,morumbi
463604,2022,"-23.603.469.172.971.600,00","-4.677.292.092.277.880,00",5,kilometer,373.0,"R$ 8.396,85",17.0,20.0,28.0,24.0,,morumbi
458377,2022,"-23.612.864.561.566.900,00","-46.745.624.114.680.700,00",5,kilometer,147.0,"R$ 8.383,00",3.0,8.0,5.0,12.0,,morumbi
455662,2022,"-23.625.420.505.306.100,00","-467.444.033.668.271,00",5,kilometer,345.0,"R$ 8.381,83",26.0,19.0,16.0,16.0,,morumbi
447210,2022,"-2.361.280.266.899.180,00","-4.670.425.899.500.370,00",5,kilometer,194.0,"R$ 8.357,93",6.0,9.0,5.0,5.0,,morumbi
452346,2022,"-23.630.858.792.503.000,00","-46.694.416.550.524.300,00",5,kilometer,237.0,"R$ 8.357,19",,6.0,6.0,7.0,,morumbi
455380,2022,"-2.363.904.006.077.900,00","-46.735.852.365.966.500,00",5,kilometer,262.0,"R$ 8.345,43",8.0,7.0,9.0,7.0,,morumbi
458246,2022,"-235.882.083.109.603,00","-46.743.927.402.666.100,00",5,kilometer,235.0,"R$ 8.344,14",5.0,10.0,14.0,11.0,,morumbi
431350,2022,"-2.358.252.207.971.680,00","-4.671.835.906.355.110,00",5,kilometer,149.0,"R$ 8.342,67",5.0,7.0,,5.0,,morumbi
445654,2022,"-23.650.111.246.654.500,00","-4.674.617.504.891.630,00",5,kilometer,935.0,"R$ 8.339,28",82.0,74.0,50.0,52.0,,morumbi
455509,2022,"-2.362.486.634.031.620,00","-4.674.169.514.306.680,00",5,kilometer,588.0,"R$ 8.317,47",43.0,27.0,18.0,18.0,,morumbi
455481,2022,"-23.622.424.333.804.300,00","-4.673.273.813.999.530,00",5,kilometer,341.0,"R$ 8.309,22",5.0,8.0,8.0,10.0,,morumbi
463795,2022,"-23.617.517.919.236.900,00","-4.677.578.874.786.850,00",5,kilometer,179.0,"R$ 8.308,96",8.0,14.0,20.0,16.0,,morumbi
458248,2022,"-23.587.330.458.236.500,00","-467.395.812.688.634,00",5,kilometer,301.0,"R$ 8.298,74",10.0,15.0,13.0,7.0,,morumbi
447184,2022,"-23.589.692.650.854.100,00","-4.671.949.405.090.780,00",5,kilometer,338.0,"R$ 8.297,80",4.0,6.0,7.0,5.0,,morumbi
432931,2022,"-23.628.050.520.826.700,00","-467.469.002.051.013,00",5,kilometer,356.0,"R$ 8.293,02",25.0,14.0,26.0,6.0,,morumbi
441584,2022,"-2.360.727.162.536.810,00","-4.669.447.031.659.840,00",5,kilometer,44.0,"R$ 8.256,57",,0.0,3.0,3.0,,morumbi
455386,2022,"-23.637.691.079.918.700,00","-4.673.460.724.103.400,00",5,kilometer,172.0,"R$ 8.252,30",9.0,6.0,4.0,9.0,,morumbi
463745,2022,"-2.360.943.753.280.050,00","-4.676.704.598.223.020,00",5,kilometer,585.0,"R$ 8.246,79",32.0,43.0,38.0,44.0,,morumbi
447257,2022,"-2.359.015.831.570.310,00","-4.672.106.502.056.660,00",5,kilometer,222.0,"R$ 8.218,77",4.0,7.0,,4.0,,morumbi
447186,2022,"-23.588.761.527.149.900,00","-4.671.802.427.967.640,00",5,kilometer,379.0,"R$ 8.206,25",6.0,7.0,8.0,14.0,,morumbi
455478,2022,"-2.362.047.151.255.470,00","-4.673.089.712.929.370,00",5,kilometer,774.0,"R$ 8.201,51",67.0,71.0,39.0,50.0,,morumbi
455306,2022,"-23.637.517.279.657.500,00","-4.673.506.552.814.270,00",5,kilometer,439.0,"R$ 8.194,86",18.0,28.0,13.0,22.0,,morumbi
458091,2022,"-2.360.462.604.918.220,00","-4.674.304.705.618.230,00",5,kilometer,420.0,"R$ 8.190,93",15.0,17.0,27.0,18.0,,morumbi
431386,2022,"-23.583.262.181.191.200,00","-4.671.710.056.971.870,00",5,kilometer,388.0,"R$ 8.156,23",18.0,17.0,7.0,6.0,,morumbi
455480,2022,"-23.620.807.776.573.800,00","-4.673.185.725.670.620,00",5,kilometer,756.0,"R$ 8.152,03",56.0,51.0,47.0,47.0,,morumbi
463799,2022,"-23.611.495.276.834.500,00","-4.676.889.631.537.540,00",5,kilometer,487.0,"R$ 8.135,68",32.0,35.0,37.0,22.0,,morumbi
458182,2022,"-23.605.930.697.150.100,00","-4.674.449.389.367.950,00",5,kilometer,359.0,"R$ 8.124,85",6.0,15.0,19.0,17.0,,morumbi
430868,2022,"-23.579.583.749.022.200,00","-4.674.342.644.698.510,00",5,kilometer,656.0,"R$ 8.124,07",26.0,29.0,28.0,28.0,,morumbi
458197,2022,"-23.588.520.802.446.400,00","-46.739.846.053.410.000,00",5,kilometer,309.0,"R$ 8.113,73",15.0,12.0,10.0,21.0,,morumbi
463909,2022,"-23.617.740.908.148.500,00","-467.695.658.837.973,00",5,kilometer,401.0,"R$ 8.080,90",27.0,42.0,21.0,23.0,,morumbi
430841,2022,"-23.578.761.322.895.400,00","-4.673.774.095.361.680,00",5,kilometer,389.0,"R$ 8.076,22",11.0,19.0,17.0,16.0,,morumbi
432605,2022,"-236.386.204.926.382,00","-46.759.396.062.491.000,00",5,kilometer,98.0,"R$ 8.076,13",6.0,9.0,6.0,3.0,,morumbi
431385,2022,"-23.581.202.691.870.900,00","-4.671.738.619.664.210,00",5,kilometer,211.0,"R$ 8.073,40",10.0,5.0,6.0,11.0,,morumbi
447236,2022,"-23.610.898.600.790.200,00","-4.672.119.111.075.740,00",5,kilometer,182.0,"R$ 8.044,70",5.0,5.0,,9.0,,morumbi
430866,2022,"-23.581.561.691.630.700,00","-46.718.379.587.734.400,00",5,kilometer,254.0,"R$ 8.029,72",5.0,13.0,16.0,8.0,,morumbi
458125,2022,"-2.359.065.093.785.660,00","-46.747.386.933.944.200,00",5,kilometer,186.0,"R$ 8.018,43",6.0,9.0,6.0,8.0,,morumbi
450819,2022,"-2.358.464.538.324.370,00","-4.676.346.799.334.370,00",5,kilometer,328.0,"R$ 7.944,65",14.0,10.0,11.0,19.0,,morumbi
441449,2022,"-23.609.575.541.903.900,00","-4.668.996.870.987.210,00",5,kilometer,298.0,"R$ 7.929,26",14.0,4.0,5.0,10.0,,morumbi
455394,2022,"-2.361.806.885.302.790,00","-4.671.669.987.454.330,00",5,kilometer,313.0,"R$ 7.918,21",10.0,14.0,14.0,31.0,,morumbi
452347,2022,"-23.631.795.855.593.400,00","-4.669.285.130.632.640,00",5,kilometer,306.0,"R$ 7.906,35",6.0,7.0,5.0,19.0,,morumbi
430823,2022,"-23.580.165.845.995.600,00","-4.673.214.495.905.780,00",5,kilometer,431.0,"R$ 7.904,36",13.0,18.0,13.0,20.0,,morumbi
452344,2022,"-2.363.340.109.335.820,00","-4.670.896.732.187.000,00",5,kilometer,213.0,"R$ 7.901,15",5.0,13.0,11.0,3.0,,morumbi
458243,2022,"-23.586.128.390.431.800,00","-4.674.600.660.874.910,00",5,kilometer,241.0,"R$ 7.900,59",8.0,12.0,5.0,10.0,,morumbi
463832,2022,"-23.603.642.332.716.600,00","-46.761.823.031.118.900,00",5,kilometer,495.0,"R$ 7.893,37",20.0,28.0,30.0,31.0,,morumbi
458090,2022,"-23.607.427.133.502.000,00","-467.428.364.169.464,00",5,kilometer,342.0,"R$ 7.886,64",7.0,18.0,10.0,23.0,,morumbi
463818,2022,"-23.617.545.368.016.500,00","-467.703.941.479.474,00",5,kilometer,654.0,"R$ 7.874,57",38.0,51.0,44.0,48.0,,morumbi
432715,2022,"-23.626.613.414.107.100,00","-4.674.692.366.992.480,00",5,kilometer,443.0,"R$ 7.864,14",30.0,26.0,20.0,22.0,,morumbi
463459,2022,"-23.611.628.522.207.200,00","-46.768.081.881.140.000,00",5,kilometer,888.0,"R$ 7.859,70",54.0,77.0,61.0,59.0,,morumbi
455626,2022,"-236.168.123.156.102,00","-4.673.130.048.069.580,00",5,kilometer,305.0,"R$ 7.831,82",10.0,7.0,4.0,8.0,,morumbi
458149,2022,"-23.598.857.678.143.700,00","-46.722.631.769.356.200,00",5,kilometer,232.0,"R$ 7.826,37",7.0,6.0,10.0,17.0,,morumbi
458249,2022,"-23.586.597.365.996.500,00","-4.673.941.540.691.380,00",5,kilometer,151.0,"R$ 7.816,37",4.0,7.0,12.0,8.0,,morumbi
455340,2022,"-23.625.819.183.207.500,00","-4.673.785.165.581.490,00",5,kilometer,176.0,"R$ 7.814,31",10.0,12.0,7.0,9.0,,morumbi
430914,2022,"-2.357.662.070.233.510,00","-4.671.857.662.536.830,00",5,kilometer,339.0,"R$ 7.808,55",15.0,10.0,13.0,17.0,,morumbi
430916,2022,"-2.358.478.126.000.980,00","-4.673.460.307.101.060,00",5,kilometer,414.0,"R$ 7.806,38",16.0,18.0,19.0,32.0,,morumbi
455349,2022,"-2.362.988.289.285.490,00","-4.673.841.420.262.390,00",5,kilometer,230.0,"R$ 7.805,99",5.0,5.0,5.0,9.0,,morumbi
452226,2022,"-23.635.091.632.590.100,00","-46.698.895.113.201.700,00",5,kilometer,305.0,"R$ 7.804,83",10.0,12.0,16.0,25.0,,morumbi
447228,2022,"-2.360.675.930.373.820,00","-46.724.371.615.663.100,00",5,kilometer,457.0,"R$ 7.800,14",11.0,19.0,23.0,20.0,,morumbi
431372,2022,"-23.574.385.092.763.800,00","-4.673.347.388.035.080,00",5,kilometer,418.0,"R$ 7.798,85",22.0,20.0,19.0,19.0,,morumbi
463465,2022,"-2.361.179.050.802.000,00","-46.766.759.996.689.000,00",5,kilometer,527.0,"R$ 7.788,39",21.0,31.0,52.0,27.0,,morumbi
430853,2022,"-23.583.425.580.727.800,00","-46.737.134.644.927.300,00",5,kilometer,325.0,"R$ 7.772,78",14.0,12.0,17.0,18.0,,morumbi
455452,2022,"-23.622.328.640.423.700,00","-4.673.015.250.426.730,00",5,kilometer,312.0,"R$ 7.767,16",27.0,11.0,20.0,13.0,,morumbi
441296,2022,"-23.604.324.506.528.800,00","-46.691.686.032.910.700,00",5,kilometer,242.0,"R$ 7.763,33",4.0,7.0,3.0,8.0,,morumbi
452276,2022,"-2.363.402.207.722.400,00","-46.713.848.854.923.200,00",5,kilometer,245.0,"R$ 7.762,01",0.0,5.0,7.0,7.0,,morumbi
458372,2022,"-23.593.078.017.641.700,00","-467.377.540.532.104,00",5,kilometer,272.0,"R$ 7.753,36",9.0,11.0,15.0,11.0,,morumbi
430903,2022,"-23.583.457.978.849.400,00","-46.730.038.735.505.700,00",5,kilometer,321.0,"R$ 7.735,87",13.0,20.0,18.0,18.0,,morumbi
447237,2022,"-23.608.778.560.879.100,00","-46.722.780.448.223.000,00",5,kilometer,142.0,"R$ 7.729,68",7.0,7.0,7.0,9.0,,morumbi
441326,2022,"-2.361.905.157.606.990,00","-4.668.822.484.325.570,00",5,kilometer,465.0,"R$ 7.720,68",20.0,23.0,19.0,20.0,,morumbi
430874,2022,"-23.575.813.170.473.600,00","-467.331.055.046.635,00",5,kilometer,398.0,"R$ 7.713,46",18.0,10.0,16.0,19.0,,morumbi
452325,2022,"-2.363.302.075.262.890,00","-46.693.970.055.506.000,00",5,kilometer,229.0,"R$ 7.693,36",10.0,11.0,8.0,6.0,,morumbi
455527,2022,"-2.363.452.358.783.210,00","-46.738.945.117.033.300,00",5,kilometer,249.0,"R$ 7.678,75",17.0,13.0,12.0,15.0,,morumbi
458203,2022,"-2.359.943.585.428.320,00","-4.673.032.407.344.620,00",5,kilometer,245.0,"R$ 7.674,05",4.0,4.0,8.0,6.0,,morumbi
430863,2022,"-23.578.984.250.561.600,00","-4.671.264.652.057.500,00",5,kilometer,449.0,"R$ 7.672,69",22.0,16.0,20.0,16.0,,morumbi
432717,2022,"-23.627.455.337.416.000,00","-4.674.618.918.204.990,00",5,kilometer,552.0,"R$ 7.643,32",47.0,37.0,26.0,13.0,,morumbi
458104,2022,"-23.603.067.467.599.400,00","-46.727.749.379.894.300,00",5,kilometer,300.0,"R$ 7.642,09",13.0,17.0,14.0,8.0,,morumbi
441541,2022,"-23.622.842.182.282.100,00","-4.669.238.433.362.960,00",5,kilometer,251.0,"R$ 7.635,12",10.0,6.0,14.0,12.0,,morumbi
458266,2022,"-23.594.429.710.120.700,00","-46.727.184.759.900.300,00",5,kilometer,231.0,"R$ 7.633,11",6.0,5.0,8.0,7.0,,morumbi
447294,2022,"-235.855.176.867.573,00","-4.671.399.798.507.650,00",5,kilometer,167.0,"R$ 7.624,48",5.0,0.0,7.0,3.0,,morumbi
455522,2022,"-23.622.613.850.304.000,00","-467.457.668.195.355,00",5,kilometer,679.0,"R$ 7.614,97",41.0,39.0,36.0,36.0,,morumbi
431368,2022,"-2.357.605.285.572.180,00","-4.673.129.144.898.110,00",5,kilometer,417.0,"R$ 7.595,10",14.0,21.0,13.0,18.0,,morumbi
455332,2022,"-2.361.608.187.563.160,00","-46.741.098.064.139.800,00",5,kilometer,198.0,"R$ 7.584,11",14.0,5.0,7.0,9.0,,morumbi
452282,2022,"-2.363.169.268.837.650,00","-467.126.811.757.867,00",5,kilometer,101.0,"R$ 7.581,52",6.0,,,,,morumbi
458254,2022,"-23.585.904.670.653.800,00","-4.673.974.757.108.200,00",5,kilometer,271.0,"R$ 7.574,44",16.0,14.0,11.0,10.0,,morumbi
458216,2022,"-2.361.123.560.591.630,00","-4.673.532.537.277.640,00",5,kilometer,331.0,"R$ 7.568,71",6.0,13.0,19.0,21.0,,morumbi
432862,2022,"-23.627.368.437.729.900,00","-4.674.530.692.676.100,00",5,kilometer,336.0,"R$ 7.567,45",28.0,17.0,10.0,12.0,,morumbi
431337,2022,"-2.357.864.885.604.020,00","-467.436.237.667.547,00",5,kilometer,507.0,"R$ 7.566,00",16.0,14.0,25.0,25.0,,morumbi
441524,2022,"-23.618.286.733.903.000,00","-4.669.080.082.469.190,00",5,kilometer,378.0,"R$ 7.563,42",15.0,10.0,17.0,15.0,,morumbi
458223,2022,"-23.615.321.797.013.800,00","-4.674.674.387.637.340,00",5,kilometer,206.0,"R$ 7.546,51",8.0,14.0,8.0,4.0,,morumbi
463908,2022,"-23.617.839.537.744.200,00","-4.676.984.382.499.030,00",5,kilometer,372.0,"R$ 7.545,87",17.0,33.0,27.0,21.0,,morumbi
430876,2022,"-23.573.259.855.151.600,00","-4.673.060.440.353.340,00",5,kilometer,405.0,"R$ 7.524,41",14.0,10.0,7.0,17.0,,morumbi
452202,2022,"-23.632.109.479.664.700,00","-46.703.289.801.449.500,00",5,kilometer,306.0,"R$ 7.501,09",8.0,5.0,15.0,11.0,,morumbi
430821,2022,"-23.577.129.266.763.100,00","-4.672.750.532.930.100,00",5,kilometer,318.0,"R$ 7.489,61",13.0,7.0,15.0,3.0,,morumbi
455425,2022,"-23.625.427.251.374.100,00","-4.672.785.320.849.220,00",5,kilometer,539.0,"R$ 7.480,62",50.0,37.0,29.0,31.0,,morumbi
455529,2022,"-23.632.702.668.667.400,00","-4.673.872.405.024.030,00",5,kilometer,174.0,"R$ 7.473,63",6.0,,4.0,4.0,,morumbi
430837,2022,"-23.583.126.571.734.200,00","-4.672.816.030.629.850,00",5,kilometer,451.0,"R$ 7.470,88",19.0,13.0,25.0,18.0,,morumbi
430836,2022,"-23.580.241.450.926.300,00","-4.672.589.789.533.560,00",5,kilometer,438.0,"R$ 7.461,69",9.0,21.0,21.0,22.0,,morumbi
452259,2022,"-2.362.977.655.052.300,00","-46.692.091.397.280.700,00",5,kilometer,293.0,"R$ 7.458,33",6.0,8.0,8.0,6.0,,morumbi
441540,2022,"-23.622.010.546.038.900,00","-46.689.377.689.829.200,00",5,kilometer,325.0,"R$ 7.447,39",3.0,10.0,6.0,11.0,,morumbi
430849,2022,"-23.577.655.079.968.500,00","-4.671.706.051.237.960,00",5,kilometer,251.0,"R$ 7.431,40",7.0,9.0,7.0,9.0,,morumbi
458076,2022,"-23.606.860.301.571.300,00","-4.674.001.736.995.810,00",5,kilometer,256.0,"R$ 7.427,31",3.0,12.0,13.0,9.0,,morumbi
463603,2022,"-23.600.972.652.934.900,00","-46.771.217.866.669.500,00",5,kilometer,153.0,"R$ 7.426,97",,,10.0,5.0,,morumbi
452246,2022,"-23.640.088.894.809.400,00","-4.671.337.411.177.790,00",5,kilometer,327.0,"R$ 7.426,96",7.0,12.0,9.0,15.0,,morumbi
430840,2022,"-2.358.113.485.467.480,00","-4.673.749.355.449.220,00",5,kilometer,453.0,"R$ 7.424,08",13.0,18.0,17.0,22.0,,morumbi
455347,2022,"-23.628.441.341.498.400,00","-46.736.744.358.935.200,00",5,kilometer,149.0,"R$ 7.422,07",7.0,6.0,10.0,3.0,,morumbi
463910,2022,"-23.616.694.211.598.900,00","-4.676.973.619.040.750,00",5,kilometer,365.0,"R$ 7.406,94",20.0,32.0,29.0,16.0,,morumbi
432874,2022,"-2.361.670.145.883.840,00","-4.675.928.069.259.850,00",5,kilometer,552.0,"R$ 7.401,33",37.0,28.0,49.0,35.0,,morumbi
441480,2022,"-23.613.492.175.095.000,00","-46.689.245.935.640.000,00",5,kilometer,247.0,"R$ 7.396,81",11.0,6.0,11.0,11.0,,morumbi
455307,2022,"-236.390.485.533.342,00","-4.673.436.739.760.950,00",5,kilometer,240.0,"R$ 7.392,56",10.0,15.0,6.0,7.0,,morumbi
441583,2022,"-23.606.001.726.382.600,00","-46.695.996.302.555.600,00",5,kilometer,235.0,"R$ 7.375,23",12.0,8.0,7.0,11.0,,morumbi
455381,2022,"-23.638.272.166.128.600,00","-4.673.536.193.590.220,00",5,kilometer,393.0,"R$ 7.356,36",17.0,19.0,13.0,17.0,,morumbi
452253,2022,"-23.630.135.938.576.800,00","-46.700.272.591.589.200,00",5,kilometer,303.0,"R$ 7.355,98",7.0,14.0,11.0,21.0,,morumbi
463797,2022,"-23.617.740.152.554.800,00","-46.774.416.818.267.500,00",5,kilometer,466.0,"R$ 7.343,24",36.0,35.0,33.0,27.0,,morumbi
458075,2022,"-23.606.067.583.267.800,00","-4.673.834.588.030.430,00",5,kilometer,383.0,"R$ 7.336,20",13.0,10.0,18.0,14.0,,morumbi
430906,2022,"-23.579.960.140.724.600,00","-4.673.571.949.185.630,00",5,kilometer,309.0,"R$ 7.333,14",7.0,10.0,12.0,17.0,,morumbi
455371,2022,"-23.621.575.783.909.800,00","-4.673.792.433.781.930,00",5,kilometer,254.0,"R$ 7.316,25",9.0,16.0,20.0,7.0,,morumbi
458245,2022,"-2.358.783.474.433.790,00","-4.674.424.719.372.800,00",5,kilometer,232.0,"R$ 7.302,49",8.0,9.0,,8.0,,morumbi
458167,2022,"-23.601.985.738.309.100,00","-46.742.628.054.981.600,00",5,kilometer,216.0,"R$ 7.302,07",8.0,9.0,7.0,9.0,,morumbi
455345,2022,"-2.362.612.240.040.600,00","-4.673.564.775.075.900,00",5,kilometer,120.0,"R$ 7.292,21",,,0.0,4.0,,morumbi
452309,2022,"-23.633.020.684.123.100,00","-4.671.406.039.124.350,00",5,kilometer,508.0,"R$ 7.286,32",17.0,18.0,20.0,21.0,,morumbi
431388,2022,"-23.576.351.125.770.500,00","-4.673.979.829.858.780,00",5,kilometer,506.0,"R$ 7.272,17",12.0,19.0,28.0,25.0,,morumbi
430839,2022,"-23.583.989.598.786.900,00","-4.673.196.582.266.710,00",5,kilometer,200.0,"R$ 7.268,72",,9.0,6.0,5.0,,morumbi
458074,2022,"-23.605.086.233.760.500,00","-46.738.000.789.887.400,00",5,kilometer,406.0,"R$ 7.263,81",16.0,25.0,20.0,23.0,,morumbi
458260,2022,"-2.359.095.368.891.430,00","-4.672.970.731.357.710,00",5,kilometer,166.0,"R$ 7.261,87",3.0,5.0,6.0,5.0,,morumbi
463452,2022,"-2.360.655.019.238.130,00","-4.677.287.073.455.900,00",5,kilometer,723.0,"R$ 7.256,39",26.0,37.0,39.0,51.0,,morumbi
455646,2022,"-23.623.933.423.657.500,00","-4.674.429.451.821.100,00",5,kilometer,384.0,"R$ 7.246,30",20.0,18.0,16.0,17.0,,morumbi
441479,2022,"-23.612.869.613.950.300,00","-4.669.003.712.821.680,00",5,kilometer,211.0,"R$ 7.241,67",7.0,7.0,6.0,6.0,,morumbi
463573,2022,"-23.628.655.145.229.400,00","-4.677.311.695.921.670,00",5,kilometer,601.0,"R$ 7.235,85",28.0,40.0,32.0,33.0,,morumbi
458276,2022,"-23.586.725.147.594.300,00","-46.727.608.926.457.900,00",5,kilometer,366.0,"R$ 7.229,37",7.0,3.0,17.0,13.0,,morumbi
463820,2022,"-23.617.890.489.914.500,00","-4.677.174.163.813.730,00",5,kilometer,802.0,"R$ 7.227,63",54.0,69.0,46.0,35.0,,morumbi
455653,2022,"-23.636.231.293.274.500,00","-4.673.820.434.111.740,00",5,kilometer,311.0,"R$ 7.206,51",14.0,22.0,16.0,13.0,,morumbi
447268,2022,"-23.585.539.609.519.300,00","-4.672.017.306.407.860,00",5,kilometer,257.0,"R$ 7.189,14",11.0,5.0,3.0,5.0,,morumbi
452359,2022,"-23.636.685.552.323.200,00","-4.671.784.211.018.180,00",5,kilometer,750.0,"R$ 7.184,79",20.0,15.0,10.0,17.0,,morumbi
463800,2022,"-2.361.101.203.498.940,00","-46.768.419.304.774.600,00",5,kilometer,603.0,"R$ 7.140,87",38.0,47.0,45.0,40.0,,morumbi
452234,2022,"-2.364.571.748.461.340,00","-46.706.335.366.689,00",5,kilometer,133.0,"R$ 7.109,67",5.0,6.0,,4.0,,morumbi
463612,2022,"-23.602.538.510.658.600,00","-4.676.761.018.216.220,00",5,kilometer,482.0,"R$ 7.106,26",39.0,29.0,26.0,27.0,,morumbi
430871,2022,"-2.357.919.365.694.280,00","-4.674.884.456.387.490,00",5,kilometer,394.0,"R$ 7.095,55",16.0,15.0,19.0,16.0,,morumbi
431336,2022,"-2.357.976.921.967.130,00","-46.742.793.058.399.600,00",5,kilometer,363.0,"R$ 7.075,41",12.0,13.0,18.0,17.0,,morumbi
455367,2022,"-23.619.675.281.646.300,00","-4.673.639.841.490.780,00",5,kilometer,116.0,"R$ 7.075,25",5.0,5.0,5.0,6.0,,morumbi
458224,2022,"-23.610.753.608.305.300,00","-4.674.357.279.266.160,00",5,kilometer,349.0,"R$ 7.067,88",7.0,4.0,17.0,17.0,,morumbi
432930,2022,"-23.627.265.465.006.000,00","-4.674.739.992.523.640,00",5,kilometer,335.0,"R$ 7.056,90",25.0,19.0,10.0,7.0,,morumbi
431348,2022,"-23.580.919.996.899.700,00","-4.671.649.767.368.150,00",5,kilometer,256.0,"R$ 7.050,74",3.0,9.0,7.0,10.0,,morumbi
458144,2022,"-2.361.001.361.797.260,00","-4.675.010.498.816.090,00",5,kilometer,224.0,"R$ 7.049,21",6.0,5.0,9.0,9.0,,morumbi
463798,2022,"-2.361.815.448.990.010,00","-46.774.932.394.711.500,00",5,kilometer,510.0,"R$ 7.028,09",35.0,39.0,38.0,30.0,,morumbi
458256,2022,"-23.585.925.521.680.300,00","-4.674.045.634.881.900,00",5,kilometer,314.0,"R$ 7.023,12",19.0,14.0,9.0,12.0,,morumbi
458128,2022,"-2.358.741.537.632.100,00","-4.674.487.399.413.860,00",5,kilometer,238.0,"R$ 7.012,55",7.0,6.0,10.0,9.0,,morumbi
445447,2022,"-2.365.154.195.254.730,00","-4.674.557.647.622.610,00",5,kilometer,894.0,"R$ 6.994,29",65.0,61.0,64.0,47.0,,morumbi
458127,2022,"-23.586.371.216.790.500,00","-46.745.666.377.059.300,00",5,kilometer,309.0,"R$ 6.984,64",15.0,8.0,11.0,11.0,,morumbi
432900,2022,"-23.619.724.528.686.500,00","-4.675.617.262.396.650,00",5,kilometer,382.0,"R$ 6.983,29",24.0,15.0,20.0,21.0,,morumbi
447238,2022,"-2.360.945.312.274.250,00","-4.672.307.870.442.680,00",5,kilometer,165.0,"R$ 6.965,40",12.0,7.0,13.0,8.0,,morumbi
458315,2022,"-2.360.807.161.656.460,00","-4.672.727.592.099.390,00",5,kilometer,373.0,"R$ 6.956,83",18.0,11.0,7.0,15.0,,morumbi
431363,2022,"-2.357.970.406.518.080,00","-4.674.877.538.695.780,00",5,kilometer,368.0,"R$ 6.953,44",12.0,23.0,13.0,29.0,,morumbi
452225,2022,"-23.633.355.204.520.300,00","-46.698.148.554.275.200,00",5,kilometer,245.0,"R$ 6.928,72",7.0,4.0,8.0,9.0,,morumbi
458132,2022,"-2.359.032.165.476.990,00","-4.672.905.105.444.350,00",5,kilometer,297.0,"R$ 6.922,11",14.0,8.0,,7.0,,morumbi
447206,2022,"-2.358.614.075.848.290,00","-4.672.072.194.105.840,00",5,kilometer,265.0,"R$ 6.917,65",,6.0,,,,morumbi
458247,2022,"-23.587.342.724.292.700,00","-467.420.785.205.191,00",5,kilometer,428.0,"R$ 6.907,08",9.0,19.0,17.0,21.0,,morumbi
458340,2022,"-23.611.602.761.097.600,00","-4.675.079.405.883.770,00",5,kilometer,375.0,"R$ 6.904,18",33.0,21.0,18.0,8.0,,morumbi
463611,2022,"-2.360.228.765.071.840,00","-46.768.020.656.391.600,00",5,kilometer,471.0,"R$ 6.890,20",36.0,22.0,32.0,31.0,,morumbi
458251,2022,"-23.585.676.558.948.400,00","-4.673.900.329.244.320,00",5,kilometer,333.0,"R$ 6.872,97",21.0,22.0,12.0,11.0,,morumbi
431356,2022,"-23.582.785.049.221.000,00","-4.674.451.296.976.290,00",5,kilometer,354.0,"R$ 6.872,11",18.0,16.0,17.0,12.0,,morumbi
458129,2022,"-23.585.694.914.568.600,00","-4.674.227.108.808.560,00",5,kilometer,282.0,"R$ 6.851,30",8.0,11.0,18.0,15.0,,morumbi
463610,2022,"-23.602.079.068.885.500,00","-4.676.830.558.267.510,00",5,kilometer,472.0,"R$ 6.834,85",44.0,30.0,28.0,19.0,,morumbi
458273,2022,"-23.598.480.647.299.600,00","-4.672.562.030.707.660,00",5,kilometer,545.0,"R$ 6.794,24",14.0,30.0,22.0,34.0,,morumbi
441481,2022,"-2.361.495.848.874.970,00","-46.688.575.523.824.900,00",5,kilometer,98.0,"R$ 6.785,86",4.0,6.0,,5.0,,morumbi
455624,2022,"-23.622.675.625.155.400,00","-4.672.982.837.200.720,00",5,kilometer,334.0,"R$ 6.776,19",31.0,17.0,12.0,18.0,,morumbi
452286,2022,"-2.362.581.408.219.860,00","-4.669.946.306.371.920,00",5,kilometer,332.0,"R$ 6.767,58",6.0,5.0,10.0,10.0,,morumbi
458173,2022,"-2.359.123.907.400.090,00","-46.734.468.937.936,00",5,kilometer,362.0,"R$ 6.750,92",5.0,12.0,10.0,19.0,,morumbi
458255,2022,"-23.587.321.771.163.200,00","-4.674.051.761.488.630,00",5,kilometer,388.0,"R$ 6.739,17",12.0,14.0,21.0,22.0,,morumbi
463816,2022,"-2.361.511.619.730.140,00","-46.769.550.494.649.100,00",5,kilometer,383.0,"R$ 6.690,48",26.0,37.0,27.0,19.0,,morumbi
431384,2022,"-23.580.999.667.472.300,00","-4.674.607.894.050.620,00",5,kilometer,82.0,"R$ 6.679,16",,,,4.0,,morumbi
430822,2022,"-2.357.894.654.066.090,00","-4.672.944.595.994.250,00",5,kilometer,69.0,"R$ 6.679,00",,,4.0,4.0,,morumbi
434083,2022,"-2.364.954.029.037.400,00","-4.675.725.250.597.010,00",5,kilometer,596.0,"R$ 6.675,83",15.0,23.0,25.0,23.0,,morumbi
458227,2022,"-23.611.138.514.871.100,00","-467.473.251.687.074,00",5,kilometer,248.0,"R$ 6.667,99",15.0,19.0,9.0,11.0,,morumbi
431360,2022,"-2.358.122.146.159.450,00","-4.674.552.224.184.090,00",5,kilometer,149.0,"R$ 6.654,61",6.0,9.0,6.0,5.0,,morumbi
463834,2022,"-23.602.855.156.631.400,00","-4.676.054.431.597.250,00",5,kilometer,406.0,"R$ 6.652,19",27.0,36.0,20.0,24.0,,morumbi
430888,2022,"-2.357.771.772.782.370,00","-4.673.710.521.962.600,00",5,kilometer,388.0,"R$ 6.635,71",9.0,17.0,14.0,20.0,,morumbi
432828,2022,"-23.619.749.040.778.400,00","-4.676.123.368.950.310,00",5,kilometer,773.0,"R$ 6.632,10",38.0,56.0,57.0,66.0,,morumbi
445615,2022,"-23.644.908.506.242.500,00","-46.744.683.402.379.300,00",5,kilometer,250.0,"R$ 6.631,25",12.0,8.0,7.0,8.0,,morumbi
431361,2022,"-23.581.556.258.293.500,00","-46.746.177.324.217.800,00",5,kilometer,126.0,"R$ 6.630,57",3.0,5.0,7.0,9.0,,morumbi
445448,2022,"-23.651.791.364.339.400,00","-46.744.755.429.233.100,00",5,kilometer,608.0,"R$ 6.624,83",32.0,24.0,39.0,45.0,,morumbi
430905,2022,"-23.582.174.843.569.400,00","-46.734.965.500.659.400,00",5,kilometer,253.0,"R$ 6.618,08",9.0,17.0,8.0,18.0,,morumbi
430875,2022,"-23.574.250.488.994.200,00","-4.673.173.435.770.040,00",5,kilometer,222.0,"R$ 6.615,62",6.0,5.0,6.0,6.0,,morumbi
441392,2022,"-2.360.122.675.757.400,00","-46.690.382.735.581,00",5,kilometer,243.0,"R$ 6.599,15",3.0,15.0,11.0,14.0,,morumbi
458131,2022,"-23.587.777.653.735.500,00","-46.729.670.388.251.700,00",5,kilometer,360.0,"R$ 6.592,96",6.0,9.0,16.0,17.0,,morumbi
432825,2022,"-23.617.477.381.014.400,00","-46.760.325.486.462,00",5,kilometer,599.0,"R$ 6.580,93",41.0,29.0,27.0,37.0,,morumbi
458244,2022,"-2.358.671.844.144.550,00","-4.674.530.158.959.420,00",5,kilometer,259.0,"R$ 6.574,22",9.0,9.0,11.0,9.0,,morumbi
463629,2022,"-23.611.816.814.453.900,00","-4.676.026.265.587.000,00",5,kilometer,262.0,"R$ 6.572,75",15.0,17.0,11.0,9.0,,morumbi
458261,2022,"-23.592.579.267.442.900,00","-46.728.803.423.237.900,00",5,kilometer,227.0,"R$ 6.567,20",6.0,10.0,6.0,6.0,,morumbi
463887,2022,"-23.606.917.350.631.100,00","-46.769.780.257.444.700,00",5,kilometer,353.0,"R$ 6.555,98",21.0,25.0,31.0,28.0,,morumbi
458130,2022,"-23.586.523.567.537.300,00","-4.673.934.678.375.150,00",5,kilometer,277.0,"R$ 6.555,14",9.0,4.0,7.0,22.0,,morumbi
445686,2022,"-2.365.348.385.181.800,00","-467.478.591.637.243,00",5,kilometer,236.0,"R$ 6.537,50",9.0,13.0,12.0,13.0,,morumbi
455344,2022,"-23.625.826.568.823.100,00","-46.736.412.251.587.700,00",5,kilometer,190.0,"R$ 6.535,29",4.0,3.0,5.0,9.0,,morumbi
455304,2022,"-23.638.368.806.787.200,00","-4.673.610.682.381.250,00",5,kilometer,357.0,"R$ 6.533,63",15.0,16.0,13.0,19.0,,morumbi
447187,2022,"-2.358.893.905.374.750,00","-46.716.666.096.146.800,00",5,kilometer,99.0,"R$ 6.499,88",0.0,,,,,morumbi
432826,2022,"-23.617.920.708.064.600,00","-4.676.018.865.767.190,00",5,kilometer,283.0,"R$ 6.498,12",13.0,21.0,15.0,7.0,,morumbi
430814,2022,"-23.576.330.623.186.800,00","-46.735.736.664.964.500,00",5,kilometer,377.0,"R$ 6.494,87",19.0,19.0,25.0,25.0,,morumbi
458326,2022,"-23.610.083.169.106.400,00","-4.674.493.236.287.610,00",5,kilometer,172.0,"R$ 6.486,46",6.0,13.0,6.0,6.0,,morumbi
463749,2022,"-23.610.794.001.722.300,00","-4.676.583.888.919.530,00",5,kilometer,588.0,"R$ 6.482,52",33.0,32.0,36.0,46.0,,morumbi
452207,2022,"-23.644.282.623.611.300,00","-46.701.036.548.347.600,00",5,kilometer,260.0,"R$ 6.480,80",18.0,14.0,9.0,4.0,,morumbi
447230,2022,"-2.360.956.320.083.390,00","-4.672.435.988.344.360,00",5,kilometer,478.0,"R$ 6.465,40",21.0,17.0,19.0,18.0,,morumbi
447245,2022,"-2.361.616.632.344.250,00","-4.670.271.153.802.450,00",5,kilometer,171.0,"R$ 6.458,61",5.0,6.0,7.0,8.0,,morumbi
458165,2022,"-23.606.618.351.958.900,00","-4.673.882.712.208.860,00",5,kilometer,341.0,"R$ 6.440,68",7.0,9.0,19.0,17.0,,morumbi
458166,2022,"-2.360.255.575.133.550,00","-4.674.099.596.543.710,00",5,kilometer,328.0,"R$ 6.423,00",8.0,13.0,14.0,21.0,,morumbi
441418,2022,"-23.609.128.324.358.200,00","-4.668.866.817.829.220,00",5,kilometer,225.0,"R$ 6.382,94",11.0,8.0,9.0,6.0,,morumbi
431359,2022,"-23.581.480.683.712.400,00","-46.745.641.365.337.800,00",5,kilometer,118.0,"R$ 6.379,88",,,4.0,5.0,,morumbi
452358,2022,"-23.636.080.506.366.000,00","-4.671.619.393.234.480,00",5,kilometer,11.0,"R$ 6.375,00",0.0,0.0,0.0,0.0,,morumbi
430867,2022,"-23.581.744.076.079.900,00","-467.415.481.373.088,00",5,kilometer,557.0,"R$ 6.357,60",16.0,21.0,20.0,34.0,,morumbi
432861,2022,"-2.364.188.842.701.040,00","-467.594.692.520.452,00",5,kilometer,546.0,"R$ 6.349,87",23.0,31.0,40.0,33.0,,morumbi
458078,2022,"-23.602.740.925.533.700,00","-4.674.193.851.354.970,00",5,kilometer,257.0,"R$ 6.349,32",8.0,11.0,8.0,11.0,,morumbi
458364,2022,"-23.595.624.532.410.000,00","-4.675.068.440.281.100,00",5,kilometer,361.0,"R$ 6.348,62",10.0,22.0,28.0,26.0,,morumbi
441523,2022,"-23.616.768.577.211.200,00","-4.669.064.260.324.160,00",5,kilometer,364.0,"R$ 6.347,32",8.0,17.0,15.0,12.0,,morumbi
458265,2022,"-23.594.929.811.610.300,00","-4.672.731.270.375.120,00",5,kilometer,280.0,"R$ 6.345,12",4.0,9.0,12.0,13.0,,morumbi
458365,2022,"-23.595.975.503.364.300,00","-4.674.972.868.933.600,00",5,kilometer,524.0,"R$ 6.338,68",29.0,45.0,40.0,26.0,,morumbi
463821,2022,"-23.618.076.737.525.900,00","-4.677.230.091.404.240,00",5,kilometer,717.0,"R$ 6.336,57",60.0,52.0,47.0,41.0,,morumbi
458378,2022,"-23.600.202.870.824.800,00","-4.674.149.516.445.990,00",5,kilometer,286.0,"R$ 6.305,38",9.0,13.0,11.0,14.0,,morumbi
458196,2022,"-2.358.835.787.313.580,00","-46.739.455.958.550.700,00",5,kilometer,321.0,"R$ 6.296,45",16.0,15.0,15.0,17.0,,morumbi
452349,2022,"-23.634.233.295.543.300,00","-466.946.349.637.944,00",5,kilometer,98.0,"R$ 6.285,58",,3.0,,5.0,,morumbi
445620,2022,"-23.647.537.286.521.100,00","-4.674.037.323.979.300,00",5,kilometer,531.0,"R$ 6.244,48",39.0,25.0,33.0,35.0,,morumbi
452272,2022,"-2.363.180.985.132.690,00","-467.155.407.426.761,00",5,kilometer,71.0,"R$ 6.242,92",3.0,4.0,4.0,5.0,,morumbi
458225,2022,"-2.361.031.191.202.640,00","-46.744.062.120.969.000,00",5,kilometer,383.0,"R$ 6.237,33",11.0,15.0,13.0,20.0,,morumbi
450684,2022,"-2.358.464.063.301.240,00","-4.676.113.776.588.430,00",5,kilometer,302.0,"R$ 6.230,83",9.0,17.0,13.0,20.0,,morumbi
463744,2022,"-23.608.413.022.252.600,00","-4.676.722.377.629.250,00",5,kilometer,916.0,"R$ 6.210,74",28.0,63.0,74.0,59.0,,morumbi
458368,2022,"-23.607.509.640.733.300,00","-4.674.952.448.962.830,00",5,kilometer,352.0,"R$ 6.210,62",11.0,16.0,12.0,16.0,,morumbi
455323,2022,"-2.361.676.717.794.340,00","-4.674.721.991.641.800,00",5,kilometer,680.0,"R$ 6.201,98",41.0,38.0,26.0,32.0,,morumbi
463627,2022,"-23.610.924.879.492.800,00","-4.675.722.440.668.800,00",5,kilometer,311.0,"R$ 6.188,81",11.0,13.0,11.0,14.0,,morumbi
432527,2022,"-2.364.396.157.978.080,00","-4.675.593.647.614.730,00",5,kilometer,681.0,"R$ 6.186,86",30.0,36.0,43.0,37.0,,morumbi
452148,2022,"-23.641.754.497.934.600,00","-4.671.168.735.604.570,00",5,kilometer,615.0,"R$ 6.186,84",25.0,34.0,36.0,24.0,,morumbi
463630,2022,"-23.611.844.650.339.300,00","-4.675.989.547.998.210,00",5,kilometer,259.0,"R$ 6.177,14",17.0,21.0,16.0,13.0,,morumbi
458146,2022,"-23.584.922.468.908.200,00","-4.672.579.786.106.910,00",5,kilometer,507.0,"R$ 6.173,99",9.0,11.0,20.0,19.0,,morumbi
432887,2022,"-23.624.338.049.709.200,00","-4.675.805.674.618.830,00",5,kilometer,385.0,"R$ 6.153,25",19.0,23.0,18.0,23.0,,morumbi
463628,2022,"-236.106.769.169.703,00","-46.756.413.681.031.300,00",5,kilometer,396.0,"R$ 6.151,60",10.0,11.0,19.0,19.0,,morumbi
441511,2022,"-23.615.482.188.213.400,00","-4.669.141.330.981.670,00",5,kilometer,360.0,"R$ 6.139,98",15.0,19.0,16.0,30.0,,morumbi
458158,2022,"-23.603.747.762.037.900,00","-46.739.575.688.878.100,00",5,kilometer,406.0,"R$ 6.135,62",12.0,15.0,16.0,15.0,,morumbi
455542,2022,"-23.620.786.833.104.200,00","-46.747.533.546.659.200,00",5,kilometer,454.0,"R$ 6.124,93",38.0,25.0,18.0,27.0,,morumbi
458115,2022,"-23.608.051.165.738.200,00","-4.674.589.466.917.650,00",5,kilometer,227.0,"R$ 6.123,00",9.0,10.0,10.0,11.0,,morumbi
445837,2022,"-23.644.157.387.649.400,00","-46.736.812.867.876.800,00",5,kilometer,601.0,"R$ 6.117,52",18.0,26.0,27.0,45.0,,morumbi
430880,2022,"-23.576.821.656.145.100,00","-4.673.562.192.669.260,00",5,kilometer,318.0,"R$ 6.101,03",6.0,14.0,26.0,12.0,,morumbi
450214,2022,"-23.586.607.419.615.700,00","-4.676.565.335.591.370,00",5,kilometer,111.0,"R$ 6.076,47",6.0,7.0,9.0,7.0,,morumbi
463669,2022,"-23.604.435.196.382.700,00","-4.675.175.727.773.040,00",5,kilometer,359.0,"R$ 6.073,41",20.0,27.0,20.0,20.0,,morumbi
432824,2022,"-23.617.058.047.538.500,00","-4.676.028.577.404.880,00",5,kilometer,466.0,"R$ 6.070,21",26.0,39.0,24.0,20.0,,morumbi
463886,2022,"-23.604.573.782.845.800,00","-4.677.503.078.126.860,00",5,kilometer,337.0,"R$ 6.055,57",14.0,14.0,21.0,32.0,,morumbi
458092,2022,"-2.360.371.148.811.750,00","-4.674.636.025.621.870,00",5,kilometer,276.0,"R$ 6.052,34",6.0,9.0,9.0,14.0,,morumbi
463746,2022,"-23.609.061.120.313.600,00","-4.676.656.057.302.980,00",5,kilometer,642.0,"R$ 6.051,37",31.0,49.0,50.0,55.0,,morumbi
441356,2022,"-23.618.750.159.220.400,00","-4.669.507.273.588.040,00",5,kilometer,302.0,"R$ 6.048,31",11.0,12.0,14.0,12.0,,morumbi
432830,2022,"-23.615.787.713.895.400,00","-4.675.613.751.529.030,00",5,kilometer,360.0,"R$ 6.045,18",22.0,27.0,13.0,15.0,,morumbi
431357,2022,"-23.582.100.792.833.500,00","-4.674.676.957.078.600,00",5,kilometer,313.0,"R$ 6.030,79",10.0,15.0,16.0,11.0,,morumbi
455433,2022,"-23.612.322.322.675.200,00","-4.672.781.259.195.480,00",5,kilometer,90.0,"R$ 6.019,48",5.0,,3.0,9.0,,morumbi
450838,2022,"-2.357.478.895.298.500,00","-4.673.996.216.021.680,00",5,kilometer,341.0,"R$ 6.019,05",7.0,11.0,13.0,16.0,,morumbi
458366,2022,"-2.361.161.998.181.790,00","-4.674.699.285.494.270,00",5,kilometer,372.0,"R$ 6.013,73",12.0,15.0,13.0,17.0,,morumbi
458234,2022,"-23.594.659.679.189.600,00","-4.675.761.381.174.860,00",5,kilometer,341.0,"R$ 6.005,28",12.0,22.0,16.0,22.0,,morumbi
430886,2022,"-23.578.503.988.586.200,00","-4.672.979.720.278.990,00",5,kilometer,496.0,"R$ 5.994,61",8.0,26.0,24.0,24.0,,morumbi
432936,2022,"-2.361.805.768.392.040,00","-4.675.909.302.822.690,00",5,kilometer,294.0,"R$ 5.926,79",13.0,19.0,16.0,24.0,,morumbi
455441,2022,"-23.613.672.036.486.800,00","-4.672.954.153.893.640,00",5,kilometer,287.0,"R$ 5.896,46",16.0,13.0,16.0,8.0,,morumbi
455530,2022,"-23.632.168.945.085.400,00","-4.673.830.952.322.940,00",5,kilometer,247.0,"R$ 5.895,10",15.0,14.0,11.0,12.0,,morumbi
458134,2022,"-23.594.251.925.169.500,00","-467.284.555.817.701,00",5,kilometer,227.0,"R$ 5.881,81",6.0,6.0,8.0,7.0,,morumbi
452362,2022,"-23.647.925.660.868.900,00","-4.671.365.341.078.870,00",5,kilometer,334.0,"R$ 5.878,25",9.0,18.0,14.0,6.0,,morumbi
458188,2022,"-2.359.914.484.820.360,00","-4.675.152.942.419.080,00",5,kilometer,364.0,"R$ 5.852,91",12.0,19.0,25.0,21.0,,morumbi
432625,2022,"-2.364.776.600.934.870,00","-467.608.419.520.596,00",5,kilometer,715.0,"R$ 5.846,36",26.0,35.0,31.0,61.0,,morumbi
450657,2022,"-235.766.016.909.477,00","-46.746.165.936.350.800,00",5,kilometer,329.0,"R$ 5.844,44",14.0,15.0,13.0,10.0,,morumbi
430815,2022,"-23.574.885.343.914.000,00","-467.365.799.395.675,00",5,kilometer,657.0,"R$ 5.844,37",20.0,22.0,22.0,26.0,,morumbi
432843,2022,"-23.646.834.523.275.700,00","-4.675.796.328.668.150,00",5,kilometer,450.0,"R$ 5.831,33",20.0,28.0,33.0,38.0,,morumbi
432465,2022,"-2.363.943.330.640.070,00","-4.675.898.652.067.330,00",5,kilometer,270.0,"R$ 5.826,36",16.0,7.0,19.0,17.0,,morumbi
455330,2022,"-23.616.770.108.082.600,00","-46.743.755.010.061.100,00",5,kilometer,355.0,"R$ 5.817,95",14.0,17.0,8.0,13.0,,morumbi
432832,2022,"-2.361.708.894.947.030,00","-4.675.598.567.471.280,00",5,kilometer,408.0,"R$ 5.808,61",37.0,23.0,24.0,14.0,,morumbi
452284,2022,"-23.624.928.705.256.000,00","-4.669.756.438.367.230,00",5,kilometer,42.0,"R$ 5.805,32",0.0,0.0,0.0,,,morumbi
431383,2022,"-23.582.363.301.048.400,00","-4.674.539.204.063.620,00",5,kilometer,376.0,"R$ 5.801,63",25.0,23.0,20.0,20.0,,morumbi
458274,2022,"-23.616.070.232.695.800,00","-4.674.882.702.669.920,00",5,kilometer,388.0,"R$ 5.796,90",13.0,16.0,18.0,19.0,,morumbi
452163,2022,"-2.363.321.097.509.030,00","-4.671.072.329.398.700,00",5,kilometer,300.0,"R$ 5.781,47",7.0,11.0,11.0,8.0,,morumbi
445624,2022,"-23.643.932.810.939.700,00","-4.673.895.122.018.990,00",5,kilometer,449.0,"R$ 5.778,38",9.0,16.0,17.0,27.0,,morumbi
463634,2022,"-23.620.505.396.704.200,00","-46.765.387.873.912.400,00",5,kilometer,456.0,"R$ 5.773,95",20.0,34.0,29.0,29.0,,morumbi
452248,2022,"-23.637.240.773.693.100,00","-4.671.063.257.392.690,00",5,kilometer,349.0,"R$ 5.759,24",10.0,9.0,16.0,17.0,,morumbi
430842,2022,"-23.578.017.182.976.400,00","-4.674.099.784.079.470,00",5,kilometer,409.0,"R$ 5.759,22",14.0,20.0,14.0,20.0,,morumbi
463666,2022,"-23.604.524.239.926.200,00","-467.589.834.967.135,00",5,kilometer,509.0,"R$ 5.752,50",33.0,22.0,31.0,19.0,,morumbi
450870,2022,"-23.575.309.953.167.800,00","-46.743.946.501.679.600,00",5,kilometer,433.0,"R$ 5.751,61",18.0,16.0,25.0,22.0,,morumbi
455348,2022,"-2.362.773.000.178.140,00","-46.736.645.495.415.900,00",5,kilometer,301.0,"R$ 5.726,49",12.0,13.0,8.0,15.0,,morumbi
432935,2022,"-23.626.677.787.749.100,00","-4.675.672.674.582.640,00",5,kilometer,345.0,"R$ 5.725,41",31.0,20.0,20.0,14.0,,morumbi
458126,2022,"-23.585.817.422.961.800,00","-4.674.644.477.091.970,00",5,kilometer,222.0,"R$ 5.717,15",3.0,10.0,8.0,9.0,,morumbi
432842,2022,"-23.646.235.170.897.400,00","-4.675.867.075.691.700,00",5,kilometer,583.0,"R$ 5.715,81",24.0,27.0,27.0,36.0,,morumbi
452326,2022,"-23.647.024.119.195.600,00","-46.706.656.513.773.100,00",5,kilometer,345.0,"R$ 5.709,45",11.0,14.0,13.0,8.0,,morumbi
452252,2022,"-23.628.837.732.820.100,00","-4.669.897.556.022.150,00",5,kilometer,289.0,"R$ 5.698,64",10.0,13.0,12.0,12.0,,morumbi
458145,2022,"-2.358.633.256.097.520,00","-4.672.931.054.167.020,00",5,kilometer,320.0,"R$ 5.694,99",7.0,28.0,20.0,15.0,,morumbi
430879,2022,"-2.357.880.293.404.280,00","-46.732.833.265.853.500,00",5,kilometer,253.0,"R$ 5.680,10",4.0,19.0,20.0,10.0,,morumbi
463605,2022,"-23.604.900.904.613.200,00","-4.677.181.173.544.790,00",5,kilometer,787.0,"R$ 5.677,41",30.0,51.0,30.0,40.0,,morumbi
463807,2022,"-2.361.019.293.754.280,00","-467.679.103.922.653,00",5,kilometer,491.0,"R$ 5.671,78",30.0,20.0,33.0,27.0,,morumbi
445683,2022,"-23.651.702.643.054.000,00","-4.674.715.124.077.230,00",5,kilometer,187.0,"R$ 5.658,60",24.0,9.0,10.0,4.0,,morumbi
463796,2022,"-2.361.730.164.682.210,00","-4.677.502.473.168.250,00",5,kilometer,439.0,"R$ 5.649,01",28.0,33.0,31.0,31.0,,morumbi
432782,2022,"-23.642.828.342.969.300,00","-46.767.701.379.696.800,00",5,kilometer,712.0,"R$ 5.646,62",41.0,42.0,37.0,31.0,,morumbi
458232,2022,"-23.592.828.223.753.200,00","-4.675.748.308.946.470,00",5,kilometer,309.0,"R$ 5.625,00",23.0,18.0,24.0,23.0,,morumbi
463458,2022,"-23.611.148.512.189.300,00","-4.676.721.541.480.760,00",5,kilometer,519.0,"R$ 5.621,51",30.0,43.0,32.0,35.0,,morumbi
450154,2022,"-23.590.117.637.950.300,00","-4.677.037.676.423.140,00",5,kilometer,263.0,"R$ 5.620,48",4.0,10.0,6.0,13.0,,morumbi
458258,2022,"-23.589.365.940.696.200,00","-46.731.206.999.316.400,00",5,kilometer,442.0,"R$ 5.580,33",16.0,13.0,12.0,18.0,,morumbi
463433,2022,"-2.360.576.815.018.560,00","-46.750.674.586.618.100,00",5,kilometer,436.0,"R$ 5.568,17",15.0,19.0,22.0,28.0,,morumbi
452294,2022,"-23.651.049.591.334.400,00","-4.671.740.035.548.660,00",5,kilometer,375.0,"R$ 5.545,47",7.0,14.0,7.0,12.0,,morumbi
445446,2022,"-23.651.872.032.664.200,00","-4.674.945.522.738.540,00",5,kilometer,633.0,"R$ 5.536,09",30.0,28.0,36.0,38.0,,morumbi
432528,2022,"-236.451.577.487.148,00","-46.756.613.089.125.500,00",5,kilometer,721.0,"R$ 5.532,24",25.0,37.0,50.0,57.0,,morumbi
458267,2022,"-23.596.694.239.357.800,00","-46.727.360.132.346.000,00",5,kilometer,281.0,"R$ 5.530,19",10.0,12.0,16.0,15.0,,morumbi
432896,2022,"-236.183.234.779.714,00","-4.675.628.491.148.700,00",5,kilometer,204.0,"R$ 5.526,87",9.0,13.0,11.0,13.0,,morumbi
430855,2022,"-23.580.727.789.701.000,00","-46.740.802.597.909.200,00",5,kilometer,206.0,"R$ 5.524,38",6.0,4.0,7.0,12.0,,morumbi
458172,2022,"-23.595.197.463.153.500,00","-46.742.195.123.711.100,00",5,kilometer,179.0,"R$ 5.519,42",3.0,5.0,6.0,13.0,,morumbi
450215,2022,"-23.591.235.408.332.500,00","-4.676.410.989.230.850,00",5,kilometer,400.0,"R$ 5.518,33",22.0,20.0,14.0,17.0,,morumbi
430870,2022,"-2.358.269.827.656.920,00","-4.674.846.842.571.610,00",5,kilometer,430.0,"R$ 5.517,58",9.0,19.0,19.0,31.0,,morumbi
463609,2022,"-23.602.003.970.914.400,00","-467.687.375.378.877,00",5,kilometer,505.0,"R$ 5.516,13",40.0,32.0,36.0,33.0,,morumbi
450701,2022,"-23.583.129.655.114,00","-4.675.219.735.016.490,00",5,kilometer,314.0,"R$ 5.489,35",9.0,14.0,21.0,15.0,,morumbi
452301,2022,"-23.646.862.657.892.400,00","-46.720.440.526.178.300,00",5,kilometer,572.0,"R$ 5.489,06",21.0,14.0,11.0,17.0,,morumbi
463810,2022,"-23.610.256.955.314.500,00","-4.676.704.941.546.650,00",5,kilometer,481.0,"R$ 5.469,66",33.0,33.0,24.0,26.0,,morumbi
452363,2022,"-23.647.039.340.296.500,00","-4.671.200.974.961.640,00",5,kilometer,212.0,"R$ 5.468,93",12.0,5.0,11.0,8.0,,morumbi
463626,2022,"-23.610.314.062.913.100,00","-4.675.739.082.148.050,00",5,kilometer,481.0,"R$ 5.468,85",16.0,13.0,18.0,28.0,,morumbi
458140,2022,"-23.600.899.030.821.500,00","-46.726.876.546.687.200,00",5,kilometer,590.0,"R$ 5.442,63",28.0,30.0,30.0,27.0,,morumbi
431335,2022,"-2.358.156.602.659.900,00","-46.739.713.073.898.400,00",5,kilometer,397.0,"R$ 5.435,90",15.0,18.0,19.0,17.0,,morumbi
432696,2022,"-23.628.926.412.152.600,00","-4.674.927.538.495.060,00",5,kilometer,503.0,"R$ 5.429,98",36.0,27.0,29.0,19.0,,morumbi
450662,2022,"-2.357.969.939.530.640,00","-46.759.488.729.678.000,00",5,kilometer,426.0,"R$ 5.423,54",12.0,20.0,20.0,22.0,,morumbi
463457,2022,"-23.620.157.240.706.400,00","-4.676.594.394.070.190,00",5,kilometer,497.0,"R$ 5.417,58",20.0,43.0,41.0,28.0,,morumbi
463806,2022,"-23.613.453.368.117.200,00","-4.676.761.247.433.060,00",5,kilometer,477.0,"R$ 5.388,83",26.0,25.0,32.0,21.0,,morumbi
458268,2022,"-23.598.633.468.064.300,00","-4.672.778.922.864.710,00",5,kilometer,341.0,"R$ 5.386,65",10.0,18.0,8.0,13.0,,morumbi
432531,2022,"-23.641.384.694.260.200,00","-4.675.886.154.540.660,00",5,kilometer,487.0,"R$ 5.385,99",31.0,36.0,40.0,30.0,,morumbi
432846,2022,"-23.617.399.741.825.800,00","-4.675.558.751.922.430,00",5,kilometer,401.0,"R$ 5.382,49",39.0,25.0,18.0,21.0,,morumbi
432946,2022,"-23.616.384.081.218.900,00","-46.752.729.534.285.700,00",5,kilometer,712.0,"R$ 5.379,45",29.0,37.0,34.0,28.0,,morumbi
441313,2022,"-2.361.277.985.476.550,00","-466.933.974.001.074,00",5,kilometer,318.0,"R$ 5.379,17",12.0,15.0,24.0,19.0,,morumbi
458116,2022,"-23.609.988.867.410.100,00","-4.674.716.193.041.430,00",5,kilometer,353.0,"R$ 5.377,55",10.0,11.0,14.0,15.0,,morumbi
450212,2022,"-23.587.112.589.959.200,00","-467.655.413.199.455,00",5,kilometer,249.0,"R$ 5.372,16",20.0,11.0,10.0,20.0,,morumbi
430878,2022,"-23.576.097.377.517.200,00","-4.672.934.080.251.540,00",5,kilometer,245.0,"R$ 5.363,53",7.0,8.0,13.0,7.0,,morumbi
458142,2022,"-23.614.374.784.719.100,00","-46.749.525.900.130.000,00",5,kilometer,245.0,"R$ 5.352,48",6.0,11.0,8.0,10.0,,morumbi
432513,2022,"-23.623.010.014.356.300,00","-4.675.842.179.713.820,00",5,kilometer,588.0,"R$ 5.351,77",25.0,28.0,35.0,38.0,,morumbi
458231,2022,"-2.359.339.162.241.200,00","-46.756.882.277.842.200,00",5,kilometer,364.0,"R$ 5.337,96",18.0,21.0,15.0,25.0,,morumbi
450839,2022,"-23.573.181.699.396.600,00","-46.741.825.371.259.300,00",5,kilometer,312.0,"R$ 5.330,04",9.0,10.0,13.0,15.0,,morumbi
432899,2022,"-23.619.144.698.898.100,00","-4.675.629.629.429.360,00",5,kilometer,435.0,"R$ 5.327,35",26.0,22.0,18.0,24.0,,morumbi
430813,2022,"-2.357.738.733.809.360,00","-467.326.678.538.107,00",5,kilometer,905.0,"R$ 5.317,39",33.0,48.0,46.0,51.0,,morumbi
455365,2022,"-23.617.761.646.496.800,00","-4.673.247.086.750.730,00",5,kilometer,157.0,"R$ 5.310,76",3.0,10.0,8.0,3.0,,morumbi
430904,2022,"-235.862.660.143.345,00","-46.732.855.309.489.900,00",5,kilometer,398.0,"R$ 5.296,26",12.0,19.0,15.0,21.0,,morumbi
452364,2022,"-23.647.379.035.240.100,00","-4.671.309.830.567.430,00",5,kilometer,345.0,"R$ 5.285,35",15.0,14.0,10.0,17.0,,morumbi
458187,2022,"-23.599.051.397.336.700,00","-4.675.242.451.844.390,00",5,kilometer,348.0,"R$ 5.274,85",18.0,19.0,15.0,11.0,,morumbi
445675,2022,"-2.364.722.983.766.980,00","-467.488.019.055.489,00",5,kilometer,400.0,"R$ 5.274,31",29.0,20.0,10.0,14.0,,morumbi
432532,2022,"-23.642.166.644.092.200,00","-4.675.927.759.297.600,00",5,kilometer,391.0,"R$ 5.269,01",28.0,23.0,37.0,19.0,,morumbi
432626,2022,"-23.647.779.706.657.000,00","-46.758.725.355.834.300,00",5,kilometer,507.0,"R$ 5.264,85",17.0,30.0,26.0,38.0,,morumbi
432831,2022,"-23.617.065.791.667.000,00","-4.675.427.118.643.100,00",5,kilometer,700.0,"R$ 5.256,50",56.0,49.0,26.0,35.0,,morumbi
432881,2022,"-2.362.174.531.752.060,00","-4.675.140.118.454.340,00",5,kilometer,436.0,"R$ 5.238,75",20.0,21.0,26.0,26.0,,morumbi
430901,2022,"-23.576.686.612.066.500,00","-46.723.686.350.560.500,00",5,kilometer,246.0,"R$ 5.233,45",8.0,10.0,12.0,10.0,,morumbi
463803,2022,"-23.611.828.053.053.900,00","-4.676.751.406.990.720,00",5,kilometer,435.0,"R$ 5.225,56",40.0,39.0,21.0,27.0,,morumbi
463743,2022,"-23.601.252.047.600.900,00","-467.625.951.745.079,00",5,kilometer,395.0,"R$ 5.223,50",17.0,17.0,22.0,34.0,,morumbi
463635,2022,"-23.620.760.770.926.100,00","-4.676.573.932.742.160,00",5,kilometer,514.0,"R$ 5.220,57",30.0,44.0,42.0,34.0,,morumbi
458183,2022,"-2.360.545.763.707.800,00","-4.674.942.108.175.600,00",5,kilometer,312.0,"R$ 5.216,08",8.0,17.0,15.0,17.0,,morumbi
463899,2022,"-23.617.476.833.451.400,00","-4.677.312.443.011.050,00",5,kilometer,381.0,"R$ 5.206,34",21.0,26.0,24.0,23.0,,morumbi
463809,2022,"-23.610.673.806.745.200,00","-46.767.584.603.935,00",5,kilometer,521.0,"R$ 5.204,46",38.0,46.0,45.0,27.0,,morumbi
463462,2022,"-2.360.973.049.931.000,00","-46.768.243.428.434.300,00",5,kilometer,491.0,"R$ 5.202,87",30.0,32.0,25.0,26.0,,morumbi
450275,2022,"-2.358.675.437.791.320,00","-4.676.384.763.100.640,00",5,kilometer,573.0,"R$ 5.201,84",15.0,25.0,40.0,37.0,,morumbi
458143,2022,"-2.361.145.968.731.170,00","-46.748.773.587.901.800,00",5,kilometer,63.0,"R$ 5.200,55",7.0,,5.0,7.0,,morumbi
458306,2022,"-23.591.089.482.437.500,00","-4.674.318.488.610.320,00",5,kilometer,628.0,"R$ 5.192,76",28.0,40.0,34.0,44.0,,morumbi
458135,2022,"-23.595.629.761.933.900,00","-4.672.629.933.170.430,00",5,kilometer,573.0,"R$ 5.179,67",16.0,27.0,30.0,29.0,,morumbi
458164,2022,"-23.603.462.206.943.700,00","-467.374.300.686.684,00",5,kilometer,351.0,"R$ 5.171,95",21.0,16.0,13.0,22.0,,morumbi
430835,2022,"-23.575.333.601.690.100,00","-46.724.694.771.548.600,00",5,kilometer,197.0,"R$ 5.171,24",12.0,6.0,4.0,8.0,,morumbi
458199,2022,"-23.593.266.388.744.900,00","-4.673.042.427.468.450,00",5,kilometer,250.0,"R$ 5.165,97",6.0,5.0,11.0,12.0,,morumbi
463461,2022,"-23.609.000.761.250.600,00","-4.676.863.657.475.760,00",5,kilometer,498.0,"R$ 5.165,52",27.0,37.0,35.0,31.0,,morumbi
458205,2022,"-23.603.896.888.108.100,00","-46.730.634.518.331.000,00",5,kilometer,378.0,"R$ 5.160,95",11.0,11.0,11.0,20.0,,morumbi
432916,2022,"-23.616.318.905.868.500,00","-4.675.546.184.522.100,00",5,kilometer,367.0,"R$ 5.160,62",22.0,28.0,13.0,20.0,,morumbi
452173,2022,"-23.645.894.881.560.400,00","-4.671.896.209.954.900,00",5,kilometer,511.0,"R$ 5.150,77",9.0,15.0,20.0,24.0,,morumbi
452174,2022,"-23.626.412.592.579.300,00","-46.708.715.173.287.000,00",5,kilometer,362.0,"R$ 5.149,90",23.0,7.0,16.0,17.0,,morumbi
430873,2022,"-23.585.518.404.312.000,00","-4.675.257.807.973.930,00",5,kilometer,1154.0,"R$ 5.130,68",64.0,71.0,57.0,48.0,,morumbi
463721,2022,"-23.607.742.278.614.900,00","-4.677.466.838.542.020,00",5,kilometer,453.0,"R$ 5.120,95",19.0,27.0,25.0,32.0,,morumbi
463411,2022,"-23.611.194.817.462.200,00","-4.676.329.320.022.740,00",5,kilometer,571.0,"R$ 5.112,81",20.0,29.0,31.0,33.0,,morumbi
463898,2022,"-23.617.831.613.011.000,00","-467.729.416.963.058,00",5,kilometer,390.0,"R$ 5.109,79",22.0,24.0,28.0,18.0,,morumbi
450786,2022,"-23.582.051.270.269.600,00","-4.676.035.796.632.920,00",5,kilometer,480.0,"R$ 5.103,60",19.0,14.0,21.0,28.0,,morumbi
458093,2022,"-2.360.162.174.436.430,00","-46.748.416.986.584.400,00",5,kilometer,147.0,"R$ 5.098,07",4.0,,7.0,5.0,,morumbi
432694,2022,"-2.362.985.727.744.060,00","-4.674.927.971.278.050,00",5,kilometer,521.0,"R$ 5.095,36",27.0,28.0,26.0,31.0,,morumbi
445682,2022,"-2.365.048.123.680.300,00","-4.674.708.944.308.950,00",5,kilometer,309.0,"R$ 5.092,96",25.0,14.0,7.0,16.0,,morumbi
463446,2022,"-23.620.420.153.894.700,00","-46.766.174.964.290.100,00",5,kilometer,483.0,"R$ 5.084,79",16.0,23.0,39.0,43.0,,morumbi
458098,2022,"-23.595.277.927.653.600,00","-46.733.482.812.654.200,00",5,kilometer,428.0,"R$ 5.078,55",17.0,13.0,12.0,16.0,,morumbi
445463,2022,"-23.646.249.255.156.500,00","-46.745.645.090.093.800,00",5,kilometer,937.0,"R$ 5.067,65",34.0,46.0,55.0,54.0,,morumbi
463606,2022,"-23.605.629.516.720.700,00","-46.770.140.078.179.900,00",5,kilometer,533.0,"R$ 5.061,33",20.0,20.0,28.0,34.0,,morumbi
463805,2022,"-23.612.809.653.780.200,00","-4.676.728.392.296.280,00",5,kilometer,475.0,"R$ 5.058,94",35.0,35.0,25.0,18.0,,morumbi
458083,2022,"-23.594.983.999.544.600,00","-4.674.178.279.001.900,00",5,kilometer,788.0,"R$ 5.053,45",22.0,14.0,14.0,19.0,,morumbi
458200,2022,"-2.359.603.110.148.650,00","-4.673.222.794.989.490,00",5,kilometer,257.0,"R$ 5.053,34",6.0,9.0,11.0,9.0,,morumbi
430852,2022,"-23.585.287.194.427.200,00","-4.673.519.372.674.790,00",5,kilometer,393.0,"R$ 5.042,49",20.0,17.0,18.0,25.0,,morumbi
463653,2022,"-23.601.157.169.344.500,00","-467.674.988.680.597,00",5,kilometer,306.0,"R$ 5.028,85",14.0,16.0,13.0,18.0,,morumbi
452331,2022,"-2.364.338.421.908.410,00","-46.722.995.287.900.400,00",5,kilometer,316.0,"R$ 4.994,38",12.0,13.0,13.0,16.0,,morumbi
430917,2022,"-23.586.067.447.899.200,00","-46.736.291.155.622.500,00",5,kilometer,404.0,"R$ 4.976,59",9.0,20.0,23.0,22.0,,morumbi
432572,2022,"-23.630.748.957.331.500,00","-4.676.004.878.988.630,00",5,kilometer,509.0,"R$ 4.968,15",29.0,28.0,34.0,25.0,,morumbi
463906,2022,"-23.621.273.012.226.600,00","-4.676.654.120.849.210,00",5,kilometer,299.0,"R$ 4.962,87",22.0,35.0,22.0,18.0,,morumbi
452184,2022,"-2.364.131.399.310.970,00","-46.713.437.007.827.500,00",5,kilometer,463.0,"R$ 4.962,33",26.0,22.0,28.0,24.0,,morumbi
463804,2022,"-236.123.233.213.736,00","-46.767.074.593.421.100,00",5,kilometer,472.0,"R$ 4.961,56",32.0,21.0,29.0,22.0,,morumbi
430884,2022,"-2.357.637.732.813.480,00","-4.672.744.199.566.300,00",5,kilometer,273.0,"R$ 4.949,32",9.0,13.0,6.0,10.0,,morumbi
452149,2022,"-2.363.864.669.891.010,00","-4.671.192.779.261.080,00",5,kilometer,590.0,"R$ 4.942,92",16.0,19.0,25.0,16.0,,morumbi
452375,2022,"-23.638.733.577.082.500,00","-4.671.413.974.319.100,00",5,kilometer,333.0,"R$ 4.941,22",16.0,13.0,12.0,14.0,,morumbi
463464,2022,"-23.610.724.448.016.900,00","-4.676.456.439.340.730,00",5,kilometer,432.0,"R$ 4.937,81",24.0,36.0,39.0,33.0,,morumbi
463381,2022,"-23.617.947.213.956.000,00","-4.677.111.916.414.970,00",5,kilometer,707.0,"R$ 4.936,53",30.0,49.0,36.0,36.0,,morumbi
458314,2022,"-23.589.982.694.412.600,00","-4.673.987.335.352.200,00",5,kilometer,191.0,"R$ 4.925,31",3.0,6.0,5.0,15.0,,morumbi
450700,2022,"-2.358.180.853.436.260,00","-4.675.070.409.043.540,00",5,kilometer,422.0,"R$ 4.915,28",8.0,25.0,22.0,21.0,,morumbi
432841,2022,"-23.619.027.167.500.900,00","-46.760.000.729.718.100,00",5,kilometer,291.0,"R$ 4.909,26",14.0,14.0,13.0,15.0,,morumbi
458067,2022,"-23.597.478.509.246.000,00","-46.739.150.926.603.600,00",5,kilometer,231.0,"R$ 4.904,47",11.0,7.0,11.0,20.0,,morumbi
432590,2022,"-23.619.718.626.287.300,00","-4.675.292.017.351.400,00",5,kilometer,314.0,"R$ 4.904,14",12.0,11.0,18.0,6.0,,morumbi
450353,2022,"-23.599.511.045.909.300,00","-46.779.397.636.493.200,00",5,kilometer,583.0,"R$ 4.903,51",32.0,35.0,43.0,55.0,,morumbi
452165,2022,"-2.362.860.897.843.690,00","-4.670.315.786.314.340,00",5,kilometer,447.0,"R$ 4.900,89",11.0,19.0,13.0,13.0,,morumbi
458339,2022,"-23.611.190.194.243.000,00","-4.675.102.892.738.560,00",5,kilometer,367.0,"R$ 4.900,88",30.0,15.0,21.0,13.0,,morumbi
432456,2022,"-23.632.488.294.390.600,00","-4.677.029.516.862.470,00",5,kilometer,646.0,"R$ 4.897,99",28.0,33.0,45.0,36.0,,morumbi
432798,2022,"-23.631.502.867.224.600,00","-46.761.125.470.156.500,00",5,kilometer,704.0,"R$ 4.891,68",69.0,52.0,40.0,22.0,,morumbi
452146,2022,"-23.646.250.610.850.500,00","-4.671.368.895.579.390,00",5,kilometer,348.0,"R$ 4.872,04",13.0,19.0,14.0,18.0,,morumbi
463915,2022,"-23.612.908.805.450.100,00","-4.677.447.525.641.420,00",5,kilometer,228.0,"R$ 4.870,36",8.0,16.0,10.0,12.0,,morumbi
463808,2022,"-2.360.969.918.598.190,00","-46.767.506.744.016.500,00",5,kilometer,501.0,"R$ 4.868,73",20.0,33.0,35.0,34.0,,morumbi
432844,2022,"-23.617.929.320.291.300,00","-467.547.599.560.426,00",5,kilometer,439.0,"R$ 4.836,78",16.0,19.0,21.0,21.0,,morumbi
445466,2022,"-2.364.992.819.865.420,00","-4.673.667.236.764.360,00",5,kilometer,481.0,"R$ 4.833,29",23.0,32.0,31.0,30.0,,morumbi
458133,2022,"-23.591.437.374.071.900,00","-46.727.636.894.102.100,00",5,kilometer,257.0,"R$ 4.830,03",,11.0,15.0,13.0,,morumbi
463896,2022,"-23.618.524.076.518.500,00","-46.773.000.359.671.400,00",5,kilometer,381.0,"R$ 4.827,44",23.0,13.0,26.0,24.0,,morumbi
455543,2022,"-2.362.161.360.060.540,00","-4.674.714.277.649.900,00",5,kilometer,473.0,"R$ 4.823,61",37.0,24.0,31.0,23.0,,morumbi
432827,2022,"-23.618.184.003.465.000,00","-46.760.651.099.590.100,00",5,kilometer,280.0,"R$ 4.819,07",18.0,6.0,17.0,20.0,,morumbi
452350,2022,"-2.363.279.276.583.130,00","-4.669.644.728.395.770,00",5,kilometer,159.0,"R$ 4.818,07",,6.0,3.0,8.0,,morumbi
447233,2022,"-2.361.113.730.798.890,00","-467.242.528.861.729,00",5,kilometer,228.0,"R$ 4.817,39",9.0,16.0,16.0,14.0,,morumbi
432554,2022,"-23.620.141.747.844.800,00","-46.752.390.472.750.200,00",5,kilometer,346.0,"R$ 4.816,11",8.0,24.0,18.0,20.0,,morumbi
450660,2022,"-23.580.203.957.299.300,00","-46.755.223.357.943.800,00",5,kilometer,574.0,"R$ 4.810,83",15.0,34.0,33.0,41.0,,morumbi
430812,2022,"-23.576.371.027.349.100,00","-4.673.002.281.602.300,00",5,kilometer,338.0,"R$ 4.807,65",12.0,16.0,10.0,6.0,,morumbi
458323,2022,"-2.358.864.274.958.190,00","-4.674.936.886.986.380,00",5,kilometer,398.0,"R$ 4.806,43",23.0,20.0,19.0,26.0,,morumbi
463422,2022,"-23.606.288.943.063.500,00","-46.753.270.444.627.000,00",5,kilometer,295.0,"R$ 4.798,08",13.0,16.0,12.0,19.0,,morumbi
445470,2022,"-23.644.877.861.181.500,00","-4.674.024.584.028.690,00",5,kilometer,638.0,"R$ 4.791,38",19.0,27.0,30.0,38.0,,morumbi
450781,2022,"-23.580.896.660.378.900,00","-46.759.563.841.748.200,00",5,kilometer,410.0,"R$ 4.776,33",20.0,27.0,16.0,22.0,,morumbi
432895,2022,"-23.617.680.658.736.900,00","-4.675.903.115.430.470,00",5,kilometer,242.0,"R$ 4.762,86",16.0,9.0,4.0,16.0,,morumbi
445413,2022,"-23.655.905.360.116.200,00","-4.674.272.857.120.370,00",5,kilometer,634.0,"R$ 4.758,47",29.0,33.0,48.0,56.0,,morumbi
463802,2022,"-2.361.249.430.895.560,00","-46.767.815.118.703,00",5,kilometer,480.0,"R$ 4.735,84",35.0,23.0,30.0,25.0,,morumbi
458077,2022,"-23.603.822.945.221.400,00","-46.740.642.037.689.400,00",5,kilometer,396.0,"R$ 4.735,05",19.0,15.0,18.0,20.0,,morumbi
430883,2022,"-2.357.587.273.725.590,00","-4.672.754.932.348.300,00",5,kilometer,251.0,"R$ 4.728,38",8.0,11.0,10.0,14.0,,morumbi
450213,2022,"-23.586.776.834.930.900,00","-4.676.545.353.912.980,00",5,kilometer,188.0,"R$ 4.723,33",9.0,9.0,7.0,7.0,,morumbi
450813,2022,"-23.583.885.880.400.800,00","-4.676.302.121.280.100,00",5,kilometer,351.0,"R$ 4.720,90",12.0,16.0,9.0,10.0,,morumbi
452308,2022,"-23.632.596.045.975.900,00","-46.714.570.684.099.700,00",5,kilometer,157.0,"R$ 4.718,27",6.0,9.0,5.0,6.0,,morumbi
455649,2022,"-23.632.895.812.160.300,00","-4.674.095.241.420.820,00",5,kilometer,371.0,"R$ 4.714,10",24.0,24.0,14.0,16.0,,morumbi
432787,2022,"-236.399.765.984.203,00","-4.677.060.918.622.890,00",5,kilometer,613.0,"R$ 4.704,70",49.0,33.0,31.0,21.0,,morumbi
432556,2022,"-23.620.534.872.972.800,00","-4.675.257.013.942.390,00",5,kilometer,311.0,"R$ 4.702,47",14.0,13.0,14.0,18.0,,morumbi
432738,2022,"-23.623.307.827.296.600,00","-46.760.795.632.859.700,00",5,kilometer,645.0,"R$ 4.699,76",17.0,20.0,44.0,45.0,,morumbi
458316,2022,"-23.606.165.278.026.300,00","-4.672.735.934.972.910,00",5,kilometer,234.0,"R$ 4.696,20",9.0,22.0,21.0,12.0,,morumbi
455535,2022,"-23.635.548.909.990.900,00","-4.673.980.685.429.160,00",5,kilometer,470.0,"R$ 4.692,92",38.0,39.0,26.0,29.0,,morumbi
450699,2022,"-2.357.845.622.857.390,00","-4.674.610.001.598.690,00",5,kilometer,247.0,"R$ 4.684,42",9.0,10.0,9.0,11.0,,morumbi
458328,2022,"-23.611.689.209.405.700,00","-46.742.765.788.239.800,00",5,kilometer,139.0,"R$ 4.683,95",5.0,,4.0,6.0,,morumbi
452160,2022,"-23.653.726.134.560.600,00","-4.671.256.697.342.710,00",5,kilometer,443.0,"R$ 4.683,18",19.0,15.0,21.0,19.0,,morumbi
458338,2022,"-2.360.967.817.516.080,00","-4.675.133.561.867.420,00",5,kilometer,46.0,"R$ 4.681,11",,,0.0,3.0,,morumbi
430885,2022,"-2.357.753.158.128.300,00","-4.672.666.958.618.940,00",5,kilometer,425.0,"R$ 4.676,21",21.0,22.0,16.0,21.0,,morumbi
458294,2022,"-2.359.614.158.472.990,00","-4.674.392.337.248.390,00",5,kilometer,246.0,"R$ 4.674,18",9.0,8.0,10.0,6.0,,morumbi
458289,2022,"-2.359.387.498.400.440,00","-4.675.932.299.771.680,00",5,kilometer,47.0,"R$ 4.673,89",0.0,,,,,morumbi
445471,2022,"-23.648.221.496.169.500,00","-4.673.583.230.063.250,00",5,kilometer,379.0,"R$ 4.670,25",14.0,19.0,20.0,21.0,,morumbi
430820,2022,"-23.575.113.494.135.000,00","-46.727.687.291.391.000,00",5,kilometer,274.0,"R$ 4.669,42",4.0,17.0,14.0,7.0,,morumbi
452242,2022,"-236.490.772.428.669,00","-4.670.849.395.220.770,00",5,kilometer,167.0,"R$ 4.659,44",9.0,6.0,9.0,10.0,,morumbi
458096,2022,"-23.588.296.454.747.800,00","-46.737.296.869.924.800,00",5,kilometer,250.0,"R$ 4.658,06",9.0,11.0,9.0,12.0,,morumbi
445625,2022,"-2.364.668.346.499.040,00","-4.673.848.629.844.680,00",5,kilometer,451.0,"R$ 4.651,65",21.0,20.0,27.0,27.0,,morumbi
432617,2022,"-2.363.283.801.314.600,00","-4.675.628.406.489.910,00",5,kilometer,331.0,"R$ 4.645,24",13.0,17.0,11.0,29.0,,morumbi
463948,2022,"-2.360.164.174.602.320,00","-4.676.914.208.642.580,00",5,kilometer,597.0,"R$ 4.638,32",34.0,45.0,27.0,13.0,,morumbi
431364,2022,"-23.584.460.981.810.300,00","-4.674.801.626.257.340,00",5,kilometer,357.0,"R$ 4.631,68",19.0,25.0,18.0,17.0,,morumbi
458229,2022,"-23.596.427.480.283.900,00","-4.675.703.209.982.990,00",5,kilometer,569.0,"R$ 4.631,11",24.0,42.0,36.0,34.0,,morumbi
432889,2022,"-23.616.514.651.651.400,00","-46.756.778.379.909.300,00",5,kilometer,371.0,"R$ 4.619,10",23.0,25.0,17.0,15.0,,morumbi
458117,2022,"-23.609.185.388.616.000,00","-4.675.062.344.872.810,00",5,kilometer,169.0,"R$ 4.615,71",4.0,5.0,9.0,10.0,,morumbi
431374,2022,"-23.584.464.132.752.400,00","-46.742.176.291.650.600,00",5,kilometer,166.0,"R$ 4.611,67",7.0,9.0,5.0,8.0,,morumbi
450125,2022,"-2.359.411.468.242.520,00","-4.676.187.269.691.290,00",5,kilometer,453.0,"R$ 4.611,02",21.0,25.0,26.0,24.0,,morumbi
447229,2022,"-23.608.755.207.447.200,00","-467.248.797.135.484,00",5,kilometer,441.0,"R$ 4.610,61",18.0,19.0,30.0,21.0,,morumbi
455324,2022,"-2.361.595.122.741.650,00","-4.674.432.026.768.680,00",5,kilometer,355.0,"R$ 4.601,23",10.0,17.0,18.0,18.0,,morumbi
463608,2022,"-2.360.304.114.444.190,00","-46.768.329.235.065.100,00",5,kilometer,374.0,"R$ 4.595,08",18.0,24.0,20.0,16.0,,morumbi
450774,2022,"-2.357.730.672.901.120,00","-46.744.292.381.172.300,00",5,kilometer,305.0,"R$ 4.587,07",8.0,18.0,12.0,17.0,,morumbi
458079,2022,"-23.603.804.915.672.100,00","-4.674.206.610.976.010,00",5,kilometer,345.0,"R$ 4.576,77",7.0,13.0,21.0,20.0,,morumbi
432692,2022,"-23.618.843.423.961.900,00","-467.616.561.888.928,00",5,kilometer,634.0,"R$ 4.576,59",33.0,48.0,47.0,25.0,,morumbi
458264,2022,"-23.595.175.548.216.000,00","-4.672.989.741.923.460,00",5,kilometer,157.0,"R$ 4.574,51",6.0,7.0,5.0,12.0,,morumbi
450182,2022,"-2.359.349.860.503.430,00","-467.678.058.223.148,00",5,kilometer,685.0,"R$ 4.567,28",44.0,49.0,45.0,41.0,,morumbi
452277,2022,"-23.637.259.826.312.300,00","-46.714.152.852.350.200,00",5,kilometer,378.0,"R$ 4.565,12",18.0,9.0,5.0,16.0,,morumbi
445469,2022,"-23.642.796.826.168.600,00","-46.746.061.737.115.700,00",5,kilometer,715.0,"R$ 4.545,64",32.0,41.0,39.0,36.0,,morumbi
450855,2022,"-2.357.332.279.925.760,00","-46.739.443.073.645.500,00",5,kilometer,473.0,"R$ 4.541,89",15.0,17.0,18.0,33.0,,morumbi
463880,2022,"-23.607.421.183.029.100,00","-4.677.609.165.578.680,00",5,kilometer,583.0,"R$ 4.541,32",14.0,25.0,28.0,41.0,,morumbi
463897,2022,"-23.618.123.927.199.900,00","-4.677.316.507.275.080,00",5,kilometer,425.0,"R$ 4.534,67",19.0,19.0,31.0,29.0,,morumbi
463632,2022,"-23.614.148.752.987.500,00","-4.675.960.714.617.510,00",5,kilometer,65.0,"R$ 4.503,88",3.0,3.0,3.0,4.0,,morumbi
455620,2022,"-2.362.195.710.985.300,00","-4.672.334.735.308.840,00",5,kilometer,1292.0,"R$ 4.500,65",82.0,71.0,45.0,54.0,,morumbi
458168,2022,"-23.600.219.735.540.800,00","-4.674.984.335.214.000,00",5,kilometer,312.0,"R$ 4.496,22",12.0,21.0,19.0,22.0,,morumbi
430825,2022,"-23.575.158.676.836.400,00","-4.673.827.771.063.210,00",5,kilometer,324.0,"R$ 4.491,90",7.0,13.0,8.0,14.0,,morumbi
458136,2022,"-235.959.247.446.831,00","-46.728.681.039.714.800,00",5,kilometer,180.0,"R$ 4.491,66",8.0,7.0,9.0,11.0,,morumbi
432882,2022,"-23.621.029.439.365.800,00","-46.751.850.049.762.600,00",5,kilometer,420.0,"R$ 4.489,11",16.0,18.0,19.0,25.0,,morumbi
432780,2022,"-2.362.328.269.715.660,00","-4.674.913.753.296.680,00",5,kilometer,690.0,"R$ 4.484,53",66.0,41.0,42.0,30.0,,morumbi
430918,2022,"-23.583.957.297.877.200,00","-4.673.973.574.612.250,00",5,kilometer,548.0,"R$ 4.474,15",19.0,19.0,26.0,28.0,,morumbi
432954,2022,"-23.629.069.258.756.000,00","-4.675.047.243.176.920,00",5,kilometer,396.0,"R$ 4.459,44",35.0,20.0,13.0,14.0,,morumbi
432838,2022,"-23.629.846.662.279.300,00","-46.760.744.031.903.700,00",5,kilometer,624.0,"R$ 4.457,22",54.0,47.0,36.0,35.0,,morumbi
445681,2022,"-23.650.992.048.499.000,00","-4.674.769.155.633.560,00",5,kilometer,471.0,"R$ 4.456,30",42.0,27.0,27.0,27.0,,morumbi
463811,2022,"-2.361.079.389.968.160,00","-46.766.779.658.743.500,00",5,kilometer,486.0,"R$ 4.455,18",31.0,43.0,35.0,20.0,,morumbi
463833,2022,"-236.024.799.366.072,00","-4.676.263.338.744.650,00",5,kilometer,303.0,"R$ 4.449,52",11.0,14.0,9.0,17.0,,morumbi
445673,2022,"-23.647.203.708.663.600,00","-4.675.018.228.937.690,00",5,kilometer,694.0,"R$ 4.448,80",26.0,34.0,42.0,42.0,,morumbi
458174,2022,"-23.595.760.448.027.800,00","-4.673.497.988.676.300,00",5,kilometer,322.0,"R$ 4.437,17",10.0,10.0,15.0,17.0,,morumbi
455661,2022,"-23.624.720.231.690.800,00","-46.745.066.045.099.600,00",5,kilometer,578.0,"R$ 4.432,37",44.0,22.0,21.0,28.0,,morumbi
432781,2022,"-23.642.389.420.750.500,00","-4.676.920.003.995.980,00",5,kilometer,579.0,"R$ 4.426,72",18.0,31.0,33.0,51.0,,morumbi
463879,2022,"-23.606.971.428.662.100,00","-4.677.755.183.754.260,00",5,kilometer,279.0,"R$ 4.405,65",7.0,14.0,17.0,13.0,,morumbi
463907,2022,"-23.621.293.882.260.300,00","-4.676.631.736.083.380,00",5,kilometer,299.0,"R$ 4.400,77",20.0,16.0,23.0,16.0,,morumbi
463670,2022,"-23.606.510.623.414.000,00","-467.553.287.630.051,00",5,kilometer,106.0,"R$ 4.378,79",3.0,5.0,0.0,3.0,,morumbi
458222,2022,"-23.614.227.612.070.000,00","-4.674.270.238.993.160,00",5,kilometer,510.0,"R$ 4.377,02",15.0,13.0,19.0,24.0,,morumbi
458198,2022,"-23.594.238.066.012.500,00","-4.673.231.909.808.030,00",5,kilometer,248.0,"R$ 4.372,22",3.0,10.0,7.0,15.0,,morumbi
452193,2022,"-23.643.905.768.640.400,00","-4.671.356.490.317.970,00",5,kilometer,640.0,"R$ 4.361,49",23.0,28.0,24.0,33.0,,morumbi
455650,2022,"-23.633.417.542.718.300,00","-46.740.787.072.763.300,00",5,kilometer,565.0,"R$ 4.352,31",35.0,33.0,31.0,20.0,,morumbi
463463,2022,"-2.360.906.222.296.520,00","-4.676.782.845.847.190,00",5,kilometer,500.0,"R$ 4.341,02",21.0,33.0,44.0,33.0,,morumbi
463654,2022,"-23.600.934.882.713.000,00","-4.676.688.791.959.680,00",5,kilometer,452.0,"R$ 4.338,75",21.0,25.0,29.0,27.0,,morumbi
432789,2022,"-23.640.789.737.270.900,00","-46.769.146.215.919.800,00",5,kilometer,605.0,"R$ 4.336,06",45.0,47.0,36.0,25.0,,morumbi
450083,2022,"-23.592.683.361.444.400,00","-4.677.140.471.678.350,00",5,kilometer,445.0,"R$ 4.331,99",12.0,15.0,24.0,22.0,,morumbi
458119,2022,"-2.359.502.406.514.960,00","-4.675.651.522.038.700,00",5,kilometer,314.0,"R$ 4.318,98",17.0,11.0,15.0,19.0,,morumbi
463905,2022,"-2.362.143.602.490.020,00","-4.676.689.159.647.550,00",5,kilometer,327.0,"R$ 4.316,37",25.0,28.0,18.0,23.0,,morumbi
463456,2022,"-23.619.879.888.757.400,00","-46.766.202.124.909.500,00",5,kilometer,489.0,"R$ 4.315,26",25.0,27.0,36.0,33.0,,morumbi
430833,2022,"-23.574.694.836.496.500,00","-46.722.190.719.354.400,00",5,kilometer,138.0,"R$ 4.298,98",3.0,4.0,,4.0,,morumbi
432743,2022,"-2.364.150.564.248.710,00","-4.675.501.275.320.690,00",5,kilometer,686.0,"R$ 4.283,00",36.0,44.0,38.0,37.0,,morumbi
445618,2022,"-23.644.109.027.889.100,00","-4.674.239.370.648.720,00",5,kilometer,304.0,"R$ 4.273,98",13.0,7.0,12.0,15.0,,morumbi
432463,2022,"-23.631.556.074.222.100,00","-4.676.059.249.879.220,00",5,kilometer,570.0,"R$ 4.258,63",37.0,36.0,36.0,47.0,,morumbi
452306,2022,"-23.643.592.567.577.200,00","-4.671.690.808.636.340,00",5,kilometer,267.0,"R$ 4.254,91",11.0,11.0,12.0,13.0,,morumbi
432583,2022,"-23.637.725.945.701.200,00","-4.675.164.139.383.310,00",5,kilometer,410.0,"R$ 4.252,03",18.0,19.0,25.0,24.0,,morumbi
463602,2022,"-23.601.576.993.095.100,00","-46.772.957.473.433.400,00",5,kilometer,448.0,"R$ 4.249,22",14.0,24.0,34.0,22.0,,morumbi
432790,2022,"-23.641.303.871.905.500,00","-4.676.877.576.733.480,00",5,kilometer,361.0,"R$ 4.246,06",15.0,26.0,25.0,14.0,,morumbi
430877,2022,"-23.573.975.101.216.300,00","-4.672.888.733.578.650,00",5,kilometer,237.0,"R$ 4.244,47",5.0,8.0,4.0,16.0,,morumbi
458333,2022,"-23.593.614.337.112.200,00","-4.674.641.676.388.530,00",5,kilometer,379.0,"R$ 4.242,86",15.0,19.0,21.0,19.0,,morumbi
463613,2022,"-23.602.497.626.191.100,00","-4.676.703.614.988.320,00",5,kilometer,427.0,"R$ 4.232,48",20.0,24.0,33.0,32.0,,morumbi
433421,2022,"-23.641.396.084.890.500,00","-4.676.271.668.834.950,00",5,kilometer,532.0,"R$ 4.220,10",30.0,39.0,58.0,45.0,,morumbi
432953,2022,"-23.629.330.327.113.900,00","-4.675.070.248.489.840,00",5,kilometer,422.0,"R$ 4.215,03",32.0,25.0,22.0,16.0,,morumbi
431390,2022,"-23.581.516.274.791.100,00","-46.748.658.632.995.900,00",5,kilometer,263.0,"R$ 4.209,99",15.0,9.0,10.0,7.0,,morumbi
463607,2022,"-2.360.551.481.248.320,00","-4.676.698.774.639.360,00",5,kilometer,177.0,"R$ 4.202,95",0.0,12.0,4.0,14.0,,morumbi
432890,2022,"-2.361.680.463.753.710,00","-4.675.636.020.016.880,00",5,kilometer,382.0,"R$ 4.187,26",14.0,33.0,19.0,19.0,,morumbi
458072,2022,"-2.360.141.141.441.630,00","-4.673.834.256.109.850,00",5,kilometer,259.0,"R$ 4.181,39",10.0,5.0,9.0,14.0,,morumbi
432845,2022,"-2.361.868.613.677.030,00","-46.754.324.465.747.400,00",5,kilometer,541.0,"R$ 4.173,65",12.0,24.0,29.0,28.0,,morumbi
463665,2022,"-2.360.504.782.599.900,00","-46.762.003.766.045.600,00",5,kilometer,255.0,"R$ 4.161,96",14.0,9.0,13.0,10.0,,morumbi
431376,2022,"-23.583.676.845.567.200,00","-4.674.315.732.374.350,00",5,kilometer,645.0,"R$ 4.153,03",22.0,30.0,32.0,40.0,,morumbi
458286,2022,"-2.360.153.903.001.480,00","-4.675.099.078.656.220,00",5,kilometer,232.0,"R$ 4.150,02",7.0,12.0,12.0,14.0,,morumbi
452245,2022,"-2.364.814.677.356.330,00","-4.671.048.504.997.840,00",5,kilometer,826.0,"R$ 4.137,98",31.0,30.0,30.0,42.0,,morumbi
463564,2022,"-23.616.044.463.283.900,00","-4.676.656.327.310.860,00",5,kilometer,493.0,"R$ 4.132,44",22.0,30.0,27.0,27.0,,morumbi
432840,2022,"-23.618.604.165.280.800,00","-4.675.950.118.704.600,00",5,kilometer,275.0,"R$ 4.122,23",11.0,18.0,9.0,16.0,,morumbi
458332,2022,"-23.592.303.182.546.800,00","-4.674.448.525.143.940,00",5,kilometer,643.0,"R$ 4.115,28",28.0,32.0,28.0,39.0,,morumbi
463957,2022,"-23.608.149.226.510.900,00","-46.756.704.481.094.700,00",5,kilometer,507.0,"R$ 4.103,85",19.0,13.0,10.0,19.0,,morumbi
450635,2022,"-23.577.894.646.139.800,00","-467.548.343.025.908,00",5,kilometer,850.0,"R$ 4.096,63",28.0,41.0,40.0,54.0,,morumbi
445412,2022,"-23.654.946.761.522.100,00","-4.674.839.985.650.180,00",5,kilometer,436.0,"R$ 4.095,11",21.0,25.0,31.0,32.0,,morumbi
432571,2022,"-23.632.687.550.539.800,00","-4.677.466.492.289.130,00",5,kilometer,777.0,"R$ 4.075,92",43.0,49.0,31.0,47.0,,morumbi
458275,2022,"-23.610.652.260.022.700,00","-4.674.937.241.728.580,00",5,kilometer,483.0,"R$ 4.064,31",12.0,12.0,19.0,22.0,,morumbi
432888,2022,"-23.625.179.279.927.200,00","-4.675.781.828.406.320,00",5,kilometer,385.0,"R$ 4.060,81",16.0,16.0,19.0,30.0,,morumbi
432449,2022,"-23.629.184.717.233.000,00","-46.766.855.933.105.000,00",5,kilometer,240.0,"R$ 4.056,43",8.0,8.0,6.0,13.0,,morumbi
463814,2022,"-23.609.071.348.825.600,00","-4.676.464.217.151.700,00",5,kilometer,9.0,"R$ 4.056,25",0.0,0.0,0.0,0.0,,morumbi
445454,2022,"-23.649.189.300.430.300,00","-4.674.521.824.003.340,00",5,kilometer,716.0,"R$ 4.052,53",29.0,45.0,42.0,40.0,,morumbi
458190,2022,"-23.596.537.427.677.700,00","-4.675.492.411.513.580,00",5,kilometer,415.0,"R$ 4.042,24",13.0,18.0,22.0,18.0,,morumbi
432947,2022,"-23.620.552.967.612.400,00","-4.675.920.190.660.640,00",5,kilometer,526.0,"R$ 4.037,74",16.0,21.0,19.0,26.0,,morumbi
463950,2022,"-2.361.787.997.870.470,00","-4.677.378.546.541.300,00",5,kilometer,250.0,"R$ 4.036,93",9.0,15.0,17.0,21.0,,morumbi
463668,2022,"-2.360.472.601.996.020,00","-4.675.152.228.619.630,00",5,kilometer,396.0,"R$ 4.033,72",17.0,24.0,21.0,26.0,,morumbi
463742,2022,"-23.599.838.440.668.000,00","-4.676.112.682.965.460,00",5,kilometer,667.0,"R$ 4.029,10",40.0,34.0,41.0,44.0,,morumbi
445623,2022,"-23.641.994.658.218.200,00","-467.427.335.208.779,00",5,kilometer,160.0,"R$ 4.026,53",5.0,6.0,3.0,5.0,,morumbi
458155,2022,"-23.600.366.671.019.100,00","-4.673.990.261.851.530,00",5,kilometer,159.0,"R$ 4.022,95",,6.0,7.0,6.0,,morumbi
458120,2022,"-2.359.555.165.052.220,00","-46.759.559.721.227.000,00",5,kilometer,453.0,"R$ 4.017,49",17.0,26.0,25.0,20.0,,morumbi
463703,2022,"-2.360.368.134.404.940,00","-4.675.618.746.785.880,00",5,kilometer,457.0,"R$ 4.014,32",26.0,26.0,25.0,34.0,,morumbi
458160,2022,"-23.600.743.837.139.300,00","-4.673.918.024.402.710,00",5,kilometer,406.0,"R$ 4.013,83",20.0,13.0,20.0,15.0,,morumbi
452162,2022,"-23.641.687.588.088.500,00","-4.671.572.648.120.000,00",5,kilometer,409.0,"R$ 4.011,60",13.0,11.0,14.0,21.0,,morumbi
432948,2022,"-23.619.253.328.499.700,00","-46.759.128.106.596.400,00",5,kilometer,376.0,"R$ 4.005,67",24.0,20.0,23.0,18.0,,morumbi
450082,2022,"-235.910.178.568.149,00","-46.770.418.323.754.400,00",5,kilometer,481.0,"R$ 4.005,24",20.0,25.0,21.0,27.0,,morumbi
445465,2022,"-23.646.744.888.376.300,00","-4.673.720.611.273.630,00",5,kilometer,374.0,"R$ 3.999,08",8.0,14.0,23.0,16.0,,morumbi
463722,2022,"-2.360.778.160.794.150,00","-4.677.219.162.646.270,00",5,kilometer,299.0,"R$ 3.994,11",11.0,9.0,16.0,25.0,,morumbi
458154,2022,"-23.600.113.583.679.300,00","-46.740.384.408.535.800,00",5,kilometer,165.0,"R$ 3.989,85",3.0,3.0,3.0,5.0,,morumbi
430900,2022,"-2.357.557.099.593.220,00","-4.671.993.776.398.820,00",5,kilometer,215.0,"R$ 3.987,56",5.0,3.0,3.0,9.0,,morumbi
463633,2022,"-23.611.519.157.448.400,00","-46.759.129.014.502.600,00",5,kilometer,268.0,"R$ 3.985,70",7.0,14.0,15.0,16.0,,morumbi
447231,2022,"-236.102.659.848.013,00","-4.672.532.046.841.570,00",5,kilometer,392.0,"R$ 3.984,64",15.0,17.0,24.0,24.0,,morumbi
452304,2022,"-23.641.013.954.618.700,00","-4.672.118.700.471.200,00",5,kilometer,167.0,"R$ 3.973,29",4.0,6.0,8.0,10.0,,morumbi
432926,2022,"-23.630.382.927.693.300,00","-4.674.793.307.776.700,00",5,kilometer,607.0,"R$ 3.971,20",40.0,47.0,29.0,32.0,,morumbi
463671,2022,"-23.607.860.915.217.200,00","-46.754.980.822.523.600,00",5,kilometer,303.0,"R$ 3.969,97",10.0,6.0,13.0,12.0,,morumbi
458194,2022,"-23.596.598.698.264.400,00","-467.502.759.314.378,00",5,kilometer,256.0,"R$ 3.961,05",12.0,15.0,24.0,8.0,,morumbi
463699,2022,"-2.360.057.876.769.630,00","-46.759.551.084.090.700,00",5,kilometer,476.0,"R$ 3.960,35",24.0,30.0,23.0,26.0,,morumbi
452328,2022,"-23.627.642.944.115.400,00","-46.705.736.500.059.300,00",5,kilometer,104.0,"R$ 3.959,66",4.0,,4.0,7.0,,morumbi
450776,2022,"-23.576.650.228.962.100,00","-4.674.805.653.200.250,00",5,kilometer,501.0,"R$ 3.946,37",19.0,29.0,22.0,33.0,,morumbi
431391,2022,"-23.581.948.836.906.100,00","-46.746.806.153.338.200,00",5,kilometer,345.0,"R$ 3.933,50",13.0,16.0,14.0,22.0,,morumbi
458071,2022,"-23.600.586.834.722.700,00","-4.673.642.221.930.360,00",5,kilometer,526.0,"R$ 3.932,29",29.0,31.0,34.0,33.0,,morumbi
450681,2022,"-23.583.399.592.563.800,00","-46.754.915.641.629.000,00",5,kilometer,472.0,"R$ 3.930,44",20.0,25.0,23.0,34.0,,morumbi
432897,2022,"-23.620.042.430.597.600,00","-46.757.431.742.730.300,00",5,kilometer,165.0,"R$ 3.930,00",3.0,4.0,,6.0,,morumbi
463949,2022,"-2.361.844.754.911.790,00","-4.677.376.194.581.530,00",5,kilometer,484.0,"R$ 3.924,79",16.0,23.0,25.0,33.0,,morumbi
432631,2022,"-23.623.435.185.545.900,00","-4.675.471.942.189.010,00",5,kilometer,378.0,"R$ 3.899,94",19.0,20.0,22.0,18.0,,morumbi
445494,2022,"-2.365.239.063.628.600,00","-46.740.535.397.832.300,00",5,kilometer,608.0,"R$ 3.897,54",30.0,30.0,40.0,29.0,,morumbi
432903,2022,"-23.643.898.681.791.200,00","-4.676.761.825.486.300,00",5,kilometer,402.0,"R$ 3.897,04",10.0,16.0,29.0,25.0,,morumbi
458137,2022,"-2.359.770.947.120.120,00","-4.672.719.122.498.390,00",5,kilometer,250.0,"R$ 3.893,64",5.0,13.0,6.0,15.0,,morumbi
455663,2022,"-23.640.094.383.562.000,00","-4.673.933.778.946.830,00",5,kilometer,1691.0,"R$ 3.883,02",111.0,95.0,97.0,74.0,,morumbi
430851,2022,"-2.358.834.801.600.370,00","-4.673.503.555.319.770,00",5,kilometer,183.0,"R$ 3.879,97",9.0,,7.0,12.0,,morumbi
432884,2022,"-23.619.112.403.159.600,00","-4.675.324.753.234.710,00",5,kilometer,324.0,"R$ 3.870,58",7.0,13.0,11.0,15.0,,morumbi
458230,2022,"-23.594.632.496.715.000,00","-46.758.698.746.563.600,00",5,kilometer,262.0,"R$ 3.854,43",5.0,14.0,15.0,13.0,,morumbi
458102,2022,"-23.601.672.879.605.900,00","-4.673.138.259.040.780,00",5,kilometer,398.0,"R$ 3.854,35",16.0,26.0,19.0,15.0,,morumbi
458088,2022,"-2.360.307.643.989.150,00","-4.673.442.117.849.060,00",5,kilometer,393.0,"R$ 3.852,89",23.0,30.0,28.0,23.0,,morumbi
463615,2022,"-236.097.186.847.153,00","-4.675.453.383.138.060,00",5,kilometer,149.0,"R$ 3.852,48",,6.0,3.0,10.0,,morumbi
463885,2022,"-23.605.658.194.367.500,00","-46.776.385.357.052.000,00",5,kilometer,421.0,"R$ 3.846,89",14.0,25.0,25.0,26.0,,morumbi
458070,2022,"-23.598.546.879.849.500,00","-46.738.314.539.366.100,00",5,kilometer,295.0,"R$ 3.812,81",14.0,15.0,13.0,12.0,,morumbi
458189,2022,"-2.360.010.038.946.470,00","-4.675.272.620.270.340,00",5,kilometer,471.0,"R$ 3.801,13",14.0,30.0,23.0,26.0,,morumbi
450745,2022,"-23.578.082.911.251.200,00","-4.674.993.830.864.730,00",5,kilometer,201.0,"R$ 3.800,19",8.0,12.0,12.0,9.0,,morumbi
458163,2022,"-23.602.935.967.127.300,00","-4.673.691.276.389.110,00",5,kilometer,322.0,"R$ 3.789,25",11.0,13.0,13.0,20.0,,morumbi
434085,2022,"-23.651.130.692.042.000,00","-4.675.352.418.706.690,00",5,kilometer,514.0,"R$ 3.777,75",32.0,22.0,18.0,21.0,,morumbi
432630,2022,"-23.621.026.681.965.700,00","-46.755.652.191.330.700,00",5,kilometer,614.0,"R$ 3.774,11",24.0,29.0,34.0,32.0,,morumbi
458186,2022,"-23.603.311.697.550.400,00","-4.674.894.717.234.370,00",5,kilometer,288.0,"R$ 3.771,53",10.0,8.0,10.0,11.0,,morumbi
430869,2022,"-235.798.986.819.639,00","-4.674.561.675.435.730,00",5,kilometer,658.0,"R$ 3.767,51",34.0,27.0,23.0,38.0,,morumbi
463700,2022,"-23.601.115.005.601.600,00","-46.757.009.224.178.600,00",5,kilometer,579.0,"R$ 3.766,49",27.0,39.0,36.0,37.0,,morumbi
458073,2022,"-23.603.589.387.189.000,00","-4.673.809.322.375.130,00",5,kilometer,334.0,"R$ 3.765,06",15.0,15.0,18.0,13.0,,morumbi
434086,2022,"-2.365.082.157.489.130,00","-46.754.205.290.151.700,00",5,kilometer,229.0,"R$ 3.753,71",14.0,8.0,7.0,10.0,,morumbi
450286,2022,"-23.592.308.099.826.500,00","-4.676.932.048.891.410,00",5,kilometer,576.0,"R$ 3.744,33",25.0,27.0,28.0,27.0,,morumbi
458086,2022,"-23.598.123.999.845.700,00","-46.734.608.322.628.500,00",5,kilometer,383.0,"R$ 3.737,56",19.0,23.0,20.0,15.0,,morumbi
458094,2022,"-2.359.493.743.962.710,00","-4.675.082.471.722.300,00",5,kilometer,315.0,"R$ 3.735,50",13.0,14.0,16.0,18.0,,morumbi
432918,2022,"-236.436.826.170.503,00","-4.676.282.107.648.580,00",5,kilometer,345.0,"R$ 3.731,34",13.0,20.0,24.0,25.0,,morumbi
463698,2022,"-2.359.908.557.994.220,00","-46.760.247.451.624.600,00",5,kilometer,396.0,"R$ 3.726,44",17.0,14.0,25.0,28.0,,morumbi
445453,2022,"-23.650.239.252.187.200,00","-4.675.018.932.790.670,00",5,kilometer,689.0,"R$ 3.718,79",26.0,19.0,47.0,42.0,,morumbi
458097,2022,"-23.592.641.196.904.200,00","-46.732.363.426.204.100,00",5,kilometer,119.0,"R$ 3.715,74",5.0,5.0,7.0,7.0,,morumbi
432712,2022,"-2.363.912.531.726.490,00","-4.676.302.883.766.540,00",5,kilometer,363.0,"R$ 3.715,54",15.0,24.0,24.0,29.0,,morumbi
450160,2022,"-23.592.545.022.726.300,00","-4.677.002.344.759.770,00",5,kilometer,443.0,"R$ 3.715,09",13.0,15.0,21.0,23.0,,morumbi
452161,2022,"-23.651.388.205.536.100,00","-46.711.038.452.896.600,00",5,kilometer,399.0,"R$ 3.714,15",12.0,18.0,19.0,23.0,,morumbi
430856,2022,"-2.357.846.232.941.970,00","-467.428.696.407.065,00",5,kilometer,150.0,"R$ 3.711,00",,,5.0,8.0,,morumbi
450773,2022,"-2.357.538.082.259.880,00","-4.674.821.930.493.630,00",5,kilometer,355.0,"R$ 3.705,05",23.0,14.0,18.0,21.0,,morumbi
463410,2022,"-2.361.147.465.868.360,00","-46.762.796.851.112.700,00",5,kilometer,458.0,"R$ 3.699,71",19.0,11.0,20.0,31.0,,morumbi
445414,2022,"-2.365.521.921.414.970,00","-4.674.311.311.064.550,00",5,kilometer,565.0,"R$ 3.699,41",35.0,27.0,36.0,40.0,,morumbi
455445,2022,"-2.362.129.043.287.130,00","-4.674.633.893.979.570,00",5,kilometer,407.0,"R$ 3.688,25",23.0,27.0,22.0,27.0,,morumbi
432450,2022,"-23.611.380.674.424.500,00","-4.675.241.174.397.230,00",5,kilometer,573.0,"R$ 3.682,89",20.0,24.0,29.0,42.0,,morumbi
463813,2022,"-23.611.100.431.410.900,00","-4.676.452.765.175.800,00",5,kilometer,142.0,"R$ 3.679,97",8.0,7.0,10.0,6.0,,morumbi
432511,2022,"-2.362.186.627.562.140,00","-46.760.843.282.518.700,00",5,kilometer,846.0,"R$ 3.679,77",27.0,48.0,40.0,42.0,,morumbi
458101,2022,"-2.360.017.557.500.330,00","-46.732.453.417.888,00",5,kilometer,260.0,"R$ 3.674,56",8.0,10.0,7.0,13.0,,morumbi
452285,2022,"-2.362.750.672.897.720,00","-467.013.313.838.268,00",5,kilometer,77.0,"R$ 3.665,69",3.0,,3.0,3.0,,morumbi
452152,2022,"-236.314.771.928.309,00","-46.698.985.649.568.000,00",5,kilometer,298.0,"R$ 3.649,84",6.0,14.0,7.0,24.0,,morumbi
458380,2022,"-23.597.251.992.298.500,00","-4.675.277.711.924.520,00",5,kilometer,571.0,"R$ 3.639,77",32.0,30.0,32.0,26.0,,morumbi
450811,2022,"-2.358.394.259.800.900,00","-4.675.939.346.642.710,00",5,kilometer,376.0,"R$ 3.638,11",25.0,22.0,23.0,19.0,,morumbi
430824,2022,"-23.577.945.580.324.400,00","-4.673.469.375.090.260,00",5,kilometer,570.0,"R$ 3.638,07",18.0,35.0,50.0,36.0,,morumbi
430872,2022,"-2.357.996.297.361.140,00","-4.674.752.356.260.230,00",5,kilometer,476.0,"R$ 3.638,00",20.0,27.0,20.0,21.0,,morumbi
432943,2022,"-23.634.843.930.663.200,00","-4.674.592.177.906.840,00",5,kilometer,414.0,"R$ 3.628,12",21.0,22.0,28.0,25.0,,morumbi
450810,2022,"-2.358.369.406.179.340,00","-46.756.976.853.152.100,00",5,kilometer,147.0,"R$ 3.626,00",6.0,6.0,11.0,11.0,,morumbi
432659,2022,"-2.363.334.261.089.290,00","-46.767.096.962.978.800,00",5,kilometer,33.0,"R$ 3.623,08",,,,,,morumbi
463432,2022,"-23.599.233.326.993.200,00","-4.676.317.378.305.350,00",5,kilometer,771.0,"R$ 3.622,78",39.0,42.0,41.0,40.0,,morumbi
463566,2022,"-23.617.352.087.617.600,00","-4.676.381.734.148.010,00",5,kilometer,530.0,"R$ 3.622,35",20.0,27.0,37.0,41.0,,morumbi
463702,2022,"-23.602.516.766.498.400,00","-4.675.732.284.028.950,00",5,kilometer,458.0,"R$ 3.619,19",14.0,26.0,26.0,31.0,,morumbi
458084,2022,"-2.359.381.046.412.610,00","-4.674.070.356.994.160,00",5,kilometer,466.0,"R$ 3.618,83",18.0,24.0,17.0,31.0,,morumbi
445621,2022,"-2.364.686.182.818.370,00","-4.673.935.615.400.870,00",5,kilometer,272.0,"R$ 3.615,66",14.0,12.0,11.0,6.0,,morumbi
458159,2022,"-23.597.391.603.040.500,00","-4.674.119.380.156.590,00",5,kilometer,282.0,"R$ 3.613,17",7.0,15.0,8.0,13.0,,morumbi
441287,2022,"-2.359.878.503.911.150,00","-46.693.238.777.101.800,00",5,kilometer,56.0,"R$ 3.609,32",,,,,,morumbi
445617,2022,"-23.643.787.574.722.300,00","-46.741.061.650.057.500,00",5,kilometer,275.0,"R$ 3.609,08",12.0,16.0,12.0,19.0,,morumbi
432883,2022,"-2.361.943.506.024.680,00","-46.753.664.129.058.300,00",5,kilometer,325.0,"R$ 3.600,07",17.0,17.0,14.0,20.0,,morumbi
450698,2022,"-23.575.632.496.565.900,00","-4.674.219.244.869.890,00",5,kilometer,215.0,"R$ 3.592,00",7.0,7.0,7.0,9.0,,morumbi
463460,2022,"-23.617.339.104.043.500,00","-4.677.382.535.980.930,00",5,kilometer,509.0,"R$ 3.591,01",33.0,36.0,23.0,25.0,,morumbi
455459,2022,"-23.639.699.285.312.300,00","-46.742.966.560.407.100,00",5,kilometer,426.0,"R$ 3.576,25",13.0,14.0,19.0,20.0,,morumbi
450187,2022,"-23.599.680.416.243.100,00","-4.676.892.699.340.120,00",5,kilometer,417.0,"R$ 3.575,34",21.0,17.0,15.0,18.0,,morumbi
432446,2022,"-23.631.997.889.228.200,00","-467.692.143.425.867,00",5,kilometer,168.0,"R$ 3.570,38",7.0,8.0,6.0,11.0,,morumbi
458080,2022,"-23.599.373.235.916.900,00","-4.674.689.846.114.330,00",5,kilometer,507.0,"R$ 3.555,90",14.0,26.0,31.0,29.0,,morumbi
432739,2022,"-23.624.693.564.983.000,00","-46.759.627.215.012.100,00",5,kilometer,686.0,"R$ 3.552,00",48.0,50.0,32.0,40.0,,morumbi
432731,2022,"-23.626.118.512.938.200,00","-4.675.444.354.502.760,00",5,kilometer,656.0,"R$ 3.538,21",31.0,53.0,64.0,42.0,,morumbi
458176,2022,"-2.360.386.865.857.680,00","-46.735.172.112.734,00",5,kilometer,392.0,"R$ 3.522,82",18.0,20.0,21.0,16.0,,morumbi
458381,2022,"-2.359.701.619.175.340,00","-4.675.350.228.946.540,00",5,kilometer,565.0,"R$ 3.511,94",32.0,34.0,24.0,30.0,,morumbi
432684,2022,"-23.636.399.147.666.700,00","-4.674.570.947.661.470,00",5,kilometer,214.0,"R$ 3.508,30",11.0,12.0,23.0,11.0,,morumbi
458085,2022,"-23.595.852.109.832.600,00","-467.364.004.844.556,00",5,kilometer,320.0,"R$ 3.502,47",3.0,9.0,11.0,12.0,,morumbi
432542,2022,"-23.624.337.796.910.200,00","-4.675.283.233.093.200,00",5,kilometer,812.0,"R$ 3.498,15",45.0,43.0,45.0,55.0,,morumbi
432457,2022,"-23.629.873.264.506.800,00","-46.771.849.062.135.600,00",5,kilometer,479.0,"R$ 3.495,09",29.0,20.0,17.0,34.0,,morumbi
432555,2022,"-23.618.478.432.126.300,00","-4.675.230.793.866.680,00",5,kilometer,740.0,"R$ 3.493,82",22.0,32.0,40.0,39.0,,morumbi
463773,2022,"-2.362.977.058.088.110,00","-46.775.829.834.573.100,00",5,kilometer,600.0,"R$ 3.482,46",36.0,62.0,35.0,44.0,,morumbi
445674,2022,"-23.645.111.565.046.100,00","-46.747.928.505.509.200,00",5,kilometer,228.0,"R$ 3.482,34",18.0,9.0,13.0,14.0,,morumbi
432540,2022,"-23.622.506.529.288.700,00","-4.675.530.657.766.030,00",5,kilometer,437.0,"R$ 3.473,77",11.0,23.0,22.0,29.0,,morumbi
463652,2022,"-23.600.421.293.671.400,00","-46.768.181.933.546.200,00",5,kilometer,246.0,"R$ 3.471,49",9.0,13.0,14.0,19.0,,morumbi
458363,2022,"-23.598.516.390.797.300,00","-4.675.258.086.064.190,00",5,kilometer,543.0,"R$ 3.467,65",25.0,29.0,32.0,42.0,,morumbi
452355,2022,"-2.365.004.097.267.810,00","-4.671.521.230.898.670,00",5,kilometer,577.0,"R$ 3.458,88",20.0,25.0,22.0,34.0,,morumbi
432598,2022,"-2.363.174.293.712.390,00","-4.676.829.270.051.490,00",5,kilometer,482.0,"R$ 3.452,44",14.0,34.0,27.0,33.0,,morumbi
463701,2022,"-23.601.051.184.493.600,00","-46.755.893.740.663.700,00",5,kilometer,372.0,"R$ 3.445,19",14.0,22.0,18.0,23.0,,morumbi
445616,2022,"-2.364.625.733.598.810,00","-4.674.339.598.001.110,00",5,kilometer,605.0,"R$ 3.438,99",30.0,31.0,44.0,40.0,,morumbi
458082,2022,"-23.592.792.632.561.900,00","-4.674.208.857.324.620,00",5,kilometer,512.0,"R$ 3.431,68",17.0,28.0,29.0,38.0,,morumbi
463662,2022,"-2.360.263.590.079.070,00","-46.765.709.859.921.600,00",5,kilometer,486.0,"R$ 3.413,25",11.0,18.0,22.0,24.0,,morumbi
458162,2022,"-23.602.121.995.617.400,00","-4.673.607.444.707.830,00",5,kilometer,427.0,"R$ 3.400,96",19.0,18.0,22.0,22.0,,morumbi
463563,2022,"-2.361.520.738.585.890,00","-4.676.458.477.258.700,00",5,kilometer,304.0,"R$ 3.393,10",18.0,18.0,22.0,14.0,,morumbi
432653,2022,"-23.636.951.718.571.100,00","-4.675.438.673.224.480,00",5,kilometer,151.0,"R$ 3.382,41",8.0,8.0,9.0,17.0,,morumbi
455443,2022,"-23.618.159.595.608.100,00","-46.745.829.051.854.200,00",5,kilometer,695.0,"R$ 3.380,61",41.0,39.0,44.0,42.0,,morumbi
432885,2022,"-23.633.164.064.974.300,00","-4.675.456.040.334.130,00",5,kilometer,172.0,"R$ 3.379,76",9.0,10.0,13.0,14.0,,morumbi
455645,2022,"-23.618.962.147.332.500,00","-4.674.533.425.618.140,00",5,kilometer,440.0,"R$ 3.372,98",24.0,16.0,30.0,25.0,,morumbi
463947,2022,"-23.603.063.055.928.800,00","-467.690.764.518.479,00",5,kilometer,798.0,"R$ 3.371,77",33.0,55.0,41.0,57.0,,morumbi
463561,2022,"-2.360.899.271.793.460,00","-4.676.255.126.170.010,00",5,kilometer,584.0,"R$ 3.359,19",16.0,28.0,34.0,27.0,,morumbi
432901,2022,"-23.618.465.648.576.200,00","-4.675.895.075.898.370,00",5,kilometer,146.0,"R$ 3.357,26",8.0,6.0,6.0,9.0,,morumbi
458095,2022,"-23.588.433.947.000.100,00","-46.754.363.421.001.500,00",5,kilometer,597.0,"R$ 3.353,92",34.0,39.0,37.0,32.0,,morumbi
432460,2022,"-23.628.955.886.797.700,00","-46.763.910.201.858.500,00",5,kilometer,649.0,"R$ 3.346,57",29.0,32.0,28.0,21.0,,morumbi
432972,2022,"-23.644.449.358.912.500,00","-46.750.003.011.444.200,00",5,kilometer,80.0,"R$ 3.341,52",4.0,,,,,morumbi
445603,2022,"-23.650.771.882.188.200,00","-4.674.337.971.767.020,00",5,kilometer,788.0,"R$ 3.340,06",56.0,48.0,50.0,60.0,,morumbi
463562,2022,"-23.615.252.461.724.600,00","-46.765.703.121.632.700,00",5,kilometer,495.0,"R$ 3.327,62",27.0,19.0,28.0,42.0,,morumbi
445835,2022,"-236.489.382.620.383,00","-4.674.783.568.240.720,00",5,kilometer,278.0,"R$ 3.319,45",9.0,18.0,8.0,8.0,,morumbi
432461,2022,"-23.628.510.884.972.500,00","-4.676.260.940.645.200,00",5,kilometer,840.0,"R$ 3.314,31",45.0,43.0,49.0,52.0,,morumbi
450086,2022,"-23.597.827.119.520.900,00","-46.775.383.859.348.100,00",5,kilometer,292.0,"R$ 3.311,51",12.0,23.0,16.0,15.0,,morumbi
445456,2022,"-23.651.261.269.315.400,00","-46.737.423.084.322.500,00",5,kilometer,839.0,"R$ 3.308,75",46.0,47.0,50.0,65.0,,morumbi
432721,2022,"-2.363.513.366.216.110,00","-4.676.657.746.644.990,00",5,kilometer,398.0,"R$ 3.298,95",22.0,26.0,23.0,27.0,,morumbi
463667,2022,"-23.605.449.653.168.600,00","-4.675.695.462.232.220,00",5,kilometer,302.0,"R$ 3.297,84",16.0,22.0,20.0,23.0,,morumbi
432623,2022,"-23.621.841.052.384.400,00","-46.763.855.367.683.400,00",5,kilometer,380.0,"R$ 3.294,31",15.0,24.0,18.0,17.0,,morumbi
450266,2022,"-23.590.014.382.832.300,00","-4.676.048.459.243.360,00",5,kilometer,92.0,"R$ 3.279,68",3.0,5.0,10.0,4.0,,morumbi
463706,2022,"-23.602.975.427.473.600,00","-4.675.303.920.372.380,00",5,kilometer,379.0,"R$ 3.277,99",21.0,23.0,20.0,36.0,,morumbi
458331,2022,"-2.359.590.409.359.970,00","-4.673.874.505.066.840,00",5,kilometer,238.0,"R$ 3.275,51",10.0,9.0,15.0,12.0,,morumbi
458297,2022,"-2.359.653.264.021.170,00","-4.674.211.811.944.670,00",5,kilometer,148.0,"R$ 3.273,45",6.0,4.0,6.0,6.0,,morumbi
447232,2022,"-23.611.231.307.754.800,00","-4.672.586.064.729.650,00",5,kilometer,358.0,"R$ 3.272,78",16.0,24.0,17.0,29.0,,morumbi
445575,2022,"-23.654.232.544.966.000,00","-46.746.589.402.319.600,00",5,kilometer,683.0,"R$ 3.270,84",28.0,41.0,45.0,42.0,,morumbi
432611,2022,"-2.362.638.753.760.190,00","-4.676.493.566.923.730,00",5,kilometer,170.0,"R$ 3.266,82",4.0,4.0,8.0,10.0,,morumbi
432553,2022,"-23.612.688.581.762.100,00","-4.675.546.041.381.260,00",5,kilometer,634.0,"R$ 3.264,16",31.0,34.0,49.0,53.0,,morumbi
450777,2022,"-23.576.558.781.192.400,00","-46.749.780.520.219.000,00",5,kilometer,364.0,"R$ 3.263,60",24.0,19.0,21.0,30.0,,morumbi
463705,2022,"-23.602.475.512.764.700,00","-46.754.046.584.205.300,00",5,kilometer,444.0,"R$ 3.257,13",28.0,23.0,25.0,27.0,,morumbi
445741,2022,"-23.645.770.963.413.700,00","-4.673.403.614.807.460,00",5,kilometer,619.0,"R$ 3.256,26",28.0,31.0,31.0,22.0,,morumbi
432952,2022,"-23.630.495.929.588.200,00","-4.674.892.024.028.680,00",5,kilometer,710.0,"R$ 3.249,06",37.0,55.0,42.0,45.0,,morumbi
432512,2022,"-23.624.202.275.932.800,00","-4.676.206.545.084.320,00",5,kilometer,494.0,"R$ 3.240,43",21.0,21.0,35.0,31.0,,morumbi
432693,2022,"-2.361.894.372.423.020,00","-46.761.723.088.087.800,00",5,kilometer,270.0,"R$ 3.236,07",12.0,22.0,19.0,12.0,,morumbi
458081,2022,"-23.597.531.664.358.300,00","-4.674.911.468.565.570,00",5,kilometer,368.0,"R$ 3.224,32",13.0,13.0,21.0,25.0,,morumbi
463409,2022,"-23.604.628.755.910.100,00","-46.764.617.565.067.700,00",5,kilometer,527.0,"R$ 3.217,36",18.0,27.0,34.0,22.0,,morumbi
450809,2022,"-23.585.147.521.204.900,00","-4.675.628.100.611.120,00",5,kilometer,459.0,"R$ 3.215,64",19.0,25.0,23.0,27.0,,morumbi
458170,2022,"-23.598.385.611.156.300,00","-4.675.072.999.806.040,00",5,kilometer,420.0,"R$ 3.185,53",18.0,15.0,16.0,25.0,,morumbi
432452,2022,"-23.635.061.329.307.900,00","-467.601.507.453.766,00",5,kilometer,589.0,"R$ 3.177,34",30.0,38.0,57.0,35.0,,morumbi
455647,2022,"-23.622.065.241.911.600,00","-4.674.399.802.372.660,00",5,kilometer,60.0,"R$ 3.169,60",0.0,3.0,3.0,4.0,,morumbi
445461,2022,"-23.648.367.046.045.500,00","-46.751.944.562.945.600,00",5,kilometer,599.0,"R$ 3.162,03",15.0,24.0,19.0,21.0,,morumbi
463695,2022,"-23.597.503.248.992.900,00","-4.676.088.366.962.940,00",5,kilometer,476.0,"R$ 3.154,92",25.0,19.0,26.0,28.0,,morumbi
450658,2022,"-23.576.542.403.587.500,00","-4.675.168.795.969.410,00",5,kilometer,309.0,"R$ 3.149,39",8.0,11.0,19.0,16.0,,morumbi
445614,2022,"-23.646.504.870.930.300,00","-467.525.033.247.076,00",5,kilometer,459.0,"R$ 3.138,09",15.0,23.0,18.0,23.0,,morumbi
432591,2022,"-23.636.479.249.025.000,00","-4.674.303.621.871.300,00",5,kilometer,640.0,"R$ 3.132,13",25.0,37.0,37.0,38.0,,morumbi
463694,2022,"-2.359.674.111.626.690,00","-467.614.514.127.164,00",5,kilometer,487.0,"R$ 3.129,48",20.0,27.0,36.0,28.0,,morumbi
463663,2022,"-2.360.100.647.939.230,00","-4.676.527.855.112.340,00",5,kilometer,169.0,"R$ 3.122,64",10.0,12.0,13.0,12.0,,morumbi
463664,2022,"-236.000.496.270.085,00","-4.676.398.447.889.360,00",5,kilometer,652.0,"R$ 3.112,59",29.0,43.0,42.0,55.0,,morumbi
463707,2022,"-23.603.215.749.971.400,00","-4.675.179.313.859.630,00",5,kilometer,407.0,"R$ 3.111,58",16.0,24.0,28.0,21.0,,morumbi
445580,2022,"-23.656.541.296.783.000,00","-46.738.880.536.733.800,00",5,kilometer,438.0,"R$ 3.109,26",22.0,27.0,31.0,30.0,,morumbi
458161,2022,"-2.359.933.620.850.320,00","-4.673.754.170.889.480,00",5,kilometer,389.0,"R$ 3.106,05",15.0,25.0,14.0,18.0,,morumbi
445626,2022,"-23.648.439.533.462.100,00","-46.737.859.293.589.000,00",5,kilometer,554.0,"R$ 3.104,69",23.0,36.0,22.0,40.0,,morumbi
445415,2022,"-23.656.606.671.889.800,00","-46.741.213.441.411.000,00",5,kilometer,414.0,"R$ 3.100,32",13.0,21.0,14.0,32.0,,morumbi
463398,2022,"-23.610.530.706.775.500,00","-4.677.758.617.736.200,00",5,kilometer,609.0,"R$ 3.089,40",33.0,36.0,34.0,42.0,,morumbi
458118,2022,"-23.598.114.027.972.600,00","-4.675.626.628.539.610,00",5,kilometer,499.0,"R$ 3.089,35",23.0,24.0,29.0,34.0,,morumbi
455322,2022,"-2.364.068.472.893.330,00","-46.744.301.078.519.900,00",5,kilometer,637.0,"R$ 3.088,28",19.0,35.0,30.0,38.0,,morumbi
458334,2022,"-23.613.293.291.481.700,00","-46.749.644.220.597.900,00",5,kilometer,365.0,"R$ 3.086,38",18.0,20.0,35.0,26.0,,morumbi
450147,2022,"-2.358.847.376.577.380,00","-46.761.857.111.171.100,00",5,kilometer,339.0,"R$ 3.084,51",10.0,18.0,22.0,20.0,,morumbi
432906,2022,"-236.234.937.650.858,00","-4.676.483.212.559.910,00",5,kilometer,396.0,"R$ 3.071,86",10.0,26.0,34.0,23.0,,morumbi
445432,2022,"-2.365.433.431.255.330,00","-46.742.241.110.060.000,00",5,kilometer,613.0,"R$ 3.060,26",29.0,39.0,26.0,26.0,,morumbi
445627,2022,"-2.364.939.329.109.760,00","-467.379.299.511.049,00",5,kilometer,272.0,"R$ 3.057,23",9.0,13.0,14.0,15.0,,morumbi
432448,2022,"-2.363.044.697.513.070,00","-4.676.730.097.946.370,00",5,kilometer,387.0,"R$ 3.054,35",16.0,25.0,15.0,18.0,,morumbi
458353,2022,"-2.358.954.167.917.040,00","-46.752.331.429.984.400,00",5,kilometer,245.0,"R$ 3.052,75",19.0,9.0,15.0,13.0,,morumbi
463696,2022,"-23.598.438.709.500.400,00","-4.676.233.483.881.700,00",5,kilometer,494.0,"R$ 3.046,31",23.0,33.0,36.0,40.0,,morumbi
432970,2022,"-23.642.792.693.405.300,00","-46.747.989.747.894,00",5,kilometer,178.0,"R$ 3.038,10",11.0,6.0,12.0,8.0,,morumbi
445804,2022,"-23.651.228.341.330.400,00","-4.673.109.141.395.140,00",5,kilometer,402.0,"R$ 3.037,48",20.0,18.0,20.0,20.0,,morumbi
463412,2022,"-2.361.316.336.786.380,00","-4.676.230.957.009.250,00",5,kilometer,522.0,"R$ 3.032,72",20.0,19.0,25.0,32.0,,morumbi
432720,2022,"-2.363.492.268.568.270,00","-4.676.693.015.759.140,00",5,kilometer,539.0,"R$ 3.025,16",33.0,28.0,34.0,29.0,,morumbi
463400,2022,"-23.614.525.754.602.000,00","-4.676.304.643.296.510,00",5,kilometer,519.0,"R$ 3.022,83",18.0,31.0,31.0,23.0,,morumbi
463917,2022,"-23.611.433.270.155.000,00","-46.781.212.406.632.100,00",5,kilometer,366.0,"R$ 3.015,00",16.0,26.0,23.0,18.0,,morumbi
450159,2022,"-2.358.800.115.512.340,00","-4.676.905.935.727.340,00",5,kilometer,583.0,"R$ 3.014,64",30.0,42.0,40.0,26.0,,morumbi
458287,2022,"-23.599.025.623.106.800,00","-4.673.579.833.418.820,00",5,kilometer,151.0,"R$ 3.011,67",6.0,11.0,5.0,13.0,,morumbi
458100,2022,"-23.598.707.310.637.500,00","-4.673.263.192.565.380,00",5,kilometer,169.0,"R$ 3.010,46",4.0,7.0,8.0,7.0,,morumbi
432865,2022,"-23.643.209.040.775.500,00","-4.675.013.756.201.510,00",5,kilometer,413.0,"R$ 2.995,81",16.0,14.0,32.0,29.0,,morumbi
432729,2022,"-23.625.663.728.048.300,00","-4.675.422.058.399.030,00",5,kilometer,324.0,"R$ 2.993,43",18.0,11.0,20.0,18.0,,morumbi
432761,2022,"-23.647.004.791.560.400,00","-46.759.744.653.219,00",5,kilometer,477.0,"R$ 2.993,34",30.0,34.0,22.0,19.0,,morumbi
450355,2022,"-2.358.512.357.134.570,00","-4.676.790.563.086.210,00",5,kilometer,162.0,"R$ 2.987,14",6.0,4.0,9.0,8.0,,morumbi
445460,2022,"-23.653.007.289.904.600,00","-46.731.778.410.082.700,00",5,kilometer,608.0,"R$ 2.987,06",51.0,41.0,30.0,36.0,,morumbi
432459,2022,"-23.629.071.760.433.000,00","-4.676.507.051.222.450,00",5,kilometer,778.0,"R$ 2.975,77",28.0,39.0,34.0,43.0,,morumbi
432557,2022,"-23.634.366.964.227.600,00","-46.747.442.500.694.500,00",5,kilometer,764.0,"R$ 2.972,59",70.0,42.0,33.0,49.0,,morumbi
463704,2022,"-23.602.388.780.641.600,00","-4.675.510.473.101.170,00",5,kilometer,586.0,"R$ 2.971,46",34.0,39.0,38.0,42.0,,morumbi
432911,2022,"-2.364.108.092.108.360,00","-4.675.241.225.016.130,00",5,kilometer,383.0,"R$ 2.970,33",11.0,31.0,23.0,24.0,,morumbi
463614,2022,"-2.360.970.203.248.180,00","-4.675.970.453.359.260,00",5,kilometer,205.0,"R$ 2.968,52",3.0,5.0,8.0,15.0,,morumbi
463823,2022,"-2.361.319.879.137.330,00","-46.768.821.918.161.900,00",5,kilometer,333.0,"R$ 2.966,44",7.0,17.0,16.0,36.0,,morumbi
450179,2022,"-2.358.710.474.772.050,00","-46.766.696.087.157.200,00",5,kilometer,300.0,"R$ 2.964,26",8.0,19.0,17.0,18.0,,morumbi
445455,2022,"-23.649.547.803.279.400,00","-4.674.047.295.552.800,00",5,kilometer,600.0,"R$ 2.957,37",28.0,20.0,19.0,29.0,,morumbi
455444,2022,"-2.361.814.454.264.770,00","-4.674.724.394.262.800,00",5,kilometer,568.0,"R$ 2.954,97",39.0,44.0,41.0,23.0,,morumbi
432612,2022,"-2.362.683.478.036.070,00","-46.762.584.691.672.700,00",5,kilometer,513.0,"R$ 2.951,50",21.0,26.0,25.0,25.0,,morumbi
432541,2022,"-23.622.052.342.837.800,00","-46.752.717.323.139.100,00",5,kilometer,768.0,"R$ 2.948,85",39.0,43.0,40.0,47.0,,morumbi
463963,2022,"-2.361.893.669.986.150,00","-4.676.387.008.373.080,00",5,kilometer,349.0,"R$ 2.942,03",19.0,11.0,14.0,25.0,,morumbi
455667,2022,"-23.637.581.614.462.400,00","-46.742.945.515.253.300,00",5,kilometer,905.0,"R$ 2.940,59",49.0,60.0,59.0,57.0,,morumbi
450682,2022,"-23.582.292.059.413.900,00","-4.675.846.693.944.450,00",5,kilometer,453.0,"R$ 2.939,13",16.0,20.0,31.0,27.0,,morumbi
441341,2022,"-2.361.337.214.781.690,00","-46.694.929.590.335.700,00",5,kilometer,449.0,"R$ 2.938,05",16.0,28.0,32.0,36.0,,morumbi
432454,2022,"-23.636.537.702.897.100,00","-4.677.150.809.145.780,00",5,kilometer,499.0,"R$ 2.936,60",18.0,20.0,21.0,27.0,,morumbi
450184,2022,"-23.595.850.263.061.900,00","-467.620.877.297.664,00",5,kilometer,324.0,"R$ 2.935,13",12.0,11.0,18.0,28.0,,morumbi
463519,2022,"-23.617.058.604.945.800,00","-46.777.553.506.951.200,00",5,kilometer,311.0,"R$ 2.934,90",19.0,18.0,16.0,24.0,,morumbi
445433,2022,"-23.654.865.803.138.800,00","-46.739.928.968.364.200,00",5,kilometer,557.0,"R$ 2.932,45",17.0,16.0,27.0,28.0,,morumbi
447249,2022,"-23.607.246.709.155.200,00","-4.670.197.321.582.060,00",5,kilometer,814.0,"R$ 2.927,66",52.0,73.0,86.0,84.0,,morumbi
463518,2022,"-23.619.109.463.281.000,00","-4.677.859.179.246.390,00",5,kilometer,472.0,"R$ 2.913,74",23.0,27.0,35.0,23.0,,morumbi
445449,2022,"-2.365.188.288.642.820,00","-46.742.259.330.027.900,00",5,kilometer,673.0,"R$ 2.906,99",48.0,38.0,41.0,50.0,,morumbi
432603,2022,"-23.635.978.248.431.200,00","-46.769.102.974.217.500,00",5,kilometer,226.0,"R$ 2.906,03",8.0,15.0,12.0,13.0,,morumbi
432654,2022,"-23.643.494.785.040.300,00","-46.761.723.579.251.000,00",5,kilometer,149.0,"R$ 2.904,00",10.0,11.0,17.0,15.0,,morumbi
450124,2022,"-23.592.889.908.680.100,00","-46.762.374.169.600.400,00",5,kilometer,445.0,"R$ 2.903,74",15.0,25.0,24.0,18.0,,morumbi
458069,2022,"-23.593.440.530.682.100,00","-4.673.949.456.008.670,00",5,kilometer,215.0,"R$ 2.901,74",12.0,6.0,8.0,12.0,,morumbi
463891,2022,"-2.360.041.941.006.960,00","-46.758.565.030.993.300,00",5,kilometer,602.0,"R$ 2.899,64",28.0,37.0,31.0,42.0,,morumbi
432559,2022,"-2.363.826.562.455.280,00","-46.748.438.688.420.300,00",5,kilometer,844.0,"R$ 2.898,53",55.0,36.0,33.0,39.0,,morumbi
432907,2022,"-23.624.027.754.826.600,00","-4.676.669.311.165.600,00",5,kilometer,544.0,"R$ 2.888,68",32.0,25.0,28.0,29.0,,morumbi
463892,2022,"-2.360.213.163.339.160,00","-4.675.928.296.717.840,00",5,kilometer,443.0,"R$ 2.875,69",18.0,30.0,19.0,29.0,,morumbi
432567,2022,"-2.363.279.627.635.840,00","-4.676.753.095.373.780,00",5,kilometer,643.0,"R$ 2.869,40",23.0,39.0,26.0,35.0,,morumbi
432714,2022,"-23.625.347.504.855.200,00","-4.674.814.972.521.480,00",5,kilometer,811.0,"R$ 2.869,28",42.0,40.0,63.0,71.0,,morumbi
450087,2022,"-2.359.940.093.080.610,00","-4.677.473.037.318.750,00",5,kilometer,253.0,"R$ 2.859,07",10.0,19.0,13.0,12.0,,morumbi
463637,2022,"-23.620.363.826.610.500,00","-46.767.339.045.055.600,00",5,kilometer,551.0,"R$ 2.856,44",23.0,28.0,36.0,34.0,,morumbi
433856,2022,"-23.651.500.939.403.400,00","-4.675.494.833.505.950,00",5,kilometer,181.0,"R$ 2.853,19",4.0,6.0,4.0,4.0,,morumbi
432479,2022,"-23.625.276.873.821.900,00","-467.637.254.196.499,00",5,kilometer,280.0,"R$ 2.852,66",8.0,13.0,10.0,11.0,,morumbi
445606,2022,"-23.648.506.373.987.700,00","-46.744.504.557.459.600,00",5,kilometer,408.0,"R$ 2.850,61",22.0,23.0,24.0,19.0,,morumbi
463918,2022,"-23.620.398.649.912.400,00","-4.677.046.330.660.310,00",5,kilometer,584.0,"R$ 2.849,16",28.0,33.0,39.0,35.0,,morumbi
432584,2022,"-2.363.908.992.491.550,00","-4.675.131.090.579.620,00",5,kilometer,185.0,"R$ 2.844,07",7.0,11.0,11.0,8.0,,morumbi
432685,2022,"-2.363.621.068.360.010,00","-4.674.641.561.420.560,00",5,kilometer,216.0,"R$ 2.843,96",12.0,11.0,23.0,11.0,,morumbi
445610,2022,"-2.365.162.246.623.370,00","-4.673.341.183.760.820,00",5,kilometer,206.0,"R$ 2.843,16",12.0,13.0,13.0,6.0,,morumbi
432510,2022,"-23.620.822.791.434.500,00","-4.676.306.289.490.300,00",5,kilometer,532.0,"R$ 2.842,68",20.0,28.0,26.0,25.0,,morumbi
450779,2022,"-23.582.257.604.328.200,00","-4.675.582.606.091.910,00",5,kilometer,625.0,"R$ 2.837,97",26.0,39.0,39.0,45.0,,morumbi
463736,2022,"-23.618.109.921.946.800,00","-4.676.600.582.371.300,00",5,kilometer,307.0,"R$ 2.837,63",21.0,11.0,13.0,17.0,,morumbi
445434,2022,"-2.365.429.429.465.080,00","-4.673.904.341.285.480,00",5,kilometer,563.0,"R$ 2.834,86",36.0,23.0,29.0,30.0,,morumbi
445430,2022,"-23.654.567.118.569.400,00","-4.674.513.668.870.730,00",5,kilometer,666.0,"R$ 2.834,11",23.0,36.0,38.0,45.0,,morumbi
450216,2022,"-23.592.455.477.501.200,00","-46.760.336.219.527.500,00",5,kilometer,486.0,"R$ 2.832,89",19.0,27.0,19.0,32.0,,morumbi
463567,2022,"-23.625.343.355.051.100,00","-4.677.036.786.133.490,00",5,kilometer,921.0,"R$ 2.832,27",51.0,63.0,50.0,52.0,,morumbi
432699,2022,"-23.635.164.161.210.700,00","-4.675.213.367.231.040,00",5,kilometer,161.0,"R$ 2.828,64",6.0,8.0,4.0,9.0,,morumbi
450183,2022,"-23.594.095.424.885.000,00","-4.676.452.147.750.050,00",5,kilometer,665.0,"R$ 2.819,09",23.0,44.0,49.0,45.0,,morumbi
455446,2022,"-23.619.592.022.283.300,00","-46.747.707.944.589.100,00",5,kilometer,388.0,"R$ 2.819,02",23.0,23.0,28.0,28.0,,morumbi
463559,2022,"-23.609.867.857.602.800,00","-467.744.473.942.846,00",5,kilometer,487.0,"R$ 2.813,02",23.0,37.0,26.0,27.0,,morumbi
463565,2022,"-2.361.670.134.083.390,00","-46.765.255.831.068.500,00",5,kilometer,901.0,"R$ 2.806,34",51.0,66.0,53.0,60.0,,morumbi
458121,2022,"-2.359.434.437.414.040,00","-46.756.332.108.410.900,00",5,kilometer,218.0,"R$ 2.801,99",11.0,13.0,9.0,11.0,,morumbi
445338,2022,"-23.646.094.792.809.500,00","-4.673.204.463.092.550,00",5,kilometer,315.0,"R$ 2.799,62",13.0,20.0,16.0,20.0,,morumbi
463535,2022,"-2.361.228.061.037.630,00","-4.677.314.190.026.230,00",5,kilometer,292.0,"R$ 2.795,20",13.0,21.0,21.0,11.0,,morumbi
432993,2022,"-23.640.450.069.941.400,00","-4.676.318.489.358.120,00",5,kilometer,406.0,"R$ 2.793,25",19.0,28.0,23.0,25.0,,morumbi
450122,2022,"-23.591.894.103.801.200,00","-4.676.187.228.218.440,00",5,kilometer,150.0,"R$ 2.789,00",10.0,6.0,7.0,10.0,,morumbi
432886,2022,"-23.633.011.569.743.600,00","-46.753.934.423.473.400,00",5,kilometer,284.0,"R$ 2.787,89",11.0,15.0,26.0,27.0,,morumbi
432444,2022,"-2.363.586.584.328.930,00","-4.676.467.549.497.020,00",5,kilometer,643.0,"R$ 2.783,26",40.0,26.0,36.0,38.0,,morumbi
450267,2022,"-23.590.655.872.682.800,00","-4.676.256.344.321.710,00",5,kilometer,155.0,"R$ 2.781,76",8.0,7.0,9.0,9.0,,morumbi
463916,2022,"-23.613.103.726.072.300,00","-4.677.161.603.894.260,00",5,kilometer,385.0,"R$ 2.781,49",10.0,25.0,19.0,24.0,,morumbi
432700,2022,"-23.633.957.969.983.000,00","-46.750.549.779.657.900,00",5,kilometer,487.0,"R$ 2.774,44",22.0,35.0,34.0,28.0,,morumbi
432484,2022,"-23.630.592.888.924,00","-46.754.877.958.982.900,00",5,kilometer,808.0,"R$ 2.771,67",49.0,53.0,49.0,45.0,,morumbi
463484,2022,"-23.624.764.735.253.700,00","-46.774.622.215.520.200,00",5,kilometer,674.0,"R$ 2.770,73",44.0,60.0,32.0,41.0,,morumbi
432915,2022,"-23.639.894.529.226.300,00","-4.676.073.616.230.620,00",5,kilometer,292.0,"R$ 2.766,57",16.0,18.0,26.0,21.0,,morumbi
463601,2022,"-23.607.689.741.851.400,00","-46.778.489.143.492.300,00",5,kilometer,570.0,"R$ 2.766,54",27.0,41.0,44.0,33.0,,morumbi
432451,2022,"-2.363.398.854.099.560,00","-467.610.693.702.056,00",5,kilometer,774.0,"R$ 2.760,91",29.0,36.0,42.0,54.0,,morumbi
463449,2022,"-2.362.729.692.741.160,00","-4.677.180.853.874.730,00",5,kilometer,540.0,"R$ 2.759,89",39.0,27.0,33.0,24.0,,morumbi
450683,2022,"-23.584.750.801.376.400,00","-4.675.848.696.533.580,00",5,kilometer,649.0,"R$ 2.756,81",36.0,37.0,46.0,53.0,,morumbi
432776,2022,"-2.363.766.066.876.020,00","-4.674.778.375.452.590,00",5,kilometer,222.0,"R$ 2.754,96",6.0,8.0,10.0,17.0,,morumbi
432570,2022,"-23.638.176.848.593.900,00","-4.677.017.023.990.230,00",5,kilometer,139.0,"R$ 2.751,84",8.0,5.0,6.0,4.0,,morumbi
432467,2022,"-23.642.419.609.517.000,00","-4.676.467.983.607.080,00",5,kilometer,590.0,"R$ 2.751,67",29.0,32.0,32.0,37.0,,morumbi
432477,2022,"-2.362.586.717.893.030,00","-4.676.665.203.755.450,00",5,kilometer,522.0,"R$ 2.739,50",20.0,21.0,18.0,32.0,,morumbi
432569,2022,"-23.636.228.732.638.800,00","-4.676.144.668.602.760,00",5,kilometer,783.0,"R$ 2.737,48",44.0,46.0,33.0,47.0,,morumbi
432796,2022,"-23.632.937.106.182.400,00","-4.676.306.739.602.990,00",5,kilometer,749.0,"R$ 2.735,68",44.0,40.0,70.0,63.0,,morumbi
445435,2022,"-2.365.360.539.091.430,00","-4.673.806.747.707.740,00",5,kilometer,582.0,"R$ 2.733,90",28.0,36.0,37.0,36.0,,morumbi
432732,2022,"-23.640.548.195.774.700,00","-4.674.858.880.243.840,00",5,kilometer,378.0,"R$ 2.723,28",22.0,16.0,17.0,14.0,,morumbi
450186,2022,"-23.596.348.030.151.200,00","-4.676.646.540.367.690,00",5,kilometer,553.0,"R$ 2.722,51",28.0,25.0,33.0,45.0,,morumbi
463888,2022,"-2.360.616.489.803.400,00","-4.676.880.155.467.260,00",5,kilometer,439.0,"R$ 2.722,27",23.0,27.0,28.0,26.0,,morumbi
463793,2022,"-236.143.813.785.459,00","-46.778.634.041.726.800,00",5,kilometer,273.0,"R$ 2.711,05",12.0,11.0,12.0,16.0,,morumbi
463737,2022,"-2.360.329.758.874.720,00","-4.677.853.388.172.890,00",5,kilometer,634.0,"R$ 2.710,97",33.0,41.0,35.0,59.0,,morumbi
432573,2022,"-23.642.321.406.167.100,00","-4.676.282.226.206.130,00",5,kilometer,645.0,"R$ 2.709,72",30.0,39.0,46.0,38.0,,morumbi
432534,2022,"-2.364.668.615.609.600,00","-4.676.156.796.035.690,00",5,kilometer,281.0,"R$ 2.702,28",14.0,15.0,19.0,16.0,,morumbi
458175,2022,"-2.360.281.555.189.960,00","-4.673.384.391.697.110,00",5,kilometer,511.0,"R$ 2.697,00",32.0,31.0,26.0,35.0,,morumbi
432964,2022,"-23.632.930.668.338.700,00","-4.675.267.910.763.100,00",5,kilometer,72.0,"R$ 2.695,56",3.0,4.0,,3.0,,morumbi
432632,2022,"-2.362.877.499.375.620,00","-46.747.207.972.702.700,00",5,kilometer,723.0,"R$ 2.693,25",29.0,47.0,46.0,52.0,,morumbi
463787,2022,"-23.609.362.357.027.000,00","-4.677.866.268.182.630,00",5,kilometer,561.0,"R$ 2.692,48",27.0,38.0,41.0,47.0,,morumbi
432585,2022,"-23.642.169.622.584.500,00","-46.751.926.538.862.500,00",5,kilometer,903.0,"R$ 2.689,11",40.0,59.0,59.0,59.0,,morumbi
450105,2022,"-23.597.899.588.879.300,00","-46.768.777.592.199.900,00",5,kilometer,702.0,"R$ 2.685,26",30.0,41.0,41.0,42.0,,morumbi
432458,2022,"-23.627.103.185.982.100,00","-4.676.813.104.112.330,00",5,kilometer,671.0,"R$ 2.682,66",26.0,42.0,25.0,44.0,,morumbi
445619,2022,"-23.645.677.469.922.200,00","-46.742.121.330.919.000,00",5,kilometer,387.0,"R$ 2.679,62",20.0,15.0,17.0,13.0,,morumbi
458099,2022,"-2.359.780.329.364.260,00","-46.732.731.125.664.800,00",5,kilometer,511.0,"R$ 2.676,65",17.0,29.0,36.0,22.0,,morumbi
432649,2022,"-2.363.721.588.234.200,00","-46.769.041.492.865.800,00",5,kilometer,288.0,"R$ 2.673,60",14.0,23.0,13.0,29.0,,morumbi
450218,2022,"-2.359.384.942.723.840,00","-4.676.178.682.208.700,00",5,kilometer,462.0,"R$ 2.672,03",24.0,31.0,20.0,33.0,,morumbi
463544,2022,"-23.621.489.857.830.900,00","-4.677.645.098.401.060,00",5,kilometer,86.0,"R$ 2.670,41",,6.0,9.0,4.0,,morumbi
445462,2022,"-23.647.222.335.727.200,00","-46.743.948.831.854.600,00",5,kilometer,858.0,"R$ 2.669,72",36.0,54.0,45.0,50.0,,morumbi
432979,2022,"-23.630.474.690.161.200,00","-4.674.621.823.476.380,00",5,kilometer,23.0,"R$ 2.666,67",6.0,0.0,,,,morumbi
458341,2022,"-2.359.440.159.540.430,00","-46.752.679.424.016.400,00",5,kilometer,527.0,"R$ 2.666,54",23.0,38.0,44.0,36.0,,morumbi
450807,2022,"-23.579.434.688.334.900,00","-4.675.061.728.755.710,00",5,kilometer,476.0,"R$ 2.665,36",34.0,31.0,12.0,28.0,,morumbi
432597,2022,"-2.363.744.557.107.800,00","-4.676.501.490.370.130,00",5,kilometer,533.0,"R$ 2.662,46",27.0,27.0,31.0,29.0,,morumbi
432518,2022,"-236.307.081.602.307,00","-46.751.492.413.469.500,00",5,kilometer,629.0,"R$ 2.659,74",30.0,32.0,47.0,37.0,,morumbi
455588,2022,"-2.364.219.946.031.330,00","-46.731.509.101.049.400,00",5,kilometer,613.0,"R$ 2.659,65",28.0,36.0,27.0,43.0,,morumbi
432519,2022,"-2.363.459.727.816.010,00","-4.675.485.739.789.830,00",5,kilometer,959.0,"R$ 2.652,92",51.0,65.0,61.0,68.0,,morumbi
463485,2022,"-23.626.155.719.688.200,00","-4.677.419.292.926.600,00",5,kilometer,706.0,"R$ 2.651,36",29.0,44.0,40.0,50.0,,morumbi
455625,2022,"-23.616.521.720.808.500,00","-4.673.056.836.539.610,00",5,kilometer,529.0,"R$ 2.647,77",30.0,36.0,48.0,49.0,,morumbi
432441,2022,"-23.635.035.798.649.800,00","-46.768.178.339.954.900,00",5,kilometer,591.0,"R$ 2.641,91",36.0,30.0,37.0,26.0,,morumbi
450680,2022,"-23.582.210.839.741.900,00","-46.753.443.799.687.000,00",5,kilometer,571.0,"R$ 2.641,28",24.0,34.0,31.0,36.0,,morumbi
445451,2022,"-2.365.253.402.422.870,00","-4.673.635.516.528.620,00",5,kilometer,756.0,"R$ 2.631,62",40.0,39.0,54.0,47.0,,morumbi
432466,2022,"-23.639.603.657.967.800,00","-4.676.264.824.370.760,00",5,kilometer,564.0,"R$ 2.627,32",30.0,29.0,31.0,44.0,,morumbi
450775,2022,"-23.577.639.108.637.400,00","-4.674.847.476.196.580,00",5,kilometer,256.0,"R$ 2.617,44",14.0,11.0,16.0,20.0,,morumbi
450778,2022,"-2.357.759.375.800.440,00","-4.675.113.598.968.530,00",5,kilometer,321.0,"R$ 2.614,95",15.0,17.0,20.0,17.0,,morumbi
450181,2022,"-23.592.283.485.394.200,00","-4.676.654.938.650.910,00",5,kilometer,413.0,"R$ 2.611,11",18.0,24.0,32.0,21.0,,morumbi
432988,2022,"-23.634.542.011.054.200,00","-4.675.291.691.470.870,00",5,kilometer,253.0,"R$ 2.610,66",19.0,22.0,23.0,21.0,,morumbi
463572,2022,"-2.362.754.372.051.270,00","-4.677.298.507.502.550,00",5,kilometer,383.0,"R$ 2.610,50",15.0,27.0,20.0,39.0,,morumbi
463697,2022,"-2.359.680.936.425.100,00","-46.760.034.547.844.100,00",5,kilometer,566.0,"R$ 2.606,04",30.0,50.0,27.0,37.0,,morumbi
432651,2022,"-2.363.138.105.863.330,00","-4.675.310.272.518.070,00",5,kilometer,240.0,"R$ 2.603,26",7.0,18.0,10.0,15.0,,morumbi
432599,2022,"-2.363.074.830.601.480,00","-46.764.679.474.961.100,00",5,kilometer,576.0,"R$ 2.602,59",27.0,31.0,26.0,34.0,,morumbi
450185,2022,"-2.359.728.244.117.470,00","-467.640.313.691.703,00",5,kilometer,1124.0,"R$ 2.598,31",55.0,79.0,48.0,81.0,,morumbi
432639,2022,"-23.637.645.476.980.300,00","-4.674.625.497.847.020,00",5,kilometer,757.0,"R$ 2.589,85",77.0,42.0,20.0,15.0,,morumbi
450265,2022,"-23.594.062.889.636.300,00","-4.676.560.499.672.960,00",5,kilometer,169.0,"R$ 2.579,89",3.0,7.0,11.0,9.0,,morumbi
450098,2022,"-2.358.847.106.617.440,00","-4.676.766.449.862.820,00",5,kilometer,100.0,"R$ 2.576,85",7.0,4.0,6.0,3.0,,morumbi
463448,2022,"-23.621.486.265.800.400,00","-4.677.195.403.450.890,00",5,kilometer,459.0,"R$ 2.566,91",19.0,19.0,31.0,28.0,,morumbi
450881,2022,"-23.580.313.342.824.700,00","-4.675.680.392.151.510,00",5,kilometer,513.0,"R$ 2.561,06",38.0,33.0,45.0,39.0,,morumbi
432792,2022,"-2.363.304.608.083.860,00","-46.763.776.044.328.600,00",5,kilometer,526.0,"R$ 2.560,97",28.0,22.0,33.0,42.0,,morumbi
463568,2022,"-23.624.251.953.600.400,00","-46.768.558.149.406,00",5,kilometer,740.0,"R$ 2.559,37",34.0,48.0,36.0,56.0,,morumbi
450285,2022,"-23.597.042.962.249.300,00","-467.692.913.101.652,00",5,kilometer,185.0,"R$ 2.555,38",12.0,13.0,10.0,17.0,,morumbi
463531,2022,"-23.627.413.520.957.000,00","-4.677.840.709.594.100,00",5,kilometer,488.0,"R$ 2.554,64",37.0,32.0,21.0,35.0,,morumbi
441342,2022,"-2.361.370.913.690.970,00","-4.669.361.009.015.460,00",5,kilometer,300.0,"R$ 2.550,83",19.0,24.0,20.0,23.0,,morumbi
432596,2022,"-23.633.986.285.085.300,00","-4.676.691.502.241.920,00",5,kilometer,481.0,"R$ 2.540,70",28.0,26.0,23.0,27.0,,morumbi
445622,2022,"-23.643.149.499.172.300,00","-4.674.386.104.131.980,00",5,kilometer,508.0,"R$ 2.539,97",26.0,26.0,26.0,22.0,,morumbi
445684,2022,"-23.652.885.056.013.500,00","-4.675.004.886.096.500,00",5,kilometer,733.0,"R$ 2.530,68",46.0,42.0,46.0,45.0,,morumbi
450746,2022,"-2.357.923.127.904.880,00","-4.675.324.711.670.050,00",5,kilometer,659.0,"R$ 2.527,19",31.0,38.0,32.0,46.0,,morumbi
450808,2022,"-23.583.768.301.075.600,00","-4.675.271.715.232.130,00",5,kilometer,452.0,"R$ 2.526,97",14.0,24.0,14.0,20.0,,morumbi
432774,2022,"-2.363.672.036.532.980,00","-46.747.654.729.012.900,00",5,kilometer,917.0,"R$ 2.526,16",78.0,61.0,31.0,35.0,,morumbi
463399,2022,"-236.132.953.658.704,00","-4.676.564.522.007.210,00",5,kilometer,781.0,"R$ 2.525,54",36.0,54.0,51.0,56.0,,morumbi
432514,2022,"-2.362.513.324.420.120,00","-4.675.605.649.553.290,00",5,kilometer,653.0,"R$ 2.522,43",28.0,41.0,39.0,44.0,,morumbi
455546,2022,"-23.641.709.388.301.600,00","-4.673.318.689.571.720,00",5,kilometer,297.0,"R$ 2.519,78",19.0,25.0,19.0,22.0,,morumbi
432650,2022,"-23.634.664.005.920.800,00","-4.675.834.243.964.990,00",5,kilometer,129.0,"R$ 2.515,14",3.0,5.0,16.0,8.0,,morumbi
445602,2022,"-23.650.313.259.157.900,00","-4.674.432.971.479.430,00",5,kilometer,196.0,"R$ 2.515,08",8.0,5.0,13.0,21.0,,morumbi
432543,2022,"-23.625.594.243.242.000,00","-4.674.989.513.370.660,00",5,kilometer,778.0,"R$ 2.512,93",60.0,60.0,45.0,56.0,,morumbi
463738,2022,"-23.604.704.058.278.600,00","-46.778.685.874.288.500,00",5,kilometer,843.0,"R$ 2.512,06",41.0,48.0,61.0,56.0,,morumbi
432443,2022,"-23.633.489.063.777.800,00","-46.764.804.046.925.300,00",5,kilometer,845.0,"R$ 2.507,68",41.0,47.0,40.0,58.0,,morumbi
463815,2022,"-23.616.185.020.737.200,00","-46.768.481.304.831.000,00",5,kilometer,520.0,"R$ 2.500,06",19.0,27.0,34.0,40.0,,morumbi
432708,2022,"-2.363.612.372.251.680,00","-46.755.215.317.323.900,00",5,kilometer,515.0,"R$ 2.492,55",29.0,23.0,29.0,30.0,,morumbi
432688,2022,"-23.620.501.097.408.700,00","-4.675.069.644.238.240,00",5,kilometer,559.0,"R$ 2.480,47",36.0,28.0,38.0,38.0,,morumbi
432568,2022,"-23.636.453.025.277.200,00","-46.766.224.470.159.200,00",5,kilometer,570.0,"R$ 2.479,06",31.0,42.0,31.0,42.0,,morumbi
432912,2022,"-23.631.740.150.874.300,00","-46.746.263.151.086.600,00",5,kilometer,266.0,"R$ 2.476,01",17.0,18.0,21.0,20.0,,morumbi
445467,2022,"-23.648.783.955.597.600,00","-4.673.495.614.018.750,00",5,kilometer,776.0,"R$ 2.472,29",42.0,37.0,51.0,49.0,,morumbi
450896,2022,"-2.357.886.927.932.290,00","-4.675.823.644.739.350,00",5,kilometer,480.0,"R$ 2.469,28",41.0,30.0,24.0,27.0,,morumbi
455548,2022,"-2.362.072.610.432.260,00","-4.672.893.388.823.710,00",5,kilometer,153.0,"R$ 2.468,56",13.0,11.0,13.0,17.0,,morumbi
445607,2022,"-2.364.913.897.317.650,00","-46.741.971.915.862.200,00",5,kilometer,505.0,"R$ 2.467,07",25.0,34.0,31.0,43.0,,morumbi
445458,2022,"-2.365.165.307.375.160,00","-46.734.305.294.129.800,00",5,kilometer,491.0,"R$ 2.466,95",16.0,25.0,28.0,33.0,,morumbi
432492,2022,"-2.363.779.634.235.580,00","-46.757.101.309.290.700,00",5,kilometer,743.0,"R$ 2.466,77",34.0,31.0,50.0,61.0,,morumbi
432580,2022,"-2.362.831.629.441.340,00","-4.675.352.283.142.680,00",5,kilometer,1050.0,"R$ 2.466,47",59.0,69.0,75.0,86.0,,morumbi
432689,2022,"-23.619.562.829.658.500,00","-4.675.013.973.258.950,00",5,kilometer,363.0,"R$ 2.465,12",11.0,21.0,26.0,24.0,,morumbi
432658,2022,"-23.628.528.632.494.100,00","-467.519.833.220.679,00",5,kilometer,486.0,"R$ 2.460,01",30.0,37.0,28.0,32.0,,morumbi
432575,2022,"-2.363.225.224.000.180,00","-4.675.520.318.581.440,00",5,kilometer,800.0,"R$ 2.458,09",52.0,51.0,63.0,58.0,,morumbi
432493,2022,"-23.640.951.610.290.600,00","-46.760.546.939.036.100,00",5,kilometer,553.0,"R$ 2.457,23",28.0,35.0,46.0,40.0,,morumbi
432852,2022,"-2.362.680.470.031.400,00","-4.675.849.769.026.110,00",5,kilometer,370.0,"R$ 2.456,29",14.0,25.0,20.0,26.0,,morumbi
432614,2022,"-2.363.165.530.672.660,00","-4.675.668.472.028.400,00",5,kilometer,373.0,"R$ 2.455,13",19.0,23.0,20.0,27.0,,morumbi
445436,2022,"-23.656.046.872.412.400,00","-46.734.579.719.917.900,00",5,kilometer,970.0,"R$ 2.454,82",46.0,41.0,47.0,53.0,,morumbi
455549,2022,"-23.620.649.543.104.900,00","-4.672.804.965.687.490,00",5,kilometer,319.0,"R$ 2.453,97",16.0,25.0,36.0,36.0,,morumbi
445605,2022,"-23.655.854.445.647.000,00","-4.673.261.911.490.210,00",5,kilometer,699.0,"R$ 2.450,65",29.0,43.0,41.0,36.0,,morumbi
450161,2022,"-2.359.535.613.044.020,00","-4.676.683.009.827.190,00",5,kilometer,683.0,"R$ 2.448,16",35.0,41.0,37.0,46.0,,morumbi
445786,2022,"-23.653.630.384.190.800,00","-467.301.489.956.709,00",5,kilometer,35.0,"R$ 2.448,00",,,3.0,4.0,,morumbi
455545,2022,"-23.617.662.464.480.200,00","-4.672.205.853.179.460,00",5,kilometer,597.0,"R$ 2.446,14",42.0,41.0,40.0,60.0,,morumbi
432660,2022,"-2.363.338.138.369.660,00","-4.676.651.345.840.030,00",5,kilometer,244.0,"R$ 2.444,16",20.0,31.0,15.0,21.0,,morumbi
458087,2022,"-235.990.552.902.917,00","-4.673.618.217.086.080,00",5,kilometer,265.0,"R$ 2.440,65",11.0,12.0,19.0,19.0,,morumbi
450269,2022,"-23.599.196.269.821.400,00","-46.775.749.868.380.500,00",5,kilometer,210.0,"R$ 2.438,49",12.0,6.0,6.0,15.0,,morumbi
432669,2022,"-23.635.637.574.978.700,00","-4.675.329.966.394.600,00",5,kilometer,170.0,"R$ 2.431,58",4.0,16.0,11.0,12.0,,morumbi
450104,2022,"-23.598.263.241.398.200,00","-4.676.796.574.607.640,00",5,kilometer,441.0,"R$ 2.429,42",14.0,24.0,29.0,23.0,,morumbi
433855,2022,"-2.365.038.468.924.750,00","-4.675.522.101.632.780,00",5,kilometer,473.0,"R$ 2.416,25",14.0,25.0,19.0,39.0,,morumbi
432442,2022,"-23.632.406.147.851.800,00","-4.676.635.334.954.760,00",5,kilometer,353.0,"R$ 2.401,88",17.0,15.0,24.0,20.0,,morumbi
455384,2022,"-23.618.776.987.756.600,00","-4.672.272.549.457.520,00",5,kilometer,359.0,"R$ 2.401,88",14.0,36.0,36.0,32.0,,morumbi
450659,2022,"-23.578.576.117.007.500,00","-46.751.831.795.261.700,00",5,kilometer,688.0,"R$ 2.399,44",43.0,44.0,39.0,50.0,,morumbi
432677,2022,"-23.638.718.213.647.900,00","-4.677.091.892.541.130,00",5,kilometer,338.0,"R$ 2.397,43",17.0,18.0,21.0,28.0,,morumbi
432839,2022,"-23.632.443.879.869.700,00","-4.675.955.289.929.070,00",5,kilometer,426.0,"R$ 2.394,39",31.0,27.0,23.0,38.0,,morumbi
458367,2022,"-2.361.397.973.347.650,00","-4.674.793.492.934.720,00",5,kilometer,522.0,"R$ 2.393,69",34.0,49.0,58.0,47.0,,morumbi
432698,2022,"-23.632.333.081.007.400,00","-46.748.561.112.971.600,00",5,kilometer,260.0,"R$ 2.392,90",16.0,10.0,20.0,17.0,,morumbi
432486,2022,"-23.631.550.200.572.600,00","-4.675.179.195.445.880,00",5,kilometer,305.0,"R$ 2.390,72",13.0,14.0,15.0,17.0,,morumbi
432925,2022,"-2.362.834.353.349.150,00","-4.675.706.138.642.040,00",5,kilometer,289.0,"R$ 2.389,56",22.0,26.0,27.0,22.0,,morumbi
463375,2022,"-23.624.754.494.920.300,00","-4.677.839.717.509.180,00",5,kilometer,261.0,"R$ 2.388,00",19.0,11.0,17.0,21.0,,morumbi
445609,2022,"-23.650.617.694.333.800,00","-46.738.787.144.505.200,00",5,kilometer,315.0,"R$ 2.387,20",9.0,19.0,16.0,14.0,,morumbi
432563,2022,"-23.634.634.082.016.200,00","-4.674.328.849.004.210,00",5,kilometer,705.0,"R$ 2.386,45",37.0,61.0,48.0,52.0,,morumbi
447303,2022,"-23.607.835.977.101.600,00","-46.702.758.259.886.600,00",5,kilometer,506.0,"R$ 2.383,25",36.0,28.0,45.0,60.0,,morumbi
432772,2022,"-2.362.848.704.678.760,00","-4.675.541.368.155.580,00",5,kilometer,268.0,"R$ 2.381,96",12.0,10.0,16.0,24.0,,morumbi
463631,2022,"-23.613.830.113.808.200,00","-4.676.112.557.323.830,00",5,kilometer,443.0,"R$ 2.379,29",15.0,21.0,21.0,24.0,,morumbi
432558,2022,"-23.635.730.318.544.500,00","-4.674.706.407.332.990,00",5,kilometer,505.0,"R$ 2.377,42",31.0,33.0,28.0,36.0,,morumbi
458343,2022,"-2.360.197.219.899.570,00","-4.673.354.441.565.700,00",5,kilometer,457.0,"R$ 2.377,36",23.0,26.0,29.0,21.0,,morumbi
432521,2022,"-2.363.808.185.900.030,00","-4.675.570.008.408.320,00",5,kilometer,63.0,"R$ 2.372,08",5.0,3.0,,3.0,,morumbi
458228,2022,"-23.599.880.145.555.500,00","-46.755.109.292.786.100,00",5,kilometer,504.0,"R$ 2.370,90",30.0,35.0,40.0,33.0,,morumbi
458324,2022,"-2.359.358.376.679.150,00","-467.512.122.965.421,00",5,kilometer,594.0,"R$ 2.365,05",33.0,44.0,32.0,42.0,,morumbi
458319,2022,"-2.360.050.580.394.540,00","-4.673.374.106.091.170,00",5,kilometer,218.0,"R$ 2.361,90",8.0,16.0,15.0,13.0,,morumbi
432496,2022,"-23.646.516.933.773.800,00","-4.676.311.312.353.490,00",5,kilometer,489.0,"R$ 2.360,76",12.0,28.0,24.0,27.0,,morumbi
447292,2022,"-2.360.799.767.734.700,00","-4.670.102.885.709.760,00",5,kilometer,422.0,"R$ 2.360,76",27.0,33.0,44.0,37.0,,morumbi
432994,2022,"-23.640.581.108.438.800,00","-4.676.261.192.042.020,00",5,kilometer,181.0,"R$ 2.359,41",22.0,14.0,13.0,18.0,,morumbi
432618,2022,"-23.642.804.831.595.300,00","-4.676.135.277.142.470,00",5,kilometer,409.0,"R$ 2.356,82",13.0,13.0,19.0,23.0,,morumbi
450167,2022,"-2.360.010.691.053.240,00","-4.677.446.464.595.700,00",5,kilometer,228.0,"R$ 2.352,97",8.0,7.0,8.0,12.0,,morumbi
445611,2022,"-23.653.826.049.380.600,00","-4.673.202.102.947.620,00",5,kilometer,600.0,"R$ 2.350,37",32.0,35.0,35.0,39.0,,morumbi
455506,2022,"-23.640.995.750.630.700,00","-4.673.040.174.748.740,00",5,kilometer,867.0,"R$ 2.349,29",44.0,54.0,56.0,77.0,,morumbi
431367,2022,"-2.358.788.844.321.720,00","-46.732.478.573.798.700,00",5,kilometer,84.0,"R$ 2.342,87",3.0,11.0,9.0,8.0,,morumbi
432837,2022,"-23.627.607.718.715.300,00","-4.676.161.440.445.600,00",5,kilometer,125.0,"R$ 2.340,02",10.0,13.0,6.0,4.0,,morumbi
432520,2022,"-236.368.140.269.788,00","-4.675.246.233.255.850,00",5,kilometer,384.0,"R$ 2.338,78",19.0,17.0,27.0,26.0,,morumbi
432582,2022,"-2.363.150.652.518.120,00","-4.674.998.867.882.460,00",5,kilometer,542.0,"R$ 2.334,44",28.0,32.0,38.0,32.0,,morumbi
432447,2022,"-23.635.672.826.519.500,00","-4.676.856.026.091.540,00",5,kilometer,436.0,"R$ 2.332,10",30.0,31.0,27.0,34.0,,morumbi
432919,2022,"-23.645.020.077.049.900,00","-4.676.266.138.050.620,00",5,kilometer,337.0,"R$ 2.328,32",16.0,25.0,22.0,20.0,,morumbi
432783,2022,"-2.364.037.476.707.070,00","-46.772.161.749.408.000,00",5,kilometer,668.0,"R$ 2.325,85",34.0,52.0,41.0,46.0,,morumbi
432987,2022,"-23.632.929.419.568.400,00","-4.675.147.384.059.650,00",5,kilometer,479.0,"R$ 2.324,61",17.0,31.0,26.0,38.0,,morumbi
432576,2022,"-23.633.429.800.963.000,00","-4.675.529.177.322.200,00",5,kilometer,812.0,"R$ 2.323,15",52.0,54.0,58.0,61.0,,morumbi
432975,2022,"-23.629.857.130.968.500,00","-46.758.663.527.131.000,00",5,kilometer,31.0,"R$ 2.316,00",0.0,,,0.0,,morumbi
432670,2022,"-23.638.341.757.390.700,00","-4.675.401.164.569.080,00",5,kilometer,233.0,"R$ 2.314,07",17.0,13.0,12.0,9.0,,morumbi
432697,2022,"-23.632.718.498.259.000,00","-467.492.380.009.268,00",5,kilometer,375.0,"R$ 2.313,42",22.0,23.0,20.0,17.0,,morumbi
432483,2022,"-23.630.547.436.639.200,00","-4.675.809.097.923.620,00",5,kilometer,311.0,"R$ 2.311,20",17.0,24.0,10.0,24.0,,morumbi
432740,2022,"-23.632.091.660.420.000,00","-4.674.733.014.516.230,00",5,kilometer,488.0,"R$ 2.303,86",23.0,25.0,30.0,20.0,,morumbi
445608,2022,"-236.508.188.065.189,00","-467.404.687.879.964,00",5,kilometer,639.0,"R$ 2.301,90",35.0,47.0,28.0,50.0,,morumbi
432600,2022,"-23.637.274.979.386.300,00","-46.762.628.330.271.900,00",5,kilometer,285.0,"R$ 2.300,02",20.0,21.0,11.0,13.0,,morumbi
432980,2022,"-2.364.425.488.738.070,00","-46.750.772.202.992.600,00",5,kilometer,276.0,"R$ 2.299,15",12.0,18.0,16.0,21.0,,morumbi
432716,2022,"-2.362.682.319.136.550,00","-4.674.821.693.431.870,00",5,kilometer,408.0,"R$ 2.298,99",22.0,21.0,26.0,34.0,,morumbi
432526,2022,"-2.364.352.384.917.110,00","-46.753.325.663.076.900,00",5,kilometer,710.0,"R$ 2.297,19",41.0,37.0,49.0,46.0,,morumbi
445468,2022,"-23.648.865.784.134.900,00","-46.734.039.376.199.500,00",5,kilometer,725.0,"R$ 2.294,82",39.0,48.0,40.0,63.0,,morumbi
450099,2022,"-23.592.774.826.576.500,00","-4.676.730.283.820.570,00",5,kilometer,728.0,"R$ 2.293,26",28.0,39.0,41.0,46.0,,morumbi
455556,2022,"-23.620.576.480.225.100,00","-46.724.618.128.592.700,00",5,kilometer,646.0,"R$ 2.292,74",31.0,43.0,50.0,44.0,,morumbi
463483,2022,"-23.623.706.925.671.300,00","-4.677.231.165.057.380,00",5,kilometer,1064.0,"R$ 2.289,24",63.0,76.0,64.0,66.0,,morumbi
450180,2022,"-23.590.299.108.034.500,00","-46.766.264.125.786.100,00",5,kilometer,368.0,"R$ 2.283,62",18.0,19.0,11.0,23.0,,morumbi
445613,2022,"-236.473.749.191.986,00","-4.675.577.496.267.460,00",5,kilometer,382.0,"R$ 2.280,41",11.0,17.0,27.0,24.0,,morumbi
432971,2022,"-23.642.972.934.040.500,00","-46.748.746.194.978.300,00",5,kilometer,91.0,"R$ 2.279,59",4.0,3.0,5.0,8.0,,morumbi
450678,2022,"-2.357.995.025.498.770,00","-4.675.233.010.401.390,00",5,kilometer,263.0,"R$ 2.277,58",12.0,19.0,19.0,19.0,,morumbi
433437,2022,"-23.636.472.810.946.100,00","-4.675.314.969.770.910,00",5,kilometer,125.0,"R$ 2.276,81",5.0,4.0,7.0,9.0,,morumbi
432733,2022,"-23.640.115.346.162.700,00","-4.674.688.500.916.220,00",5,kilometer,403.0,"R$ 2.274,34",17.0,18.0,17.0,26.0,,morumbi
445450,2022,"-23.651.983.895.281.500,00","-467.392.271.898.108,00",5,kilometer,721.0,"R$ 2.268,81",41.0,35.0,45.0,54.0,,morumbi
445604,2022,"-23.654.648.794.583.600,00","-4.673.374.300.812.170,00",5,kilometer,412.0,"R$ 2.266,78",18.0,28.0,18.0,23.0,,morumbi
432709,2022,"-23.634.969.795.659.700,00","-4.675.652.516.131.920,00",5,kilometer,392.0,"R$ 2.263,64",17.0,29.0,19.0,28.0,,morumbi
450102,2022,"-2.359.771.173.046.060,00","-4.676.543.474.431.450,00",5,kilometer,341.0,"R$ 2.253,04",18.0,13.0,20.0,22.0,,morumbi
455670,2022,"-23.627.586.995.637.900,00","-4.672.609.431.897.150,00",5,kilometer,15.0,"R$ 2.250,00",0.0,0.0,3.0,,,morumbi
445601,2022,"-2.365.242.579.807.680,00","-4.674.674.662.299.570,00",5,kilometer,1037.0,"R$ 2.248,05",53.0,49.0,78.0,76.0,,morumbi
455587,2022,"-23.642.442.023.579.400,00","-4.673.247.173.991.860,00",5,kilometer,737.0,"R$ 2.246,72",40.0,43.0,48.0,51.0,,morumbi
432777,2022,"-23.621.920.227.448.900,00","-4.674.983.488.013.090,00",5,kilometer,624.0,"R$ 2.244,36",31.0,33.0,47.0,48.0,,morumbi
445416,2022,"-23.655.247.425.157.200,00","-4.673.646.083.450.070,00",5,kilometer,640.0,"R$ 2.240,11",20.0,23.0,39.0,46.0,,morumbi
463387,2022,"-23.626.642.542.736.500,00","-4.677.850.987.205.490,00",5,kilometer,757.0,"R$ 2.234,61",37.0,52.0,54.0,50.0,,morumbi
450321,2022,"-23.591.009.255.455.500,00","-467.574.479.897.941,00",5,kilometer,245.0,"R$ 2.233,04",23.0,11.0,10.0,22.0,,morumbi
455442,2022,"-23.621.390.865.844.400,00","-4.672.685.733.242.150,00",5,kilometer,404.0,"R$ 2.231,65",18.0,33.0,34.0,47.0,,morumbi
450166,2022,"-23.598.441.630.222.100,00","-4.677.540.782.620.310,00",5,kilometer,221.0,"R$ 2.223,14",9.0,4.0,10.0,14.0,,morumbi
463386,2022,"-23.624.992.616.901.600,00","-4.677.638.823.873.420,00",5,kilometer,498.0,"R$ 2.223,06",18.0,34.0,30.0,23.0,,morumbi
445431,2022,"-23.653.377.537.218.100,00","-46.744.004.597.036.000,00",5,kilometer,660.0,"R$ 2.216,88",36.0,43.0,47.0,54.0,,morumbi
445452,2022,"-23.654.175.349.558.600,00","-46.734.594.265.139.400,00",5,kilometer,381.0,"R$ 2.215,28",20.0,19.0,24.0,21.0,,morumbi
432453,2022,"-23.638.673.032.129.000,00","-4.676.807.481.195.380,00",5,kilometer,472.0,"R$ 2.215,22",21.0,38.0,31.0,36.0,,morumbi
432763,2022,"-23.649.200.205.212.700,00","-4.676.042.909.514.860,00",5,kilometer,382.0,"R$ 2.214,99",11.0,12.0,19.0,21.0,,morumbi
458236,2022,"-23.593.438.672.562.200,00","-4.675.360.990.545.370,00",5,kilometer,514.0,"R$ 2.214,50",35.0,39.0,35.0,31.0,,morumbi
432855,2022,"-2.362.919.905.164.990,00","-4.675.643.813.184.710,00",5,kilometer,354.0,"R$ 2.213,57",25.0,28.0,30.0,30.0,,morumbi
445508,2022,"-2.365.533.194.633.090,00","-4.673.798.362.308.550,00",5,kilometer,454.0,"R$ 2.212,27",25.0,31.0,18.0,27.0,,morumbi
445612,2022,"-23.655.392.579.374.200,00","-4.673.099.907.165.370,00",5,kilometer,384.0,"R$ 2.212,27",27.0,28.0,29.0,15.0,,morumbi
463385,2022,"-2.362.322.138.324.130,00","-4.677.442.639.459.240,00",5,kilometer,577.0,"R$ 2.210,98",40.0,27.0,34.0,33.0,,morumbi
432523,2022,"-23.639.201.810.876.100,00","-4.675.471.444.861.410,00",5,kilometer,631.0,"R$ 2.210,70",33.0,31.0,39.0,42.0,,morumbi
432728,2022,"-23.630.768.110.446.200,00","-46.753.740.096.930.900,00",5,kilometer,280.0,"R$ 2.207,64",25.0,15.0,12.0,16.0,,morumbi
432866,2022,"-23.631.605.347.240.400,00","-4.674.341.952.088.960,00",5,kilometer,148.0,"R$ 2.206,27",18.0,10.0,9.0,16.0,,morumbi
432487,2022,"-2.363.228.107.014.260,00","-4.675.803.419.555.880,00",5,kilometer,414.0,"R$ 2.205,29",19.0,27.0,27.0,40.0,,morumbi
432615,2022,"-2.362.925.147.775.460,00","-4.675.887.649.185.920,00",5,kilometer,304.0,"R$ 2.200,53",18.0,20.0,20.0,28.0,,morumbi
463542,2022,"-2.361.879.305.033.740,00","-4.677.691.106.503.790,00",5,kilometer,501.0,"R$ 2.191,42",29.0,16.0,30.0,35.0,,morumbi
432858,2022,"-23.638.768.022.161.600,00","-46.751.362.015.917.200,00",5,kilometer,482.0,"R$ 2.190,89",21.0,30.0,31.0,31.0,,morumbi
432791,2022,"-23.632.000.862.602.600,00","-46.761.944.755.520.700,00",5,kilometer,721.0,"R$ 2.190,48",53.0,60.0,57.0,69.0,,morumbi
463401,2022,"-2.361.920.359.205.910,00","-4.677.008.287.698.100,00",5,kilometer,261.0,"R$ 2.189,61",9.0,14.0,21.0,10.0,,morumbi
433422,2022,"-23.641.563.283.912.900,00","-46.763.781.196.357.100,00",5,kilometer,235.0,"R$ 2.188,79",9.0,21.0,12.0,19.0,,morumbi
432672,2022,"-23.650.365.211.554.200,00","-4.676.064.649.806.210,00",5,kilometer,577.0,"R$ 2.186,18",26.0,25.0,28.0,35.0,,morumbi
432613,2022,"-2.362.992.402.016.940,00","-46.756.677.882.115.500,00",5,kilometer,349.0,"R$ 2.184,14",22.0,21.0,14.0,28.0,,morumbi
432662,2022,"-23.638.340.387.173.200,00","-46.766.083.301.753.600,00",5,kilometer,73.0,"R$ 2.180,50",3.0,4.0,9.0,5.0,,morumbi
432955,2022,"-236.362.751.313.231,00","-4.674.487.381.379.180,00",5,kilometer,1064.0,"R$ 2.180,26",50.0,66.0,53.0,53.0,,morumbi
432969,2022,"-2.364.385.895.718.090,00","-4.674.992.030.696.290,00",5,kilometer,21.0,"R$ 2.172,67",0.0,0.0,0.0,0.0,,morumbi
432637,2022,"-23.622.348.624.368.300,00","-4.674.836.817.158.600,00",5,kilometer,561.0,"R$ 2.172,18",28.0,36.0,32.0,29.0,,morumbi
432965,2022,"-2.363.392.300.410.570,00","-46.753.051.824.825.700,00",5,kilometer,49.0,"R$ 2.172,00",3.0,8.0,,5.0,,morumbi
447196,2022,"-23.610.002.839.116.300,00","-4.670.262.185.593.590,00",5,kilometer,630.0,"R$ 2.170,63",45.0,42.0,32.0,43.0,,morumbi
463543,2022,"-236.209.429.497.337,00","-4.677.327.084.874.540,00",5,kilometer,572.0,"R$ 2.169,87",26.0,40.0,29.0,26.0,,morumbi
432560,2022,"-23.642.101.683.154.000,00","-4.674.984.775.136.960,00",5,kilometer,670.0,"R$ 2.167,50",38.0,33.0,44.0,50.0,,morumbi
432770,2022,"-23.627.437.273.596.800,00","-4.675.620.106.170.870,00",5,kilometer,313.0,"R$ 2.166,90",17.0,22.0,26.0,22.0,,morumbi
463388,2022,"-2.362.679.695.398.710,00","-4.677.564.780.410.160,00",5,kilometer,779.0,"R$ 2.160,31",42.0,50.0,51.0,54.0,,morumbi
455604,2022,"-23.618.978.108.831.300,00","-467.263.174.279.137,00",5,kilometer,533.0,"R$ 2.152,72",29.0,44.0,30.0,44.0,,morumbi
463638,2022,"-23.622.067.239.068.300,00","-4.676.617.583.771.770,00",5,kilometer,32.0,"R$ 2.152,00",,5.0,5.0,,,morumbi
450100,2022,"-23.592.322.162.582.600,00","-4.676.549.059.247.320,00",5,kilometer,339.0,"R$ 2.151,61",20.0,24.0,16.0,23.0,,morumbi
432455,2022,"-2.363.474.799.390.140,00","-467.736.494.742.803,00",5,kilometer,435.0,"R$ 2.151,42",11.0,23.0,20.0,22.0,,morumbi
432957,2022,"-23.639.957.124.588.400,00","-4.676.530.670.482.700,00",5,kilometer,542.0,"R$ 2.150,90",32.0,32.0,40.0,43.0,,morumbi
433440,2022,"-23.637.572.915.662.800,00","-4.674.570.398.487.760,00",5,kilometer,760.0,"R$ 2.131,57",62.0,50.0,26.0,28.0,,morumbi
463569,2022,"-2.362.647.961.466.870,00","-4.676.977.601.189.410,00",5,kilometer,658.0,"R$ 2.129,27",30.0,50.0,41.0,48.0,,morumbi
432742,2022,"-23.638.876.991.618.900,00","-4.675.753.740.276.730,00",5,kilometer,256.0,"R$ 2.128,58",15.0,11.0,15.0,18.0,,morumbi
450240,2022,"-2.358.958.906.009.360,00","-4.676.181.614.944.460,00",5,kilometer,448.0,"R$ 2.128,11",16.0,24.0,31.0,27.0,,morumbi
432727,2022,"-2.363.001.753.458.680,00","-4.675.347.202.428.290,00",5,kilometer,416.0,"R$ 2.128,04",23.0,30.0,39.0,30.0,,morumbi
432648,2022,"-2.362.992.831.829.390,00","-46.759.317.655.014.800,00",5,kilometer,378.0,"R$ 2.127,25",32.0,25.0,30.0,28.0,,morumbi
432737,2022,"-23.624.790.180.054.100,00","-467.600.906.166.467,00",5,kilometer,549.0,"R$ 2.119,73",26.0,22.0,29.0,25.0,,morumbi
458237,2022,"-23.591.372.861.223.400,00","-4.675.045.850.968.340,00",5,kilometer,825.0,"R$ 2.116,79",51.0,86.0,73.0,66.0,,morumbi
432910,2022,"-23.640.366.495.048.400,00","-4.675.055.738.022.790,00",5,kilometer,439.0,"R$ 2.112,79",26.0,25.0,32.0,24.0,,morumbi
445457,2022,"-2.365.126.289.492.450,00","-467.358.697.413.611,00",5,kilometer,847.0,"R$ 2.108,38",48.0,53.0,49.0,68.0,,morumbi
432768,2022,"-2.364.011.261.758.100,00","-46.752.510.997.358.500,00",5,kilometer,588.0,"R$ 2.105,67",28.0,35.0,42.0,37.0,,morumbi
458207,2022,"-2.360.594.934.112.020,00","-46.728.600.304.857.000,00",5,kilometer,150.0,"R$ 2.105,38",8.0,13.0,14.0,14.0,,morumbi
432589,2022,"-23.626.124.686.574.700,00","-4.675.103.011.576.660,00",5,kilometer,760.0,"R$ 2.105,29",48.0,67.0,52.0,45.0,,morumbi
445459,2022,"-23.654.060.348.703.100,00","-4.673.265.361.176.710,00",5,kilometer,699.0,"R$ 2.101,39",42.0,40.0,41.0,44.0,,morumbi
445339,2022,"-2.365.014.784.567.780,00","-467.341.571.550.071,00",5,kilometer,263.0,"R$ 2.099,82",13.0,21.0,17.0,17.0,,morumbi
447293,2022,"-23.607.745.167.155.800,00","-4.670.143.906.828.490,00",5,kilometer,1005.0,"R$ 2.098,48",77.0,78.0,91.0,100.0,,morumbi
432577,2022,"-23.637.821.761.842.800,00","-4.675.813.887.977.820,00",5,kilometer,611.0,"R$ 2.097,26",33.0,41.0,39.0,37.0,,morumbi
455507,2022,"-2.364.337.222.049.990,00","-46.728.231.840.959.000,00",5,kilometer,188.0,"R$ 2.096,25",13.0,7.0,7.0,16.0,,morumbi
432674,2022,"-23.635.147.056.230.700,00","-4.675.147.540.906.350,00",5,kilometer,348.0,"R$ 2.094,93",15.0,17.0,25.0,23.0,,morumbi
445574,2022,"-2.365.423.109.293.040,00","-46.750.878.572.386.700,00",5,kilometer,889.0,"R$ 2.091,67",49.0,76.0,75.0,67.0,,morumbi
433436,2022,"-23.637.706.628.616.700,00","-4.675.326.895.773.750,00",5,kilometer,350.0,"R$ 2.089,93",15.0,24.0,21.0,31.0,,morumbi
445639,2022,"-2.365.252.559.522.640,00","-46.743.072.126.109.500,00",5,kilometer,393.0,"R$ 2.087,92",29.0,24.0,18.0,29.0,,morumbi
445780,2022,"-23.656.173.987.173.000,00","-467.305.194.177.224,00",5,kilometer,212.0,"R$ 2.087,54",8.0,10.0,10.0,12.0,,morumbi
463389,2022,"-23.628.102.988.675.300,00","-4.677.433.353.693.560,00",5,kilometer,615.0,"R$ 2.084,51",32.0,39.0,36.0,36.0,,morumbi
432633,2022,"-23.635.983.809.185.400,00","-46.750.754.568.649.100,00",5,kilometer,585.0,"R$ 2.080,73",36.0,25.0,41.0,31.0,,morumbi
455544,2022,"-2.361.755.304.719.620,00","-4.672.138.082.507.450,00",5,kilometer,461.0,"R$ 2.079,77",26.0,28.0,42.0,49.0,,morumbi
455338,2022,"-23.620.419.671.904.200,00","-46.745.568.519.542.100,00",5,kilometer,534.0,"R$ 2.078,99",34.0,34.0,35.0,50.0,,morumbi
458335,2022,"-23.614.077.684.076.200,00","-46.748.439.095.433.200,00",5,kilometer,601.0,"R$ 2.078,78",33.0,37.0,57.0,47.0,,morumbi
433438,2022,"-23.635.339.308.047.900,00","-4.674.917.909.690.580,00",5,kilometer,692.0,"R$ 2.076,61",51.0,44.0,39.0,42.0,,morumbi
432525,2022,"-2.364.159.049.713.680,00","-46.750.546.645.685.500,00",5,kilometer,273.0,"R$ 2.070,85",13.0,14.0,19.0,22.0,,morumbi
433441,2022,"-2.363.775.493.506.370,00","-46.745.074.515.535.000,00",5,kilometer,432.0,"R$ 2.068,64",30.0,24.0,21.0,15.0,,morumbi
463384,2022,"-2.362.371.997.786.390,00","-4.677.048.433.043.950,00",5,kilometer,687.0,"R$ 2.068,59",41.0,36.0,49.0,57.0,,morumbi
463571,2022,"-23.625.352.565.153.700,00","-4.677.184.949.143.820,00",5,kilometer,619.0,"R$ 2.068,18",32.0,58.0,36.0,34.0,,morumbi
447195,2022,"-2.360.885.672.413.140,00","-467.021.984.167.718,00",5,kilometer,336.0,"R$ 2.068,10",18.0,17.0,37.0,24.0,,morumbi
455316,2022,"-23.642.077.745.832.700,00","-4.673.108.723.029.860,00",5,kilometer,278.0,"R$ 2.063,68",18.0,14.0,17.0,24.0,,morumbi
450123,2022,"-2.359.064.789.252.650,00","-46.761.389.631.698.500,00",5,kilometer,962.0,"R$ 2.063,32",65.0,74.0,63.0,83.0,,morumbi
433434,2022,"-236.382.222.750.338,00","-46.761.218.268.178.100,00",5,kilometer,324.0,"R$ 2.062,89",12.0,20.0,17.0,27.0,,morumbi
455596,2022,"-2.361.579.166.966.920,00","-4.673.029.991.460.120,00",5,kilometer,782.0,"R$ 2.055,57",56.0,59.0,52.0,61.0,,morumbi
463570,2022,"-23.624.610.028.539.800,00","-4.677.326.823.078.580,00",5,kilometer,632.0,"R$ 2.054,37",41.0,53.0,37.0,42.0,,morumbi
455329,2022,"-23.618.175.677.876.200,00","-46.725.697.954.096.800,00",5,kilometer,465.0,"R$ 2.054,19",43.0,33.0,34.0,35.0,,morumbi
432741,2022,"-23.633.078.990.599.100,00","-4.674.663.235.858.790,00",5,kilometer,351.0,"R$ 2.048,02",19.0,19.0,22.0,28.0,,morumbi
455602,2022,"-23.617.271.280.509.500,00","-4.672.607.092.771.930,00",5,kilometer,306.0,"R$ 2.039,08",20.0,26.0,20.0,26.0,,morumbi
432944,2022,"-23.633.697.596.474.600,00","-46.745.278.450.708.800,00",5,kilometer,1024.0,"R$ 2.034,63",62.0,63.0,57.0,73.0,,morumbi
432522,2022,"-23.636.673.345.048.500,00","-46.753.838.230.369.100,00",5,kilometer,526.0,"R$ 2.022,36",36.0,26.0,34.0,36.0,,morumbi
432938,2022,"-23.628.455.978.328.500,00","-46.759.357.670.400.400,00",5,kilometer,224.0,"R$ 2.020,03",18.0,18.0,14.0,14.0,,morumbi
432489,2022,"-23.634.411.974.529.700,00","-4.675.732.612.243.500,00",5,kilometer,661.0,"R$ 2.007,61",41.0,50.0,46.0,60.0,,morumbi
432713,2022,"-2.362.374.832.836.210,00","-4.674.801.755.875.360,00",5,kilometer,849.0,"R$ 2.004,83",69.0,57.0,67.0,72.0,,morumbi
463882,2022,"-2.362.304.736.954.040,00","-46.768.388.645.103.500,00",5,kilometer,400.0,"R$ 1.998,34",26.0,34.0,27.0,34.0,,morumbi
458238,2022,"-2.359.178.187.643.670,00","-4.675.134.610.751.360,00",5,kilometer,372.0,"R$ 1.993,52",30.0,31.0,27.0,28.0,,morumbi
458241,2022,"-2.359.036.045.506.770,00","-4.675.020.095.269.730,00",5,kilometer,1164.0,"R$ 1.993,03",83.0,115.0,107.0,92.0,,morumbi
432711,2022,"-23.636.989.105.993.200,00","-4.675.584.418.331.130,00",5,kilometer,503.0,"R$ 1.992,48",25.0,35.0,26.0,36.0,,morumbi
447234,2022,"-23.610.621.162.344.000,00","-46.723.356.862.481.700,00",5,kilometer,507.0,"R$ 1.990,61",38.0,43.0,37.0,55.0,,morumbi
455303,2022,"-23.615.692.576.276.900,00","-46.720.452.080.003.000,00",5,kilometer,788.0,"R$ 1.989,66",49.0,77.0,53.0,61.0,,morumbi
447197,2022,"-2.360.948.096.111.770,00","-4.670.317.535.777.540,00",5,kilometer,751.0,"R$ 1.981,12",40.0,56.0,47.0,75.0,,morumbi
432668,2022,"-23.625.242.194.110.200,00","-4.676.218.425.966.070,00",5,kilometer,365.0,"R$ 1.979,31",26.0,31.0,21.0,34.0,,morumbi
432480,2022,"-23.627.110.109.083.300,00","-46.760.137.575.999.200,00",5,kilometer,505.0,"R$ 1.978,47",36.0,38.0,27.0,32.0,,morumbi
432656,2022,"-2.362.490.929.130.780,00","-4.675.116.839.710.540,00",5,kilometer,393.0,"R$ 1.977,37",20.0,27.0,30.0,32.0,,morumbi
450101,2022,"-23.595.462.164.322.100,00","-4.676.336.002.080.130,00",5,kilometer,979.0,"R$ 1.968,46",95.0,62.0,71.0,62.0,,morumbi
458283,2022,"-2.359.185.549.430.420,00","-4.675.193.773.670.070,00",5,kilometer,957.0,"R$ 1.961,03",69.0,99.0,89.0,91.0,,morumbi
450103,2022,"-23.597.681.097.779.600,00","-4.676.681.624.068.380,00",5,kilometer,567.0,"R$ 1.960,28",28.0,39.0,32.0,43.0,,morumbi
463445,2022,"-23.618.834.114.573.700,00","-467.670.418.192.309,00",5,kilometer,383.0,"R$ 1.958,84",15.0,24.0,24.0,18.0,,morumbi
458151,2022,"-2.359.129.810.859.240,00","-4.675.338.055.000.050,00",5,kilometer,81.0,"R$ 1.954,96",4.0,5.0,5.0,5.0,,morumbi
455615,2022,"-236.432.182.329.911,00","-4.672.948.579.275.190,00",5,kilometer,507.0,"R$ 1.949,77",38.0,42.0,38.0,37.0,,morumbi
455589,2022,"-236.375.888.897.742,00","-46.741.396.319.408.300,00",5,kilometer,613.0,"R$ 1.944,18",36.0,56.0,40.0,55.0,,morumbi
432766,2022,"-23.641.098.809.911.000,00","-4.675.409.531.063.510,00",5,kilometer,581.0,"R$ 1.942,13",32.0,36.0,39.0,48.0,,morumbi
432967,2022,"-23.637.967.226.571.300,00","-4.675.060.736.883.470,00",5,kilometer,848.0,"R$ 1.931,81",63.0,50.0,53.0,69.0,,morumbi
458106,2022,"-2.360.710.354.223.080,00","-467.269.964.256.434,00",5,kilometer,701.0,"R$ 1.928,49",49.0,45.0,43.0,57.0,,morumbi
455440,2022,"-2.361.390.622.295.970,00","-4.673.005.113.757.000,00",5,kilometer,171.0,"R$ 1.927,88",8.0,8.0,16.0,12.0,,morumbi
432592,2022,"-2.363.442.973.398.120,00","-467.418.244.020.053,00",5,kilometer,297.0,"R$ 1.927,14",13.0,32.0,19.0,16.0,,morumbi
455385,2022,"-2.361.843.664.127.040,00","-46.723.442.821.356.900,00",5,kilometer,603.0,"R$ 1.923,07",31.0,58.0,48.0,77.0,,morumbi
455612,2022,"-23.619.792.898.839.900,00","-4.672.945.470.293.480,00",5,kilometer,783.0,"R$ 1.917,76",61.0,62.0,42.0,56.0,,morumbi
455593,2022,"-23.615.629.640.771.400,00","-46.721.713.832.492.000,00",5,kilometer,677.0,"R$ 1.917,70",36.0,49.0,42.0,58.0,,morumbi
458235,2022,"-235.917.000.667.134,00","-4.675.402.566.018.830,00",5,kilometer,555.0,"R$ 1.912,82",40.0,47.0,54.0,47.0,,morumbi
455554,2022,"-23.617.331.211.238.200,00","-4.672.372.778.873.350,00",5,kilometer,533.0,"R$ 1.912,24",36.0,49.0,43.0,60.0,,morumbi
455547,2022,"-236.209.905.062.385,00","-4.672.851.473.190.740,00",5,kilometer,406.0,"R$ 1.910,79",48.0,41.0,35.0,26.0,,morumbi
458351,2022,"-2.359.256.593.296.290,00","-467.564.887.482.859,00",5,kilometer,386.0,"R$ 1.901,78",41.0,28.0,33.0,35.0,,morumbi
458123,2022,"-23.592.619.418.240.500,00","-4.675.259.883.158.730,00",5,kilometer,185.0,"R$ 1.901,38",13.0,13.0,12.0,12.0,,morumbi
455431,2022,"-23.618.422.750.238.500,00","-46.731.181.031.173.900,00",5,kilometer,785.0,"R$ 1.895,66",83.0,61.0,61.0,57.0,,morumbi
432850,2022,"-2.364.348.005.066.590,00","-46.760.470.700.658.400,00",5,kilometer,243.0,"R$ 1.895,61",28.0,19.0,16.0,17.0,,morumbi
455560,2022,"-2.361.941.303.297.310,00","-46.730.939.912.140.800,00",5,kilometer,416.0,"R$ 1.893,34",34.0,30.0,29.0,38.0,,morumbi
450121,2022,"-23.589.771.453.785.400,00","-46.764.154.592.308.600,00",5,kilometer,702.0,"R$ 1.884,88",52.0,52.0,34.0,60.0,,morumbi
432601,2022,"-2.363.959.216.885.510,00","-4.676.808.424.662.210,00",5,kilometer,510.0,"R$ 1.882,94",10.0,19.0,32.0,43.0,,morumbi
455597,2022,"-23.615.719.365.188.600,00","-4.672.958.794.455.840,00",5,kilometer,735.0,"R$ 1.882,08",50.0,55.0,62.0,71.0,,morumbi
432956,2022,"-23.635.757.932.764.800,00","-4.674.388.729.123.020,00",5,kilometer,139.0,"R$ 1.878,78",10.0,17.0,17.0,5.0,,morumbi
458213,2022,"-236.094.953.750.185,00","-4.672.786.111.888.170,00",5,kilometer,1275.0,"R$ 1.874,15",94.0,101.0,120.0,98.0,,morumbi
455640,2022,"-23.617.456.760.743.600,00","-4.673.071.968.368.710,00",5,kilometer,783.0,"R$ 1.872,73",64.0,61.0,68.0,86.0,,morumbi
458214,2022,"-2.361.104.499.746.790,00","-46.728.277.921.038.200,00",5,kilometer,586.0,"R$ 1.868,98",40.0,51.0,31.0,59.0,,morumbi
455665,2022,"-23.636.787.342.112.000,00","-46.741.647.229.958,00",5,kilometer,417.0,"R$ 1.868,86",46.0,37.0,45.0,42.0,,morumbi
450320,2022,"-23.588.202.355.648.800,00","-4.675.757.245.787.480,00",5,kilometer,483.0,"R$ 1.868,40",32.0,33.0,40.0,33.0,,morumbi
432462,2022,"-23.628.396.446.450.500,00","-4.676.089.509.579.440,00",5,kilometer,458.0,"R$ 1.867,60",28.0,34.0,37.0,39.0,,morumbi
432873,2022,"-23.644.778.077.655.800,00","-4.675.450.409.002.390,00",5,kilometer,602.0,"R$ 1.864,70",42.0,45.0,43.0,41.0,,morumbi
458292,2022,"-2.359.314.532.393.760,00","-46.755.536.509.735.200,00",5,kilometer,350.0,"R$ 1.863,14",29.0,32.0,25.0,40.0,,morumbi
432963,2022,"-23.633.368.584.677.300,00","-4.675.212.619.623.840,00",5,kilometer,105.0,"R$ 1.856,55",11.0,4.0,4.0,12.0,,morumbi
455594,2022,"-23.615.196.856.326.500,00","-46.725.675.925.111,00",5,kilometer,503.0,"R$ 1.852,62",29.0,35.0,29.0,25.0,,morumbi
455613,2022,"-2.362.026.864.155.540,00","-46.729.773.984.307.300,00",5,kilometer,547.0,"R$ 1.852,04",50.0,49.0,33.0,50.0,,morumbi
432494,2022,"-2.364.177.304.121.880,00","-4.676.034.554.050.100,00",5,kilometer,535.0,"R$ 1.850,01",26.0,36.0,38.0,42.0,,morumbi
455669,2022,"-236.164.372.956.792,00","-46.720.192.794.326.300,00",5,kilometer,87.0,"R$ 1.848,70",4.0,4.0,,9.0,,morumbi
458208,2022,"-23.606.116.018.346.700,00","-4.672.683.306.107.720,00",5,kilometer,910.0,"R$ 1.847,68",60.0,69.0,71.0,87.0,,morumbi
455383,2022,"-236.164.414.161.326,00","-4.672.339.773.024.490,00",5,kilometer,1017.0,"R$ 1.843,80",62.0,86.0,80.0,90.0,,morumbi
455592,2022,"-2.361.554.272.606.800,00","-46.722.787.381.804.300,00",5,kilometer,1217.0,"R$ 1.843,09",96.0,108.0,87.0,90.0,,morumbi
433431,2022,"-23.620.005.240.245.300,00","-46.748.760.371.408.000,00",5,kilometer,59.0,"R$ 1.842,19",,4.0,,,,morumbi
432488,2022,"-23.631.626.357.132.300,00","-4.675.249.940.691.770,00",5,kilometer,495.0,"R$ 1.841,85",29.0,34.0,37.0,47.0,,morumbi
432854,2022,"-2.362.800.028.121.710,00","-4.675.836.792.931.680,00",5,kilometer,675.0,"R$ 1.840,97",38.0,54.0,56.0,59.0,,morumbi
445525,2022,"-23.649.049.575.014.100,00","-4.673.348.146.847.990,00",5,kilometer,277.0,"R$ 1.839,24",25.0,22.0,17.0,24.0,,morumbi
463383,2022,"-2.361.981.248.226.050,00","-46.772.067.956.905.600,00",5,kilometer,658.0,"R$ 1.837,18",31.0,47.0,46.0,42.0,,morumbi
455314,2022,"-23.612.287.244.095.700,00","-46.724.940.472.934.600,00",5,kilometer,827.0,"R$ 1.836,41",77.0,56.0,56.0,69.0,,morumbi
458124,2022,"-23.591.153.616.486.600,00","-46.751.392.663.447.000,00",5,kilometer,857.0,"R$ 1.830,11",71.0,82.0,76.0,75.0,,morumbi
447218,2022,"-2.360.909.568.274.330,00","-4.670.142.062.870.840,00",5,kilometer,315.0,"R$ 1.827,43",15.0,21.0,25.0,19.0,,morumbi
455605,2022,"-2.361.929.280.601.020,00","-4.672.581.478.701.910,00",5,kilometer,941.0,"R$ 1.825,08",73.0,80.0,76.0,55.0,,morumbi
455555,2022,"-23.620.120.242.052.800,00","-46.726.095.198.492.400,00",5,kilometer,1435.0,"R$ 1.823,46",91.0,95.0,109.0,115.0,,morumbi
450847,2022,"-2.358.271.087.655.050,00","-4.675.758.685.942.690,00",5,kilometer,583.0,"R$ 1.820,03",44.0,55.0,39.0,70.0,,morumbi
458337,2022,"-23.614.846.699.760.000,00","-4.674.709.715.723.570,00",5,kilometer,157.0,"R$ 1.810,81",11.0,23.0,13.0,15.0,,morumbi
455672,2022,"-2.361.894.716.131.680,00","-4.672.476.023.336.360,00",5,kilometer,537.0,"R$ 1.805,85",36.0,60.0,53.0,55.0,,morumbi
445689,2022,"-23.645.284.188.739.600,00","-4.673.561.127.344.720,00",5,kilometer,631.0,"R$ 1.803,76",42.0,39.0,48.0,56.0,,morumbi
455567,2022,"-23.616.981.306.217.900,00","-4.672.702.225.843.440,00",5,kilometer,638.0,"R$ 1.801,66",63.0,61.0,50.0,54.0,,morumbi
458195,2022,"-23.590.105.527.998.400,00","-46.744.779.311.010.800,00",5,kilometer,619.0,"R$ 1.798,52",33.0,54.0,46.0,55.0,,morumbi
432445,2022,"-2.363.799.062.082.260,00","-4.676.748.593.028.580,00",5,kilometer,440.0,"R$ 1.796,49",30.0,28.0,27.0,37.0,,morumbi
455553,2022,"-2.361.760.841.952.100,00","-4.672.268.429.199.370,00",5,kilometer,336.0,"R$ 1.795,87",21.0,24.0,29.0,24.0,,morumbi
455601,2022,"-23.616.625.337.256.600,00","-4.672.170.683.794.150,00",5,kilometer,1228.0,"R$ 1.786,69",111.0,106.0,82.0,118.0,,morumbi
432719,2022,"-23.645.171.405.770.600,00","-46.753.291.633.168.400,00",5,kilometer,518.0,"R$ 1.784,45",29.0,35.0,42.0,43.0,,morumbi
455583,2022,"-2.361.615.151.773.790,00","-46.724.767.146.704.900,00",5,kilometer,455.0,"R$ 1.774,95",45.0,20.0,46.0,34.0,,morumbi
445540,2022,"-23.655.323.200.276.300,00","-4.672.956.146.406.080,00",5,kilometer,1082.0,"R$ 1.773,94",103.0,84.0,82.0,95.0,,morumbi
458209,2022,"-2.360.702.371.754.940,00","-4.672.790.150.462.130,00",5,kilometer,699.0,"R$ 1.767,42",41.0,62.0,59.0,55.0,,morumbi
445464,2022,"-23.648.768.750.453.600,00","-46.742.591.067.029.400,00",5,kilometer,367.0,"R$ 1.766,87",21.0,19.0,25.0,28.0,,morumbi
455600,2022,"-23.616.900.739.843.600,00","-4.672.912.381.323.640,00",5,kilometer,918.0,"R$ 1.766,42",70.0,91.0,64.0,82.0,,morumbi
433439,2022,"-23.635.350.658.864.600,00","-4.675.004.430.785.940,00",5,kilometer,68.0,"R$ 1.763,50",3.0,4.0,4.0,8.0,,morumbi
432574,2022,"-23.627.819.256.193.500,00","-4.676.065.586.657.480,00",5,kilometer,202.0,"R$ 1.758,51",16.0,16.0,14.0,9.0,,morumbi
463735,2022,"-23.618.077.239.556.000,00","-46.768.214.121.267.500,00",5,kilometer,632.0,"R$ 1.748,14",31.0,39.0,56.0,45.0,,morumbi
432679,2022,"-23.637.968.196.461.000,00","-46.744.409.350.014.800,00",5,kilometer,373.0,"R$ 1.746,55",18.0,22.0,25.0,32.0,,morumbi
455327,2022,"-2.361.822.166.995.810,00","-4.672.417.015.674.130,00",5,kilometer,646.0,"R$ 1.742,75",47.0,70.0,67.0,56.0,,morumbi
455603,2022,"-23.617.382.392.730.700,00","-4.672.492.966.184.120,00",5,kilometer,390.0,"R$ 1.740,76",17.0,25.0,17.0,16.0,,morumbi
445533,2022,"-23.653.812.480.382.500,00","-46.748.537.134.833.100,00",5,kilometer,147.0,"R$ 1.739,98",7.0,9.0,9.0,8.0,,morumbi
432515,2022,"-23.625.520.712.133.000,00","-4.675.635.358.640.520,00",5,kilometer,246.0,"R$ 1.733,57",13.0,14.0,17.0,16.0,,morumbi
432675,2022,"-2.362.497.360.086.570,00","-4.674.785.664.571.180,00",5,kilometer,252.0,"R$ 1.732,41",24.0,18.0,20.0,22.0,,morumbi
432683,2022,"-23.635.666.980.213.700,00","-4.675.059.712.362.350,00",5,kilometer,166.0,"R$ 1.732,30",8.0,10.0,9.0,10.0,,morumbi
432847,2022,"-23.624.360.329.722.000,00","-4.674.744.393.942.890,00",5,kilometer,286.0,"R$ 1.729,83",24.0,27.0,32.0,29.0,,morumbi
458150,2022,"-23.598.776.461.314.300,00","-4.673.563.367.484.150,00",5,kilometer,610.0,"R$ 1.729,56",38.0,37.0,35.0,36.0,,morumbi
445787,2022,"-23.656.619.706.615.600,00","-4.672.942.448.692.910,00",5,kilometer,181.0,"R$ 1.728,95",13.0,19.0,15.0,16.0,,morumbi
432524,2022,"-23.640.342.670.414,00","-46.753.642.012.157.700,00",5,kilometer,455.0,"R$ 1.720,82",21.0,38.0,29.0,32.0,,morumbi
432619,2022,"-2.364.362.379.308.470,00","-4.676.081.029.102.370,00",5,kilometer,478.0,"R$ 1.719,75",39.0,27.0,44.0,39.0,,morumbi
458348,2022,"-23.612.936.003.716.600,00","-4.674.914.916.170.820,00",5,kilometer,89.0,"R$ 1.718,48",6.0,11.0,6.0,8.0,,morumbi
458293,2022,"-2.359.291.167.229.970,00","-46.754.638.617.922.900,00",5,kilometer,539.0,"R$ 1.713,48",33.0,42.0,24.0,47.0,,morumbi
455607,2022,"-23.613.325.872.431.500,00","-46.724.612.642.823.300,00",5,kilometer,538.0,"R$ 1.712,26",46.0,47.0,45.0,34.0,,morumbi
432914,2022,"-2.363.121.057.016.530,00","-467.432.885.048.396,00",5,kilometer,411.0,"R$ 1.711,86",33.0,36.0,38.0,44.0,,morumbi
455574,2022,"-23.613.900.166.393.200,00","-4.672.852.501.445.780,00",5,kilometer,1967.0,"R$ 1.710,17",153.0,172.0,172.0,159.0,,morumbi
458355,2022,"-2.360.895.247.747.920,00","-4.672.835.436.302.670,00",5,kilometer,736.0,"R$ 1.709,52",52.0,65.0,70.0,56.0,,morumbi
445781,2022,"-2.365.546.223.411.310,00","-4.673.044.877.090.510,00",5,kilometer,230.0,"R$ 1.707,62",10.0,15.0,15.0,22.0,,morumbi
455632,2022,"-23.614.412.032.977.500,00","-46.723.482.185.747.600,00",5,kilometer,296.0,"R$ 1.704,57",27.0,21.0,29.0,23.0,,morumbi
432517,2022,"-2.362.607.727.625.140,00","-4.675.315.356.053.570,00",5,kilometer,1165.0,"R$ 1.701,74",121.0,85.0,65.0,80.0,,morumbi
432602,2022,"-23.635.842.774.750.500,00","-4.677.378.711.453.110,00",5,kilometer,573.0,"R$ 1.701,70",18.0,21.0,39.0,39.0,,morumbi
455591,2022,"-236.153.441.864.911,00","-4.672.371.875.947.810,00",5,kilometer,351.0,"R$ 1.697,09",33.0,29.0,27.0,35.0,,morumbi
432624,2022,"-23.627.453.557.846.800,00","-4.675.086.434.575.090,00",5,kilometer,267.0,"R$ 1.695,41",19.0,22.0,19.0,23.0,,morumbi
447296,2022,"-23.607.662.980.456.100,00","-46.723.384.911.528.600,00",5,kilometer,823.0,"R$ 1.693,96",53.0,70.0,69.0,79.0,,morumbi
455551,2022,"-23.617.643.639.412.200,00","-467.281.151.335.673,00",5,kilometer,527.0,"R$ 1.690,56",41.0,43.0,44.0,55.0,,morumbi
455379,2022,"-23.636.503.000.311.400,00","-467.397.053.143.588,00",5,kilometer,592.0,"R$ 1.686,61",51.0,44.0,51.0,67.0,,morumbi
455438,2022,"-2.363.803.507.450.370,00","-4.673.797.659.654.590,00",5,kilometer,246.0,"R$ 1.682,47",19.0,22.0,16.0,14.0,,morumbi
455569,2022,"-23.615.978.761.389.300,00","-4.672.801.919.314.830,00",5,kilometer,1169.0,"R$ 1.680,38",105.0,98.0,73.0,119.0,,morumbi
432681,2022,"-23.634.952.677.289.600,00","-467.446.943.174.075,00",5,kilometer,462.0,"R$ 1.676,47",26.0,24.0,52.0,37.0,,morumbi
433433,2022,"-236.306.390.345.632,00","-4.675.658.338.536.380,00",5,kilometer,89.0,"R$ 1.676,15",4.0,0.0,12.0,5.0,,morumbi
455318,2022,"-23.618.414.712.431.100,00","-4.674.368.000.115.000,00",5,kilometer,579.0,"R$ 1.676,11",42.0,48.0,44.0,62.0,,morumbi
455561,2022,"-23.619.776.697.757.600,00","-4.673.070.740.487.180,00",5,kilometer,548.0,"R$ 1.671,68",45.0,51.0,42.0,41.0,,morumbi
458282,2022,"-23.591.515.774.025.900,00","-4.675.285.526.655.670,00",5,kilometer,442.0,"R$ 1.669,16",31.0,48.0,41.0,33.0,,morumbi
455576,2022,"-23.612.920.890.989.000,00","-4.672.843.023.633.520,00",5,kilometer,845.0,"R$ 1.668,94",80.0,85.0,88.0,74.0,,morumbi
455566,2022,"-2.361.700.145.230.500,00","-467.280.162.196.188,00",5,kilometer,984.0,"R$ 1.666,10",78.0,78.0,84.0,81.0,,morumbi
458239,2022,"-23.590.438.900.240.400,00","-4.675.259.629.596.830,00",5,kilometer,865.0,"R$ 1.663,08",77.0,78.0,52.0,68.0,,morumbi
455552,2022,"-23.618.154.551.128.900,00","-4.672.807.351.404.570,00",5,kilometer,790.0,"R$ 1.660,23",59.0,58.0,58.0,84.0,,morumbi
432710,2022,"-23.637.045.472.251.800,00","-46.756.891.536.845.600,00",5,kilometer,448.0,"R$ 1.659,66",26.0,34.0,22.0,33.0,,morumbi
455595,2022,"-2.361.529.768.515.290,00","-4.672.465.727.814.050,00",5,kilometer,602.0,"R$ 1.659,54",43.0,64.0,45.0,36.0,,morumbi
432464,2022,"-2.363.604.476.303.440,00","-4.675.873.384.368.830,00",5,kilometer,722.0,"R$ 1.658,72",40.0,51.0,51.0,66.0,,morumbi
458105,2022,"-2.360.601.554.410.930,00","-4.672.908.923.080.970,00",5,kilometer,737.0,"R$ 1.658,37",42.0,53.0,56.0,55.0,,morumbi
432867,2022,"-23.631.577.725.038.000,00","-46.744.376.271.305.700,00",5,kilometer,702.0,"R$ 1.657,93",63.0,61.0,71.0,77.0,,morumbi
455586,2022,"-23.613.508.880.649.800,00","-467.227.485.788.978,00",5,kilometer,953.0,"R$ 1.657,09",73.0,76.0,75.0,81.0,,morumbi
455559,2022,"-2.361.453.246.117.970,00","-4.672.006.936.214.970,00",5,kilometer,872.0,"R$ 1.655,29",68.0,78.0,73.0,87.0,,morumbi
432974,2022,"-236.292.715.669.657,00","-4.675.773.509.225.100,00",5,kilometer,904.0,"R$ 1.654,18",56.0,86.0,71.0,64.0,,morumbi
455666,2022,"-23.638.844.697.101.200,00","-4.674.358.794.246.550,00",5,kilometer,265.0,"R$ 1.652,99",31.0,35.0,18.0,17.0,,morumbi
455558,2022,"-23.614.664.117.936.300,00","-467.208.419.546.683,00",5,kilometer,809.0,"R$ 1.652,09",68.0,88.0,73.0,66.0,,morumbi
445847,2022,"-23.655.217.750.066.400,00","-4.672.765.286.851.560,00",5,kilometer,906.0,"R$ 1.651,87",79.0,76.0,66.0,87.0,,morumbi
445638,2022,"-23.647.876.677.126.700,00","-46.746.498.257.323.400,00",5,kilometer,181.0,"R$ 1.649,33",14.0,12.0,10.0,10.0,,morumbi
455565,2022,"-23.617.811.428.652.600,00","-4.672.932.436.145.830,00",5,kilometer,1124.0,"R$ 1.648,29",89.0,96.0,74.0,107.0,,morumbi
458290,2022,"-23.611.504.427.813.400,00","-4.672.921.515.015.320,00",5,kilometer,689.0,"R$ 1.648,13",59.0,60.0,62.0,65.0,,morumbi
455437,2022,"-23.612.313.293.821.200,00","-46.727.094.473.344.700,00",5,kilometer,1259.0,"R$ 1.644,32",117.0,113.0,96.0,124.0,,morumbi
455572,2022,"-23.614.788.737.034.400,00","-4.672.990.939.804.220,00",5,kilometer,937.0,"R$ 1.643,08",64.0,60.0,71.0,68.0,,morumbi
447219,2022,"-23.608.204.446.282.300,00","-4.670.062.787.984.990,00",5,kilometer,566.0,"R$ 1.642,72",32.0,48.0,36.0,41.0,,morumbi
455614,2022,"-23.642.499.784.119.600,00","-46.729.162.425.428.800,00",5,kilometer,1055.0,"R$ 1.642,37",79.0,88.0,87.0,99.0,,morumbi
455598,2022,"-23.615.913.910.742.900,00","-4.672.881.777.369.330,00",5,kilometer,790.0,"R$ 1.641,27",93.0,73.0,67.0,51.0,,morumbi
445772,2022,"-23.656.726.309.353.700,00","-46.727.575.384.036.500,00",5,kilometer,217.0,"R$ 1.638,64",28.0,17.0,14.0,19.0,,morumbi
458107,2022,"-2.360.990.187.659.110,00","-46.728.550.269.392.300,00",5,kilometer,1188.0,"R$ 1.638,48",69.0,92.0,95.0,91.0,,morumbi
431354,2022,"-23.583.187.772.157.300,00","-4.674.303.727.280.600,00",5,kilometer,583.0,"R$ 1.634,38",46.0,46.0,47.0,62.0,,morumbi
455582,2022,"-2.361.642.309.203.460,00","-4.672.541.227.311.850,00",5,kilometer,751.0,"R$ 1.631,24",57.0,78.0,59.0,66.0,,morumbi
463771,2022,"-2.362.842.135.451.090,00","-4.677.543.452.922.060,00",5,kilometer,511.0,"R$ 1.629,49",31.0,30.0,34.0,31.0,,morumbi
455337,2022,"-236.249.243.072.294,00","-46.745.659.418.649.800,00",5,kilometer,558.0,"R$ 1.625,79",50.0,45.0,44.0,51.0,,morumbi
455579,2022,"-2.361.419.443.975.630,00","-4.672.582.260.639.240,00",5,kilometer,1032.0,"R$ 1.625,33",102.0,118.0,61.0,60.0,,morumbi
455550,2022,"-23.618.011.605.639.100,00","-46.727.032.658.589.400,00",5,kilometer,651.0,"R$ 1.623,50",47.0,60.0,56.0,53.0,,morumbi
445752,2022,"-2.365.633.768.647.240,00","-4.672.813.900.877.050,00",5,kilometer,367.0,"R$ 1.622,81",33.0,35.0,29.0,24.0,,morumbi
432671,2022,"-236.380.378.907.057,00","-4.675.505.230.133.860,00",5,kilometer,235.0,"R$ 1.617,90",4.0,13.0,19.0,23.0,,morumbi
447311,2022,"-23.602.964.139.743.900,00","-4.669.975.298.681,00",5,kilometer,506.0,"R$ 1.616,20",34.0,51.0,37.0,44.0,,morumbi
458356,2022,"-23.608.893.831.656.000,00","-46.728.913.654.493.800,00",5,kilometer,464.0,"R$ 1.614,66",30.0,34.0,45.0,46.0,,morumbi
455633,2022,"-23.614.534.210.707.600,00","-4.672.249.371.774.990,00",5,kilometer,560.0,"R$ 1.613,31",47.0,45.0,39.0,42.0,,morumbi
455590,2022,"-2.363.696.891.113.870,00","-4.674.036.909.836.340,00",5,kilometer,1149.0,"R$ 1.612,60",78.0,104.0,95.0,96.0,,morumbi
455599,2022,"-23.616.707.737.237.300,00","-4.672.983.063.134.610,00",5,kilometer,816.0,"R$ 1.609,84",78.0,83.0,56.0,64.0,,morumbi
455581,2022,"-2.361.604.574.888.760,00","-46.726.062.460.040.300,00",5,kilometer,276.0,"R$ 1.609,72",20.0,25.0,29.0,15.0,,morumbi
432544,2022,"-23.628.389.369.522.500,00","-4.674.904.520.269.380,00",5,kilometer,614.0,"R$ 1.607,52",43.0,58.0,48.0,47.0,,morumbi
455575,2022,"-2.361.409.750.979.980,00","-4.672.706.668.687.440,00",5,kilometer,1496.0,"R$ 1.605,93",134.0,130.0,117.0,112.0,,morumbi
455573,2022,"-23.614.842.020.972.300,00","-4.672.889.190.939.970,00",5,kilometer,1323.0,"R$ 1.603,86",125.0,123.0,113.0,88.0,,morumbi
432871,2022,"-2.364.552.262.445.940,00","-4.676.129.109.428.330,00",5,kilometer,1117.0,"R$ 1.603,73",59.0,105.0,94.0,103.0,,morumbi
432634,2022,"-23.644.706.656.786.500,00","-4.675.187.061.153.320,00",5,kilometer,446.0,"R$ 1.602,89",32.0,36.0,35.0,48.0,,morumbi
445690,2022,"-23.646.975.173.339.000,00","-4.673.623.587.683.320,00",5,kilometer,682.0,"R$ 1.601,74",48.0,48.0,46.0,58.0,,morumbi
450217,2022,"-2.359.136.864.956.340,00","-4.676.205.631.246.390,00",5,kilometer,267.0,"R$ 1.600,89",18.0,19.0,25.0,23.0,,morumbi
455300,2022,"-2.362.000.544.636.590,00","-4.672.711.395.984.090,00",5,kilometer,881.0,"R$ 1.598,42",96.0,87.0,102.0,80.0,,morumbi
455580,2022,"-2.361.429.685.458.770,00","-4.672.477.325.396.340,00",5,kilometer,545.0,"R$ 1.597,71",49.0,52.0,50.0,42.0,,morumbi
458347,2022,"-2.361.220.126.591.230,00","-4.674.880.492.503.120,00",5,kilometer,309.0,"R$ 1.592,33",11.0,26.0,22.0,36.0,,morumbi
455571,2022,"-2.361.507.746.629.470,00","-4.672.669.366.197.590,00",5,kilometer,705.0,"R$ 1.587,75",51.0,55.0,37.0,46.0,,morumbi
432604,2022,"-2.363.685.661.906.420,00","-4.675.959.121.048.300,00",5,kilometer,721.0,"R$ 1.585,81",37.0,40.0,59.0,52.0,,morumbi
455568,2022,"-23.616.048.025.613.900,00","-4.672.698.211.707.740,00",5,kilometer,625.0,"R$ 1.580,66",47.0,52.0,44.0,60.0,,morumbi
445472,2022,"-2.364.701.339.838.780,00","-4.673.574.637.058.860,00",5,kilometer,349.0,"R$ 1.580,45",28.0,28.0,29.0,30.0,,morumbi
458108,2022,"-23.609.039.063.288.800,00","-4.672.951.696.063.440,00",5,kilometer,1062.0,"R$ 1.577,78",85.0,87.0,96.0,87.0,,morumbi
445706,2022,"-2.365.562.041.606.470,00","-4.672.845.631.672.100,00",5,kilometer,349.0,"R$ 1.577,77",27.0,30.0,36.0,35.0,,morumbi
432581,2022,"-23.624.955.161.668.700,00","-4.675.228.431.253.800,00",5,kilometer,816.0,"R$ 1.576,07",105.0,54.0,53.0,33.0,,morumbi
455564,2022,"-236.178.174.139.767,00","-46.730.214.758.707.200,00",5,kilometer,762.0,"R$ 1.575,76",60.0,72.0,58.0,78.0,,morumbi
432990,2022,"-23.632.318.030.730.900,00","-467.531.769.120.124,00",5,kilometer,482.0,"R$ 1.572,88",23.0,42.0,34.0,48.0,,morumbi
455606,2022,"-2.361.321.503.150.810,00","-46.725.653.435.929.800,00",5,kilometer,983.0,"R$ 1.572,49",79.0,78.0,79.0,75.0,,morumbi
432848,2022,"-2.362.473.196.257.350,00","-4.674.663.102.435.780,00",5,kilometer,369.0,"R$ 1.568,17",28.0,35.0,44.0,25.0,,morumbi
447215,2022,"-2.360.339.151.171.100,00","-4.669.917.850.179.480,00",5,kilometer,1295.0,"R$ 1.562,58",112.0,152.0,130.0,115.0,,morumbi
458284,2022,"-23.592.480.516.728.100,00","-4.675.053.210.463.230,00",5,kilometer,1203.0,"R$ 1.550,80",111.0,131.0,96.0,116.0,,morumbi
458345,2022,"-23.610.744.071.928.500,00","-4.672.881.085.637.980,00",5,kilometer,758.0,"R$ 1.549,81",76.0,65.0,52.0,55.0,,morumbi
455317,2022,"-23.634.869.520.201.000,00","-46.740.956.676.113.200,00",5,kilometer,1105.0,"R$ 1.549,71",76.0,100.0,91.0,120.0,,morumbi
458354,2022,"-235.900.304.569.134,00","-46.751.567.219.235.900,00",5,kilometer,376.0,"R$ 1.548,88",37.0,35.0,23.0,23.0,,morumbi
432616,2022,"-23.631.419.740.600.800,00","-46.757.656.664.672.100,00",5,kilometer,321.0,"R$ 1.548,42",14.0,24.0,23.0,24.0,,morumbi
432880,2022,"-2.363.769.601.260.000,00","-4.676.659.278.436.850,00",5,kilometer,250.0,"R$ 1.542,97",20.0,16.0,15.0,21.0,,morumbi
433432,2022,"-23.630.826.315.638.100,00","-46.756.461.789.017.300,00",5,kilometer,412.0,"R$ 1.540,44",22.0,30.0,34.0,39.0,,morumbi
458210,2022,"-23.607.484.631.544.300,00","-4.672.893.983.727.260,00",5,kilometer,945.0,"R$ 1.539,39",61.0,72.0,82.0,88.0,,morumbi
455578,2022,"-23.613.051.461.888.300,00","-46.726.507.055.212,00",5,kilometer,1130.0,"R$ 1.538,55",68.0,115.0,82.0,99.0,,morumbi
432516,2022,"-2.362.707.518.694.370,00","-46.753.845.281.759.000,00",5,kilometer,534.0,"R$ 1.536,76",40.0,51.0,44.0,44.0,,morumbi
458352,2022,"-23.592.830.768.031.700,00","-4.675.606.510.178.350,00",5,kilometer,441.0,"R$ 1.536,24",41.0,42.0,37.0,43.0,,morumbi
432917,2022,"-23.637.900.755.534.200,00","-4.676.026.733.214.790,00",5,kilometer,734.0,"R$ 1.535,79",62.0,63.0,41.0,53.0,,morumbi
433857,2022,"-23.652.656.906.375.200,00","-467.544.680.400.352,00",5,kilometer,721.0,"R$ 1.534,46",62.0,47.0,64.0,71.0,,morumbi
455608,2022,"-23.618.751.755.151.500,00","-46.728.462.983.660.400,00",5,kilometer,665.0,"R$ 1.532,37",38.0,77.0,52.0,56.0,,morumbi
432966,2022,"-23.633.669.305.150.500,00","-4.675.258.627.312.760,00",5,kilometer,25.0,"R$ 1.530,89",,,0.0,,,morumbi
447313,2022,"-23.600.906.728.292.900,00","-46.699.119.412.147.900,00",5,kilometer,91.0,"R$ 1.517,86",8.0,5.0,9.0,11.0,,morumbi
458344,2022,"-2.360.404.090.209.550,00","-4.673.243.885.378.760,00",5,kilometer,114.0,"R$ 1.512,50",5.0,13.0,9.0,14.0,,morumbi
433420,2022,"-2.362.689.732.496.490,00","-4.674.548.402.247.920,00",5,kilometer,109.0,"R$ 1.508,35",10.0,11.0,8.0,7.0,,morumbi
455563,2022,"-23.618.820.691.100.700,00","-46.729.466.421.667.300,00",5,kilometer,1089.0,"R$ 1.505,63",69.0,104.0,93.0,99.0,,morumbi
458281,2022,"-2.359.237.743.895.490,00","-46.755.548.619.626.700,00",5,kilometer,455.0,"R$ 1.500,25",35.0,39.0,38.0,51.0,,morumbi
458240,2022,"-23.589.604.281.726.300,00","-4.675.065.664.138.040,00",5,kilometer,1135.0,"R$ 1.499,85",88.0,106.0,87.0,107.0,,morumbi
455570,2022,"-23.615.023.747.491.600,00","-4.672.774.422.562.130,00",5,kilometer,894.0,"R$ 1.497,48",58.0,59.0,66.0,86.0,,morumbi
458122,2022,"-23.592.138.943.239.600,00","-4.675.488.510.341.310,00",5,kilometer,426.0,"R$ 1.496,60",25.0,38.0,31.0,34.0,,morumbi
445705,2022,"-23.656.058.341.417.200,00","-4.672.938.956.368.840,00",5,kilometer,168.0,"R$ 1.494,49",8.0,10.0,11.0,24.0,,morumbi
432879,2022,"-2.363.692.328.911.160,00","-4.676.726.662.517.660,00",5,kilometer,362.0,"R$ 1.494,09",19.0,30.0,29.0,37.0,,morumbi
455611,2022,"-23.618.879.475.966.200,00","-46.726.921.366.186.100,00",5,kilometer,290.0,"R$ 1.493,16",21.0,19.0,28.0,30.0,,morumbi
432913,2022,"-2.363.037.212.737.400,00","-46.743.975.231.908.300,00",5,kilometer,549.0,"R$ 1.491,23",45.0,49.0,54.0,53.0,,morumbi
455557,2022,"-23.614.615.522.033.400,00","-46.721.754.643.167.300,00",5,kilometer,593.0,"R$ 1.491,23",44.0,57.0,48.0,59.0,,morumbi
432870,2022,"-2.364.462.570.858.900,00","-4.676.131.241.099.000,00",5,kilometer,1170.0,"R$ 1.487,70",100.0,119.0,86.0,117.0,,morumbi
455435,2022,"-23.620.957.229.090.100,00","-4.672.580.081.373.950,00",5,kilometer,800.0,"R$ 1.483,98",76.0,68.0,82.0,74.0,,morumbi
458291,2022,"-23.592.736.697.676.000,00","-4.674.996.249.787.270,00",5,kilometer,1123.0,"R$ 1.479,29",116.0,114.0,95.0,106.0,,morumbi
455577,2022,"-23.613.033.528.729.300,00","-46.727.529.573.614.000,00",5,kilometer,1686.0,"R$ 1.475,31",160.0,166.0,155.0,138.0,,morumbi
450679,2022,"-23.579.438.247.442.300,00","-4.675.190.140.284.300,00",5,kilometer,323.0,"R$ 1.467,36",18.0,22.0,20.0,28.0,,morumbi
458212,2022,"-23.607.934.110.305.700,00","-46.727.780.131.373.600,00",5,kilometer,313.0,"R$ 1.466,79",33.0,33.0,27.0,26.0,,morumbi
450780,2022,"-23.581.336.540.896.700,00","-467.568.433.480.355,00",5,kilometer,906.0,"R$ 1.461,43",81.0,80.0,75.0,84.0,,morumbi
455436,2022,"-23.627.328.071.216.700,00","-4.672.781.461.018.180,00",5,kilometer,224.0,"R$ 1.458,71",28.0,30.0,23.0,14.0,,morumbi
463532,2022,"-2.362.792.352.125.610,00","-46.777.559.509.165.700,00",5,kilometer,609.0,"R$ 1.458,40",35.0,35.0,45.0,51.0,,morumbi
455609,2022,"-23.619.342.759.364.500,00","-46.728.300.160.906.500,00",5,kilometer,617.0,"R$ 1.457,11",50.0,65.0,57.0,70.0,,morumbi
432991,2022,"-23.622.533.889.156.200,00","-4.674.738.657.775.850,00",5,kilometer,618.0,"R$ 1.454,83",46.0,46.0,45.0,58.0,,morumbi
455585,2022,"-2.361.249.804.562.370,00","-46.722.939.684.291.700,00",5,kilometer,1141.0,"R$ 1.450,93",108.0,184.0,48.0,68.0,,morumbi
458211,2022,"-236.079.881.004.507,00","-4.672.796.447.556.230,00",5,kilometer,844.0,"R$ 1.450,67",59.0,71.0,60.0,46.0,,morumbi
458350,2022,"-23.598.220.719.243.500,00","-4.675.818.170.567.480,00",5,kilometer,818.0,"R$ 1.450,44",65.0,79.0,79.0,83.0,,morumbi
455610,2022,"-2.361.885.757.925.160,00","-467.276.736.931.998,00",5,kilometer,739.0,"R$ 1.437,20",73.0,82.0,63.0,59.0,,morumbi
455378,2022,"-23.635.831.137.708.200,00","-4.674.074.878.855.750,00",5,kilometer,226.0,"R$ 1.432,15",18.0,15.0,20.0,18.0,,morumbi
447297,2022,"-23.608.291.812.976.700,00","-4.672.260.286.847.330,00",5,kilometer,202.0,"R$ 1.430,63",10.0,17.0,10.0,4.0,,morumbi
455664,2022,"-2.363.793.151.143.000,00","-4.674.166.395.393.730,00",5,kilometer,235.0,"R$ 1.425,14",18.0,31.0,10.0,18.0,,morumbi
432661,2022,"-23.637.885.623.727.600,00","-46.771.001.507.118.200,00",5,kilometer,260.0,"R$ 1.420,92",13.0,16.0,14.0,18.0,,morumbi
450880,2022,"-23.580.107.318.331.100,00","-4.675.641.920.390.460,00",5,kilometer,538.0,"R$ 1.419,59",36.0,41.0,40.0,50.0,,morumbi
455430,2022,"-2.361.999.104.362.300,00","-4.672.835.939.682.600,00",5,kilometer,1295.0,"R$ 1.417,69",98.0,140.0,133.0,116.0,,morumbi
455562,2022,"-23.618.734.310.387.500,00","-4.673.057.064.123.260,00",5,kilometer,924.0,"R$ 1.397,75",65.0,89.0,67.0,91.0,,morumbi
433435,2022,"-2.363.907.204.049.480,00","-4.676.042.239.790.850,00",5,kilometer,87.0,"R$ 1.397,74",6.0,8.0,11.0,5.0,,morumbi
432934,2022,"-2.362.630.017.657.990,00","-4.675.661.118.553.100,00",5,kilometer,156.0,"R$ 1.377,68",17.0,19.0,19.0,16.0,,morumbi
432545,2022,"-2.364.407.873.674.330,00","-4.675.243.556.412.570,00",5,kilometer,1096.0,"R$ 1.376,52",61.0,93.0,76.0,89.0,,morumbi
458349,2022,"-23.598.589.640.256.500,00","-4.675.844.215.884.160,00",5,kilometer,617.0,"R$ 1.370,31",59.0,77.0,41.0,44.0,,morumbi
432978,2022,"-23.630.527.607.488.000,00","-4.674.498.194.024.840,00",5,kilometer,674.0,"R$ 1.350,66",55.0,72.0,53.0,66.0,,morumbi
458233,2022,"-2.359.433.976.545.240,00","-4.675.470.514.757.440,00",5,kilometer,501.0,"R$ 1.336,68",44.0,39.0,40.0,51.0,,morumbi
432849,2022,"-2.363.842.334.640.630,00","-46.759.846.312.084.300,00",5,kilometer,273.0,"R$ 1.334,24",25.0,26.0,31.0,21.0,,morumbi
445687,2022,"-2.365.294.016.008.420,00","-4.675.193.707.588.300,00",5,kilometer,341.0,"R$ 1.325,35",20.0,38.0,24.0,31.0,,morumbi
458185,2022,"-23.601.265.068.040.000,00","-4.675.194.331.463.860,00",5,kilometer,52.0,"R$ 1.317,33",4.0,5.0,,3.0,,morumbi
433430,2022,"-23.619.322.292.492.900,00","-4.674.899.019.790.520,00",5,kilometer,471.0,"R$ 1.300,64",74.0,60.0,55.0,69.0,,morumbi
432529,2022,"-23.644.816.870.391.300,00","-467.552.162.050.078,00",5,kilometer,598.0,"R$ 1.296,04",43.0,48.0,48.0,50.0,,morumbi
432985,2022,"-2.364.568.087.215.590,00","-4.676.578.182.541.740,00",5,kilometer,366.0,"R$ 1.280,13",37.0,38.0,21.0,27.0,,morumbi
445688,2022,"-23.652.628.751.879.400,00","-4.675.136.664.377.220,00",5,kilometer,347.0,"R$ 1.198,23",19.0,24.0,29.0,26.0,,morumbi
432995,2022,"-236.246.420.380.958,00","-4.674.615.853.351.270,00",5,kilometer,263.0,"R$ 1.154,58",23.0,26.0,23.0,37.0,,morumbi
432977,2022,"-23.638.491.867.841.100,00","-46.763.807.763.485.600,00",5,kilometer,293.0,"R$ 1.153,62",40.0,36.0,20.0,24.0,,morumbi
431830,2022,-2.362.866.310.850.830,-4.667.092.614.477.260,5,kilometer,371.0,"12147,63",13.0,14.0,17.0,11.0,55.0,chacara
431831,2022,-2.362.481.078.036.940,-4.666.932.730.770.880,5,kilometer,344.0,"12759,84",16.0,12.0,11.0,10.0,49.0,chacara
431832,2022,-23.630.548.621.726.300,-466.671.571.740.212,5,kilometer,372.0,"6150,53",15.0,10.0,11.0,11.0,47.0,chacara
431835,2022,-23.635.863.726.260.000,-46.671.313.706.326.500,5,kilometer,362.0,"7752,02",16.0,17.0,11.0,15.0,59.0,chacara
431836,2022,-23.633.879.940.654.200,-4.666.995.017.987.230,5,kilometer,407.0,"1739,35",29.0,31.0,37.0,43.0,140.0,chacara
431837,2022,-23.632.971.013.983.100,-4.667.335.644.153,5,kilometer,453.0,"7220,12",14.0,32.0,32.0,30.0,108.0,chacara
431838,2022,-23.631.048.857.132.600,-4.667.545.493.973.260,5,kilometer,306.0,"13643,02",13.0,15.0,17.0,13.0,58.0,chacara
431839,2022,-2.362.470.843.887.180,-4.667.174.600.039.900,5,kilometer,400.0,"15228,9",14.0,12.0,14.0,17.0,57.0,chacara
431840,2022,-2.362.229.393.117.650,-46.670.738.374.975.900,5,kilometer,452.0,"16218,93",20.0,25.0,21.0,20.0,86.0,chacara
431849,2022,-23.637.067.289.970.600,-4.666.853.332.255.390,5,kilometer,373.0,"6278,21",15.0,11.0,19.0,13.0,58.0,chacara
431850,2022,-236.401.850.877.585,-4.667.174.226.198.800,5,kilometer,448.0,"8090,96",11.0,14.0,17.0,20.0,62.0,chacara
431851,2022,-23.641.397.568.319.000,-4.667.177.152.789.760,5,kilometer,543.0,"9708,23",22.0,23.0,15.0,21.0,81.0,chacara
431852,2022,-23.637.648.390.061.000,-4.667.331.916.503.790,5,kilometer,257.0,"8441,2",7.0,9.0,15.0,14.0,45.0,chacara
431853,2022,-2.362.869.743.312.080,-4.668.268.047.665.390,5,kilometer,438.0,"11048,53",14.0,34.0,31.0,22.0,101.0,chacara
431854,2022,-2.362.672.903.771.560,-4.668.052.829.349.650,5,kilometer,406.0,"12695,13",21.0,23.0,20.0,22.0,86.0,chacara
431855,2022,-2.362.217.086.687.320,-46.674.340.599.140.900,5,kilometer,312.0,"16677,5",19.0,20.0,14.0,18.0,71.0,chacara
431920,2022,-2.362.206.380.620.310,-46.672.737.296.581.700,5,kilometer,237.0,"8579,82",3.0,9.0,8.0,12.0,32.0,chacara
431921,2022,-236.209.451.213.855,-46.671.663.256.464.600,5,kilometer,435.0,"10043,33",16.0,12.0,12.0,11.0,51.0,chacara
431922,2022,-23.619.301.832.436.300,-46.671.565.969.199.900,5,kilometer,296.0,"14744,06",11.0,10.0,12.0,18.0,51.0,chacara
431928,2022,-2.364.000.596.340.190,-4.666.806.693.708.510,5,kilometer,323.0,"7246,45",9.0,12.0,8.0,16.0,45.0,chacara
431929,2022,-2.364.153.772.434.300,-4.667.370.258.053.890,5,kilometer,317.0,"6365,98",6.0,20.0,13.0,6.0,45.0,chacara
431930,2022,-23.631.663.653.891.000,-4.668.165.513.947.050,5,kilometer,303.0,"5234,64",13.0,13.0,12.0,15.0,53.0,chacara
431931,2022,-23.626.396.713.534.400,-4.668.537.872.820.070,5,kilometer,301.0,"22933,93",7.0,15.0,15.0,20.0,57.0,chacara
431932,2022,-23.622.738.836.620.500,-4.668.411.703.509.160,5,kilometer,216.0,"40136,19",11.0,8.0,5.0,8.0,32.0,chacara
431933,2022,-23.623.092.812.388.200,-466.813.383.023.315,5,kilometer,354.0,"10843,62",13.0,11.0,19.0,6.0,49.0,chacara
431936,2022,-23.617.873.266.917.900,-4.667.713.243.015.750,5,kilometer,424.0,"18226,11",14.0,10.0,22.0,19.0,65.0,chacara
431937,2022,-23.616.290.030.742.300,-46.675.371.986.984.500,5,kilometer,225.0,"14911,77",,6.0,5.0,20.0,31.0,chacara
431938,2022,-23.616.884.885.606.300,-4.667.288.506.307.900,5,kilometer,311.0,"13329,35",22.0,20.0,17.0,7.0,66.0,chacara
431939,2022,-23.619.108.822.098.800,-4.667.298.643.130.870,5,kilometer,206.0,"17189,62",3.0,8.0,5.0,4.0,20.0,chacara
431940,2022,-2.361.637.171.965.810,-4.667.867.699.222.420,5,kilometer,519.0,"16631,95",16.0,10.0,16.0,20.0,62.0,chacara
431941,2022,-23.612.011.753.609.900,-4.667.623.593.255.660,5,kilometer,211.0,"9818,23",9.0,8.0,10.0,14.0,41.0,chacara
431942,2022,-23.613.375.988.076.900,-4.667.390.375.706.230,5,kilometer,448.0,"15223,82",27.0,16.0,19.0,31.0,93.0,chacara
431945,2022,-23.627.147.988.156.700,-46.669.951.981.774.300,5,kilometer,401.0,"16023,46",12.0,19.0,22.0,37.0,90.0,chacara
431946,2022,-2.362.589.773.692.470,-4.667.085.247.607.130,5,kilometer,319.0,"12802,29",16.0,9.0,8.0,15.0,48.0,chacara
431948,2022,-23.636.889.267.363.800,-4.667.003.431.290.470,5,kilometer,163.0,"6769,06",4.0,7.0,8.0,10.0,29.0,chacara
431949,2022,-2.363.450.416.080.380,-4.667.278.828.348.820,5,kilometer,337.0,"8164,57",8.0,22.0,7.0,18.0,55.0,chacara
431950,2022,-23.624.118.137.734.800,-4.667.018.707.001.580,5,kilometer,243.0,"8311,76",5.0,9.0,8.0,8.0,30.0,chacara
431951,2022,-23.622.576.542.802.400,-46.669.236.397.278.100,5,kilometer,240.0,"7880,82",3.0,10.0,6.0,10.0,29.0,chacara
431956,2022,-23.636.556.532.678.000,-4.667.569.617.140.210,5,kilometer,434.0,"11463,29",7.0,18.0,26.0,19.0,70.0,chacara
431957,2022,-236.230.914.362.829,-4.667.146.008.156.350,5,kilometer,192.0,"12618,42",12.0,6.0,6.0,4.0,28.0,chacara
431960,2022,-2.364.125.065.717.040,-4.666.712.715.054.360,5,kilometer,287.0,"4756,37",8.0,8.0,11.0,8.0,35.0,chacara
431961,2022,-23.625.248.475.152.900,-46.683.371.260.768.400,5,kilometer,336.0,"10710,51",11.0,12.0,9.0,8.0,40.0,chacara
431962,2022,-2.362.478.376.400.200,-46.684.164.809.338.400,5,kilometer,310.0,"12565,41",9.0,11.0,22.0,19.0,61.0,chacara
431963,2022,-2.362.344.163.683.770,-4.668.330.431.828.010,5,kilometer,189.0,"9203,07",8.0,4.0,3.0,3.0,18.0,chacara
431964,2022,-2.362.429.544.464.310,-4.668.436.248.781.930,5,kilometer,238.0,"11352,51",10.0,16.0,10.0,7.0,43.0,chacara
431965,2022,-23.624.619.103.454.900,-4.668.564.421.550.370,5,kilometer,513.0,"19282,9",32.0,35.0,32.0,39.0,138.0,chacara
431966,2022,-23.619.329.453.229.800,-46.676.188.402.985.000,5,kilometer,252.0,"10266,21",7.0,9.0,7.0,7.0,30.0,chacara
431968,2022,-2.361.694.904.617.800,-4.667.394.605.217.290,5,kilometer,228.0,"15650,5",,5.0,,,5.0,chacara
431969,2022,-23.618.145.035.023.200,-4.667.506.713.198.370,5,kilometer,204.0,"17773,15",9.0,10.0,6.0,8.0,33.0,chacara
431970,2022,-23.616.592.330.713.700,-46.680.045.117.862.000,5,kilometer,168.0,"9282,49",,,3.0,,3.0,chacara
431971,2022,-23.632.865.388.613.700,-4.667.079.426.740.710,5,kilometer,330.0,"1899,29",16.0,20.0,22.0,28.0,86.0,chacara
431974,2022,-2.363.196.835.691.810,-46.671.537.807.483.000,5,kilometer,170.0,"1889,58",8.0,14.0,7.0,18.0,47.0,chacara
431975,2022,-23.625.207.349.535.100,-4.667.713.775.033.090,5,kilometer,107.0,"1844,16",,5.0,6.0,5.0,16.0,chacara
431976,2022,-2.362.438.431.703.780,-4.667.662.108.016.990,5,kilometer,141.0,"1598,61",9.0,10.0,6.0,8.0,33.0,chacara
431977,2022,-2.363.090.955.264.790,-4.667.322.582.006.550,5,kilometer,229.0,"1987,64",24.0,19.0,16.0,12.0,71.0,chacara
431978,2022,-23.627.098.081.123.400,-4.667.300.026.986.920,5,kilometer,234.0,"12946,9",11.0,6.0,7.0,7.0,31.0,chacara
431979,2022,-23.627.970.568.046.600,-46.672.297.836.755.600,5,kilometer,214.0,"11660,79",4.0,4.0,3.0,8.0,19.0,chacara
431980,2022,-2.362.597.531.901.780,-46.672.915.744.295.600,5,kilometer,207.0,"10489,69",6.0,11.0,4.0,9.0,30.0,chacara
431981,2022,-23.627.179.475.272.400,-4.667.156.302.511.390,5,kilometer,278.0,"13579,82",6.0,8.0,8.0,9.0,31.0,chacara
431982,2022,-23.625.824.519.750.600,-46.668.217.173.049.600,5,kilometer,339.0,"10515,49",20.0,7.0,12.0,12.0,51.0,chacara
431984,2022,-2.362.296.305.288.560,-46.675.108.798.779.700,5,kilometer,457.0,"25657,31",30.0,39.0,42.0,30.0,141.0,chacara
431985,2022,-23.623.837.197.986.900,-4.667.343.121.747.610,5,kilometer,382.0,"18504,49",14.0,13.0,13.0,11.0,51.0,chacara
431986,2022,-23.619.959.263.036.000,-4.667.716.577.759.640,5,kilometer,150.0,"12307,32",0.0,0.0,0.0,0.0,0.0,chacara
431988,2022,-23.621.568.498.560.900,-46.675.471.047.152.200,5,kilometer,235.0,"12832,55",8.0,16.0,5.0,7.0,36.0,chacara
431989,2022,-2.362.140.719.709.610,-4.667.485.966.746.440,5,kilometer,186.0,"12485,55",9.0,10.0,4.0,6.0,29.0,chacara
431990,2022,-2.362.018.571.961.740,-46.678.569.212.410.500,5,kilometer,359.0,"20178,96",20.0,20.0,21.0,22.0,83.0,chacara
431991,2022,-2.361.940.297.051.860,-4.667.783.075.501.120,5,kilometer,261.0,"16308,92",10.0,10.0,14.0,6.0,40.0,chacara
431992,2022,-23.628.915.828.109.600,-4.666.851.387.008.990,5,kilometer,302.0,"21257,48",34.0,26.0,26.0,12.0,98.0,chacara
431993,2022,-23.629.182.793.919.200,-4.666.810.634.347.500,5,kilometer,281.0,"21310,53",30.0,17.0,17.0,9.0,73.0,chacara
431994,2022,-23.629.515.289.110.000,-46.668.581.393.852.000,5,kilometer,274.0,"18410,37",25.0,27.0,26.0,9.0,87.0,chacara
431995,2022,-23.631.798.111.130.500,-46.668.341.497.542.800,5,kilometer,248.0,"6848,65",15.0,11.0,4.0,10.0,40.0,chacara
431996,2022,-23.631.291.281.275.500,-4.666.848.335.845.610,5,kilometer,269.0,"14179,52",4.0,4.0,0.0,3.0,11.0,chacara
431998,2022,-23.635.097.873.695.600,-4.666.612.459.932.970,5,kilometer,263.0,"8202,76",14.0,13.0,13.0,8.0,48.0,chacara
432001,2022,-23.626.627.954.548.700,-4.667.635.407.179.740,5,kilometer,501.0,"3174,49",25.0,25.0,21.0,31.0,102.0,chacara
432002,2022,-2.362.528.101.212.820,-4.667.576.395.199.700,5,kilometer,639.0,"22711,14",37.0,64.0,76.0,32.0,209.0,chacara
432003,2022,-23.625.329.671.151.000,-4.667.434.190.589.560,5,kilometer,519.0,"30378,11",18.0,27.0,28.0,52.0,125.0,chacara
432004,2022,-2.362.605.125.968.280,-46.675.199.344.567.200,5,kilometer,214.0,"17057,15",10.0,11.0,4.0,8.0,33.0,chacara
432005,2022,-2.362.620.679.257.790,-46.674.804.298.596.400,5,kilometer,184.0,"18698,66",12.0,4.0,,,16.0,chacara
432006,2022,-2.362.443.492.666.000,-4.667.500.044.342.460,5,kilometer,402.0,"20921,58",16.0,35.0,45.0,33.0,129.0,chacara
432008,2022,-23.623.754.547.113.000,-4.667.573.074.483.380,5,kilometer,316.0,"28515,17",16.0,19.0,30.0,18.0,83.0,chacara
432009,2022,-23.623.816.727.275.300,-4.667.634.650.617.680,5,kilometer,180.0,"16693,21",4.0,10.0,5.0,,19.0,chacara
432010,2022,-2.362.657.747.679.090,-4.667.402.496.201.850,5,kilometer,324.0,"27878,87",27.0,27.0,10.0,12.0,76.0,chacara
432011,2022,-23.628.539.928.044.800,-4.666.667.628.332.050,5,kilometer,251.0,"7537,85",10.0,7.0,8.0,7.0,32.0,chacara
432012,2022,-2.362.360.102.256.150,-4.667.615.307.456.960,5,kilometer,148.0,"16298,92",5.0,4.0,4.0,,13.0,chacara
432022,2022,-23.639.124.506.974.100,-4.667.075.356.084.000,5,kilometer,300.0,"25066,8",26.0,40.0,14.0,8.0,88.0,chacara
432023,2022,-236.380.759.946.414,-4.666.975.284.444.280,5,kilometer,221.0,"8489,65",6.0,4.0,6.0,,16.0,chacara
432032,2022,-23.643.380.490.086.000,-4.667.081.612.693.580,5,kilometer,529.0,"15121,07",26.0,44.0,34.0,28.0,132.0,chacara
432033,2022,-23.642.885.682.491.600,-4.667.061.871.929.080,5,kilometer,226.0,"12736,3",15.0,8.0,3.0,4.0,30.0,chacara
432034,2022,-23.642.534.650.971.200,-4.666.925.073.750.480,5,kilometer,162.0,"10420,58",6.0,6.0,10.0,6.0,28.0,chacara
432035,2022,-2.361.155.861.713.430,-4.667.707.620.529.440,5,kilometer,172.0,"12845,68",4.0,6.0,5.0,3.0,18.0,chacara
432036,2022,-2.362.158.324.157.270,-4.667.680.347.700.540,5,kilometer,635.0,"20063,09",31.0,59.0,61.0,47.0,198.0,chacara
432037,2022,-23.620.790.768.323.700,-4.667.607.816.661.720,5,kilometer,282.0,"12656,12",15.0,5.0,10.0,16.0,46.0,chacara
432038,2022,-2.362.000.183.565.970,-4.667.534.275.449.110,5,kilometer,210.0,"15772,41",11.0,6.0,6.0,9.0,32.0,chacara
432039,2022,-2.362.142.079.994.010,-466.735.762.903.864,5,kilometer,234.0,"12288,13",8.0,5.0,5.0,12.0,30.0,chacara
432040,2022,-23.621.134.289.199.500,-4.667.368.861.299.030,5,kilometer,158.0,"8432,79",0.0,,,0.0,0.0,chacara
432041,2022,-23.618.352.949.548.500,-4.667.911.821.964.470,5,kilometer,313.0,"30894,82",8.0,11.0,14.0,19.0,52.0,chacara
432042,2022,-2.361.832.141.904.440,-4.668.046.549.599.210,5,kilometer,266.0,"27220,56",13.0,17.0,29.0,15.0,74.0,chacara
432043,2022,-23.618.704.565.729.100,-46.680.871.095.910.300,5,kilometer,300.0,"19314,29",9.0,21.0,24.0,21.0,75.0,chacara
432044,2022,-23.616.157.909.512.600,-4.667.967.430.317.550,5,kilometer,246.0,"10584,2",5.0,9.0,11.0,13.0,38.0,chacara
432045,2022,-2.361.672.691.608.880,-4.667.941.895.184.480,5,kilometer,203.0,"11395,82",,5.0,5.0,7.0,17.0,chacara
432046,2022,-23.615.529.681.958.500,-4.667.739.082.798.740,5,kilometer,366.0,"15647,84",8.0,17.0,18.0,13.0,56.0,chacara
432047,2022,-23.615.076.694.022.100,-46.678.479.873.228.500,5,kilometer,243.0,"11520,7",7.0,9.0,13.0,11.0,40.0,chacara
432048,2022,-2.361.292.055.011.660,-4.667.753.607.860.850,5,kilometer,225.0,"9959,78",8.0,3.0,4.0,3.0,18.0,chacara
432049,2022,-23.611.876.981.285.100,-4.667.737.317.348.010,5,kilometer,194.0,"13404,29",0.0,,0.0,,0.0,chacara
432050,2022,-2.361.218.848.162.600,-4.667.757.808.770.530,5,kilometer,214.0,"13757,58",,,3.0,3.0,6.0,chacara
432053,2022,-2.362.732.546.187.130,-466.685.556.426.067,5,kilometer,316.0,"15053,32",13.0,21.0,14.0,15.0,63.0,chacara
432054,2022,-23.629.167.892.659.700,-4.666.964.768.046.520,5,kilometer,262.0,"7174,06",7.0,8.0,9.0,7.0,31.0,chacara
432055,2022,-2.363.845.777.320.560,-46.667.407.104.284.600,5,kilometer,174.0,"6098,42",7.0,3.0,6.0,9.0,25.0,chacara
432057,2022,-23.639.310.020.620.400,-4.666.939.906.947.960,5,kilometer,232.0,"8524,75",6.0,14.0,5.0,6.0,31.0,chacara
432058,2022,-23.638.641.790.834.300,-4.666.916.357.078.530,5,kilometer,234.0,"13809,16",8.0,6.0,5.0,4.0,23.0,chacara
432059,2022,-23.639.210.370.040.500,-4.667.225.815.608.030,5,kilometer,161.0,"5410,82",4.0,,7.0,8.0,19.0,chacara
432060,2022,-23.623.865.404.289.600,-4.668.041.289.048.230,5,kilometer,185.0,"12137,46",5.0,6.0,8.0,19.0,38.0,chacara
432061,2022,-236.244.938.762.537,-46.678.953.650.962.100,5,kilometer,275.0,"8815,57",7.0,14.0,5.0,8.0,34.0,chacara
432062,2022,-23.622.666.512.482.000,-4.667.342.039.499.100,5,kilometer,296.0,"14935,03",7.0,13.0,12.0,14.0,46.0,chacara
432063,2022,-2.362.312.959.316.780,-466.735.516.075.194,5,kilometer,248.0,"11520,29",6.0,7.0,7.0,13.0,33.0,chacara
432064,2022,-2.362.651.186.075.350,-4.668.483.673.336.560,5,kilometer,298.0,"25739,58",14.0,14.0,25.0,22.0,75.0,chacara
432065,2022,-23.626.825.695.709.800,-46.685.221.863.937.800,5,kilometer,300.0,"24810,23",9.0,15.0,19.0,37.0,80.0,chacara
432066,2022,-2.362.379.955.857.400,-46.684.980.412.620.100,5,kilometer,270.0,"25343,58",13.0,15.0,20.0,18.0,66.0,chacara
432067,2022,-23.625.266.215.063.600,-4.668.525.920.632.780,5,kilometer,295.0,"28787,11",10.0,13.0,25.0,21.0,69.0,chacara
432068,2022,-23.621.393.103.850.700,-4.668.135.131.001.920,5,kilometer,211.0,"27360,05",9.0,9.0,16.0,13.0,47.0,chacara
432069,2022,-23.622.477.472.045.900,-4.668.238.555.622.240,5,kilometer,247.0,"10948,8",0.0,4.0,5.0,10.0,19.0,chacara
432070,2022,-2.361.994.602.480.490,-4.667.990.584.667.320,5,kilometer,263.0,"17859,75",9.0,14.0,10.0,12.0,45.0,chacara
432071,2022,-2.362.102.039.599.680,-4.667.936.722.003.170,5,kilometer,234.0,"28223,41",19.0,27.0,12.0,9.0,67.0,chacara
432072,2022,-23.619.943.860.730.000,-4.667.361.863.200.340,5,kilometer,200.0,"9852,42",15.0,4.0,7.0,11.0,37.0,chacara
432073,2022,-23.619.738.496.472.900,-46.674.102.710.177.300,5,kilometer,129.0,"6302,06",,,0.0,0.0,0.0,chacara
432074,2022,-23.614.542.694.001.800,-4.667.330.278.514.610,5,kilometer,267.0,"19094,06",15.0,30.0,13.0,7.0,65.0,chacara
432075,2022,-2.361.481.099.516.340,-4.667.340.942.593.730,5,kilometer,348.0,"23978,26",29.0,17.0,21.0,16.0,83.0,chacara
432076,2022,-2.361.530.198.127.950,-4.667.430.966.575.500,5,kilometer,170.0,"14915,2",7.0,9.0,4.0,,20.0,chacara
432077,2022,-23.615.638.663.377.300,-4.667.380.434.707.990,5,kilometer,119.0,"8193,33",0.0,0.0,,,0.0,chacara
432078,2022,-2.361.729.318.556.540,-4.668.032.482.226.770,5,kilometer,202.0,"16029,84",4.0,9.0,11.0,9.0,33.0,chacara
432079,2022,-23.617.560.853.096.200,-46.680.589.338.521.100,5,kilometer,153.0,"11731,64",,7.0,,6.0,13.0,chacara
432080,2022,-2.362.858.043.752.960,-4.667.805.621.857.840,5,kilometer,356.0,"9706,97",14.0,11.0,18.0,22.0,65.0,chacara
432081,2022,-23.629.420.756.243.300,-46.675.840.383.566.900,5,kilometer,280.0,"12730,77",8.0,14.0,16.0,19.0,57.0,chacara
432082,2022,-23.623.055.217.779.100,-4.667.785.643.489.380,5,kilometer,201.0,"21540,79",16.0,14.0,13.0,9.0,52.0,chacara
432083,2022,-23.622.898.781.081.200,-4.667.655.850.599.550,5,kilometer,336.0,"39652,59",27.0,36.0,29.0,12.0,104.0,chacara
432084,2022,-2.363.351.839.184.360,-46.677.355.240.513.400,5,kilometer,393.0,"18251,29",14.0,10.0,25.0,31.0,80.0,chacara
432085,2022,-23.631.027.947.104.700,-46.679.408.079.372.300,5,kilometer,324.0,"17389,53",9.0,17.0,22.0,23.0,71.0,chacara
432086,2022,-2.363.888.893.706.260,-46.673.910.392.759.000,5,kilometer,176.0,"6554,67",,7.0,7.0,4.0,18.0,chacara
432087,2022,-23.640.030.150.920.800,-4.667.557.994.963.260,5,kilometer,297.0,"7556,32",7.0,5.0,12.0,15.0,39.0,chacara
432088,2022,-23.621.513.871.643.200,-4.668.315.157.462.880,5,kilometer,343.0,"19381,65",7.0,18.0,17.0,12.0,54.0,chacara
432089,2022,-23.619.931.637.367.200,-466.817.634.405.953,5,kilometer,257.0,"14179,61",9.0,7.0,13.0,12.0,41.0,chacara
432090,2022,-23.618.981.926.218.900,-4.668.160.857.471.900,5,kilometer,240.0,"15162,68",4.0,9.0,8.0,11.0,32.0,chacara
432091,2022,-2.361.862.754.220.010,-4.667.404.143.139.660,5,kilometer,200.0,"21059,28",10.0,11.0,,5.0,26.0,chacara
432092,2022,-2.361.941.724.423.820,-4.667.479.013.083.060,5,kilometer,363.0,"9619,41",16.0,10.0,14.0,22.0,62.0,chacara
432095,2022,-2.363.096.846.133.800,-46.670.842.668.908.300,5,kilometer,339.0,"1584,83",35.0,39.0,37.0,27.0,138.0,chacara
432096,2022,-2.363.023.149.682.360,-4.667.077.746.636.250,5,kilometer,205.0,"6068,03",9.0,13.0,12.0,15.0,49.0,chacara
432097,2022,-23.628.103.174.785.500,-4.667.390.094.451.430,5,kilometer,381.0,"14367,62",23.0,24.0,15.0,11.0,73.0,chacara
432098,2022,-2.362.994.991.292.800,-46.672.873.145.475.100,5,kilometer,195.0,"5747,68",4.0,11.0,12.0,20.0,47.0,chacara
432101,2022,-23.622.119.208.472.600,-466.761.666.298.457,5,kilometer,276.0,"28724,72",24.0,24.0,23.0,20.0,91.0,chacara
432102,2022,-2.362.245.865.779.290,-46.675.880.289.107.300,5,kilometer,282.0,"29301,21",15.0,28.0,29.0,11.0,83.0,chacara
432103,2022,-23.621.308.359.199.100,-46.677.667.397.432.800,5,kilometer,165.0,"18520,58",,4.0,3.0,,7.0,chacara
432104,2022,-2.362.101.907.761.270,-4.667.739.497.854.850,5,kilometer,221.0,"15819,94",,4.0,7.0,7.0,18.0,chacara
432105,2022,-23.620.570.827.619.800,-4.667.480.647.842.260,5,kilometer,201.0,"10639,25",3.0,,4.0,5.0,12.0,chacara
432106,2022,-23.620.750.885.155.200,-4.667.428.459.243.090,5,kilometer,213.0,"10893,2",6.0,5.0,4.0,3.0,18.0,chacara
432109,2022,-2.362.042.495.890.870,-46.677.272.585.887.000,5,kilometer,320.0,"10948,35",7.0,8.0,7.0,4.0,26.0,chacara
432110,2022,-23.644.194.929.385.700,-4.667.146.245.492.310,5,kilometer,110.0,"8432,55",,3.0,3.0,4.0,10.0,chacara
432111,2022,-23.643.708.099.768.000,-46.671.885.046.715.100,5,kilometer,115.0,"8681,52",,8.0,5.0,3.0,16.0,chacara
432112,2022,-2.364.323.365.005.010,-4.667.011.672.773.710,5,kilometer,205.0,"18772,12",12.0,13.0,8.0,14.0,47.0,chacara
432113,2022,-2.364.208.446.790.720,-4.667.046.500.222.830,5,kilometer,261.0,"39691,29",11.0,7.0,8.0,12.0,38.0,chacara
432116,2022,-2.363.294.234.196.820,-4.666.805.668.305.880,5,kilometer,288.0,"9799,22",9.0,17.0,11.0,16.0,53.0,chacara
432121,2022,-2.363.992.445.033.010,-4.667.283.241.708.620,5,kilometer,199.0,"7823,17",5.0,4.0,4.0,4.0,17.0,chacara
432125,2022,-23.622.045.139.794.800,-466.776.124.604.398,5,kilometer,203.0,"16522,84",6.0,5.0,5.0,3.0,19.0,chacara
432126,2022,-23.622.377.448.829.800,-46.677.199.477.352.100,5,kilometer,363.0,"18556,42",21.0,5.0,7.0,3.0,36.0,chacara
432130,2022,-2.362.930.626.209.930,-46.672.393.929.384.100,5,kilometer,62.0,"1620,76",,0.0,,,0.0,chacara
432131,2022,-23.629.893.793.830.700,-4.667.205.969.873.150,5,kilometer,597.0,"1539,75",69.0,90.0,75.0,67.0,301.0,chacara
432132,2022,-23.618.912.940.608.900,-4.668.175.546.404.400,5,kilometer,182.0,"15732,43",0.0,,6.0,7.0,13.0,chacara
432134,2022,-2.363.752.269.310.880,-4.666.594.800.959.610,5,kilometer,334.0,"6585,52",7.0,12.0,7.0,3.0,29.0,chacara
432135,2022,-2.363.439.935.329.940,-466.702.624.764.714,5,kilometer,57.0,"5564,18",4.0,,5.0,0.0,9.0,chacara
432138,2022,-23.616.213.397.911.000,-4.667.025.968.977.140,5,kilometer,215.0,"8499,91",14.0,3.0,7.0,9.0,33.0,chacara
432141,2022,-236.311.528.879.732,-4.666.937.205.683.680,5,kilometer,,,,,,,0.0,chacara
432143,2022,-2.363.088.133.989.800,-46.669.868.795.619.200,5,kilometer,845.0,"1925,14",66.0,76.0,91.0,79.0,312.0,chacara
432145,2022,-2.363.240.757.229.270,-4.666.954.722.097.910,5,kilometer,,,,,,,0.0,chacara
432177,2022,-2.366.806.153.337.050,-4.669.135.952.869.240,5,kilometer,546.0,"5173,66",15.0,23.0,43.0,44.0,125.0,chacara
432183,2022,-23.669.322.013.060.800,-4.669.945.121.442.390,5,kilometer,18.0,"4716,67",0.0,,,,0.0,chacara
432184,2022,-2.366.434.953.886.090,-4.669.007.122.395.220,5,kilometer,528.0,"8524,95",12.0,23.0,25.0,20.0,80.0,chacara
432185,2022,-23.664.244.708.559.700,-4.668.899.300.724.140,5,kilometer,386.0,"6576,83",15.0,16.0,14.0,21.0,66.0,chacara
432186,2022,-2.366.464.550.979.050,-466.888.849.317.773,5,kilometer,586.0,"8470,03",15.0,21.0,30.0,27.0,93.0,chacara
432187,2022,-23.657.535.362.043.200,-4.668.063.786.096.850,5,kilometer,517.0,"10300,28",18.0,21.0,23.0,28.0,90.0,chacara
432188,2022,-2.366.294.356.224.650,-4.668.407.727.810.100,5,kilometer,528.0,"7725,2",14.0,13.0,15.0,25.0,67.0,chacara
432189,2022,-2.366.085.472.726.790,-4.668.517.664.070.350,5,kilometer,639.0,"9898,92",25.0,30.0,36.0,46.0,137.0,chacara
432190,2022,-23.661.365.664.238.300,-466.860.030.996.216,5,kilometer,291.0,"5819,76",11.0,8.0,9.0,14.0,42.0,chacara
432191,2022,-23.657.845.280.505.100,-4.668.329.367.100.680,5,kilometer,221.0,"11613,03",6.0,15.0,13.0,6.0,40.0,chacara
432194,2022,-23.659.840.760.043.600,-46.689.905.086.894.200,5,kilometer,393.0,"6982,95",12.0,28.0,20.0,21.0,81.0,chacara
432195,2022,-236.604.572.447.653,-4.669.038.046.993.740,5,kilometer,346.0,"9825,38",13.0,21.0,19.0,20.0,73.0,chacara
432196,2022,-23.659.578.100.725.700,-4.669.314.864.926.660,5,kilometer,552.0,"12750,43",21.0,43.0,41.0,36.0,141.0,chacara
432197,2022,-23.660.227.689.752.000,-46.694.449.742.877.600,5,kilometer,502.0,"6152,7",17.0,27.0,8.0,16.0,68.0,chacara
432198,2022,-23.658.147.164.548.100,-4.669.198.433.273.460,5,kilometer,233.0,"9243,9",5.0,10.0,6.0,9.0,30.0,chacara
432199,2022,-23.658.795.757.328.700,-4.669.093.883.095.480,5,kilometer,593.0,"12434,1",19.0,29.0,31.0,30.0,109.0,chacara
432200,2022,-23.659.606.281.237.500,-4.669.102.130.566.720,5,kilometer,327.0,"10166,91",11.0,16.0,20.0,22.0,69.0,chacara
432201,2022,-23.657.988.648.609.400,-46.696.412.236.769.800,5,kilometer,341.0,"9374,01",7.0,12.0,21.0,14.0,54.0,chacara
432202,2022,-2.365.553.681.543.880,-4.669.108.680.029.120,5,kilometer,137.0,"8509,61",8.0,6.0,3.0,4.0,21.0,chacara
432203,2022,-23.653.949.980.903.200,-46.681.964.177.382.200,5,kilometer,380.0,"14813,32",11.0,20.0,20.0,16.0,67.0,chacara
432219,2022,-2.365.839.612.967.830,-46.695.289.426.902.900,5,kilometer,699.0,"13037,16",18.0,46.0,68.0,57.0,189.0,chacara
432220,2022,-23.663.648.605.580.300,-4.669.207.653.790.160,5,kilometer,504.0,"8421,37",19.0,32.0,51.0,36.0,138.0,chacara
432221,2022,-23.666.619.105.551.900,-46.690.615.528.041.900,5,kilometer,418.0,"6358,49",9.0,12.0,16.0,16.0,53.0,chacara
432222,2022,-23.663.968.366.898.100,-4.668.443.154.212.260,5,kilometer,765.0,"13565,81",31.0,47.0,52.0,43.0,173.0,chacara
432224,2022,-23.655.638.075.367.800,-46.690.163.526.478.800,5,kilometer,507.0,"22584,36",23.0,34.0,21.0,26.0,104.0,chacara
432225,2022,-23.664.041.360.404.200,-4.668.664.129.065.470,5,kilometer,689.0,"9162,4",22.0,34.0,51.0,41.0,148.0,chacara
432226,2022,-23.656.215.181.795.400,-4.669.266.979.800.770,5,kilometer,393.0,"10948,55",9.0,9.0,6.0,15.0,39.0,chacara
432229,2022,-2.365.715.482.462.420,-46.691.063.134.258.700,5,kilometer,718.0,"21732,02",20.0,41.0,65.0,47.0,173.0,chacara
432235,2022,-23.658.719.610.401.700,-46.689.917.788.234.000,5,kilometer,528.0,"7419,02",19.0,26.0,30.0,29.0,104.0,chacara
432236,2022,-23.658.298.593.318.400,-4.669.298.448.924.950,5,kilometer,555.0,"11373,43",14.0,23.0,28.0,19.0,84.0,chacara
432237,2022,-23.655.933.286.554.200,-4.668.912.691.735.920,5,kilometer,760.0,"26243,9",15.0,63.0,74.0,62.0,214.0,chacara
432238,2022,-23.659.780.624.833.100,-4.668.924.329.662.190,5,kilometer,609.0,"10087,58",22.0,31.0,36.0,44.0,133.0,chacara
432239,2022,-2.366.079.422.140.410,-4.669.380.128.526.570,5,kilometer,348.0,"9248,3",12.0,12.0,13.0,10.0,47.0,chacara
432243,2022,-236.575.843.356.517,-4.669.319.960.423.730,5,kilometer,290.0,"12106,07",10.0,10.0,25.0,13.0,58.0,chacara
432244,2022,-236.692.326.455.948,-4.670.258.497.115.570,5,kilometer,767.0,"17668,93",45.0,54.0,59.0,48.0,206.0,chacara
432251,2022,-23.656.968.339.771,-46.680.910.752.529.100,5,kilometer,347.0,"9909,36",9.0,5.0,7.0,13.0,34.0,chacara
432252,2022,-2.365.330.117.128.100,-4.668.648.410.216.940,5,kilometer,429.0,"14526,15",11.0,15.0,22.0,35.0,83.0,chacara
432254,2022,-23.665.100.479.464.100,-46.695.524.010.303.900,5,kilometer,64.0,"6472,26",0.0,,,0.0,0.0,chacara
432255,2022,-23.666.446.469.685.900,-4.669.544.066.184.030,5,kilometer,446.0,"18022,96",17.0,33.0,39.0,27.0,116.0,chacara
432256,2022,-236.654.593.552.798,-4.669.662.904.357.160,5,kilometer,429.0,"18454,37",12.0,31.0,33.0,32.0,108.0,chacara
432257,2022,-23.661.720.631.893.500,-46.685.264.893.175.700,5,kilometer,352.0,"5144,6",11.0,14.0,11.0,15.0,51.0,chacara
432292,2022,-2.366.950.858.237.360,-4.669.155.242.840.990,5,kilometer,518.0,"10048,49",45.0,32.0,33.0,15.0,125.0,chacara
432293,2022,-2.366.923.559.106.910,-46.689.941.372.814.300,5,kilometer,362.0,"9190,2",21.0,25.0,26.0,13.0,85.0,chacara
432294,2022,-2.367.022.736.822.600,-4.669.300.283.320.270,5,kilometer,603.0,"4806,13",24.0,30.0,29.0,35.0,118.0,chacara
432303,2022,-23.664.465.890.987.600,-46.707.494.133.594.100,5,kilometer,654.0,"13315,25",60.0,61.0,35.0,30.0,186.0,chacara
432304,2022,-23.670.456.237.601.100,-46.701.514.470.002.700,5,kilometer,660.0,"17575,33",26.0,53.0,47.0,48.0,174.0,chacara
432305,2022,-23.670.179.688.572.700,-4.669.544.812.595.080,5,kilometer,707.0,"8568,82",35.0,52.0,46.0,41.0,174.0,chacara
432306,2022,-23.666.574.545.177.000,-46.686.166.580.508.000,5,kilometer,,,,,,,0.0,chacara
432310,2022,-2.366.187.025.486.350,-466.935.377.712.774,5,kilometer,119.0,"4993,45",,6.0,6.0,,12.0,chacara
432311,2022,-23.664.242.971.149.700,-4.669.359.056.186.020,5,kilometer,511.0,"10216,64",23.0,24.0,29.0,35.0,111.0,chacara
432312,2022,-23.664.181.715.507.400,-4.669.156.292.688.780,5,kilometer,545.0,"14377,71",34.0,47.0,42.0,32.0,155.0,chacara
432313,2022,-2.366.579.483.878.800,-46.692.074.174.545.400,5,kilometer,452.0,"4272,59",16.0,20.0,22.0,17.0,75.0,chacara
432314,2022,-23.663.796.190.208.500,-4.668.905.567.928.910,5,kilometer,347.0,"8129,43",8.0,14.0,9.0,18.0,49.0,chacara
432316,2022,-23.664.364.246.756.300,-4.668.241.261.317.260,5,kilometer,454.0,"10376,77",17.0,25.0,34.0,28.0,104.0,chacara
432321,2022,-23.659.739.718.036.500,-4.668.009.993.955.130,5,kilometer,664.0,"20302,3",35.0,48.0,61.0,59.0,203.0,chacara
432322,2022,-2.366.024.933.720.240,-4.668.147.791.204.490,5,kilometer,739.0,"27906,45",28.0,63.0,82.0,57.0,230.0,chacara
432323,2022,-2.365.926.642.625.790,-4.668.173.040.526.280,5,kilometer,528.0,"23468,55",28.0,42.0,50.0,50.0,170.0,chacara
432324,2022,-23.657.552.065.410.000,-4.668.137.858.167.140,5,kilometer,274.0,"5608,52",11.0,12.0,9.0,14.0,46.0,chacara
432325,2022,-23.662.352.390.277.600,-46.681.866.123.431.500,5,kilometer,304.0,"6807,87",6.0,9.0,22.0,14.0,51.0,chacara
432326,2022,-23.661.791.386.242.000,-466.844.364.732.758,5,kilometer,527.0,"6375,1",23.0,34.0,41.0,26.0,124.0,chacara
432327,2022,-2.366.204.647.687.300,-4.668.409.600.590.460,5,kilometer,282.0,"5912,06",10.0,14.0,19.0,14.0,57.0,chacara
432328,2022,-23.664.537.845.082.900,-4.669.444.855.624.790,5,kilometer,502.0,"6270,37",17.0,14.0,26.0,20.0,77.0,chacara
432329,2022,-23.663.741.628.642.700,-4.669.538.231.135.370,5,kilometer,526.0,"5658,39",16.0,22.0,22.0,33.0,93.0,chacara
432337,2022,-23.662.076.106.892.700,-4.669.161.529.757.960,5,kilometer,336.0,"10131,44",8.0,14.0,24.0,17.0,63.0,chacara
432338,2022,-23.661.791.213.489.100,-4.669.148.511.744.140,5,kilometer,321.0,"8851,37",5.0,12.0,13.0,16.0,46.0,chacara
432339,2022,-23.654.894.297.821.700,-4.668.860.469.373.420,5,kilometer,49.0,"12366,8",3.0,4.0,5.0,,12.0,chacara
432340,2022,-2.365.767.076.053.980,-4.668.991.893.134.060,5,kilometer,472.0,"7619,73",25.0,27.0,23.0,13.0,88.0,chacara
432341,2022,-23.660.439.253.930.400,-4.669.133.236.772.940,5,kilometer,349.0,"14828,34",13.0,18.0,21.0,12.0,64.0,chacara
432342,2022,-23.660.158.953.396.100,-4.668.446.477.119.760,5,kilometer,447.0,"9479,51",12.0,17.0,32.0,28.0,89.0,chacara
432343,2022,-23.659.570.527.168.000,-4.668.346.452.201.550,5,kilometer,357.0,"13762,02",12.0,17.0,33.0,17.0,79.0,chacara
432344,2022,-23.660.519.539.584.700,-46.700.780.854.129.700,5,kilometer,391.0,"7252,17",13.0,14.0,21.0,20.0,68.0,chacara
432345,2022,-23.660.388.580.787.200,-4.669.860.391.697.020,5,kilometer,413.0,"9023,29",7.0,10.0,21.0,21.0,59.0,chacara
432351,2022,-23.659.825.572.225.000,-4.669.580.200.798.550,5,kilometer,283.0,"7669,53",8.0,6.0,7.0,9.0,30.0,chacara
432352,2022,-23.659.977.146.402.600,-4.669.533.034.831.050,5,kilometer,284.0,"13062,51",10.0,7.0,5.0,13.0,35.0,chacara
432365,2022,-23.664.467.004.329.200,-46.692.383.707.968.200,5,kilometer,582.0,"13808,11",27.0,50.0,60.0,31.0,168.0,chacara
432366,2022,-23.662.780.189.283.000,-4.668.757.270.375.610,5,kilometer,258.0,"3059,75",7.0,4.0,6.0,9.0,26.0,chacara
432367,2022,-23.663.206.964.867.200,-4.668.759.944.830.360,5,kilometer,332.0,"12185,37",21.0,11.0,14.0,21.0,67.0,chacara
432384,2022,-23.663.868.718.627.400,-46.706.701.509.777.800,5,kilometer,215.0,"7603,02",6.0,13.0,10.0,10.0,39.0,chacara
432385,2022,-23.664.952.538.632.300,-46.685.097.057.291.300,5,kilometer,206.0,"16749,3",5.0,10.0,18.0,18.0,51.0,chacara
432387,2022,-2.366.405.566.887.770,-4.668.555.167.992.770,5,kilometer,211.0,"5246,19",6.0,9.0,9.0,9.0,33.0,chacara
432388,2022,-23.664.688.001.486.600,-4.668.742.246.264.820,5,kilometer,467.0,"4238,1",9.0,13.0,28.0,26.0,76.0,chacara
432390,2022,-2.366.309.271.157.910,-4.669.257.698.884.680,5,kilometer,184.0,"5301,26",4.0,9.0,7.0,6.0,26.0,chacara
432391,2022,-2.365.833.205.004.780,-4.668.295.934.917.550,5,kilometer,257.0,"12685,67",15.0,16.0,17.0,18.0,66.0,chacara
432393,2022,-23.662.165.880.909.700,-4.669.047.379.282.940,5,kilometer,404.0,"7622,63",8.0,14.0,15.0,21.0,58.0,chacara
432394,2022,-23.662.960.878.450.100,-4.669.597.286.874.920,5,kilometer,393.0,"11549,59",13.0,19.0,18.0,16.0,66.0,chacara
432395,2022,-2.366.142.161.624.860,-46.698.213.113.431.600,5,kilometer,117.0,"5517,07",7.0,,0.0,11.0,18.0,chacara
432396,2022,-2.365.933.881.943.470,-46.696.738.185.504.300,5,kilometer,14.0,"3580,8",3.0,,0.0,,3.0,chacara
432397,2022,-2.365.858.212.943.770,-46.694.515.841.523.100,5,kilometer,432.0,"8282,55",24.0,22.0,24.0,14.0,84.0,chacara
432399,2022,-23.655.987.635.992.900,-4.668.452.507.287.090,5,kilometer,343.0,"10911,9",15.0,12.0,16.0,19.0,62.0,chacara
432400,2022,-23.661.720.509.482.300,-4.670.163.145.627.800,5,kilometer,109.0,"5935,88",3.0,11.0,3.0,4.0,21.0,chacara
432403,2022,-23.668.577.203.234.900,-467.042.294.039.358,5,kilometer,578.0,"5055,32",28.0,17.0,12.0,19.0,76.0,chacara
432404,2022,-23.668.017.270.833.800,-4.670.462.722.215.940,5,kilometer,480.0,"5058,5",16.0,17.0,14.0,24.0,71.0,chacara
432405,2022,-23.665.117.453.004.900,-46.689.829.628.835.100,5,kilometer,323.0,"8182,93",16.0,16.0,18.0,12.0,62.0,chacara
432406,2022,-236.638.065.910.589,-46.689.694.354.810.500,5,kilometer,286.0,"6441,23",10.0,7.0,14.0,9.0,40.0,chacara
432407,2022,-23.664.358.188.269.100,-46.689.625.678.075.600,5,kilometer,80.0,"5897,53",,3.0,3.0,,6.0,chacara
432419,2022,-2.367.072.000.446.540,-4.670.418.812.571.410,5,kilometer,,,,,,,0.0,chacara
432435,2022,-23.668.738.149.448.400,-467.035.414.199.414,5,kilometer,67.0,"1510,34",,0.0,,,0.0,chacara
432450,2022,-23.611.380.674.424.500,-4.675.241.174.397.230,5,kilometer,573.0,"3682,89",20.0,24.0,29.0,42.0,115.0,chacara
432465,2022,-2.363.943.330.640.070,-4.675.898.652.067.330,5,kilometer,270.0,"5826,36",16.0,7.0,19.0,17.0,59.0,chacara
432483,2022,-23.630.547.436.639.200,-4.675.809.097.923.620,5,kilometer,311.0,"2311,2",17.0,24.0,10.0,24.0,75.0,chacara
432484,2022,-23.630.592.888.924,-46.754.877.958.982.900,5,kilometer,808.0,"2771,67",49.0,53.0,49.0,45.0,196.0,chacara
432486,2022,-23.631.550.200.572.600,-4.675.179.195.445.880,5,kilometer,305.0,"2390,72",13.0,14.0,15.0,17.0,59.0,chacara
432487,2022,-2.363.228.107.014.260,-4.675.803.419.555.880,5,kilometer,414.0,"2205,29",19.0,27.0,27.0,40.0,113.0,chacara
432488,2022,-23.631.626.357.132.300,-4.675.249.940.691.770,5,kilometer,495.0,"1841,85",29.0,34.0,37.0,47.0,147.0,chacara
432489,2022,-23.634.411.974.529.700,-4.675.732.612.243.500,5,kilometer,661.0,"2007,61",41.0,50.0,46.0,60.0,197.0,chacara
432492,2022,-2.363.779.634.235.580,-46.757.101.309.290.700,5,kilometer,743.0,"2466,77",34.0,31.0,50.0,61.0,176.0,chacara
432514,2022,-2.362.513.324.420.120,-4.675.605.649.553.290,5,kilometer,653.0,"2522,43",28.0,41.0,39.0,44.0,152.0,chacara
432515,2022,-23.625.520.712.133.000,-4.675.635.358.640.520,5,kilometer,246.0,"1733,57",13.0,14.0,17.0,16.0,60.0,chacara
432516,2022,-2.362.707.518.694.370,-46.753.845.281.759.000,5,kilometer,534.0,"1536,76",40.0,51.0,44.0,44.0,179.0,chacara
432517,2022,-2.362.607.727.625.140,-4.675.315.356.053.570,5,kilometer,1165.0,"1701,74",121.0,85.0,65.0,80.0,351.0,chacara
432518,2022,-236.307.081.602.307,-46.751.492.413.469.500,5,kilometer,629.0,"2659,74",30.0,32.0,47.0,37.0,146.0,chacara
432519,2022,-2.363.459.727.816.010,-4.675.485.739.789.830,5,kilometer,959.0,"2652,92",51.0,65.0,61.0,68.0,245.0,chacara
432520,2022,-236.368.140.269.788,-4.675.246.233.255.850,5,kilometer,384.0,"2338,78",19.0,17.0,27.0,26.0,89.0,chacara
432521,2022,-2.363.808.185.900.030,-4.675.570.008.408.320,5,kilometer,63.0,"2372,08",5.0,3.0,,3.0,11.0,chacara
432522,2022,-23.636.673.345.048.500,-46.753.838.230.369.100,5,kilometer,526.0,"2022,36",36.0,26.0,34.0,36.0,132.0,chacara
432523,2022,-23.639.201.810.876.100,-4.675.471.444.861.410,5,kilometer,631.0,"2210,7",33.0,31.0,39.0,42.0,145.0,chacara
432524,2022,-23.640.342.670.414,-46.753.642.012.157.700,5,kilometer,455.0,"1720,82",21.0,38.0,29.0,32.0,120.0,chacara
432525,2022,-2.364.159.049.713.680,-46.750.546.645.685.500,5,kilometer,273.0,"2070,85",13.0,14.0,19.0,22.0,68.0,chacara
432526,2022,-2.364.352.384.917.110,-46.753.325.663.076.900,5,kilometer,710.0,"2297,19",41.0,37.0,49.0,46.0,173.0,chacara
432527,2022,-2.364.396.157.978.080,-4.675.593.647.614.730,5,kilometer,681.0,"6186,86",30.0,36.0,43.0,37.0,146.0,chacara
432528,2022,-236.451.577.487.148,-46.756.613.089.125.500,5,kilometer,721.0,"5532,24",25.0,37.0,50.0,57.0,169.0,chacara
432529,2022,-23.644.816.870.391.300,-467.552.162.050.078,5,kilometer,598.0,"1296,04",43.0,48.0,48.0,50.0,189.0,chacara
432530,2022,-2.364.246.422.001.330,-4.675.767.650.009.420,5,kilometer,772.0,"9574,64",39.0,43.0,56.0,54.0,192.0,chacara
432540,2022,-23.622.506.529.288.700,-4.675.530.657.766.030,5,kilometer,437.0,"3473,77",11.0,23.0,22.0,29.0,85.0,chacara
432541,2022,-23.622.052.342.837.800,-46.752.717.323.139.100,5,kilometer,768.0,"2948,85",39.0,43.0,40.0,47.0,169.0,chacara
432542,2022,-23.624.337.796.910.200,-4.675.283.233.093.200,5,kilometer,812.0,"3498,15",45.0,43.0,45.0,55.0,188.0,chacara
432543,2022,-23.625.594.243.242.000,-4.674.989.513.370.660,5,kilometer,778.0,"2512,93",60.0,60.0,45.0,56.0,221.0,chacara
432544,2022,-23.628.389.369.522.500,-4.674.904.520.269.380,5,kilometer,614.0,"1607,52",43.0,58.0,48.0,47.0,196.0,chacara
432545,2022,-2.364.407.873.674.330,-4.675.243.556.412.570,5,kilometer,1096.0,"1376,52",61.0,93.0,76.0,89.0,319.0,chacara
432554,2022,-23.620.141.747.844.800,-46.752.390.472.750.200,5,kilometer,346.0,"4816,11",8.0,24.0,18.0,20.0,70.0,chacara
432555,2022,-23.618.478.432.126.300,-4.675.230.793.866.680,5,kilometer,740.0,"3493,82",22.0,32.0,40.0,39.0,133.0,chacara
432556,2022,-23.620.534.872.972.800,-4.675.257.013.942.390,5,kilometer,311.0,"4702,47",14.0,13.0,14.0,18.0,59.0,chacara
432557,2022,-23.634.366.964.227.600,-46.747.442.500.694.500,5,kilometer,764.0,"2972,59",70.0,42.0,33.0,49.0,194.0,chacara
432558,2022,-23.635.730.318.544.500,-4.674.706.407.332.990,5,kilometer,505.0,"2377,42",31.0,33.0,28.0,36.0,128.0,chacara
432559,2022,-2.363.826.562.455.280,-46.748.438.688.420.300,5,kilometer,844.0,"2898,53",55.0,36.0,33.0,39.0,163.0,chacara
432560,2022,-23.642.101.683.154.000,-4.674.984.775.136.960,5,kilometer,670.0,"2167,5",38.0,33.0,44.0,50.0,165.0,chacara
432563,2022,-23.634.634.082.016.200,-4.674.328.849.004.210,5,kilometer,705.0,"2386,45",37.0,61.0,48.0,52.0,198.0,chacara
432575,2022,-2.363.225.224.000.180,-4.675.520.318.581.440,5,kilometer,800.0,"2458,09",52.0,51.0,63.0,58.0,224.0,chacara
432576,2022,-23.633.429.800.963.000,-4.675.529.177.322.200,5,kilometer,812.0,"2323,15",52.0,54.0,58.0,61.0,225.0,chacara
432577,2022,-23.637.821.761.842.800,-4.675.813.887.977.820,5,kilometer,611.0,"2097,26",33.0,41.0,39.0,37.0,150.0,chacara
432580,2022,-2.362.831.629.441.340,-4.675.352.283.142.680,5,kilometer,1050.0,"2466,47",59.0,69.0,75.0,86.0,289.0,chacara
432581,2022,-23.624.955.161.668.700,-4.675.228.431.253.800,5,kilometer,816.0,"1576,07",105.0,54.0,53.0,33.0,245.0,chacara
432582,2022,-2.363.150.652.518.120,-4.674.998.867.882.460,5,kilometer,542.0,"2334,44",28.0,32.0,38.0,32.0,130.0,chacara
432583,2022,-23.637.725.945.701.200,-4.675.164.139.383.310,5,kilometer,410.0,"4252,03",18.0,19.0,25.0,24.0,86.0,chacara
432584,2022,-2.363.908.992.491.550,-4.675.131.090.579.620,5,kilometer,185.0,"2844,07",7.0,11.0,11.0,8.0,37.0,chacara
432585,2022,-23.642.169.622.584.500,-46.751.926.538.862.500,5,kilometer,903.0,"2689,11",40.0,59.0,59.0,59.0,217.0,chacara
432589,2022,-23.626.124.686.574.700,-4.675.103.011.576.660,5,kilometer,760.0,"2105,29",48.0,67.0,52.0,45.0,212.0,chacara
432590,2022,-23.619.718.626.287.300,-4.675.292.017.351.400,5,kilometer,314.0,"4904,14",12.0,11.0,18.0,6.0,47.0,chacara
432591,2022,-23.636.479.249.025.000,-4.674.303.621.871.300,5,kilometer,640.0,"3132,13",25.0,37.0,37.0,38.0,137.0,chacara
432592,2022,-2.363.442.973.398.120,-467.418.244.020.053,5,kilometer,297.0,"1927,14",13.0,32.0,19.0,16.0,80.0,chacara
432613,2022,-2.362.992.402.016.940,-46.756.677.882.115.500,5,kilometer,349.0,"2184,14",22.0,21.0,14.0,28.0,85.0,chacara
432614,2022,-2.363.165.530.672.660,-4.675.668.472.028.400,5,kilometer,373.0,"2455,13",19.0,23.0,20.0,27.0,89.0,chacara
432616,2022,-23.631.419.740.600.800,-46.757.656.664.672.100,5,kilometer,321.0,"1548,42",14.0,24.0,23.0,24.0,85.0,chacara
432617,2022,-2.363.283.801.314.600,-4.675.628.406.489.910,5,kilometer,331.0,"4645,24",13.0,17.0,11.0,29.0,70.0,chacara
432624,2022,-23.627.453.557.846.800,-4.675.086.434.575.090,5,kilometer,267.0,"1695,41",19.0,22.0,19.0,23.0,83.0,chacara
432630,2022,-23.621.026.681.965.700,-46.755.652.191.330.700,5,kilometer,614.0,"3774,11",24.0,29.0,34.0,32.0,119.0,chacara
432631,2022,-23.623.435.185.545.900,-4.675.471.942.189.010,5,kilometer,378.0,"3899,94",19.0,20.0,22.0,18.0,79.0,chacara
432632,2022,-2.362.877.499.375.620,-46.747.207.972.702.700,5,kilometer,723.0,"2693,25",29.0,47.0,46.0,52.0,174.0,chacara
432633,2022,-23.635.983.809.185.400,-46.750.754.568.649.100,5,kilometer,585.0,"2080,73",36.0,25.0,41.0,31.0,133.0,chacara
432634,2022,-23.644.706.656.786.500,-4.675.187.061.153.320,5,kilometer,446.0,"1602,89",32.0,36.0,35.0,48.0,151.0,chacara
432637,2022,-23.622.348.624.368.300,-4.674.836.817.158.600,5,kilometer,561.0,"2172,18",28.0,36.0,32.0,29.0,125.0,chacara
432639,2022,-23.637.645.476.980.300,-4.674.625.497.847.020,5,kilometer,757.0,"2589,85",77.0,42.0,20.0,15.0,154.0,chacara
432645,2022,-23.615.403.238.817.700,-4.675.115.672.184.770,5,kilometer,373.0,"10099,42",7.0,10.0,29.0,16.0,62.0,chacara
432650,2022,-23.634.664.005.920.800,-4.675.834.243.964.990,5,kilometer,129.0,"2515,14",3.0,5.0,16.0,8.0,32.0,chacara
432651,2022,-2.363.138.105.863.330,-4.675.310.272.518.070,5,kilometer,240.0,"2603,26",7.0,18.0,10.0,15.0,50.0,chacara
432653,2022,-23.636.951.718.571.100,-4.675.438.673.224.480,5,kilometer,151.0,"3382,41",8.0,8.0,9.0,17.0,42.0,chacara
432656,2022,-2.362.490.929.130.780,-4.675.116.839.710.540,5,kilometer,393.0,"1977,37",20.0,27.0,30.0,32.0,109.0,chacara
432658,2022,-23.628.528.632.494.100,-467.519.833.220.679,5,kilometer,486.0,"2460,01",30.0,37.0,28.0,32.0,127.0,chacara
432669,2022,-23.635.637.574.978.700,-4.675.329.966.394.600,5,kilometer,170.0,"2431,58",4.0,16.0,11.0,12.0,43.0,chacara
432670,2022,-23.638.341.757.390.700,-4.675.401.164.569.080,5,kilometer,233.0,"2314,07",17.0,13.0,12.0,9.0,51.0,chacara
432671,2022,-236.380.378.907.057,-4.675.505.230.133.860,5,kilometer,235.0,"1617,9",4.0,13.0,19.0,23.0,59.0,chacara
432674,2022,-23.635.147.056.230.700,-4.675.147.540.906.350,5,kilometer,348.0,"2094,93",15.0,17.0,25.0,23.0,80.0,chacara
432675,2022,-2.362.497.360.086.570,-4.674.785.664.571.180,5,kilometer,252.0,"1732,41",24.0,18.0,20.0,22.0,84.0,chacara
432679,2022,-23.637.968.196.461.000,-46.744.409.350.014.800,5,kilometer,373.0,"1746,55",18.0,22.0,25.0,32.0,97.0,chacara
432681,2022,-23.634.952.677.289.600,-467.446.943.174.075,5,kilometer,462.0,"1676,47",26.0,24.0,52.0,37.0,139.0,chacara
432683,2022,-23.635.666.980.213.700,-4.675.059.712.362.350,5,kilometer,166.0,"1732,3",8.0,10.0,9.0,10.0,37.0,chacara
432684,2022,-23.636.399.147.666.700,-4.674.570.947.661.470,5,kilometer,214.0,"3508,3",11.0,12.0,23.0,11.0,57.0,chacara
432685,2022,-2.363.621.068.360.010,-4.674.641.561.420.560,5,kilometer,216.0,"2843,96",12.0,11.0,23.0,11.0,57.0,chacara
432688,2022,-23.620.501.097.408.700,-4.675.069.644.238.240,5,kilometer,559.0,"2480,47",36.0,28.0,38.0,38.0,140.0,chacara
432689,2022,-23.619.562.829.658.500,-4.675.013.973.258.950,5,kilometer,363.0,"2465,12",11.0,21.0,26.0,24.0,82.0,chacara
432694,2022,-2.362.985.727.744.060,-4.674.927.971.278.050,5,kilometer,521.0,"5095,36",27.0,28.0,26.0,31.0,112.0,chacara
432696,2022,-23.628.926.412.152.600,-4.674.927.538.495.060,5,kilometer,503.0,"5429,98",36.0,27.0,29.0,19.0,111.0,chacara
432697,2022,-23.632.718.498.259.000,-467.492.380.009.268,5,kilometer,375.0,"2313,42",22.0,23.0,20.0,17.0,82.0,chacara
432698,2022,-23.632.333.081.007.400,-46.748.561.112.971.600,5,kilometer,260.0,"2392,9",16.0,10.0,20.0,17.0,63.0,chacara
432699,2022,-23.635.164.161.210.700,-4.675.213.367.231.040,5,kilometer,161.0,"2828,64",6.0,8.0,4.0,9.0,27.0,chacara
432700,2022,-23.633.957.969.983.000,-46.750.549.779.657.900,5,kilometer,487.0,"2774,44",22.0,35.0,34.0,28.0,119.0,chacara
432708,2022,-2.363.612.372.251.680,-46.755.215.317.323.900,5,kilometer,515.0,"2492,55",29.0,23.0,29.0,30.0,111.0,chacara
432709,2022,-23.634.969.795.659.700,-4.675.652.516.131.920,5,kilometer,392.0,"2263,64",17.0,29.0,19.0,28.0,93.0,chacara
432710,2022,-23.637.045.472.251.800,-46.756.891.536.845.600,5,kilometer,448.0,"1659,66",26.0,34.0,22.0,33.0,115.0,chacara
432711,2022,-23.636.989.105.993.200,-4.675.584.418.331.130,5,kilometer,503.0,"1992,48",25.0,35.0,26.0,36.0,122.0,chacara
432713,2022,-2.362.374.832.836.210,-4.674.801.755.875.360,5,kilometer,849.0,"2004,83",69.0,57.0,67.0,72.0,265.0,chacara
432714,2022,-23.625.347.504.855.200,-4.674.814.972.521.480,5,kilometer,811.0,"2869,28",42.0,40.0,63.0,71.0,216.0,chacara
432715,2022,-23.626.613.414.107.100,-4.674.692.366.992.480,5,kilometer,443.0,"7864,14",30.0,26.0,20.0,22.0,98.0,chacara
432716,2022,-2.362.682.319.136.550,-4.674.821.693.431.870,5,kilometer,408.0,"2298,99",22.0,21.0,26.0,34.0,103.0,chacara
432717,2022,-23.627.455.337.416.000,-4.674.618.918.204.990,5,kilometer,552.0,"7643,32",47.0,37.0,26.0,13.0,123.0,chacara
432718,2022,-2.362.838.754.756.710,-4.674.508.523.225.480,5,kilometer,392.0,"9083,56",35.0,22.0,11.0,10.0,78.0,chacara
432719,2022,-23.645.171.405.770.600,-46.753.291.633.168.400,5,kilometer,518.0,"1784,45",29.0,35.0,42.0,43.0,149.0,chacara
432727,2022,-2.363.001.753.458.680,-4.675.347.202.428.290,5,kilometer,416.0,"2128,04",23.0,30.0,39.0,30.0,122.0,chacara
432728,2022,-23.630.768.110.446.200,-46.753.740.096.930.900,5,kilometer,280.0,"2207,64",25.0,15.0,12.0,16.0,68.0,chacara
432729,2022,-23.625.663.728.048.300,-4.675.422.058.399.030,5,kilometer,324.0,"2993,43",18.0,11.0,20.0,18.0,67.0,chacara
432731,2022,-23.626.118.512.938.200,-4.675.444.354.502.760,5,kilometer,656.0,"3538,21",31.0,53.0,64.0,42.0,190.0,chacara
432732,2022,-23.640.548.195.774.700,-4.674.858.880.243.840,5,kilometer,378.0,"2723,28",22.0,16.0,17.0,14.0,69.0,chacara
432733,2022,-23.640.115.346.162.700,-4.674.688.500.916.220,5,kilometer,403.0,"2274,34",17.0,18.0,17.0,26.0,78.0,chacara
432740,2022,-23.632.091.660.420.000,-4.674.733.014.516.230,5,kilometer,488.0,"2303,86",23.0,25.0,30.0,20.0,98.0,chacara
432741,2022,-23.633.078.990.599.100,-4.674.663.235.858.790,5,kilometer,351.0,"2048,02",19.0,19.0,22.0,28.0,88.0,chacara
432742,2022,-23.638.876.991.618.900,-4.675.753.740.276.730,5,kilometer,256.0,"2128,58",15.0,11.0,15.0,18.0,59.0,chacara
432743,2022,-2.364.150.564.248.710,-4.675.501.275.320.690,5,kilometer,686.0,4283,36.0,44.0,38.0,37.0,155.0,chacara
432744,2022,-23.613.582.833.144.200,-4.675.326.684.766.770,5,kilometer,250.0,"16685,38",5.0,9.0,11.0,23.0,48.0,chacara
432766,2022,-23.641.098.809.911.000,-4.675.409.531.063.510,5,kilometer,581.0,"1942,13",32.0,36.0,39.0,48.0,155.0,chacara
432768,2022,-2.364.011.261.758.100,-46.752.510.997.358.500,5,kilometer,588.0,"2105,67",28.0,35.0,42.0,37.0,142.0,chacara
432770,2022,-23.627.437.273.596.800,-4.675.620.106.170.870,5,kilometer,313.0,"2166,9",17.0,22.0,26.0,22.0,87.0,chacara
432772,2022,-2.362.848.704.678.760,-4.675.541.368.155.580,5,kilometer,268.0,"2381,96",12.0,10.0,16.0,24.0,62.0,chacara
432774,2022,-2.363.672.036.532.980,-46.747.654.729.012.900,5,kilometer,917.0,"2526,16",78.0,61.0,31.0,35.0,205.0,chacara
432776,2022,-2.363.766.066.876.020,-4.674.778.375.452.590,5,kilometer,222.0,"2754,96",6.0,8.0,10.0,17.0,41.0,chacara
432777,2022,-23.621.920.227.448.900,-4.674.983.488.013.090,5,kilometer,624.0,"2244,36",31.0,33.0,47.0,48.0,159.0,chacara
432780,2022,-2.362.328.269.715.660,-4.674.913.753.296.680,5,kilometer,690.0,"4484,53",66.0,41.0,42.0,30.0,179.0,chacara
432831,2022,-23.617.065.791.667.000,-4.675.427.118.643.100,5,kilometer,700.0,"5256,5",56.0,49.0,26.0,35.0,166.0,chacara
432839,2022,-23.632.443.879.869.700,-4.675.955.289.929.070,5,kilometer,426.0,"2394,39",31.0,27.0,23.0,38.0,119.0,chacara
432844,2022,-23.617.929.320.291.300,-467.547.599.560.426,5,kilometer,439.0,"4836,78",16.0,19.0,21.0,21.0,77.0,chacara
432845,2022,-2.361.868.613.677.030,-46.754.324.465.747.400,5,kilometer,541.0,"4173,65",12.0,24.0,29.0,28.0,93.0,chacara
432847,2022,-23.624.360.329.722.000,-4.674.744.393.942.890,5,kilometer,286.0,"1729,83",24.0,27.0,32.0,29.0,112.0,chacara
432848,2022,-2.362.473.196.257.350,-4.674.663.102.435.780,5,kilometer,369.0,"1568,17",28.0,35.0,44.0,25.0,132.0,chacara
432855,2022,-2.362.919.905.164.990,-4.675.643.813.184.710,5,kilometer,354.0,"2213,57",25.0,28.0,30.0,30.0,113.0,chacara
432858,2022,-23.638.768.022.161.600,-46.751.362.015.917.200,5,kilometer,482.0,"2190,89",21.0,30.0,31.0,31.0,113.0,chacara
432862,2022,-23.627.368.437.729.900,-4.674.530.692.676.100,5,kilometer,336.0,"7567,45",28.0,17.0,10.0,12.0,67.0,chacara
432865,2022,-23.643.209.040.775.500,-4.675.013.756.201.510,5,kilometer,413.0,"2995,81",16.0,14.0,32.0,29.0,91.0,chacara
432866,2022,-23.631.605.347.240.400,-4.674.341.952.088.960,5,kilometer,148.0,"2206,27",18.0,10.0,9.0,16.0,53.0,chacara
432867,2022,-23.631.577.725.038.000,-46.744.376.271.305.700,5,kilometer,702.0,"1657,93",63.0,61.0,71.0,77.0,272.0,chacara
432872,2022,-23.642.973.850.500.300,-467.553.798.553.192,5,kilometer,191.0,"9066,67",12.0,16.0,20.0,12.0,60.0,chacara
432873,2022,-23.644.778.077.655.800,-4.675.450.409.002.390,5,kilometer,602.0,"1864,7",42.0,45.0,43.0,41.0,171.0,chacara
432881,2022,-2.362.174.531.752.060,-4.675.140.118.454.340,5,kilometer,436.0,"5238,75",20.0,21.0,26.0,26.0,93.0,chacara
432882,2022,-23.621.029.439.365.800,-46.751.850.049.762.600,5,kilometer,420.0,"4489,11",16.0,18.0,19.0,25.0,78.0,chacara
432883,2022,-2.361.943.506.024.680,-46.753.664.129.058.300,5,kilometer,325.0,"3600,07",17.0,17.0,14.0,20.0,68.0,chacara
432884,2022,-23.619.112.403.159.600,-4.675.324.753.234.710,5,kilometer,324.0,"3870,58",7.0,13.0,11.0,15.0,46.0,chacara
432885,2022,-23.633.164.064.974.300,-4.675.456.040.334.130,5,kilometer,172.0,"3379,76",9.0,10.0,13.0,14.0,46.0,chacara
432886,2022,-23.633.011.569.743.600,-46.753.934.423.473.400,5,kilometer,284.0,"2787,89",11.0,15.0,26.0,27.0,79.0,chacara
432896,2022,-236.183.234.779.714,-4.675.628.491.148.700,5,kilometer,204.0,"5526,87",9.0,13.0,11.0,13.0,46.0,chacara
432910,2022,-23.640.366.495.048.400,-4.675.055.738.022.790,5,kilometer,439.0,"2112,79",26.0,25.0,32.0,24.0,107.0,chacara
432911,2022,-2.364.108.092.108.360,-4.675.241.225.016.130,5,kilometer,383.0,"2970,33",11.0,31.0,23.0,24.0,89.0,chacara
432912,2022,-23.631.740.150.874.300,-46.746.263.151.086.600,5,kilometer,266.0,"2476,01",17.0,18.0,21.0,20.0,76.0,chacara
432913,2022,-2.363.037.212.737.400,-46.743.975.231.908.300,5,kilometer,549.0,"1491,23",45.0,49.0,54.0,53.0,201.0,chacara
432914,2022,-2.363.121.057.016.530,-467.432.885.048.396,5,kilometer,411.0,"1711,86",33.0,36.0,38.0,44.0,151.0,chacara
432925,2022,-2.362.834.353.349.150,-4.675.706.138.642.040,5,kilometer,289.0,"2389,56",22.0,26.0,27.0,22.0,97.0,chacara
432926,2022,-23.630.382.927.693.300,-4.674.793.307.776.700,5,kilometer,607.0,"3971,2",40.0,47.0,29.0,32.0,148.0,chacara
432929,2022,-2.362.608.446.927.590,-4.674.642.302.926.000,5,kilometer,390.0,"8929,77",32.0,25.0,23.0,20.0,100.0,chacara
432930,2022,-23.627.265.465.006.000,-4.674.739.992.523.640,5,kilometer,335.0,"7056,9",25.0,19.0,10.0,7.0,61.0,chacara
432931,2022,-23.628.050.520.826.700,-467.469.002.051.013,5,kilometer,356.0,"8293,02",25.0,14.0,26.0,6.0,71.0,chacara
432932,2022,-23.628.938.271.015.000,-4.674.585.745.704.370,5,kilometer,399.0,"8851,47",49.0,19.0,13.0,6.0,87.0,chacara
432934,2022,-2.362.630.017.657.990,-4.675.661.118.553.100,5,kilometer,156.0,"1377,68",17.0,19.0,19.0,16.0,71.0,chacara
432935,2022,-23.626.677.787.749.100,-4.675.672.674.582.640,5,kilometer,345.0,"5725,41",31.0,20.0,20.0,14.0,85.0,chacara
432943,2022,-23.634.843.930.663.200,-4.674.592.177.906.840,5,kilometer,414.0,"3628,12",21.0,22.0,28.0,25.0,96.0,chacara
432944,2022,-23.633.697.596.474.600,-46.745.278.450.708.800,5,kilometer,1024.0,"2034,63",62.0,63.0,57.0,73.0,255.0,chacara
432946,2022,-23.616.384.081.218.900,-46.752.729.534.285.700,5,kilometer,712.0,"5379,45",29.0,37.0,34.0,28.0,128.0,chacara
432952,2022,-23.630.495.929.588.200,-4.674.892.024.028.680,5,kilometer,710.0,"3249,06",37.0,55.0,42.0,45.0,179.0,chacara
432953,2022,-23.629.330.327.113.900,-4.675.070.248.489.840,5,kilometer,422.0,"4215,03",32.0,25.0,22.0,16.0,95.0,chacara
432954,2022,-23.629.069.258.756.000,-4.675.047.243.176.920,5,kilometer,396.0,"4459,44",35.0,20.0,13.0,14.0,82.0,chacara
432955,2022,-236.362.751.313.231,-4.674.487.381.379.180,5,kilometer,1064.0,"2180,26",50.0,66.0,53.0,53.0,222.0,chacara
432956,2022,-23.635.757.932.764.800,-4.674.388.729.123.020,5,kilometer,139.0,"1878,78",10.0,17.0,17.0,5.0,49.0,chacara
432963,2022,-23.633.368.584.677.300,-4.675.212.619.623.840,5,kilometer,105.0,"1856,55",11.0,4.0,4.0,12.0,31.0,chacara
432964,2022,-23.632.930.668.338.700,-4.675.267.910.763.100,5,kilometer,72.0,"2695,56",3.0,4.0,,3.0,10.0,chacara
432965,2022,-2.363.392.300.410.570,-46.753.051.824.825.700,5,kilometer,49.0,2172,3.0,8.0,,5.0,16.0,chacara
432966,2022,-23.633.669.305.150.500,-4.675.258.627.312.760,5,kilometer,25.0,"1530,89",,,0.0,,0.0,chacara
432967,2022,-23.637.967.226.571.300,-4.675.060.736.883.470,5,kilometer,848.0,"1931,81",63.0,50.0,53.0,69.0,235.0,chacara
432968,2022,-23.636.805.405.603.700,-46.751.053.044.075.700,5,kilometer,,,,,,,0.0,chacara
432969,2022,-2.364.385.895.718.090,-4.674.992.030.696.290,5,kilometer,21.0,"2172,67",0.0,0.0,0.0,0.0,0.0,chacara
432970,2022,-23.642.792.693.405.300,-46.747.989.747.894,5,kilometer,178.0,"3038,1",11.0,6.0,12.0,8.0,37.0,chacara
432971,2022,-23.642.972.934.040.500,-46.748.746.194.978.300,5,kilometer,91.0,"2279,59",4.0,3.0,5.0,8.0,20.0,chacara
432972,2022,-23.644.449.358.912.500,-46.750.003.011.444.200,5,kilometer,80.0,"3341,52",4.0,,,,4.0,chacara
432974,2022,-236.292.715.669.657,-4.675.773.509.225.100,5,kilometer,904.0,"1654,18",56.0,86.0,71.0,64.0,277.0,chacara
432978,2022,-23.630.527.607.488.000,-4.674.498.194.024.840,5,kilometer,674.0,"1350,66",55.0,72.0,53.0,66.0,246.0,chacara
432979,2022,-23.630.474.690.161.200,-4.674.621.823.476.380,5,kilometer,23.0,"2666,67",6.0,0.0,,,6.0,chacara
432980,2022,-2.364.425.488.738.070,-46.750.772.202.992.600,5,kilometer,276.0,"2299,15",12.0,18.0,16.0,21.0,67.0,chacara
432987,2022,-23.632.929.419.568.400,-4.675.147.384.059.650,5,kilometer,479.0,"2324,61",17.0,31.0,26.0,38.0,112.0,chacara
432988,2022,-23.634.542.011.054.200,-4.675.291.691.470.870,5,kilometer,253.0,"2610,66",19.0,22.0,23.0,21.0,85.0,chacara
432990,2022,-23.632.318.030.730.900,-467.531.769.120.124,5,kilometer,482.0,"1572,88",23.0,42.0,34.0,48.0,147.0,chacara
432991,2022,-23.622.533.889.156.200,-4.674.738.657.775.850,5,kilometer,618.0,"1454,83",46.0,46.0,45.0,58.0,195.0,chacara
432995,2022,-236.246.420.380.958,-4.674.615.853.351.270,5,kilometer,263.0,"1154,58",23.0,26.0,23.0,37.0,109.0,chacara
433420,2022,-2.362.689.732.496.490,-4.674.548.402.247.920,5,kilometer,109.0,"1508,35",10.0,11.0,8.0,7.0,36.0,chacara
433430,2022,-23.619.322.292.492.900,-4.674.899.019.790.520,5,kilometer,471.0,"1300,64",74.0,60.0,55.0,69.0,258.0,chacara
433431,2022,-23.620.005.240.245.300,-46.748.760.371.408.000,5,kilometer,59.0,"1842,19",,4.0,,,4.0,chacara
433432,2022,-23.630.826.315.638.100,-46.756.461.789.017.300,5,kilometer,412.0,"1540,44",22.0,30.0,34.0,39.0,125.0,chacara
433433,2022,-236.306.390.345.632,-4.675.658.338.536.380,5,kilometer,89.0,"1676,15",4.0,0.0,12.0,5.0,21.0,chacara
433436,2022,-23.637.706.628.616.700,-4.675.326.895.773.750,5,kilometer,350.0,"2089,93",15.0,24.0,21.0,31.0,91.0,chacara
433437,2022,-23.636.472.810.946.100,-4.675.314.969.770.910,5,kilometer,125.0,"2276,81",5.0,4.0,7.0,9.0,25.0,chacara
433438,2022,-23.635.339.308.047.900,-4.674.917.909.690.580,5,kilometer,692.0,"2076,61",51.0,44.0,39.0,42.0,176.0,chacara
433439,2022,-23.635.350.658.864.600,-4.675.004.430.785.940,5,kilometer,68.0,"1763,5",3.0,4.0,4.0,8.0,19.0,chacara
433440,2022,-23.637.572.915.662.800,-4.674.570.398.487.760,5,kilometer,760.0,"2131,57",62.0,50.0,26.0,28.0,166.0,chacara
433441,2022,-2.363.775.493.506.370,-46.745.074.515.535.000,5,kilometer,432.0,"2068,64",30.0,24.0,21.0,15.0,90.0,chacara
433855,2022,-2.365.038.468.924.750,-4.675.522.101.632.780,5,kilometer,473.0,"2416,25",14.0,25.0,19.0,39.0,97.0,chacara
434085,2022,-23.651.130.692.042.000,-4.675.352.418.706.690,5,kilometer,514.0,"3777,75",32.0,22.0,18.0,21.0,93.0,chacara
434086,2022,-2.365.082.157.489.130,-46.754.205.290.151.700,5,kilometer,229.0,"3753,71",14.0,8.0,7.0,10.0,39.0,chacara
434147,2022,-23.648.814.214.186.200,-4.675.455.499.929.330,5,kilometer,297.0,"8664,8",15.0,15.0,20.0,19.0,69.0,chacara
435001,2022,-23.660.703.456.331.200,-4.667.897.310.982.830,5,kilometer,437.0,"6754,62",24.0,22.0,22.0,20.0,88.0,chacara
435007,2022,-236.573.602.010.067,-4.667.555.098.265.490,5,kilometer,338.0,"5437,04",13.0,13.0,19.0,16.0,61.0,chacara
435018,2022,-23.652.123.458.851.600,-4.667.578.077.795.820,5,kilometer,715.0,"8436,01",27.0,41.0,28.0,26.0,122.0,chacara
435019,2022,-23.654.502.035.039.900,-4.667.427.740.604.360,5,kilometer,479.0,"7615,48",10.0,20.0,16.0,25.0,71.0,chacara
435020,2022,-23.653.006.576.703.400,-4.667.233.232.128.710,5,kilometer,477.0,"7998,44",22.0,19.0,33.0,21.0,95.0,chacara
435035,2022,-2.365.215.207.986.350,-4.667.773.676.553.700,5,kilometer,231.0,"8420,91",11.0,15.0,18.0,9.0,53.0,chacara
435036,2022,-23.649.691.048.141.700,-4.667.385.984.050.310,5,kilometer,871.0,"13414,17",37.0,59.0,57.0,64.0,217.0,chacara
435042,2022,-23.646.291.743.390.100,-46.673.336.239.968.000,5,kilometer,597.0,"7097,96",21.0,17.0,31.0,22.0,91.0,chacara
435097,2022,-23.656.608.939.081.200,-46.673.555.484.885.200,5,kilometer,360.0,"4595,42",20.0,21.0,24.0,17.0,82.0,chacara
435489,2022,-2.365.693.276.658.560,-46.678.788.940.065.700,5,kilometer,350.0,"6317,65",18.0,19.0,15.0,19.0,71.0,chacara
435490,2022,-23.658.993.229.088.300,-4.667.804.299.635.280,5,kilometer,306.0,"3895,79",18.0,14.0,13.0,15.0,60.0,chacara
435538,2022,-23.647.945.858.848.400,-46.671.396.724.047.800,5,kilometer,320.0,"12788,42",34.0,15.0,10.0,6.0,65.0,chacara
435565,2022,-23.657.268.933.027.100,-4.667.775.853.377.810,5,kilometer,224.0,"10577,18",4.0,5.0,10.0,12.0,31.0,chacara
435566,2022,-2.365.833.249.819.560,-4.667.704.858.524.060,5,kilometer,224.0,"9200,24",9.0,4.0,12.0,6.0,31.0,chacara
435580,2022,-2.365.522.245.319.070,-46.678.272.138.721.900,5,kilometer,414.0,"9596,88",29.0,27.0,17.0,12.0,85.0,chacara
435581,2022,-2.365.695.742.699.660,-4.667.708.280.521.750,5,kilometer,433.0,"7633,81",24.0,16.0,18.0,17.0,75.0,chacara
435584,2022,-23.648.843.061.000.100,-4.667.115.016.481.050,5,kilometer,353.0,"11295,29",32.0,27.0,14.0,13.0,86.0,chacara
435585,2022,-2.364.708.111.356.700,-4.667.178.139.130.920,5,kilometer,288.0,"8222,52",15.0,9.0,16.0,13.0,53.0,chacara
435596,2022,-23.650.294.988.956.100,-4.667.148.902.618.450,5,kilometer,369.0,10431,14.0,15.0,16.0,14.0,59.0,chacara
441283,2022,-23.606.780.010.201.100,-466.802.642.929.412,5,kilometer,399.0,"8766,83",13.0,13.0,17.0,24.0,67.0,chacara
441284,2022,-23.606.849.954.270.500,-4.668.276.144.586.150,5,kilometer,465.0,"13784,21",22.0,16.0,21.0,24.0,83.0,chacara
441285,2022,-23.605.182.960.327.800,-4.668.719.902.733.650,5,kilometer,508.0,"9635,06",38.0,19.0,17.0,12.0,86.0,chacara
441286,2022,-2.360.201.215.527.480,-4.668.916.078.988.030,5,kilometer,352.0,"7533,68",11.0,9.0,15.0,17.0,52.0,chacara
441287,2022,-2.359.878.503.911.150,-46.693.238.777.101.800,5,kilometer,56.0,"3609,32",,,,,0.0,chacara
441292,2022,-2.360.909.248.632.420,-4.667.831.606.667.990,5,kilometer,450.0,"11245,93",25.0,20.0,29.0,19.0,93.0,chacara
441293,2022,-23.611.208.705.839.400,-4.667.953.657.399.090,5,kilometer,351.0,"15936,09",14.0,16.0,22.0,14.0,66.0,chacara
441294,2022,-23.608.459.249.694.900,-4.668.382.196.122.300,5,kilometer,509.0,"11622,58",18.0,35.0,22.0,32.0,107.0,chacara
441295,2022,-23.607.161.537.063.100,-46.689.133.560.609.200,5,kilometer,297.0,"10395,05",14.0,8.0,5.0,8.0,35.0,chacara
441296,2022,-23.604.324.506.528.800,-46.691.686.032.910.700,5,kilometer,242.0,"7763,33",4.0,7.0,3.0,8.0,22.0,chacara
441297,2022,-23.603.962.932.909.000,-4.669.334.105.955.240,5,kilometer,95.0,"8636,45",,,,5.0,5.0,chacara
441301,2022,-23.612.094.612.176.500,-4.667.994.264.832.100,5,kilometer,284.0,"11831,55",11.0,17.0,6.0,5.0,39.0,chacara
441302,2022,-23.611.925.377.225.900,-46.680.675.865.387.700,5,kilometer,370.0,"19782,44",19.0,10.0,11.0,7.0,47.0,chacara
441303,2022,-23.607.842.326.505.000,-4.669.287.545.691.870,5,kilometer,299.0,"17357,03",10.0,13.0,12.0,9.0,44.0,chacara
441309,2022,-23.613.814.476.442.100,-46.679.555.698.475.500,5,kilometer,421.0,"14947,87",8.0,10.0,16.0,15.0,49.0,chacara
441310,2022,-2.361.278.342.743.200,-46.681.360.094.726.900,5,kilometer,344.0,"18098,45",19.0,14.0,6.0,13.0,52.0,chacara
441311,2022,-23.610.979.631.560.800,-4.668.297.173.046.950,5,kilometer,264.0,"12904,58",9.0,4.0,3.0,6.0,22.0,chacara
441312,2022,-2.361.228.765.281.150,-466.837.623.080.518,5,kilometer,267.0,"11001,22",14.0,6.0,11.0,9.0,40.0,chacara
441313,2022,-2.361.277.985.476.550,-466.933.974.001.074,5,kilometer,318.0,"5379,17",12.0,15.0,24.0,19.0,70.0,chacara
441323,2022,-2.361.582.117.564.850,-4.669.707.319.992.080,5,kilometer,407.0,"8822,43",14.0,15.0,14.0,18.0,61.0,chacara
441326,2022,-2.361.905.157.606.990,-4.668.822.484.325.570,5,kilometer,465.0,"7720,68",20.0,23.0,19.0,20.0,82.0,chacara
441334,2022,-23.622.056.787.428.400,-4.668.667.216.300.210,5,kilometer,735.0,"15530,07",44.0,33.0,21.0,20.0,118.0,chacara
441341,2022,-2.361.337.214.781.690,-46.694.929.590.335.700,5,kilometer,449.0,"2938,05",16.0,28.0,32.0,36.0,112.0,chacara
441342,2022,-2.361.370.913.690.970,-4.669.361.009.015.460,5,kilometer,300.0,"2550,83",19.0,24.0,20.0,23.0,86.0,chacara
441347,2022,-2.360.169.567.725.750,-4.668.691.277.338.360,5,kilometer,348.0,"8840,8",18.0,16.0,24.0,24.0,82.0,chacara
441348,2022,-2.361.334.344.240.060,-46.678.815.677.522.300,5,kilometer,124.0,"12259,16",,,0.0,3.0,3.0,chacara
441349,2022,-23.610.709.542.070.600,-4.668.470.181.703.730,5,kilometer,307.0,"7537,8",8.0,13.0,10.0,9.0,40.0,chacara
441353,2022,-23.612.183.720.790.100,-4.667.836.984.285.060,5,kilometer,374.0,"14401,79",12.0,8.0,15.0,15.0,50.0,chacara
441354,2022,-23.605.810.743.224.700,-4.669.013.643.785.760,5,kilometer,472.0,"13090,07",21.0,22.0,25.0,11.0,79.0,chacara
441356,2022,-23.618.750.159.220.400,-4.669.507.273.588.040,5,kilometer,302.0,"6048,31",11.0,12.0,14.0,12.0,49.0,chacara
441357,2022,-23.620.716.723.482.500,-46.694.073.042.677.900,5,kilometer,294.0,"10072,27",11.0,9.0,8.0,6.0,34.0,chacara
441358,2022,-23.611.581.096.117.300,-4.668.011.934.581.880,5,kilometer,386.0,"11489,29",12.0,15.0,5.0,5.0,37.0,chacara
441361,2022,-2.361.463.023.064.160,-4.668.023.335.661.360,5,kilometer,407.0,"16629,84",21.0,12.0,14.0,11.0,58.0,chacara
441362,2022,-23.615.100.175.858.200,-4.668.024.908.057.570,5,kilometer,225.0,"15179,69",0.0,0.0,,3.0,3.0,chacara
441363,2022,-23.614.146.795.484.700,-4.667.975.100.878.730,5,kilometer,193.0,"10459,39",,,,,0.0,chacara
441364,2022,-23.611.377.994.188.800,-4.668.228.543.180.940,5,kilometer,308.0,"12463,43",10.0,6.0,4.0,3.0,23.0,chacara
441366,2022,-23.612.775.588.102.500,-46.682.995.502.252.300,5,kilometer,487.0,"13698,99",29.0,19.0,19.0,18.0,85.0,chacara
441367,2022,-23.612.662.214.090.100,-4.668.412.157.226.130,5,kilometer,257.0,"9586,91",11.0,7.0,7.0,,25.0,chacara
441387,2022,-2.360.142.550.709.310,-46.684.016.158.713.100,5,kilometer,337.0,"4728,02",18.0,16.0,19.0,21.0,74.0,chacara
441388,2022,-23.604.232.434.014,-4.668.150.199.965.280,5,kilometer,360.0,"5659,45",19.0,7.0,18.0,15.0,59.0,chacara
441389,2022,-2.360.133.280.800.970,-466.852.000.123.682,5,kilometer,409.0,"5958,42",8.0,10.0,12.0,21.0,51.0,chacara
441391,2022,-23.600.278.294.422.700,-4.668.753.424.141.690,5,kilometer,314.0,"23215,01",36.0,25.0,18.0,5.0,84.0,chacara
441392,2022,-2.360.122.675.757.400,-46.690.382.735.581,5,kilometer,243.0,"6599,15",3.0,15.0,11.0,14.0,43.0,chacara
441393,2022,-2.359.866.514.747.740,-46.689.237.828.017.900,5,kilometer,368.0,"17131,66",29.0,16.0,9.0,10.0,64.0,chacara
441394,2022,-23.599.520.163.562.300,-46.689.904.077.090.400,5,kilometer,376.0,"29817,44",21.0,16.0,26.0,15.0,78.0,chacara
441395,2022,-2.359.930.448.496.340,-4.668.936.586.034.260,5,kilometer,282.0,"19698,68",9.0,4.0,8.0,15.0,36.0,chacara
441406,2022,-23.604.135.931.168.500,-46.683.870.750.462.800,5,kilometer,306.0,"7799,01",11.0,14.0,15.0,15.0,55.0,chacara
441414,2022,-2.360.995.441.535.880,-4.668.110.464.616.660,5,kilometer,501.0,"20663,44",18.0,28.0,21.0,15.0,82.0,chacara
441415,2022,-23.609.192.039.267.000,-4.668.038.614.998.000,5,kilometer,103.0,"10910,34",3.0,6.0,9.0,5.0,23.0,chacara
441416,2022,-23.609.140.707.176.400,-4.668.634.341.670.670,5,kilometer,297.0,"6020,61",13.0,14.0,19.0,17.0,63.0,chacara
441417,2022,-23.610.504.248.957.800,-4.668.712.265.130.820,5,kilometer,340.0,"16653,83",13.0,6.0,9.0,10.0,38.0,chacara
441418,2022,-23.609.128.324.358.200,-4.668.866.817.829.220,5,kilometer,225.0,"6382,94",11.0,8.0,9.0,6.0,34.0,chacara
441419,2022,-23.608.146.235.719.700,-46.688.168.715.617.600,5,kilometer,210.0,"10974,94",9.0,9.0,6.0,6.0,30.0,chacara
441420,2022,-23.606.772.249.193.800,-4.669.112.008.011.260,5,kilometer,174.0,"12291,1",8.0,8.0,7.0,4.0,27.0,chacara
441421,2022,-23.608.227.021.537.000,-4.668.998.951.372.860,5,kilometer,286.0,"15858,17",6.0,12.0,17.0,17.0,52.0,chacara
441422,2022,-2.360.275.684.960.710,-46.695.543.312.909.100,5,kilometer,231.0,"14043,73",6.0,8.0,6.0,5.0,25.0,chacara
441423,2022,-2.360.465.867.769.530,-4.669.596.088.282.230,5,kilometer,267.0,"10527,39",7.0,9.0,5.0,9.0,30.0,chacara
441424,2022,-23.602.690.061.456.900,-46.695.263.963.541.000,5,kilometer,203.0,"21004,05",29.0,10.0,8.0,4.0,51.0,chacara
441425,2022,-23.602.838.356.039.100,-46.694.747.142.360.700,5,kilometer,292.0,"19705,81",33.0,32.0,22.0,9.0,96.0,chacara
441426,2022,-23.602.981.663.967.800,-4.669.422.732.290.080,5,kilometer,225.0,"24095,04",23.0,12.0,13.0,5.0,53.0,chacara
441434,2022,-2.361.292.432.931.050,-466.805.272.021.734,5,kilometer,371.0,"17661,9",11.0,16.0,12.0,6.0,45.0,chacara
441435,2022,-2.361.216.366.875.690,-4.668.127.895.426.530,5,kilometer,356.0,"17964,09",8.0,4.0,,4.0,16.0,chacara
441443,2022,-23.612.919.530.561.600,-4.667.946.852.975.300,5,kilometer,225.0,"13869,23",6.0,,5.0,6.0,17.0,chacara
441444,2022,-2.361.273.391.046.880,-4.667.886.194.492.140,5,kilometer,189.0,"13510,45",7.0,4.0,4.0,6.0,21.0,chacara
441445,2022,-23.610.767.298.554.000,-4.668.153.690.310.400,5,kilometer,343.0,"19553,43",12.0,8.0,14.0,16.0,50.0,chacara
441446,2022,-23.610.646.740.015.200,-4.668.225.521.993.940,5,kilometer,225.0,"12100,51",8.0,6.0,3.0,6.0,23.0,chacara
441447,2022,-2.361.167.438.887.770,-4.668.845.576.437.220,5,kilometer,267.0,"17793,91",8.0,9.0,10.0,10.0,37.0,chacara
441448,2022,-2.361.187.844.387.180,-46.686.447.297.932.200,5,kilometer,332.0,"15492,59",21.0,15.0,11.0,20.0,67.0,chacara
441449,2022,-23.609.575.541.903.900,-4.668.996.870.987.210,5,kilometer,298.0,"7929,26",14.0,4.0,5.0,10.0,33.0,chacara
441450,2022,-23.610.424.721.110.200,-46.688.900.132.379.200,5,kilometer,374.0,"43930,3",15.0,23.0,15.0,8.0,61.0,chacara
441451,2022,-2.361.017.647.788.660,-4.669.083.350.763.050,5,kilometer,248.0,"12524,42",18.0,12.0,9.0,7.0,46.0,chacara
441452,2022,-23.610.717.546.033.400,-46.690.368.565.293.800,5,kilometer,173.0,"22767,22",13.0,11.0,4.0,9.0,37.0,chacara
441453,2022,-2.360.999.894.954.810,-4.669.696.128.674.220,5,kilometer,278.0,"19671,96",15.0,18.0,6.0,12.0,51.0,chacara
441454,2022,-2.361.053.747.958.190,-4.669.539.901.757.260,5,kilometer,196.0,"17675,25",6.0,4.0,,4.0,14.0,chacara
441455,2022,-23.607.172.452.899.600,-4.669.623.404.351.430,5,kilometer,325.0,"26852,01",22.0,23.0,16.0,11.0,72.0,chacara
441456,2022,-23.607.266.868.567.300,-46.695.926.416.179.400,5,kilometer,309.0,"23757,05",26.0,10.0,10.0,8.0,54.0,chacara
441457,2022,-23.605.906.509.733.800,-4.669.393.584.593.230,5,kilometer,339.0,"10418,72",8.0,14.0,8.0,6.0,36.0,chacara
441458,2022,-23.605.577.202.537.600,-46.694.810.250.069.200,5,kilometer,205.0,"10131,64",0.0,7.0,3.0,7.0,17.0,chacara
441464,2022,-23.602.882.540.210.900,-466.854.376.830.095,5,kilometer,313.0,"6879,74",16.0,9.0,10.0,15.0,50.0,chacara
441465,2022,-23.612.113.151.074.000,-4.668.318.415.325.490,5,kilometer,388.0,"20098,44",21.0,28.0,13.0,18.0,80.0,chacara
441466,2022,-236.117.758.001.742,-4.668.347.095.148.250,5,kilometer,234.0,"23325,45",8.0,8.0,16.0,5.0,37.0,chacara
441467,2022,-23.613.467.574.445.700,-466.834.198.925.164,5,kilometer,368.0,"14250,07",14.0,21.0,13.0,15.0,63.0,chacara
441468,2022,-2.361.309.729.982.980,-46.684.319.512.722.300,5,kilometer,382.0,"14928,36",14.0,15.0,22.0,20.0,71.0,chacara
441469,2022,-2.361.404.924.256.530,-4.668.770.933.759.800,5,kilometer,372.0,"29855,3",35.0,25.0,15.0,5.0,80.0,chacara
441470,2022,-23.614.984.465.009.500,-46.686.536.894.475.200,5,kilometer,279.0,"16730,9",29.0,22.0,12.0,8.0,71.0,chacara
441471,2022,-23.613.470.708.288.100,-4.668.582.759.418.080,5,kilometer,352.0,"7582,52",15.0,12.0,9.0,12.0,48.0,chacara
441472,2022,-23.615.718.631.154.100,-4.668.560.972.843.240,5,kilometer,311.0,"17182,53",31.0,30.0,12.0,10.0,83.0,chacara
441473,2022,-2.361.534.718.864.490,-46.686.075.705.898,5,kilometer,209.0,"14684,57",5.0,4.0,4.0,3.0,16.0,chacara
441474,2022,-2.361.544.894.228.550,-4.668.592.735.359.250,5,kilometer,287.0,"15354,46",22.0,11.0,4.0,4.0,41.0,chacara
441475,2022,-23.614.890.320.772.400,-46.684.973.467.742.200,5,kilometer,245.0,"15888,19",14.0,8.0,8.0,5.0,35.0,chacara
441476,2022,-2.361.508.199.398.260,-4.668.474.931.292.070,5,kilometer,249.0,"14660,22",,,5.0,8.0,13.0,chacara
441477,2022,-2.361.443.966.098.150,-4.668.593.861.033.450,5,kilometer,308.0,"15848,34",32.0,23.0,17.0,,72.0,chacara
441478,2022,-23.614.295.191.605.500,-4.668.544.265.794.130,5,kilometer,485.0,"14799,84",39.0,26.0,10.0,11.0,86.0,chacara
441479,2022,-23.612.869.613.950.300,-4.669.003.712.821.680,5,kilometer,211.0,"7241,67",7.0,7.0,6.0,6.0,26.0,chacara
441480,2022,-23.613.492.175.095.000,-46.689.245.935.640.000,5,kilometer,247.0,"7396,81",11.0,6.0,11.0,11.0,39.0,chacara
441481,2022,-2.361.495.848.874.970,-46.688.575.523.824.900,5,kilometer,98.0,"6785,86",4.0,6.0,,5.0,15.0,chacara
441482,2022,-2.361.436.002.342.460,-4.668.854.572.115.720,5,kilometer,312.0,"14876,57",23.0,14.0,5.0,3.0,45.0,chacara
441483,2022,-23.611.545.563.468.300,-46.690.856.548.702.900,5,kilometer,231.0,"12358,34",10.0,13.0,9.0,18.0,50.0,chacara
441484,2022,-23.612.312.669.578.700,-4.669.157.403.085.290,5,kilometer,427.0,"23652,2",32.0,46.0,33.0,21.0,132.0,chacara
441488,2022,-23.615.404.408.825.200,-46.680.965.619.585.300,5,kilometer,219.0,"23755,84",7.0,15.0,27.0,14.0,63.0,chacara
441489,2022,-2.361.559.072.042.280,-4.668.056.567.084.100,5,kilometer,436.0,"26411,77",35.0,38.0,52.0,37.0,162.0,chacara
441490,2022,-23.615.923.188.568.600,-4.668.075.923.701.890,5,kilometer,375.0,"29596,87",34.0,41.0,30.0,23.0,128.0,chacara
441491,2022,-2.361.464.994.918.600,-46.681.937.523.369.800,5,kilometer,344.0,"14559,12",14.0,18.0,6.0,5.0,43.0,chacara
441494,2022,-23.614.004.852.872.900,-46.682.490.625.644.500,5,kilometer,247.0,"10632,6",5.0,3.0,3.0,4.0,15.0,chacara
441495,2022,-23.614.046.488.026.300,-46.683.029.363.008.000,5,kilometer,175.0,"8054,14",8.0,6.0,7.0,5.0,26.0,chacara
441496,2022,-2.361.371.030.630.150,-4.668.193.221.740.400,5,kilometer,309.0,"29471,59",17.0,4.0,,9.0,30.0,chacara
441497,2022,-23.612.962.440.492.800,-46.682.379.982.886.200,5,kilometer,106.0,"12839,5",9.0,4.0,0.0,0.0,13.0,chacara
441498,2022,-23.613.219.916.326.400,-4.668.166.569.944.430,5,kilometer,318.0,"18786,89",10.0,10.0,17.0,14.0,51.0,chacara
441499,2022,-23.613.897.804.781.000,-4.668.105.388.616.110,5,kilometer,260.0,"14483,69",12.0,,6.0,9.0,27.0,chacara
441501,2022,-23.616.068.899.952.500,-4.668.173.984.954.570,5,kilometer,311.0,"8207,39",11.0,10.0,7.0,6.0,34.0,chacara
441502,2022,-2.361.675.396.616.920,-46.681.145.963.798.600,5,kilometer,185.0,"14896,92",10.0,14.0,9.0,9.0,42.0,chacara
441503,2022,-2.361.756.736.495.200,-4.668.257.456.738.410,5,kilometer,431.0,"11078,05",13.0,20.0,29.0,36.0,98.0,chacara
441504,2022,-23.616.896.676.680.600,-4.668.194.719.341.690,5,kilometer,207.0,"15353,56",8.0,9.0,3.0,6.0,26.0,chacara
441505,2022,-2.361.705.543.171.490,-4.668.172.369.141.060,5,kilometer,170.0,"13536,55",5.0,,4.0,,9.0,chacara
441506,2022,-2.361.774.959.289.380,-4.668.522.541.300.420,5,kilometer,107.0,"9197,61",3.0,4.0,4.0,7.0,18.0,chacara
441507,2022,-23.618.666.947.581.300,-46.685.534.132.095.000,5,kilometer,223.0,"12638,81",10.0,7.0,6.0,9.0,32.0,chacara
441508,2022,-23.618.778.630.016.100,-4.668.447.730.736.030,5,kilometer,212.0,"19350,99",8.0,6.0,,7.0,21.0,chacara
441509,2022,-23.619.518.694.332.800,-4.668.343.823.618.850,5,kilometer,470.0,"12641,76",18.0,24.0,31.0,16.0,89.0,chacara
441510,2022,-23.616.589.667.138.700,-4.668.769.778.956.500,5,kilometer,249.0,"9667,93",9.0,18.0,11.0,3.0,41.0,chacara
441511,2022,-23.615.482.188.213.400,-4.669.141.330.981.670,5,kilometer,360.0,"6139,98",15.0,19.0,16.0,30.0,80.0,chacara
441512,2022,-23.613.949.117.747.900,-4.669.080.114.447.200,5,kilometer,221.0,"16667,41",7.0,,0.0,,7.0,chacara
441513,2022,-2.361.376.955.755.330,-4.669.102.580.319.990,5,kilometer,233.0,"16778,18",10.0,6.0,5.0,,21.0,chacara
441519,2022,-2.361.987.546.044.510,-4.668.604.972.679.590,5,kilometer,249.0,"8087,1",10.0,4.0,4.0,9.0,27.0,chacara
441520,2022,-23.621.352.088.915.300,-4.668.479.219.192.470,5,kilometer,185.0,"8588,24",5.0,,6.0,6.0,17.0,chacara
441521,2022,-2.362.049.314.218.760,-46.684.165.017.932.000,5,kilometer,463.0,"20281,98",42.0,28.0,32.0,17.0,119.0,chacara
441522,2022,-23.621.643.970.374.500,-4.668.498.035.393.320,5,kilometer,278.0,"23556,25",10.0,6.0,14.0,9.0,39.0,chacara
441523,2022,-23.616.768.577.211.200,-4.669.064.260.324.160,5,kilometer,364.0,"6347,32",8.0,17.0,15.0,12.0,52.0,chacara
441524,2022,-23.618.286.733.903.000,-4.669.080.082.469.190,5,kilometer,378.0,"7563,42",15.0,10.0,17.0,15.0,57.0,chacara
441525,2022,-23.618.421.246.471.500,-4.669.348.345.934.950,5,kilometer,329.0,"9014,73",10.0,10.0,8.0,8.0,36.0,chacara
441526,2022,-23.619.947.005.349.000,-4.669.128.484.795.370,5,kilometer,328.0,"9055,78",7.0,12.0,16.0,24.0,59.0,chacara
441527,2022,-23.617.526.170.801.400,-46.694.792.261.716.200,5,kilometer,398.0,"14544,77",21.0,10.0,15.0,5.0,51.0,chacara
441528,2022,-23.621.773.280.174.500,-4.669.656.196.122.990,5,kilometer,404.0,"20685,65",40.0,29.0,16.0,19.0,104.0,chacara
441529,2022,-23.620.198.749.017.900,-46.694.993.029.663.100,5,kilometer,238.0,"21322,79",23.0,10.0,10.0,8.0,51.0,chacara
441530,2022,-23.620.923.674.692.800,-46.695.461.372.536.000,5,kilometer,338.0,"33901,64",40.0,48.0,20.0,10.0,118.0,chacara
441531,2022,-23.620.509.884.848.000,-4.669.554.848.418.290,5,kilometer,196.0,"11842,38",6.0,,3.0,8.0,17.0,chacara
441532,2022,-2.362.021.221.893.100,-46.695.439.379.178.300,5,kilometer,233.0,"14072,1",16.0,16.0,,4.0,36.0,chacara
441533,2022,-23.620.280.360.465.500,-46.697.050.917.529.100,5,kilometer,134.0,"17564,58",,4.0,,0.0,4.0,chacara
441534,2022,-23.620.191.322.105.500,-46.697.363.530.025.600,5,kilometer,126.0,"23545,92",,,,,0.0,chacara
441535,2022,-2.361.958.974.184.910,-4.669.859.269.457.110,5,kilometer,615.0,"25051,17",49.0,31.0,48.0,37.0,165.0,chacara
441540,2022,-23.622.010.546.038.900,-46.689.377.689.829.200,5,kilometer,325.0,"7447,39",3.0,10.0,6.0,11.0,30.0,chacara
441541,2022,-23.622.842.182.282.100,-4.669.238.433.362.960,5,kilometer,251.0,"7635,12",10.0,6.0,14.0,12.0,42.0,chacara
441542,2022,-23.622.144.293.264.900,-4.669.460.178.629.010,5,kilometer,325.0,"9141,43",10.0,13.0,10.0,7.0,40.0,chacara
441543,2022,-23.623.451.214.843.400,-4.669.509.229.647.370,5,kilometer,253.0,"16195,12",,,,3.0,3.0,chacara
441553,2022,-2.362.325.993.320.930,-4.668.625.922.087.660,5,kilometer,346.0,"14343,34",8.0,16.0,19.0,16.0,59.0,chacara
441554,2022,-23.623.557.264.812.200,-46.686.067.048.509.000,5,kilometer,466.0,"17389,41",28.0,33.0,20.0,17.0,98.0,chacara
441555,2022,-23.624.243.530.361.300,-466.878.214.164.615,5,kilometer,327.0,"15369,65",26.0,13.0,7.0,4.0,50.0,chacara
441556,2022,-236.248.132.101.087,-46.687.795.384.417.100,5,kilometer,226.0,"11375,33",5.0,5.0,,,10.0,chacara
441557,2022,-2.362.515.379.155.940,-4.668.860.847.281.740,5,kilometer,319.0,"33907,62",5.0,10.0,7.0,6.0,28.0,chacara
441583,2022,-23.606.001.726.382.600,-46.695.996.302.555.600,5,kilometer,235.0,"7375,23",12.0,8.0,7.0,11.0,38.0,chacara
441584,2022,-2.360.727.162.536.810,-4.669.447.031.659.840,5,kilometer,44.0,"8256,57",,0.0,3.0,3.0,6.0,chacara
441585,2022,-23.611.009.309.343.000,-4.669.384.751.402.370,5,kilometer,184.0,"36884,35",14.0,17.0,17.0,10.0,58.0,chacara
441586,2022,-23.611.660.043.336.300,-4.669.280.978.909.240,5,kilometer,325.0,"18470,52",27.0,12.0,8.0,6.0,53.0,chacara
441587,2022,-23.611.277.566.541.800,-46.692.450.642.143.700,5,kilometer,175.0,"17061,22",4.0,6.0,,0.0,10.0,chacara
441588,2022,-23.610.535.218.673.500,-4.669.198.952.553.510,5,kilometer,317.0,"18617,33",23.0,25.0,13.0,20.0,81.0,chacara
441593,2022,-2.361.153.542.713.600,-4.668.296.544.946.810,5,kilometer,318.0,"16714,6",18.0,14.0,15.0,13.0,60.0,chacara
441594,2022,-23.611.928.748.419.400,-4.668.206.953.887.630,5,kilometer,240.0,"15400,1",12.0,13.0,5.0,12.0,42.0,chacara
441603,2022,-23.609.889.820.795.300,-4.669.303.488.570.320,5,kilometer,278.0,"39611,2",13.0,22.0,13.0,18.0,66.0,chacara
441604,2022,-236.089.656.872.192,-46.691.421.572.804.600,5,kilometer,323.0,"11140,61",10.0,16.0,6.0,9.0,41.0,chacara
441610,2022,-23.603.886.498.781.500,-46.694.878.189.422.600,5,kilometer,245.0,"19894,86",9.0,11.0,12.0,6.0,38.0,chacara
441611,2022,-23.604.150.048.832.300,-46.694.982.793.900.300,5,kilometer,212.0,"21910,98",16.0,5.0,4.0,4.0,29.0,chacara
441617,2022,-23.611.099.286.361.600,-4.668.973.269.995.050,5,kilometer,159.0,"21589,36",7.0,13.0,7.0,5.0,32.0,chacara
441621,2022,-23.615.411.241.343.700,-4.668.349.017.247.990,5,kilometer,176.0,"7203,95",6.0,12.0,5.0,8.0,31.0,chacara
441630,2022,-2.361.656.334.355.600,-4.668.500.477.815.960,5,kilometer,272.0,"11946,1",9.0,16.0,,5.0,30.0,chacara
441631,2022,-23.616.552.827.577.400,-46.684.526.942.368.700,5,kilometer,92.0,"9585,75",3.0,9.0,5.0,6.0,23.0,chacara
441632,2022,-23.621.432.919.846.200,-46.687.962.053.927.900,5,kilometer,81.0,"10061,64",0.0,0.0,0.0,0.0,0.0,chacara
441633,2022,-2.362.193.699.457.460,-46.688.499.841.756.700,5,kilometer,257.0,"17398,83",15.0,17.0,13.0,9.0,54.0,chacara
441634,2022,-23.623.925.576.579.400,-46.690.901.433.931,5,kilometer,166.0,"18443,72",28.0,7.0,,4.0,39.0,chacara
441635,2022,-23.623.931.347.690.300,-46.690.082.342.835.900,5,kilometer,383.0,"9331,65",14.0,15.0,6.0,9.0,44.0,chacara
442782,2022,-23.645.711.225.028.900,-4.667.106.258.393.210,5,kilometer,236.0,"24337,66",16.0,21.0,25.0,15.0,77.0,chacara
442783,2022,-23.648.062.579.461.900,-466.700.118.062.912,5,kilometer,479.0,"12918,09",21.0,14.0,13.0,18.0,66.0,chacara
442863,2022,-23.643.374.945.286.000,-4.666.797.239.096.610,5,kilometer,341.0,"11683,01",9.0,11.0,16.0,15.0,51.0,chacara
442893,2022,-2.364.581.778.694.160,-46.670.227.013.338.900,5,kilometer,243.0,"17134,36",15.0,15.0,19.0,7.0,56.0,chacara
442894,2022,-23.645.046.908.554.600,-4.667.053.268.704.980,5,kilometer,344.0,"11163,48",15.0,18.0,21.0,16.0,70.0,chacara
442895,2022,-2.364.494.524.173.380,-46.669.767.921.413.700,5,kilometer,351.0,"13911,11",9.0,13.0,20.0,13.0,55.0,chacara
445314,2022,-2.366.257.490.186.380,-4.673.852.169.181.030,5,kilometer,981.0,"2278,82",47.0,59.0,49.0,69.0,224.0,chacara
445315,2022,-2.366.641.973.416.600,-4.673.848.684.454.280,5,kilometer,918.0,"2376,03",46.0,57.0,51.0,52.0,206.0,chacara
445316,2022,-23.667.634.115.537.600,-4.673.965.218.862.260,5,kilometer,394.0,"2266,71",16.0,19.0,23.0,28.0,86.0,chacara
445317,2022,-23.669.061.993.979.700,-4.673.891.728.375.210,5,kilometer,331.0,"2424,16",17.0,10.0,20.0,26.0,73.0,chacara
445318,2022,-23.666.243.816.029.500,-46.736.617.284.248.600,5,kilometer,613.0,"4038,11",32.0,29.0,33.0,40.0,134.0,chacara
445338,2022,-23.646.094.792.809.500,-4.673.204.463.092.550,5,kilometer,315.0,"2799,62",13.0,20.0,16.0,20.0,69.0,chacara
445339,2022,-2.365.014.784.567.780,-467.341.571.550.071,5,kilometer,263.0,"2099,82",13.0,21.0,17.0,17.0,68.0,chacara
445349,2022,-23.662.619.814.603.500,-4.674.193.133.063.950,5,kilometer,459.0,"2272,73",14.0,37.0,34.0,35.0,120.0,chacara
445350,2022,-2.366.370.544.156.930,-46.741.121.742.309.500,5,kilometer,426.0,"1893,63",16.0,20.0,27.0,20.0,83.0,chacara
445351,2022,-23.662.873.592.696.700,-4.674.042.307.603.710,5,kilometer,447.0,"2706,26",19.0,30.0,32.0,27.0,108.0,chacara
445352,2022,-23.662.140.987.846.500,-46.740.746.266.808.900,5,kilometer,670.0,"2492,51",42.0,41.0,41.0,46.0,170.0,chacara
445353,2022,-23.659.714.794.659.600,-4.674.021.131.279.510,5,kilometer,157.0,"2083,9",5.0,8.0,8.0,13.0,34.0,chacara
445354,2022,-23.664.273.952.844.200,-4.673.634.215.856.890,5,kilometer,824.0,"3468,73",47.0,46.0,47.0,59.0,199.0,chacara
445355,2022,-23.669.186.193.662.100,-4.673.221.953.609.710,5,kilometer,498.0,"4047,51",25.0,25.0,17.0,30.0,97.0,chacara
445356,2022,-2.367.124.997.685.850,-4.673.355.513.244.370,5,kilometer,434.0,"3416,51",16.0,22.0,20.0,19.0,77.0,chacara
445386,2022,-2.365.216.476.110.610,-467.529.094.969.108,5,kilometer,,,,,,,0.0,chacara
445387,2022,-23.660.615.568.722.900,-4.674.749.796.598.850,5,kilometer,285.0,"1929,62",9.0,18.0,24.0,25.0,76.0,chacara
445388,2022,-23.659.451.460.623.500,-4.674.560.789.148.750,5,kilometer,793.0,"1877,84",48.0,52.0,41.0,59.0,200.0,chacara
445389,2022,-23.658.647.570.146.800,-46.742.010.783.871.400,5,kilometer,762.0,"2130,41",48.0,48.0,50.0,50.0,196.0,chacara
445390,2022,-23.659.227.868.474.900,-4.673.614.690.547.310,5,kilometer,491.0,"2646,85",20.0,30.0,30.0,36.0,116.0,chacara
445391,2022,-23.659.629.402.204.100,-46.735.249.441.961.000,5,kilometer,509.0,"2297,59",22.0,28.0,20.0,30.0,100.0,chacara
445392,2022,-23.666.531.970.000.900,-4.673.163.446.117.820,5,kilometer,470.0,"2832,01",20.0,23.0,21.0,33.0,97.0,chacara
445412,2022,-23.654.946.761.522.100,-4.674.839.985.650.180,5,kilometer,436.0,"4095,11",21.0,25.0,31.0,32.0,109.0,chacara
445413,2022,-23.655.905.360.116.200,-4.674.272.857.120.370,5,kilometer,634.0,"4758,47",29.0,33.0,48.0,56.0,166.0,chacara
445414,2022,-2.365.521.921.414.970,-4.674.311.311.064.550,5,kilometer,565.0,"3699,41",35.0,27.0,36.0,40.0,138.0,chacara
445415,2022,-23.656.606.671.889.800,-46.741.213.441.411.000,5,kilometer,414.0,"3100,32",13.0,21.0,14.0,32.0,80.0,chacara
445416,2022,-23.655.247.425.157.200,-4.673.646.083.450.070,5,kilometer,640.0,"2240,11",20.0,23.0,39.0,46.0,128.0,chacara
445417,2022,-23.660.405.793.991.700,-4.673.205.878.708,5,kilometer,968.0,"2137,94",65.0,53.0,61.0,76.0,255.0,chacara
445418,2022,-23.664.464.787.063.500,-4.672.996.345.005.600,5,kilometer,675.0,"4703,2",37.0,50.0,45.0,51.0,183.0,chacara
445430,2022,-23.654.567.118.569.400,-4.674.513.668.870.730,5,kilometer,666.0,"2834,11",23.0,36.0,38.0,45.0,142.0,chacara
445431,2022,-23.653.377.537.218.100,-46.744.004.597.036.000,5,kilometer,660.0,"2216,88",36.0,43.0,47.0,54.0,180.0,chacara
445432,2022,-2.365.433.431.255.330,-46.742.241.110.060.000,5,kilometer,613.0,"3060,26",29.0,39.0,26.0,26.0,120.0,chacara
445433,2022,-23.654.865.803.138.800,-46.739.928.968.364.200,5,kilometer,557.0,"2932,45",17.0,16.0,27.0,28.0,88.0,chacara
445434,2022,-2.365.429.429.465.080,-4.673.904.341.285.480,5,kilometer,563.0,"2834,86",36.0,23.0,29.0,30.0,118.0,chacara
445435,2022,-2.365.360.539.091.430,-4.673.806.747.707.740,5,kilometer,582.0,"2733,9",28.0,36.0,37.0,36.0,137.0,chacara
445436,2022,-23.656.046.872.412.400,-46.734.579.719.917.900,5,kilometer,970.0,"2454,82",46.0,41.0,47.0,53.0,187.0,chacara
445437,2022,-2.365.724.373.601.260,-4.673.393.371.516.690,5,kilometer,645.0,"2479,01",36.0,41.0,44.0,38.0,159.0,chacara
445438,2022,-23.657.935.631.624.600,-4.673.269.138.053.110,5,kilometer,822.0,"2045,14",60.0,46.0,47.0,46.0,199.0,chacara
445439,2022,-2.365.914.330.957.680,-46.731.204.502.413.400,5,kilometer,375.0,"2130,15",19.0,27.0,31.0,38.0,115.0,chacara
445446,2022,-23.651.872.032.664.200,-4.674.945.522.738.540,5,kilometer,633.0,"5536,09",30.0,28.0,36.0,38.0,132.0,chacara
445447,2022,-2.365.154.195.254.730,-4.674.557.647.622.610,5,kilometer,894.0,"6994,29",65.0,61.0,64.0,47.0,237.0,chacara
445448,2022,-23.651.791.364.339.400,-46.744.755.429.233.100,5,kilometer,608.0,"6624,83",32.0,24.0,39.0,45.0,140.0,chacara
445449,2022,-2.365.188.288.642.820,-46.742.259.330.027.900,5,kilometer,673.0,"2906,99",48.0,38.0,41.0,50.0,177.0,chacara
445450,2022,-23.651.983.895.281.500,-467.392.271.898.108,5,kilometer,721.0,"2268,81",41.0,35.0,45.0,54.0,175.0,chacara
445451,2022,-2.365.253.402.422.870,-4.673.635.516.528.620,5,kilometer,756.0,"2631,62",40.0,39.0,54.0,47.0,180.0,chacara
445452,2022,-23.654.175.349.558.600,-46.734.594.265.139.400,5,kilometer,381.0,"2215,28",20.0,19.0,24.0,21.0,84.0,chacara
445453,2022,-23.650.239.252.187.200,-4.675.018.932.790.670,5,kilometer,689.0,"3718,79",26.0,19.0,47.0,42.0,134.0,chacara
445454,2022,-23.649.189.300.430.300,-4.674.521.824.003.340,5,kilometer,716.0,"4052,53",29.0,45.0,42.0,40.0,156.0,chacara
445455,2022,-23.649.547.803.279.400,-4.674.047.295.552.800,5,kilometer,600.0,"2957,37",28.0,20.0,19.0,29.0,96.0,chacara
445456,2022,-23.651.261.269.315.400,-46.737.423.084.322.500,5,kilometer,839.0,"3308,75",46.0,47.0,50.0,65.0,208.0,chacara
445457,2022,-2.365.126.289.492.450,-467.358.697.413.611,5,kilometer,847.0,"2108,38",48.0,53.0,49.0,68.0,218.0,chacara
445458,2022,-2.365.165.307.375.160,-46.734.305.294.129.800,5,kilometer,491.0,"2466,95",16.0,25.0,28.0,33.0,102.0,chacara
445459,2022,-23.654.060.348.703.100,-4.673.265.361.176.710,5,kilometer,699.0,"2101,39",42.0,40.0,41.0,44.0,167.0,chacara
445460,2022,-23.653.007.289.904.600,-46.731.778.410.082.700,5,kilometer,608.0,"2987,06",51.0,41.0,30.0,36.0,158.0,chacara
445461,2022,-23.648.367.046.045.500,-46.751.944.562.945.600,5,kilometer,599.0,"3162,03",15.0,24.0,19.0,21.0,79.0,chacara
445462,2022,-23.647.222.335.727.200,-46.743.948.831.854.600,5,kilometer,858.0,"2669,72",36.0,54.0,45.0,50.0,185.0,chacara
445463,2022,-23.646.249.255.156.500,-46.745.645.090.093.800,5,kilometer,937.0,"5067,65",34.0,46.0,55.0,54.0,189.0,chacara
445464,2022,-23.648.768.750.453.600,-46.742.591.067.029.400,5,kilometer,367.0,"1766,87",21.0,19.0,25.0,28.0,93.0,chacara
445465,2022,-23.646.744.888.376.300,-4.673.720.611.273.630,5,kilometer,374.0,"3999,08",8.0,14.0,23.0,16.0,61.0,chacara
445466,2022,-2.364.992.819.865.420,-4.673.667.236.764.360,5,kilometer,481.0,"4833,29",23.0,32.0,31.0,30.0,116.0,chacara
445467,2022,-23.648.783.955.597.600,-4.673.495.614.018.750,5,kilometer,776.0,"2472,29",42.0,37.0,51.0,49.0,179.0,chacara
445468,2022,-23.648.865.784.134.900,-46.734.039.376.199.500,5,kilometer,725.0,"2294,82",39.0,48.0,40.0,63.0,190.0,chacara
445469,2022,-23.642.796.826.168.600,-46.746.061.737.115.700,5,kilometer,715.0,"4545,64",32.0,41.0,39.0,36.0,148.0,chacara
445470,2022,-23.644.877.861.181.500,-4.674.024.584.028.690,5,kilometer,638.0,"4791,38",19.0,27.0,30.0,38.0,114.0,chacara
445471,2022,-23.648.221.496.169.500,-4.673.583.230.063.250,5,kilometer,379.0,"4670,25",14.0,19.0,20.0,21.0,74.0,chacara
445472,2022,-2.364.701.339.838.780,-4.673.574.637.058.860,5,kilometer,349.0,"1580,45",28.0,28.0,29.0,30.0,115.0,chacara
445479,2022,-2.365.792.678.000.120,-4.673.773.958.233.760,5,kilometer,511.0,"2582,83",27.0,38.0,31.0,33.0,129.0,chacara
445480,2022,-23.658.393.360.386.800,-4.673.921.330.127.200,5,kilometer,733.0,"2148,19",56.0,49.0,71.0,58.0,234.0,chacara
445485,2022,-23.655.349.758.030.100,-467.516.461.715.551,5,kilometer,373.0,"1633,25",24.0,29.0,29.0,27.0,109.0,chacara
445486,2022,-23.658.317.006.614.300,-4.674.332.175.092.490,5,kilometer,824.0,"2022,06",56.0,65.0,63.0,69.0,253.0,chacara
445493,2022,-2.365.684.284.563.330,-467.442.489.430.415,5,kilometer,874.0,"1776,83",54.0,62.0,60.0,66.0,242.0,chacara
445494,2022,-2.365.239.063.628.600,-46.740.535.397.832.300,5,kilometer,608.0,"3897,54",30.0,30.0,40.0,29.0,129.0,chacara
445495,2022,-23.661.467.779.007.300,-4.674.200.846.008.810,5,kilometer,594.0,"1695,13",40.0,39.0,48.0,57.0,184.0,chacara
445501,2022,-2.366.623.116.304.130,-4.672.946.322.784.700,5,kilometer,324.0,"3836,83",18.0,13.0,14.0,20.0,65.0,chacara
445507,2022,-2.365.644.793.496.720,-4.673.698.955.982.200,5,kilometer,558.0,"9943,82",28.0,38.0,50.0,46.0,162.0,chacara
445508,2022,-2.365.533.194.633.090,-4.673.798.362.308.550,5,kilometer,454.0,"2212,27",25.0,31.0,18.0,27.0,101.0,chacara
445510,2022,-23.659.635.750.102.900,-4.673.567.256.879.040,5,kilometer,792.0,"2477,74",35.0,42.0,69.0,79.0,225.0,chacara
445514,2022,-2.365.971.718.950.280,-4.674.124.117.829.640,5,kilometer,384.0,"2123,65",15.0,19.0,29.0,19.0,82.0,chacara
445516,2022,-23.660.551.685.964.300,-46.730.014.554.761.600,5,kilometer,131.0,"2290,27",5.0,6.0,7.0,9.0,27.0,chacara
445525,2022,-23.649.049.575.014.100,-4.673.348.146.847.990,5,kilometer,277.0,"1839,24",25.0,22.0,17.0,24.0,88.0,chacara
445533,2022,-23.653.812.480.382.500,-46.748.537.134.833.100,5,kilometer,147.0,"1739,98",7.0,9.0,9.0,8.0,33.0,chacara
445540,2022,-23.655.323.200.276.300,-4.672.956.146.406.080,5,kilometer,1082.0,"1773,94",103.0,84.0,82.0,95.0,364.0,chacara
445553,2022,-23.666.924.287.535.700,-4.674.042.845.203.840,5,kilometer,549.0,"2011,55",30.0,46.0,32.0,38.0,146.0,chacara
445554,2022,-23.665.200.926.146.100,-4.673.477.501.842.750,5,kilometer,962.0,"2509,54",50.0,54.0,55.0,60.0,219.0,chacara
445573,2022,-23.655.699.415.755.900,-4.674.968.457.119.000,5,kilometer,406.0,"3042,63",27.0,29.0,26.0,30.0,112.0,chacara
445574,2022,-2.365.423.109.293.040,-46.750.878.572.386.700,5,kilometer,889.0,"2091,67",49.0,76.0,75.0,67.0,267.0,chacara
445575,2022,-23.654.232.544.966.000,-46.746.589.402.319.600,5,kilometer,683.0,"3270,84",28.0,41.0,45.0,42.0,156.0,chacara
445576,2022,-23.655.476.657.882.700,-4.674.642.609.875.290,5,kilometer,396.0,"3558,36",13.0,24.0,24.0,27.0,88.0,chacara
445577,2022,-23.656.712.303.449.200,-4.674.619.562.861.750,5,kilometer,455.0,"1799,12",27.0,20.0,29.0,28.0,104.0,chacara
445578,2022,-23.658.218.170.376.500,-46.745.798.921.642.300,5,kilometer,837.0,"1828,56",56.0,62.0,54.0,53.0,225.0,chacara
445579,2022,-2.365.756.418.679.020,-46.745.360.994.989.100,5,kilometer,812.0,"1603,08",41.0,50.0,68.0,67.0,226.0,chacara
445580,2022,-23.656.541.296.783.000,-46.738.880.536.733.800,5,kilometer,438.0,"3109,26",22.0,27.0,31.0,30.0,110.0,chacara
445581,2022,-23.657.956.361.317.100,-4.674.060.717.398.390,5,kilometer,655.0,"2699,67",33.0,42.0,40.0,42.0,157.0,chacara
445582,2022,-236.592.391.824.463,-4.673.430.878.292.840,5,kilometer,490.0,"2125,78",19.0,31.0,28.0,35.0,113.0,chacara
445583,2022,-2.365.884.426.810.260,-46.733.682.362.300.100,5,kilometer,577.0,"1964,21",22.0,33.0,58.0,47.0,160.0,chacara
445595,2022,-2.366.094.193.655.580,-467.305.026.923.942,5,kilometer,385.0,"2053,01",15.0,32.0,25.0,31.0,103.0,chacara
445596,2022,-2.365.944.784.723.630,-4.673.161.268.832.750,5,kilometer,423.0,"2727,1",32.0,27.0,35.0,30.0,124.0,chacara
445601,2022,-2.365.242.579.807.680,-4.674.674.662.299.570,5,kilometer,1037.0,"2248,05",53.0,49.0,78.0,76.0,256.0,chacara
445602,2022,-23.650.313.259.157.900,-4.674.432.971.479.430,5,kilometer,196.0,"2515,08",8.0,5.0,13.0,21.0,47.0,chacara
445603,2022,-23.650.771.882.188.200,-4.674.337.971.767.020,5,kilometer,788.0,"3340,06",56.0,48.0,50.0,60.0,214.0,chacara
445604,2022,-23.654.648.794.583.600,-4.673.374.300.812.170,5,kilometer,412.0,"2266,78",18.0,28.0,18.0,23.0,87.0,chacara
445605,2022,-23.655.854.445.647.000,-4.673.261.911.490.210,5,kilometer,699.0,"2450,65",29.0,43.0,41.0,36.0,149.0,chacara
445606,2022,-23.648.506.373.987.700,-46.744.504.557.459.600,5,kilometer,408.0,"2850,61",22.0,23.0,24.0,19.0,88.0,chacara
445607,2022,-2.364.913.897.317.650,-46.741.971.915.862.200,5,kilometer,505.0,"2467,07",25.0,34.0,31.0,43.0,133.0,chacara
445608,2022,-236.508.188.065.189,-467.404.687.879.964,5,kilometer,639.0,"2301,9",35.0,47.0,28.0,50.0,160.0,chacara
445609,2022,-23.650.617.694.333.800,-46.738.787.144.505.200,5,kilometer,315.0,"2387,2",9.0,19.0,16.0,14.0,58.0,chacara
445610,2022,-2.365.162.246.623.370,-4.673.341.183.760.820,5,kilometer,206.0,"2843,16",12.0,13.0,13.0,6.0,44.0,chacara
445611,2022,-23.653.826.049.380.600,-4.673.202.102.947.620,5,kilometer,600.0,"2350,37",32.0,35.0,35.0,39.0,141.0,chacara
445612,2022,-23.655.392.579.374.200,-4.673.099.907.165.370,5,kilometer,384.0,"2212,27",27.0,28.0,29.0,15.0,99.0,chacara
445613,2022,-236.473.749.191.986,-4.675.577.496.267.460,5,kilometer,382.0,"2280,41",11.0,17.0,27.0,24.0,79.0,chacara
445614,2022,-23.646.504.870.930.300,-467.525.033.247.076,5,kilometer,459.0,"3138,09",15.0,23.0,18.0,23.0,79.0,chacara
445615,2022,-23.644.908.506.242.500,-46.744.683.402.379.300,5,kilometer,250.0,"6631,25",12.0,8.0,7.0,8.0,35.0,chacara
445616,2022,-2.364.625.733.598.810,-4.674.339.598.001.110,5,kilometer,605.0,"3438,99",30.0,31.0,44.0,40.0,145.0,chacara
445617,2022,-23.643.787.574.722.300,-46.741.061.650.057.500,5,kilometer,275.0,"3609,08",12.0,16.0,12.0,19.0,59.0,chacara
445618,2022,-23.644.109.027.889.100,-4.674.239.370.648.720,5,kilometer,304.0,"4273,98",13.0,7.0,12.0,15.0,47.0,chacara
445619,2022,-23.645.677.469.922.200,-46.742.121.330.919.000,5,kilometer,387.0,"2679,62",20.0,15.0,17.0,13.0,65.0,chacara
445620,2022,-23.647.537.286.521.100,-4.674.037.323.979.300,5,kilometer,531.0,"6244,48",39.0,25.0,33.0,35.0,132.0,chacara
445621,2022,-2.364.686.182.818.370,-4.673.935.615.400.870,5,kilometer,272.0,"3615,66",14.0,12.0,11.0,6.0,43.0,chacara
445622,2022,-23.643.149.499.172.300,-4.674.386.104.131.980,5,kilometer,508.0,"2539,97",26.0,26.0,26.0,22.0,100.0,chacara
445623,2022,-23.641.994.658.218.200,-467.427.335.208.779,5,kilometer,160.0,"4026,53",5.0,6.0,3.0,5.0,19.0,chacara
445624,2022,-23.643.932.810.939.700,-4.673.895.122.018.990,5,kilometer,449.0,"5778,38",9.0,16.0,17.0,27.0,69.0,chacara
445625,2022,-2.364.668.346.499.040,-4.673.848.629.844.680,5,kilometer,451.0,"4651,65",21.0,20.0,27.0,27.0,95.0,chacara
445626,2022,-23.648.439.533.462.100,-46.737.859.293.589.000,5,kilometer,554.0,"3104,69",23.0,36.0,22.0,40.0,121.0,chacara
445627,2022,-2.364.939.329.109.760,-467.379.299.511.049,5,kilometer,272.0,"3057,23",9.0,13.0,14.0,15.0,51.0,chacara
445630,2022,-2.366.663.207.946.950,-46.729.043.001.494.500,5,kilometer,342.0,"6456,37",17.0,17.0,14.0,9.0,57.0,chacara
445634,2022,-23.660.167.611.735.400,-4.674.257.748.053.800,5,kilometer,646.0,"2990,4",46.0,44.0,39.0,35.0,164.0,chacara
445635,2022,-23.661.620.137.449.200,-4.674.278.246.236.840,5,kilometer,251.0,"1747,88",16.0,26.0,22.0,31.0,95.0,chacara
445636,2022,-2.366.471.055.464.350,-4.673.228.803.634.350,5,kilometer,228.0,"2001,63",13.0,22.0,19.0,15.0,69.0,chacara
445637,2022,-23.666.003.051.333.800,-4.673.071.574.278.770,5,kilometer,438.0,"2784,48",22.0,23.0,26.0,27.0,98.0,chacara
445638,2022,-23.647.876.677.126.700,-46.746.498.257.323.400,5,kilometer,181.0,"1649,33",14.0,12.0,10.0,10.0,46.0,chacara
445639,2022,-2.365.252.559.522.640,-46.743.072.126.109.500,5,kilometer,393.0,"2087,92",29.0,24.0,18.0,29.0,100.0,chacara
445646,2022,-2.365.910.326.800.340,-4.672.982.147.224.240,5,kilometer,407.0,"1863,29",28.0,34.0,34.0,37.0,133.0,chacara
445647,2022,-23.659.822.802.404.800,-46.729.643.134.528.900,5,kilometer,349.0,"2139,91",27.0,31.0,32.0,32.0,122.0,chacara
445648,2022,-2.366.160.125.614.450,-4.673.128.368.748.630,5,kilometer,216.0,"1488,64",19.0,16.0,15.0,27.0,77.0,chacara
445649,2022,-2.366.170.482.319.950,-46.730.236.383.454.100,5,kilometer,189.0,"2054,67",10.0,17.0,11.0,9.0,47.0,chacara
445654,2022,-23.650.111.246.654.500,-4.674.617.504.891.630,5,kilometer,935.0,"8339,28",82.0,74.0,50.0,52.0,258.0,chacara
445666,2022,-23.670.992.696.831.500,-467.350.821.784.525,5,kilometer,471.0,"17140,25",14.0,26.0,21.0,35.0,96.0,chacara
445673,2022,-23.647.203.708.663.600,-4.675.018.228.937.690,5,kilometer,694.0,"4448,8",26.0,34.0,42.0,42.0,144.0,chacara
445674,2022,-23.645.111.565.046.100,-46.747.928.505.509.200,5,kilometer,228.0,"3482,34",18.0,9.0,13.0,14.0,54.0,chacara
445675,2022,-2.364.722.983.766.980,-467.488.019.055.489,5,kilometer,400.0,"5274,31",29.0,20.0,10.0,14.0,73.0,chacara
445676,2022,-23.646.997.100.346.900,-46.748.105.589.576.700,5,kilometer,942.0,"8902,78",44.0,75.0,56.0,68.0,243.0,chacara
445677,2022,-23.668.488.938.434.200,-4.673.436.613.604.210,5,kilometer,727.0,"3441,74",38.0,52.0,58.0,67.0,215.0,chacara
445678,2022,-23.668.196.882.140.700,-46.733.709.397.173.900,5,kilometer,551.0,"3078,6",36.0,44.0,49.0,39.0,168.0,chacara
445679,2022,-23.670.081.427.916.900,-4.672.900.784.363.300,5,kilometer,482.0,"6960,48",13.0,27.0,24.0,27.0,91.0,chacara
445680,2022,-2.367.016.601.799.140,-4.672.874.401.036.830,5,kilometer,420.0,"10272,47",20.0,19.0,39.0,33.0,111.0,chacara
445681,2022,-23.650.992.048.499.000,-4.674.769.155.633.560,5,kilometer,471.0,"4456,3",42.0,27.0,27.0,27.0,123.0,chacara
445682,2022,-2.365.048.123.680.300,-4.674.708.944.308.950,5,kilometer,309.0,"5092,96",25.0,14.0,7.0,16.0,62.0,chacara
445683,2022,-23.651.702.643.054.000,-4.674.715.124.077.230,5,kilometer,187.0,"5658,6",24.0,9.0,10.0,4.0,47.0,chacara
445684,2022,-23.652.885.056.013.500,-4.675.004.886.096.500,5,kilometer,733.0,"2530,68",46.0,42.0,46.0,45.0,179.0,chacara
445685,2022,-2.365.332.408.806.020,-4.674.860.541.158.660,5,kilometer,340.0,"18916,28",31.0,26.0,17.0,12.0,86.0,chacara
445686,2022,-2.365.348.385.181.800,-467.478.591.637.243,5,kilometer,236.0,"6537,5",9.0,13.0,12.0,13.0,47.0,chacara
445687,2022,-2.365.294.016.008.420,-4.675.193.707.588.300,5,kilometer,341.0,"1325,35",20.0,38.0,24.0,31.0,113.0,chacara
445688,2022,-23.652.628.751.879.400,-4.675.136.664.377.220,5,kilometer,347.0,"1198,23",19.0,24.0,29.0,26.0,98.0,chacara
445689,2022,-23.645.284.188.739.600,-4.673.561.127.344.720,5,kilometer,631.0,"1803,76",42.0,39.0,48.0,56.0,185.0,chacara
445690,2022,-23.646.975.173.339.000,-4.673.623.587.683.320,5,kilometer,682.0,"1601,74",48.0,48.0,46.0,58.0,200.0,chacara
445691,2022,-23.659.422.202.641.500,-4.674.064.395.251.220,5,kilometer,482.0,"1850,11",30.0,25.0,35.0,26.0,116.0,chacara
445692,2022,-2.366.097.053.301.110,-46.741.114.786.962.800,5,kilometer,697.0,"1712,29",50.0,51.0,64.0,56.0,221.0,chacara
445693,2022,-23.661.414.125.247.100,-4.674.072.151.535.950,5,kilometer,568.0,"1650,47",49.0,48.0,48.0,56.0,201.0,chacara
445700,2022,-23.662.525.679.555.600,-46.726.872.217.697.000,5,kilometer,434.0,"1861,21",31.0,33.0,30.0,41.0,135.0,chacara
445701,2022,-23.662.321.771.117.200,-4.672.783.364.596.440,5,kilometer,566.0,"1803,83",42.0,53.0,49.0,42.0,186.0,chacara
445702,2022,-2.366.284.552.390.260,-46.728.166.751.263.300,5,kilometer,542.0,"1961,99",37.0,36.0,43.0,40.0,156.0,chacara
445703,2022,-23.662.840.551.278.200,-46.727.744.169.347.500,5,kilometer,482.0,"2167,26",32.0,39.0,34.0,29.0,134.0,chacara
445704,2022,-23.662.898.059.454.200,-4.672.708.934.795.240,5,kilometer,512.0,"1853,84",37.0,34.0,43.0,34.0,148.0,chacara
445705,2022,-23.656.058.341.417.200,-4.672.938.956.368.840,5,kilometer,168.0,"1494,49",8.0,10.0,11.0,24.0,53.0,chacara
445706,2022,-2.365.562.041.606.470,-4.672.845.631.672.100,5,kilometer,349.0,"1577,77",27.0,30.0,36.0,35.0,128.0,chacara
445712,2022,-23.656.163.449.452.100,-4.675.110.139.760.220,5,kilometer,291.0,"1505,9",18.0,26.0,22.0,22.0,88.0,chacara
445713,2022,-2.365.622.010.793.540,-46.750.414.024.275.700,5,kilometer,369.0,"1874,9",30.0,27.0,21.0,28.0,106.0,chacara
445714,2022,-23.657.137.702.115.100,-4.675.006.182.455.290,5,kilometer,559.0,"1583,17",31.0,41.0,40.0,52.0,164.0,chacara
445715,2022,-2.365.821.106.819.890,-4.674.816.011.912.340,5,kilometer,824.0,"1623,08",63.0,73.0,67.0,61.0,264.0,chacara
445716,2022,-23.658.647.000.345.000,-46.748.407.643.923.500,5,kilometer,716.0,"1678,1",55.0,73.0,57.0,66.0,251.0,chacara
445717,2022,-23.658.985.421.474.400,-4.674.735.788.530.980,5,kilometer,601.0,"1648,63",37.0,42.0,48.0,56.0,183.0,chacara
445718,2022,-23.659.429.381.131.100,-4.674.807.246.931.820,5,kilometer,734.0,"1451,91",55.0,68.0,60.0,55.0,238.0,chacara
445719,2022,-2.365.994.160.393.100,-46.747.362.524.190.400,5,kilometer,344.0,"1710,32",14.0,19.0,20.0,27.0,80.0,chacara
445720,2022,-2.366.238.472.956.500,-4.673.286.093.548.260,5,kilometer,360.0,"2392,07",19.0,20.0,23.0,33.0,95.0,chacara
445721,2022,-236.636.607.495.767,-4.673.232.126.086.980,5,kilometer,429.0,"1601,53",23.0,37.0,30.0,42.0,132.0,chacara
445722,2022,-2.366.348.415.864.630,-4.673.301.583.073.670,5,kilometer,402.0,"1959,69",17.0,22.0,20.0,29.0,88.0,chacara
445723,2022,-23.660.096.211.709.300,-46.739.315.595.534.600,5,kilometer,557.0,"3436,66",31.0,31.0,38.0,45.0,145.0,chacara
445724,2022,-23.660.740.734.669.700,-4.673.696.013.858.090,5,kilometer,421.0,"2522,08",18.0,25.0,27.0,31.0,101.0,chacara
445725,2022,-23.659.442.005.618.500,-4.672.888.409.444.490,5,kilometer,600.0,"1498,49",45.0,55.0,38.0,49.0,187.0,chacara
445729,2022,-23.660.612.987.057.000,-4.673.413.391.442.560,5,kilometer,704.0,"2478,18",49.0,33.0,36.0,47.0,165.0,chacara
445730,2022,-23.661.356.910.431.900,-46.735.011.907.739.200,5,kilometer,268.0,"2302,06",11.0,23.0,20.0,12.0,66.0,chacara
445735,2022,-23.653.905.284.518.800,-46.752.202.664.870.600,5,kilometer,86.0,"1633,4",5.0,5.0,4.0,8.0,22.0,chacara
445740,2022,-23.662.246.119.648.300,-46.731.867.988.849.400,5,kilometer,299.0,"1623,96",16.0,22.0,24.0,26.0,88.0,chacara
445741,2022,-23.645.770.963.413.700,-4.673.403.614.807.460,5,kilometer,619.0,"3256,26",28.0,31.0,31.0,22.0,112.0,chacara
445745,2022,-236.608.603.657.359,-46.729.255.274.228.600,5,kilometer,485.0,"1660,22",37.0,45.0,26.0,43.0,151.0,chacara
445746,2022,-23.660.532.923.691.900,-46.728.769.422.864.800,5,kilometer,225.0,"1652,76",11.0,19.0,23.0,14.0,67.0,chacara
445747,2022,-23.657.386.312.974.000,-46.748.906.257.458.900,5,kilometer,283.0,"1847,19",16.0,22.0,30.0,22.0,90.0,chacara
445748,2022,-2.365.769.090.073.970,-46.748.407.113.993.300,5,kilometer,282.0,"1554,47",26.0,24.0,14.0,29.0,93.0,chacara
445752,2022,-2.365.633.768.647.240,-4.672.813.900.877.050,5,kilometer,367.0,"1622,81",33.0,35.0,29.0,24.0,121.0,chacara
445757,2022,-2.365.838.277.285.230,-46.730.043.954.199.300,5,kilometer,418.0,"1636,62",22.0,28.0,35.0,37.0,122.0,chacara
445761,2022,-23.661.583.489.318.100,-4.673.268.545.662.510,5,kilometer,291.0,"1722,19",21.0,19.0,21.0,17.0,78.0,chacara
445762,2022,-2.366.128.771.155.430,-4.673.186.539.111.150,5,kilometer,465.0,"1381,93",29.0,29.0,48.0,38.0,144.0,chacara
445766,2022,-2.365.751.672.125.580,-46.747.946.344.543.400,5,kilometer,93.0,"1670,95",9.0,6.0,7.0,6.0,28.0,chacara
445767,2022,-2.365.684.269.731.450,-467.479.553.259.143,5,kilometer,739.0,"1990,88",54.0,46.0,53.0,53.0,206.0,chacara
445770,2022,-236.619.299.030.087,-46.739.477.208.935.900,5,kilometer,37.0,"1707,4",54.0,44.0,50.0,67.0,215.0,chacara
445771,2022,-23.660.407.234.000.600,-4.673.810.653.669.820,5,kilometer,,,,,,,0.0,chacara
445772,2022,-23.656.726.309.353.700,-46.727.575.384.036.500,5,kilometer,217.0,"1638,64",28.0,17.0,14.0,19.0,78.0,chacara
445778,2022,-23.662.650.128.001.300,-4.673.585.071.884.250,5,kilometer,193.0,"1754,58",15.0,15.0,17.0,8.0,55.0,chacara
445779,2022,-23.662.951.781.679.800,-4.673.368.658.657.160,5,kilometer,382.0,"1338,94",16.0,15.0,26.0,40.0,97.0,chacara
445780,2022,-23.656.173.987.173.000,-467.305.194.177.224,5,kilometer,212.0,"2087,54",8.0,10.0,10.0,12.0,40.0,chacara
445781,2022,-2.365.546.223.411.310,-4.673.044.877.090.510,5,kilometer,230.0,"1707,62",10.0,15.0,15.0,22.0,62.0,chacara
445782,2022,-23.657.127.024.555.400,-4.673.005.263.062.410,5,kilometer,193.0,"3126,19",16.0,11.0,7.0,12.0,46.0,chacara
445783,2022,-236.585.403.052.936,-46.728.941.417.675.700,5,kilometer,569.0,"1729,02",36.0,42.0,56.0,43.0,177.0,chacara
445786,2022,-23.653.630.384.190.800,-467.301.489.956.709,5,kilometer,35.0,2448,,,3.0,4.0,7.0,chacara
445787,2022,-23.656.619.706.615.600,-4.672.942.448.692.910,5,kilometer,181.0,"1728,95",13.0,19.0,15.0,16.0,63.0,chacara
445795,2022,-23.663.250.054.623.700,-4.673.181.252.032.480,5,kilometer,427.0,"1613,86",38.0,34.0,21.0,31.0,124.0,chacara
445796,2022,-23.662.463.389.751.200,-46.732.370.439.076.400,5,kilometer,291.0,"1876,57",20.0,19.0,27.0,26.0,92.0,chacara
445797,2022,-23.661.983.287.309.100,-467.334.992.517.945,5,kilometer,120.0,"2110,18",7.0,7.0,7.0,,21.0,chacara
445798,2022,-23.661.945.649.494.700,-467.337.034.714.958,5,kilometer,111.0,"1807,14",3.0,4.0,5.0,4.0,16.0,chacara
445799,2022,-23.664.361.191.807.300,-4.673.359.707.979.400,5,kilometer,753.0,"2105,11",51.0,39.0,50.0,50.0,190.0,chacara
445800,2022,-23.664.054.340.333.400,-4.673.301.872.277.410,5,kilometer,72.0,"1795,26",3.0,6.0,,4.0,13.0,chacara
445801,2022,-23.664.817.543.455.100,-4.673.840.244.143.080,5,kilometer,282.0,"2090,3",23.0,13.0,14.0,32.0,82.0,chacara
445802,2022,-23.664.345.719.283.200,-4.673.884.848.863.780,5,kilometer,116.0,"1515,49",3.0,8.0,10.0,15.0,36.0,chacara
445804,2022,-23.651.228.341.330.400,-4.673.109.141.395.140,5,kilometer,402.0,"3037,48",20.0,18.0,20.0,20.0,78.0,chacara
445829,2022,-23.661.110.369.641.400,-4.672.559.464.560.720,5,kilometer,,,,,,,0.0,chacara
445830,2022,-23.663.256.868.408.500,-4.673.075.709.333.880,5,kilometer,42.0,"2517,64",,3.0,6.0,90.0,99.0,chacara
445831,2022,-23.668.249.762.622.000,-4.673.562.997.053.500,5,kilometer,102.0,"4597,33",6.0,3.0,,6.0,15.0,chacara
445834,2022,-23.657.698.924.260.800,-4.673.103.669.745.770,5,kilometer,430.0,"2110,03",39.0,22.0,22.0,30.0,113.0,chacara
445835,2022,-236.489.382.620.383,-4.674.783.568.240.720,5,kilometer,278.0,"3319,45",9.0,18.0,8.0,8.0,43.0,chacara
445836,2022,-23.663.260.815.536.900,-4.674.325.178.243.190,5,kilometer,28.0,"2489,5",,,,6.0,6.0,chacara
445837,2022,-23.644.157.387.649.400,-46.736.812.867.876.800,5,kilometer,601.0,"6117,52",18.0,26.0,27.0,45.0,116.0,chacara
445838,2022,-23.662.988.165.063.500,-4.673.518.868.085.010,5,kilometer,602.0,"1990,7",24.0,38.0,39.0,49.0,150.0,chacara
445839,2022,-23.658.985.488.192.400,-4.672.826.899.177.320,5,kilometer,35.0,"2166,67",3.0,3.0,,,6.0,chacara
445840,2022,-2.366.222.928.347.730,-4.673.536.321.903.170,5,kilometer,619.0,"2160,78",26.0,31.0,46.0,53.0,156.0,chacara
445841,2022,-23.661.941.900.104.000,-46.734.435.989.216.600,5,kilometer,63.0,"3732,15",,,4.0,3.0,7.0,chacara
445842,2022,-23.657.104.391.719.300,-467.286.756.770.384,5,kilometer,379.0,"1430,7",26.0,37.0,23.0,37.0,123.0,chacara
445843,2022,-23.657.220.690.124.700,-4.672.934.676.940.710,5,kilometer,199.0,"2288,43",15.0,18.0,9.0,14.0,56.0,chacara
445847,2022,-23.655.217.750.066.400,-4.672.765.286.851.560,5,kilometer,906.0,"1651,87",79.0,76.0,66.0,87.0,308.0,chacara
447171,2022,-23.592.553.924.298.800,-4.671.312.577.085.090,5,kilometer,264.0,"18605,23",5.0,18.0,12.0,16.0,51.0,chacara
447172,2022,-23.590.190.443.038.900,-46.707.385.452.496.200,5,kilometer,250.0,"22974,36",4.0,3.0,6.0,10.0,23.0,chacara
447173,2022,-2.359.642.534.509.630,-46.711.508.998.997.500,5,kilometer,287.0,"19470,3",6.0,15.0,15.0,12.0,48.0,chacara
447177,2022,-2.359.301.769.495.650,-4.669.874.504.210.950,5,kilometer,198.0,"21515,09",7.0,9.0,11.0,11.0,38.0,chacara
447178,2022,-2.360.517.713.013.160,-4.670.429.313.742.650,5,kilometer,549.0,"18292,34",15.0,29.0,28.0,21.0,93.0,chacara
447179,2022,-23.606.430.863.851.000,-46.706.655.029.003.200,5,kilometer,258.0,"14413,84",12.0,11.0,19.0,22.0,64.0,chacara
447180,2022,-23.607.326.088.469.400,-46.710.208.348.188.100,5,kilometer,366.0,"18308,17",13.0,9.0,24.0,28.0,74.0,chacara
447181,2022,-23.604.977.319.720.600,-4.671.556.668.551.380,5,kilometer,490.0,"15586,94",22.0,20.0,21.0,27.0,90.0,chacara
447182,2022,-23.594.554.559.484.400,-4.671.868.423.812.560,5,kilometer,251.0,"13156,93",4.0,13.0,6.0,20.0,43.0,chacara
447194,2022,-23.606.367.191.189.300,-4.670.430.506.631.610,5,kilometer,162.0,"19420,41",0.0,6.0,8.0,12.0,26.0,chacara
447195,2022,-2.360.885.672.413.140,-467.021.984.167.718,5,kilometer,336.0,"2068,1",18.0,17.0,37.0,24.0,96.0,chacara
447196,2022,-23.610.002.839.116.300,-4.670.262.185.593.590,5,kilometer,630.0,"2170,63",45.0,42.0,32.0,43.0,162.0,chacara
447197,2022,-2.360.948.096.111.770,-4.670.317.535.777.540,5,kilometer,751.0,"1981,12",40.0,56.0,47.0,75.0,218.0,chacara
447198,2022,-2.360.840.800.309.220,-4.670.506.208.437.790,5,kilometer,493.0,"10132,05",11.0,28.0,30.0,18.0,87.0,chacara
447199,2022,-2.360.795.274.871.760,-4.670.744.599.908.220,5,kilometer,372.0,"17318,59",13.0,18.0,14.0,19.0,64.0,chacara
447200,2022,-2.361.081.639.853.830,-46.706.702.204.635.300,5,kilometer,566.0,"19172,98",9.0,21.0,27.0,27.0,84.0,chacara
447201,2022,-23.612.485.922.310.200,-4.670.873.117.181.210,5,kilometer,225.0,22290,6.0,14.0,9.0,13.0,42.0,chacara
447202,2022,-2.360.619.956.378.480,-4.672.108.873.811.450,5,kilometer,45.0,"8745,88",,,0.0,3.0,3.0,chacara
447203,2022,-2.360.180.879.055.260,-4.672.103.799.973.800,5,kilometer,351.0,"16475,01",9.0,20.0,17.0,16.0,62.0,chacara
447209,2022,-2.361.077.788.853.270,-4.670.460.696.279.030,5,kilometer,523.0,"19810,64",9.0,12.0,20.0,20.0,61.0,chacara
447210,2022,-2.361.280.266.899.180,-4.670.425.899.500.370,5,kilometer,194.0,"8357,93",6.0,9.0,5.0,5.0,25.0,chacara
447211,2022,-236.126.691.799.992,-4.670.572.616.488.970,5,kilometer,322.0,"18899,22",10.0,19.0,16.0,17.0,62.0,chacara
447212,2022,-2.361.410.165.225.320,-46.706.613.340.780.400,5,kilometer,480.0,"14296,04",14.0,15.0,22.0,19.0,70.0,chacara
447213,2022,-2.361.580.147.170.430,-4.670.917.875.723.690,5,kilometer,350.0,"15203,65",23.0,16.0,15.0,19.0,73.0,chacara
447214,2022,-23.598.863.341.203.200,-46.699.521.879.837.300,5,kilometer,199.0,"16293,84",5.0,14.0,20.0,14.0,53.0,chacara
447215,2022,-2.360.339.151.171.100,-4.669.917.850.179.480,5,kilometer,1295.0,"1562,58",112.0,152.0,130.0,115.0,509.0,chacara
447216,2022,-23.606.177.545.488.200,-4.670.505.928.988.610,5,kilometer,396.0,"19817,4",10.0,12.0,28.0,18.0,68.0,chacara
447217,2022,-2.360.969.510.923.620,-46.717.345.567.256.500,5,kilometer,132.0,"11789,36",,11.0,9.0,5.0,25.0,chacara
447218,2022,-2.360.909.568.274.330,-4.670.142.062.870.840,5,kilometer,315.0,"1827,43",15.0,21.0,25.0,19.0,80.0,chacara
447219,2022,-23.608.204.446.282.300,-4.670.062.787.984.990,5,kilometer,566.0,"1642,72",32.0,48.0,36.0,41.0,157.0,chacara
447220,2022,-23.609.886.019.699.400,-4.670.538.776.329.720,5,kilometer,528.0,"14943,89",15.0,17.0,21.0,11.0,64.0,chacara
447221,2022,-23.612.247.540.439.300,-467.116.412.339.478,5,kilometer,219.0,"21499,24",4.0,15.0,18.0,6.0,43.0,chacara
447222,2022,-23.594.126.648.814.100,-4.671.055.201.982.850,5,kilometer,268.0,"24957,45",10.0,14.0,17.0,10.0,51.0,chacara
447223,2022,-235.959.870.207.729,-46.709.780.612.770.100,5,kilometer,128.0,"16232,22",4.0,3.0,4.0,10.0,21.0,chacara
447224,2022,-23.606.612.777.537.600,-4.671.486.282.449.470,5,kilometer,233.0,"15865,62",4.0,5.0,14.0,17.0,40.0,chacara
447225,2022,-23.607.792.357.348.900,-4.671.601.862.847.040,5,kilometer,198.0,"19877,17",4.0,8.0,4.0,7.0,23.0,chacara
447226,2022,-2.359.996.781.149.760,-4.671.447.340.958.520,5,kilometer,264.0,"15356,1",6.0,8.0,8.0,20.0,42.0,chacara
447227,2022,-2.360.443.006.212.270,-4.672.365.954.447.870,5,kilometer,353.0,"20538,73",10.0,17.0,17.0,20.0,64.0,chacara
447228,2022,-2.360.675.930.373.820,-46.724.371.615.663.100,5,kilometer,457.0,"7800,14",11.0,19.0,23.0,20.0,73.0,chacara
447229,2022,-23.608.755.207.447.200,-467.248.797.135.484,5,kilometer,441.0,"4610,61",18.0,19.0,30.0,21.0,88.0,chacara
447230,2022,-2.360.956.320.083.390,-4.672.435.988.344.360,5,kilometer,478.0,"6465,4",21.0,17.0,19.0,18.0,75.0,chacara
447231,2022,-236.102.659.848.013,-4.672.532.046.841.570,5,kilometer,392.0,"3984,64",15.0,17.0,24.0,24.0,80.0,chacara
447232,2022,-23.611.231.307.754.800,-4.672.586.064.729.650,5,kilometer,358.0,"3272,78",16.0,24.0,17.0,29.0,86.0,chacara
447233,2022,-2.361.113.730.798.890,-467.242.528.861.729,5,kilometer,228.0,"4817,39",9.0,16.0,16.0,14.0,55.0,chacara
447234,2022,-23.610.621.162.344.000,-46.723.356.862.481.700,5,kilometer,507.0,"1990,61",38.0,43.0,37.0,55.0,173.0,chacara
447235,2022,-23.609.187.498.040.800,-4.672.126.406.123.360,5,kilometer,222.0,"10458,46",8.0,9.0,11.0,17.0,45.0,chacara
447236,2022,-23.610.898.600.790.200,-4.672.119.111.075.740,5,kilometer,182.0,"8044,7",5.0,5.0,,9.0,19.0,chacara
447237,2022,-23.608.778.560.879.100,-46.722.780.448.223.000,5,kilometer,142.0,"7729,68",7.0,7.0,7.0,9.0,30.0,chacara
447238,2022,-2.360.945.312.274.250,-4.672.307.870.442.680,5,kilometer,165.0,"6965,4",12.0,7.0,13.0,8.0,40.0,chacara
447240,2022,-23.592.562.926.850.800,-4.671.849.179.303.360,5,kilometer,193.0,"16508,44",8.0,8.0,10.0,6.0,32.0,chacara
447241,2022,-23.592.650.991.076.500,-4.671.622.697.975.810,5,kilometer,570.0,"17210,36",17.0,22.0,29.0,33.0,101.0,chacara
447242,2022,-23.611.623.352.303.800,-46.714.635.859.808.500,5,kilometer,133.0,"15994,88",3.0,4.0,5.0,9.0,21.0,chacara
447243,2022,-236.088.957.004.101,-4.670.783.672.335.980,5,kilometer,482.0,"17157,55",4.0,55.0,17.0,8.0,84.0,chacara
447244,2022,-23.610.593.567.997.500,-4.671.000.726.278.350,5,kilometer,265.0,"20049,03",3.0,8.0,7.0,14.0,32.0,chacara
447245,2022,-2.361.616.632.344.250,-4.670.271.153.802.450,5,kilometer,171.0,"6458,61",5.0,6.0,7.0,8.0,26.0,chacara
447246,2022,-23.605.924.835.340.100,-4.670.726.721.879.530,5,kilometer,269.0,"26464,02",3.0,9.0,14.0,17.0,43.0,chacara
447247,2022,-2.360.659.357.400.770,-4.670.665.948.081.990,5,kilometer,193.0,"27781,05",3.0,3.0,4.0,17.0,27.0,chacara
447248,2022,-23.606.336.245.875.900,-4.670.329.037.947.600,5,kilometer,417.0,"16978,37",16.0,17.0,34.0,33.0,100.0,chacara
447249,2022,-23.607.246.709.155.200,-4.670.197.321.582.060,5,kilometer,814.0,"2927,66",52.0,73.0,86.0,84.0,295.0,chacara
447250,2022,-2.361.299.596.671.330,-4.670.796.563.842.670,5,kilometer,203.0,15670,3.0,12.0,5.0,5.0,25.0,chacara
447251,2022,-23.611.926.016.872.100,-467.050.571.656.752,5,kilometer,326.0,"11620,31",17.0,15.0,11.0,9.0,52.0,chacara
447252,2022,-2.361.148.982.672.300,-4.670.752.405.282.340,5,kilometer,315.0,"20505,31",9.0,12.0,9.0,14.0,44.0,chacara
447253,2022,-2.360.959.912.105.920,-46.708.615.034.627.300,5,kilometer,513.0,"13448,67",14.0,29.0,26.0,28.0,97.0,chacara
447254,2022,-2.360.918.731.902.060,-4.670.591.475.613.260,5,kilometer,166.0,"12894,24",10.0,3.0,10.0,5.0,28.0,chacara
447256,2022,-23.605.057.793.703.700,-46.701.290.133.734.200,5,kilometer,218.0,"22498,46",13.0,11.0,7.0,3.0,34.0,chacara
447258,2022,-23.598.530.425.026.100,-4.669.889.584.970.580,5,kilometer,266.0,"36209,01",15.0,17.0,18.0,14.0,64.0,chacara
447259,2022,-23.598.306.346.891.200,-4.669.786.160.976.900,5,kilometer,285.0,"39025,42",14.0,19.0,17.0,10.0,60.0,chacara
447260,2022,-23.599.334.230.165.700,-4.669.787.882.467.030,5,kilometer,202.0,"33625,12",5.0,8.0,23.0,19.0,55.0,chacara
447271,2022,-2.359.186.916.486.790,-4.671.011.229.144,5,kilometer,213.0,"23781,71",,,9.0,,9.0,chacara
447279,2022,-23.594.025.436.689.100,-4.670.416.565.139.310,5,kilometer,200.0,"26238,12",8.0,6.0,4.0,11.0,29.0,chacara
447280,2022,-23.596.803.841.257.100,-4.670.631.301.166.300,5,kilometer,186.0,"15804,72",4.0,12.0,9.0,11.0,36.0,chacara
447281,2022,-23.595.263.793.023.500,-46.696.203.926.430.100,5,kilometer,153.0,"24302,81",4.0,4.0,11.0,7.0,26.0,chacara
447282,2022,-23.592.101.131.339.800,-4.670.156.251.203.800,5,kilometer,204.0,"24384,49",,8.0,6.0,11.0,25.0,chacara
447283,2022,-2.359.612.698.133.560,-46.701.992.728.059.300,5,kilometer,174.0,"23186,05",4.0,,7.0,10.0,21.0,chacara
447289,2022,-23.602.885.830.604.300,-46.715.969.005.394.300,5,kilometer,331.0,"18319,26",10.0,20.0,18.0,15.0,63.0,chacara
447290,2022,-23.601.542.243.633.500,-4.671.653.159.763.720,5,kilometer,261.0,"17295,93",7.0,5.0,0.0,7.0,19.0,chacara
447291,2022,-23.601.663.997.274.900,-46.717.742.706.394.200,5,kilometer,329.0,"13274,49",6.0,3.0,,14.0,23.0,chacara
447292,2022,-2.360.799.767.734.700,-4.670.102.885.709.760,5,kilometer,422.0,"2360,76",27.0,33.0,44.0,37.0,141.0,chacara
447293,2022,-23.607.745.167.155.800,-4.670.143.906.828.490,5,kilometer,1005.0,"2098,48",77.0,78.0,91.0,100.0,346.0,chacara
447296,2022,-23.607.662.980.456.100,-46.723.384.911.528.600,5,kilometer,823.0,"1693,96",53.0,70.0,69.0,79.0,271.0,chacara
447297,2022,-23.608.291.812.976.700,-4.672.260.286.847.330,5,kilometer,202.0,"1430,63",10.0,17.0,10.0,4.0,41.0,chacara
447298,2022,-2.360.252.060.728.750,-46.703.803.461.102.300,5,kilometer,357.0,"28390,91",11.0,14.0,22.0,19.0,66.0,chacara
447299,2022,-23.596.851.191.077.600,-467.161.765.477.152,5,kilometer,276.0,"14533,53",4.0,8.0,7.0,9.0,28.0,chacara
447301,2022,-235.910.377.891.918,-4.670.461.074.075.400,5,kilometer,164.0,"23500,09",,6.0,6.0,23.0,35.0,chacara
447303,2022,-23.607.835.977.101.600,-46.702.758.259.886.600,5,kilometer,506.0,"2383,25",36.0,28.0,45.0,60.0,169.0,chacara
447304,2022,-23.607.716.989.800.200,-4.670.343.729.870.550,5,kilometer,422.0,"13009,04",17.0,15.0,26.0,26.0,84.0,chacara
447307,2022,-2.360.665.911.915.650,-4.670.097.630.903.980,5,kilometer,414.0,"13890,78",,5.0,,,5.0,chacara
447308,2022,-23.605.952.921.850.900,-4.670.060.168.876.250,5,kilometer,635.0,"22632,68",14.0,40.0,52.0,41.0,147.0,chacara
447309,2022,-23.602.575.682.106.300,-4.669.963.543.214.540,5,kilometer,529.0,"30590,3",22.0,40.0,51.0,34.0,147.0,chacara
447311,2022,-23.602.964.139.743.900,-4.669.975.298.681,5,kilometer,506.0,"1616,2",34.0,51.0,37.0,44.0,166.0,chacara
447312,2022,-2.360.172.509.850.100,-4.669.959.765.905.620,5,kilometer,,,,,,,0.0,chacara
447313,2022,-23.600.906.728.292.900,-46.699.119.412.147.900,5,kilometer,91.0,"1517,86",8.0,5.0,9.0,11.0,33.0,chacara
447314,2022,-23.601.620.434.144.500,-4.670.680.751.111.770,5,kilometer,266.0,"26389,88",5.0,12.0,8.0,22.0,47.0,chacara
452135,2022,-23.640.303.715.245.200,-4.669.623.669.698.290,5,kilometer,436.0,"16268,17",25.0,32.0,32.0,17.0,106.0,chacara
452136,2022,-23.637.107.471.161.700,-4.669.902.364.609.760,5,kilometer,462.0,"8813,96",11.0,20.0,23.0,24.0,78.0,chacara
452137,2022,-23.636.205.348.209.200,-4.669.688.261.257.340,5,kilometer,571.0,"10410,23",20.0,12.0,17.0,36.0,85.0,chacara
452138,2022,-23.643.430.210.832.500,-46.695.888.372.384.800,5,kilometer,409.0,"9333,49",20.0,18.0,23.0,21.0,82.0,chacara
452139,2022,-23.643.529.638.167.300,-4.670.523.524.401.200,5,kilometer,568.0,9655,28.0,32.0,17.0,19.0,96.0,chacara
452140,2022,-23.637.052.588.995.700,-4.670.408.947.841.660,5,kilometer,518.0,"16863,88",11.0,16.0,20.0,30.0,77.0,chacara
452141,2022,-236.389.938.239.657,-466.888.327.208.973,5,kilometer,384.0,"14819,18",8.0,9.0,19.0,27.0,63.0,chacara
452142,2022,-23.647.008.987.742.700,-4.669.607.629.104.760,5,kilometer,514.0,"16483,87",13.0,26.0,31.0,22.0,92.0,chacara
452143,2022,-23.651.320.552.630.800,-4.669.567.441.206.460,5,kilometer,465.0,"14273,29",12.0,10.0,25.0,23.0,70.0,chacara
452144,2022,-23.653.648.471.824.400,-46.697.689.648.843.100,5,kilometer,497.0,"7330,5",14.0,22.0,29.0,24.0,89.0,chacara
452145,2022,-23.650.861.652.343.600,-4.670.205.008.595.950,5,kilometer,401.0,"10989,84",21.0,12.0,14.0,15.0,62.0,chacara
452146,2022,-23.646.250.610.850.500,-4.671.368.895.579.390,5,kilometer,348.0,"4872,04",13.0,19.0,14.0,18.0,64.0,chacara
452147,2022,-236.442.826.220.346,-4.671.030.752.837.520,5,kilometer,439.0,"12711,33",19.0,16.0,23.0,25.0,83.0,chacara
452148,2022,-23.641.754.497.934.600,-4.671.168.735.604.570,5,kilometer,615.0,"6186,84",25.0,34.0,36.0,24.0,119.0,chacara
452149,2022,-2.363.864.669.891.010,-4.671.192.779.261.080,5,kilometer,590.0,"4942,92",16.0,19.0,25.0,16.0,76.0,chacara
452150,2022,-23.634.216.648.988.200,-4.670.862.355.720.760,5,kilometer,792.0,"23468,64",37.0,53.0,50.0,49.0,189.0,chacara
452151,2022,-23.632.498.375.725.800,-4.670.050.915.289.790,5,kilometer,502.0,"13631,64",20.0,27.0,20.0,21.0,88.0,chacara
452152,2022,-236.314.771.928.309,-46.698.985.649.568.000,5,kilometer,298.0,"3649,84",6.0,14.0,7.0,24.0,51.0,chacara
452153,2022,-23.627.674.064.027.900,-46.694.569.275.571.500,5,kilometer,551.0,"11744,35",23.0,24.0,21.0,15.0,83.0,chacara
452154,2022,-23.627.931.615.447.500,-4.669.239.927.798.620,5,kilometer,240.0,"9255,31",6.0,9.0,6.0,6.0,27.0,chacara
452155,2022,-23.628.111.060.289.000,-46.691.247.885.105.600,5,kilometer,477.0,"8611,48",14.0,10.0,16.0,19.0,59.0,chacara
452156,2022,-2.362.737.798.008.340,-46.690.414.773.289.400,5,kilometer,437.0,"10413,89",5.0,14.0,7.0,18.0,44.0,chacara
452157,2022,-23.632.982.584.585.300,-46.681.940.415.783.800,5,kilometer,404.0,"9822,96",21.0,27.0,29.0,24.0,101.0,chacara
452158,2022,-23.650.055.110.956.700,-4.669.098.394.584.910,5,kilometer,113.0,"18510,55",,3.0,8.0,6.0,17.0,chacara
452159,2022,-236.579.789.941.233,-4.670.515.337.929.320,5,kilometer,487.0,"4182,27",16.0,14.0,25.0,14.0,69.0,chacara
452160,2022,-23.653.726.134.560.600,-4.671.256.697.342.710,5,kilometer,443.0,"4683,18",19.0,15.0,21.0,19.0,74.0,chacara
452161,2022,-23.651.388.205.536.100,-46.711.038.452.896.600,5,kilometer,399.0,"3714,15",12.0,18.0,19.0,23.0,72.0,chacara
452162,2022,-23.641.687.588.088.500,-4.671.572.648.120.000,5,kilometer,409.0,"4011,6",13.0,11.0,14.0,21.0,59.0,chacara
452163,2022,-2.363.321.097.509.030,-4.671.072.329.398.700,5,kilometer,300.0,"5781,47",7.0,11.0,11.0,8.0,37.0,chacara
452164,2022,-2.363.035.613.078.560,-4.670.373.476.350.920,5,kilometer,381.0,"8900,37",17.0,24.0,14.0,19.0,74.0,chacara
452165,2022,-2.362.860.897.843.690,-4.670.315.786.314.340,5,kilometer,447.0,"4900,89",11.0,19.0,13.0,13.0,56.0,chacara
452166,2022,-23.647.074.138.659.100,-46.678.041.079.709.000,5,kilometer,452.0,"19443,38",14.0,11.0,14.0,27.0,66.0,chacara
452167,2022,-2.364.494.598.629.780,-4.667.922.033.663.470,5,kilometer,596.0,"18201,42",25.0,28.0,26.0,35.0,114.0,chacara
452168,2022,-23.649.254.388.178.100,-466.777.412.142.085,5,kilometer,624.0,"13683,77",28.0,24.0,37.0,33.0,122.0,chacara
452169,2022,-2.365.236.264.230.240,-4.668.845.225.177.190,5,kilometer,25.0,"8642,86",,3.0,0.0,3.0,6.0,chacara
452170,2022,-23.658.631.394.887.900,-4.670.731.595.507.520,5,kilometer,459.0,"4379,45",16.0,16.0,15.0,26.0,73.0,chacara
452171,2022,-2.365.726.640.292.100,-46.711.300.700.999.900,5,kilometer,724.0,"8064,41",18.0,33.0,29.0,29.0,109.0,chacara
452172,2022,-23.655.816.900.359.500,-4.671.456.383.093.880,5,kilometer,560.0,"6189,16",24.0,23.0,16.0,15.0,78.0,chacara
452173,2022,-23.645.894.881.560.400,-4.671.896.209.954.900,5,kilometer,511.0,"5150,77",9.0,15.0,20.0,24.0,68.0,chacara
452174,2022,-23.626.412.592.579.300,-46.708.715.173.287.000,5,kilometer,362.0,"5149,9",23.0,7.0,16.0,17.0,63.0,chacara
452175,2022,-23.644.719.175.970.400,-46.697.980.377.810.100,5,kilometer,353.0,"12493,98",11.0,17.0,20.0,24.0,72.0,chacara
452176,2022,-23.646.869.876.067.500,-4.670.137.053.666.700,5,kilometer,512.0,"10630,39",20.0,31.0,41.0,31.0,123.0,chacara
452177,2022,-23.646.577.857.472.500,-4.670.266.949.401.950,5,kilometer,548.0,"17203,39",38.0,44.0,48.0,43.0,173.0,chacara
452178,2022,-23.631.886.122.250.100,-46.705.369.489.199.800,5,kilometer,439.0,"13183,25",16.0,16.0,18.0,15.0,65.0,chacara
452179,2022,-23.655.150.225.065.200,-4.669.374.042.913.850,5,kilometer,546.0,"29968,29",24.0,36.0,41.0,47.0,148.0,chacara
452180,2022,-2.365.571.708.966.060,-466.962.040.756.486,5,kilometer,480.0,"12708,04",19.0,29.0,37.0,29.0,114.0,chacara
452181,2022,-2.363.940.423.760.180,-4.671.495.684.328.860,5,kilometer,536.0,"15141,71",38.0,70.0,49.0,21.0,178.0,chacara
452182,2022,-23.630.755.909.093.100,-46.700.991.441.313.600,5,kilometer,194.0,"8822,92",4.0,5.0,7.0,4.0,20.0,chacara
452183,2022,-2.363.794.447.410.830,-4.668.711.285.112.140,5,kilometer,504.0,"14886,02",15.0,23.0,42.0,28.0,108.0,chacara
452184,2022,-2.364.131.399.310.970,-46.713.437.007.827.500,5,kilometer,463.0,"4962,33",26.0,22.0,28.0,24.0,100.0,chacara
452185,2022,-23.633.897.097.155.000,-4.670.674.742.938.750,5,kilometer,762.0,"28266,39",35.0,79.0,66.0,63.0,243.0,chacara
452186,2022,-23.632.164.596.883.600,-467.019.326.177.542,5,kilometer,431.0,"8549,01",12.0,9.0,8.0,10.0,39.0,chacara
452187,2022,-2.362.928.119.258.720,-4.669.336.370.170.400,5,kilometer,678.0,"15133,14",35.0,42.0,35.0,39.0,151.0,chacara
452188,2022,-23.633.650.210.959.900,-4.671.398.798.350.440,5,kilometer,272.0,"9853,21",5.0,5.0,5.0,,15.0,chacara
452189,2022,-23.634.147.779.629.900,-467.145.691.422.873,5,kilometer,501.0,"39839,35",40.0,54.0,39.0,39.0,172.0,chacara
452190,2022,-2.363.455.534.692.110,-4.671.502.731.794.380,5,kilometer,710.0,"21262,66",44.0,64.0,78.0,40.0,226.0,chacara
452191,2022,-23.641.545.892.551.100,-466.769.854.429.821,5,kilometer,488.0,"10534,53",13.0,19.0,22.0,23.0,77.0,chacara
452192,2022,-23.644.072.021.319.700,-46.674.797.566.508.400,5,kilometer,410.0,"8526,29",12.0,19.0,17.0,19.0,67.0,chacara
452193,2022,-23.643.905.768.640.400,-4.671.356.490.317.970,5,kilometer,640.0,"4361,49",23.0,28.0,24.0,33.0,108.0,chacara
452194,2022,-2.364.085.662.438.730,-4.669.759.712.468.090,5,kilometer,402.0,"11368,74",18.0,23.0,16.0,21.0,78.0,chacara
452195,2022,-2.364.349.248.524.260,-4.669.289.461.879.180,5,kilometer,544.0,"18914,85",23.0,45.0,36.0,37.0,141.0,chacara
452196,2022,-2.365.155.768.746.980,-4.669.822.757.284.620,5,kilometer,418.0,"9219,09",11.0,15.0,8.0,20.0,54.0,chacara
452197,2022,-23.651.421.340.348.700,-46.701.118.504.049.400,5,kilometer,473.0,"3734,37",13.0,21.0,36.0,30.0,100.0,chacara
452198,2022,-2.364.016.735.595.290,-46.714.511.020.394.000,5,kilometer,541.0,"19016,1",42.0,50.0,46.0,35.0,173.0,chacara
452199,2022,-23.655.279.707.764.400,-46.696.627.965.247.000,5,kilometer,451.0,"15819,34",20.0,29.0,30.0,33.0,112.0,chacara
452200,2022,-23.650.817.543.157.200,-4.669.287.330.734.380,5,kilometer,400.0,"26006,1",15.0,31.0,38.0,25.0,109.0,chacara
452201,2022,-2.362.728.205.825.550,-4.669.653.294.770.310,5,kilometer,420.0,"14946,78",19.0,23.0,18.0,31.0,91.0,chacara
452202,2022,-23.632.109.479.664.700,-46.703.289.801.449.500,5,kilometer,306.0,"7501,09",8.0,5.0,15.0,11.0,39.0,chacara
452203,2022,-2.364.015.092.258.800,-46.712.120.527.322.700,5,kilometer,183.0,"12541,54",6.0,16.0,10.0,6.0,38.0,chacara
452204,2022,-23.626.076.027.904.400,-46.706.706.327.276.800,5,kilometer,630.0,"22089,24",50.0,64.0,44.0,27.0,185.0,chacara
452205,2022,-23.635.503.808.688.600,-46.715.744.926.650.000,5,kilometer,562.0,"21530,96",40.0,58.0,35.0,26.0,159.0,chacara
452206,2022,-23.627.907.105.397.500,-46.708.767.549.548,5,kilometer,680.0,"14707,05",52.0,56.0,50.0,33.0,191.0,chacara
452207,2022,-23.644.282.623.611.300,-46.701.036.548.347.600,5,kilometer,260.0,"6480,8",18.0,14.0,9.0,4.0,45.0,chacara
452208,2022,-23.645.465.733.793.200,-4.670.012.392.941.750,5,kilometer,493.0,"14084,46",12.0,28.0,24.0,20.0,84.0,chacara
452209,2022,-236.411.677.686.451,-46.702.483.173.138.800,5,kilometer,350.0,"11857,5",11.0,19.0,19.0,28.0,77.0,chacara
452210,2022,-23.643.038.638.421.100,-4.670.183.050.907.660,5,kilometer,271.0,"11480,74",8.0,11.0,15.0,11.0,45.0,chacara
452211,2022,-23.638.242.608.237.000,-4.670.164.923.597.690,5,kilometer,294.0,"17051,99",11.0,13.0,12.0,20.0,56.0,chacara
452212,2022,-23.638.567.364.729.500,-46.699.117.775.699.100,5,kilometer,370.0,"15941,42",19.0,8.0,13.0,21.0,61.0,chacara
452213,2022,-23.636.407.686.365.400,-46.690.696.727.028.900,5,kilometer,393.0,"11806,53",14.0,11.0,21.0,25.0,71.0,chacara
452214,2022,-23.639.563.355.709.100,-4.669.399.918.044.110,5,kilometer,377.0,"9489,43",12.0,21.0,20.0,23.0,76.0,chacara
452216,2022,-236.482.725.116.516,-4.669.886.285.564.450,5,kilometer,393.0,"15366,5",22.0,24.0,30.0,19.0,95.0,chacara
452217,2022,-23.650.051.100.310.000,-46.699.550.774.341.000,5,kilometer,246.0,"10303,59",6.0,12.0,15.0,10.0,43.0,chacara
452218,2022,-2.364.604.611.194.360,-4.670.217.837.577.290,5,kilometer,488.0,"11073,75",27.0,26.0,14.0,9.0,76.0,chacara
452219,2022,-2.364.649.304.894.820,-46.701.290.330.297.500,5,kilometer,326.0,"11812,39",13.0,12.0,11.0,9.0,45.0,chacara
452220,2022,-2.364.741.318.385.050,-4.670.134.698.717.290,5,kilometer,275.0,"14847,12",15.0,9.0,4.0,17.0,45.0,chacara
452221,2022,-23.646.722.448.085.600,-46.704.353.300.171.200,5,kilometer,322.0,"8739,13",,9.0,,9.0,18.0,chacara
452222,2022,-2.364.680.970.541.420,-4.670.373.538.245.970,5,kilometer,509.0,"10745,25",27.0,6.0,8.0,6.0,47.0,chacara
452223,2022,-23.648.414.552.503.500,-4.670.504.864.480.450,5,kilometer,586.0,"11267,28",46.0,42.0,40.0,35.0,163.0,chacara
452225,2022,-23.633.355.204.520.300,-46.698.148.554.275.200,5,kilometer,245.0,"6928,72",7.0,4.0,8.0,9.0,28.0,chacara
452226,2022,-23.635.091.632.590.100,-46.698.895.113.201.700,5,kilometer,305.0,"7804,83",10.0,12.0,16.0,25.0,63.0,chacara
452227,2022,-23.631.244.365.376.000,-4.668.866.816.293.260,5,kilometer,258.0,"13147,19",8.0,12.0,3.0,4.0,27.0,chacara
452228,2022,-2.363.356.037.036.580,-4.668.943.555.022.150,5,kilometer,326.0,"9258,53",13.0,14.0,13.0,12.0,52.0,chacara
452229,2022,-2.363.275.104.879.320,-46.691.282.418.111.800,5,kilometer,299.0,"13156,04",8.0,16.0,10.0,,34.0,chacara
452230,2022,-2.363.161.373.410.650,-4.668.578.052.379.590,5,kilometer,581.0,"11366,54",22.0,19.0,26.0,35.0,102.0,chacara
452231,2022,-2.363.813.085.874.370,-46.708.817.281.730.300,5,kilometer,174.0,"9041,69",5.0,6.0,11.0,11.0,33.0,chacara
452233,2022,-2.364.171.630.000.850,-46.704.239.992.435.300,5,kilometer,345.0,"12302,24",15.0,18.0,15.0,15.0,63.0,chacara
452234,2022,-2.364.571.748.461.340,-46.706.335.366.689,5,kilometer,133.0,"7109,67",5.0,6.0,,4.0,15.0,chacara
452235,2022,-23.645.916.367.667.400,-4.669.238.937.248.230,5,kilometer,404.0,"10636,42",21.0,25.0,14.0,17.0,77.0,chacara
452237,2022,-23.649.131.030.316.900,-46.695.461.377.073.700,5,kilometer,341.0,"16397,79",7.0,9.0,17.0,16.0,49.0,chacara
452239,2022,-23.654.118.704.185.600,-4.670.061.209.971.550,5,kilometer,470.0,"6948,65",12.0,15.0,27.0,17.0,71.0,chacara
452240,2022,-23.652.066.770.971.200,-46.703.844.595.185.500,5,kilometer,328.0,"6150,21",11.0,12.0,10.0,16.0,49.0,chacara
452241,2022,-23.654.406.119.087.400,-4.670.536.715.987.800,5,kilometer,43.0,"6906,59",,,3.0,,3.0,chacara
452242,2022,-236.490.772.428.669,-4.670.849.395.220.770,5,kilometer,167.0,"4659,44",9.0,6.0,9.0,10.0,34.0,chacara
452243,2022,-23.651.658.345.918.800,-4.670.691.160.250.630,5,kilometer,149.0,"5787,9",6.0,5.0,11.0,10.0,32.0,chacara
452245,2022,-2.364.814.677.356.330,-4.671.048.504.997.840,5,kilometer,826.0,"4137,98",31.0,30.0,30.0,42.0,133.0,chacara
452246,2022,-23.640.088.894.809.400,-4.671.337.411.177.790,5,kilometer,327.0,"7426,96",7.0,12.0,9.0,15.0,43.0,chacara
452247,2022,-23.635.668.556.131.400,-4.671.079.751.094.520,5,kilometer,449.0,"11564,02",23.0,12.0,16.0,12.0,63.0,chacara
452248,2022,-23.637.240.773.693.100,-4.671.063.257.392.690,5,kilometer,349.0,"5759,24",10.0,9.0,16.0,17.0,52.0,chacara
452249,2022,-23.635.412.309.539.700,-467.073.691.266.818,5,kilometer,291.0,"16641,35",9.0,11.0,19.0,12.0,51.0,chacara
452250,2022,-23.631.995.209.848.600,-4.670.432.848.342.360,5,kilometer,429.0,"11101,04",10.0,10.0,15.0,20.0,55.0,chacara
452251,2022,-23.633.130.700.148.600,-46.704.372.252.292.700,5,kilometer,195.0,"10382,45",11.0,3.0,6.0,5.0,25.0,chacara
452252,2022,-23.628.837.732.820.100,-4.669.897.556.022.150,5,kilometer,289.0,"5698,64",10.0,13.0,12.0,12.0,47.0,chacara
452253,2022,-23.630.135.938.576.800,-46.700.272.591.589.200,5,kilometer,303.0,"7355,98",7.0,14.0,11.0,21.0,53.0,chacara
452254,2022,-2.362.683.099.643.640,-4.669.792.415.409.180,5,kilometer,232.0,"15102,44",10.0,7.0,6.0,3.0,26.0,chacara
452255,2022,-23.626.078.060.135.000,-4.669.687.724.327.540,5,kilometer,302.0,"25831,01",19.0,37.0,17.0,16.0,89.0,chacara
452256,2022,-23.626.569.193.176.900,-46.697.169.289.097.200,5,kilometer,642.0,"20657,49",68.0,59.0,56.0,37.0,220.0,chacara
452257,2022,-23.629.659.244.047.400,-4.669.533.804.278.080,5,kilometer,286.0,"33056,51",8.0,12.0,9.0,9.0,38.0,chacara
452259,2022,-2.362.977.655.052.300,-46.692.091.397.280.700,5,kilometer,293.0,"7458,33",6.0,8.0,8.0,6.0,28.0,chacara
452260,2022,-2.363.036.959.484.040,-466.910.312.542.666,5,kilometer,280.0,"7556,6",7.0,7.0,0.0,8.0,22.0,chacara
452262,2022,-23.628.955.346.057.800,-46.687.866.545.590.900,5,kilometer,249.0,"11197,35",3.0,4.0,,4.0,11.0,chacara
452263,2022,-23.635.348.033.602.800,-4.668.332.470.771.810,5,kilometer,530.0,"21167,96",19.0,36.0,35.0,41.0,131.0,chacara
452264,2022,-23.637.762.914.052.800,-46.679.280.507.386.800,5,kilometer,470.0,"22132,56",20.0,40.0,28.0,24.0,112.0,chacara
452265,2022,-23.652.883.077.411.900,-4.669.064.853.619.330,5,kilometer,627.0,"15651,63",23.0,31.0,24.0,39.0,117.0,chacara
452266,2022,-2.365.402.772.520.210,-4.669.261.487.958.020,5,kilometer,367.0,"33083,83",18.0,30.0,32.0,46.0,126.0,chacara
452267,2022,-23.654.587.223.963.700,-4.669.814.219.065.320,5,kilometer,228.0,6230,6.0,10.0,9.0,6.0,31.0,chacara
452268,2022,-23.653.947.666.562.200,-46.694.964.036.191.000,5,kilometer,135.0,"20671,45",8.0,10.0,10.0,6.0,34.0,chacara
452269,2022,-2.365.677.104.725.610,-4.669.626.305.949.150,5,kilometer,290.0,"7901,64",18.0,12.0,19.0,17.0,66.0,chacara
452270,2022,-2.365.564.775.755.230,-4.670.733.990.901.220,5,kilometer,396.0,"6439,33",12.0,19.0,11.0,14.0,56.0,chacara
452271,2022,-23.656.938.898.824.600,-4.670.828.757.485.480,5,kilometer,519.0,"5461,32",20.0,23.0,19.0,23.0,85.0,chacara
452272,2022,-2.363.180.985.132.690,-467.155.407.426.761,5,kilometer,71.0,"6242,92",3.0,4.0,4.0,5.0,16.0,chacara
452273,2022,-23.633.219.014.296.000,-46.715.464.634.178.500,5,kilometer,275.0,"10537,7",5.0,4.0,4.0,4.0,17.0,chacara
452274,2022,-23.633.369.513.507.900,-4.671.609.073.720.160,5,kilometer,264.0,"10577,09",5.0,,,3.0,8.0,chacara
452275,2022,-23.633.682.191.321.300,-46.713.515.508.856.000,5,kilometer,205.0,"9749,46",,,0.0,,0.0,chacara
452276,2022,-2.363.402.207.722.400,-46.713.848.854.923.200,5,kilometer,245.0,"7762,01",0.0,5.0,7.0,7.0,19.0,chacara
452277,2022,-23.637.259.826.312.300,-46.714.152.852.350.200,5,kilometer,378.0,"4565,12",18.0,9.0,5.0,16.0,48.0,chacara
452278,2022,-23.639.793.724.066.400,-4.671.858.482.712.360,5,kilometer,437.0,"15330,54",47.0,30.0,17.0,8.0,102.0,chacara
452279,2022,-23.638.206.445.822.100,-4.671.897.839.720.760,5,kilometer,644.0,"16838,46",64.0,82.0,31.0,15.0,192.0,chacara
452280,2022,-2.363.681.177.012.410,-4.671.431.097.072.860,5,kilometer,279.0,"15919,4",13.0,17.0,,12.0,42.0,chacara
452281,2022,-2.362.934.720.753.760,-46.710.674.804.308.700,5,kilometer,,,,,,,0.0,chacara
452282,2022,-2.363.169.268.837.650,-467.126.811.757.867,5,kilometer,101.0,"7581,52",6.0,,,,6.0,chacara
452283,2022,-23.624.397.398.318.800,-46.703.811.297.738.400,5,kilometer,,,,,,,0.0,chacara
452284,2022,-23.624.928.705.256.000,-4.669.756.438.367.230,5,kilometer,42.0,"5805,32",0.0,0.0,0.0,,0.0,chacara
452285,2022,-2.362.750.672.897.720,-467.013.313.838.268,5,kilometer,77.0,"3665,69",3.0,,3.0,3.0,9.0,chacara
452286,2022,-2.362.581.408.219.860,-4.669.946.306.371.920,5,kilometer,332.0,"6767,58",6.0,5.0,10.0,10.0,31.0,chacara
452287,2022,-23.626.019.352.596.100,-4.670.120.159.415.630,5,kilometer,337.0,"13858,78",15.0,3.0,3.0,7.0,28.0,chacara
452288,2022,-23.644.062.096.228.800,-4.668.327.453.848.470,5,kilometer,281.0,"17541,02",5.0,8.0,18.0,27.0,58.0,chacara
452289,2022,-2.364.902.957.817.200,-4.668.454.609.001.630,5,kilometer,307.0,"21378,14",13.0,19.0,15.0,15.0,62.0,chacara
452290,2022,-23.660.637.373.984.900,-46.707.273.063.762.000,5,kilometer,426.0,"11830,24",29.0,16.0,19.0,16.0,80.0,chacara
452291,2022,-23.660.752.004.378.700,-4.670.676.452.051.770,5,kilometer,437.0,11858,40.0,16.0,22.0,10.0,88.0,chacara
452292,2022,-236.568.085.320.822,-46.717.137.003.819.100,5,kilometer,515.0,"5707,56",19.0,15.0,17.0,20.0,71.0,chacara
452294,2022,-23.651.049.591.334.400,-4.671.740.035.548.660,5,kilometer,375.0,"5545,47",7.0,14.0,7.0,12.0,40.0,chacara
452295,2022,-23.651.278.050.952.800,-4.671.861.242.148.280,5,kilometer,554.0,"14652,39",38.0,54.0,36.0,31.0,159.0,chacara
452296,2022,-23.652.126.181.150.600,-4.671.808.911.720.920,5,kilometer,628.0,"14438,28",74.0,44.0,43.0,20.0,181.0,chacara
452297,2022,-23.651.720.617.128,-4.671.932.792.476.340,5,kilometer,518.0,"17517,23",64.0,39.0,18.0,17.0,138.0,chacara
452298,2022,-23.652.566.670.693.700,-4.671.882.231.060.340,5,kilometer,671.0,"19598,58",79.0,52.0,45.0,28.0,204.0,chacara
452299,2022,-23.652.068.267.625.700,-4.672.009.024.573.140,5,kilometer,552.0,"12812,76",41.0,22.0,14.0,16.0,93.0,chacara
452301,2022,-23.646.862.657.892.400,-46.720.440.526.178.300,5,kilometer,572.0,"5489,06",21.0,14.0,11.0,17.0,63.0,chacara
452303,2022,-23.648.932.452.828.400,-46.721.224.247.141.900,5,kilometer,507.0,"13811,73",36.0,30.0,18.0,12.0,96.0,chacara
452304,2022,-23.641.013.954.618.700,-4.672.118.700.471.200,5,kilometer,167.0,"3973,29",4.0,6.0,8.0,10.0,28.0,chacara
452306,2022,-23.643.592.567.577.200,-4.671.690.808.636.340,5,kilometer,267.0,"4254,91",11.0,11.0,12.0,13.0,47.0,chacara
452307,2022,-23.641.944.619.891.000,-4.672.045.119.718.750,5,kilometer,705.0,"15649,11",64.0,53.0,32.0,25.0,174.0,chacara
452308,2022,-23.632.596.045.975.900,-46.714.570.684.099.700,5,kilometer,157.0,"4718,27",6.0,9.0,5.0,6.0,26.0,chacara
452309,2022,-23.633.020.684.123.100,-4.671.406.039.124.350,5,kilometer,508.0,"7286,32",17.0,18.0,20.0,21.0,76.0,chacara
452310,2022,-23.648.789.558.138.600,-46.702.656.337.109.400,5,kilometer,501.0,"12735,55",29.0,29.0,33.0,15.0,106.0,chacara
452311,2022,-23.653.338.229.095.200,-46.695.570.187.129.800,5,kilometer,397.0,"7272,03",15.0,15.0,11.0,13.0,54.0,chacara
452313,2022,-23.656.678.575.856.600,-4.671.337.658.895.340,5,kilometer,478.0,"6984,69",16.0,16.0,18.0,19.0,69.0,chacara
452315,2022,-2.363.898.909.806.130,-46.683.295.233.554,5,kilometer,403.0,"15626,16",16.0,15.0,23.0,17.0,71.0,chacara
452316,2022,-23.642.586.592.723.500,-4.668.724.921.096.690,5,kilometer,400.0,"12923,76",10.0,20.0,27.0,30.0,87.0,chacara
452317,2022,-23.626.621.482.651.500,-4.669.323.873.370.980,5,kilometer,267.0,"15353,26",7.0,3.0,3.0,8.0,21.0,chacara
452318,2022,-23.656.313.993.254.900,-4.669.777.048.231.680,5,kilometer,455.0,"14724,11",17.0,25.0,37.0,35.0,114.0,chacara
452319,2022,-23.655.148.234.851.500,-46.698.579.031.707.200,5,kilometer,236.0,"12655,83",8.0,14.0,16.0,14.0,52.0,chacara
452320,2022,-2.365.459.370.310.300,-466.948.102.557.218,5,kilometer,428.0,"21291,91",18.0,34.0,37.0,27.0,116.0,chacara
452321,2022,-23.634.920.503.392.400,-4.669.361.698.518.240,5,kilometer,448.0,"10908,49",9.0,11.0,13.0,14.0,47.0,chacara
452322,2022,-2.363.592.395.725.350,-4.669.350.289.804.330,5,kilometer,223.0,"13793,02",6.0,8.0,6.0,11.0,31.0,chacara
452323,2022,-2.363.069.995.182.700,-46.697.184.373.108.900,5,kilometer,285.0,"11893,29",9.0,,6.0,9.0,24.0,chacara
452324,2022,-23.632.024.898.881.800,-4.669.516.315.469.620,5,kilometer,505.0,"22390,84",53.0,26.0,16.0,17.0,112.0,chacara
452325,2022,-2.363.302.075.262.890,-46.693.970.055.506.000,5,kilometer,229.0,"7693,36",10.0,11.0,8.0,6.0,35.0,chacara
452326,2022,-23.647.024.119.195.600,-46.706.656.513.773.100,5,kilometer,345.0,"5709,45",11.0,14.0,13.0,8.0,46.0,chacara
452327,2022,-23.648.292.303.320.300,-4.670.648.316.831.280,5,kilometer,302.0,"9465,07",9.0,13.0,15.0,14.0,51.0,chacara
452328,2022,-23.627.642.944.115.400,-46.705.736.500.059.300,5,kilometer,104.0,"3959,66",4.0,,4.0,7.0,15.0,chacara
452329,2022,-2.362.839.548.814.230,-46.706.226.630.794.100,5,kilometer,405.0,"9923,55",7.0,15.0,11.0,7.0,40.0,chacara
452331,2022,-2.364.338.421.908.410,-46.722.995.287.900.400,5,kilometer,316.0,"4994,38",12.0,13.0,13.0,16.0,54.0,chacara
452332,2022,-2.364.811.304.563.010,-4.672.372.597.887.910,5,kilometer,189.0,"8422,58",6.0,12.0,7.0,3.0,28.0,chacara
452333,2022,-2.364.397.902.781.050,-4.672.152.744.850.920,5,kilometer,422.0,"20486,6",42.0,20.0,17.0,11.0,90.0,chacara
452334,2022,-23.640.519.022.388.700,-4.669.954.674.936.310,5,kilometer,362.0,"13204,28",19.0,13.0,14.0,19.0,65.0,chacara
452335,2022,-23.640.568.178.901.800,-4.670.073.268.417.880,5,kilometer,253.0,"13581,52",9.0,6.0,9.0,10.0,34.0,chacara
452336,2022,-23.633.955.809.930.200,-46.702.447.888.037.600,5,kilometer,352.0,"9887,25",10.0,6.0,12.0,17.0,45.0,chacara
452337,2022,-23.634.274.147.748.400,-4.670.063.841.897.320,5,kilometer,343.0,"14445,25",17.0,21.0,22.0,27.0,87.0,chacara
452338,2022,-2.366.107.980.978.420,-467.062.525.473.438,5,kilometer,451.0,"9593,5",20.0,18.0,16.0,10.0,64.0,chacara
452339,2022,-2.366.143.898.155.130,-4.670.919.799.845.560,5,kilometer,502.0,"5878,17",11.0,25.0,25.0,29.0,90.0,chacara
452340,2022,-23.629.658.046.767.400,-46.706.618.991.239.500,5,kilometer,286.0,"9739,2",10.0,9.0,8.0,6.0,33.0,chacara
452341,2022,-23.631.779.247.477.700,-46.706.392.228.997.300,5,kilometer,359.0,"13220,27",19.0,14.0,14.0,10.0,57.0,chacara
452342,2022,-2.362.684.588.823.180,-4.669.338.757.639.080,5,kilometer,279.0,"16048,62",28.0,19.0,9.0,8.0,64.0,chacara
452343,2022,-23.625.713.408.955.400,-46.694.314.264.260.800,5,kilometer,284.0,"11476,97",15.0,10.0,11.0,3.0,39.0,chacara
452344,2022,-2.363.340.109.335.820,-4.670.896.732.187.000,5,kilometer,213.0,"7901,15",5.0,13.0,11.0,3.0,32.0,chacara
452345,2022,-23.634.160.853.144.300,-4.670.925.978.656.000,5,kilometer,325.0,"21926,67",28.0,29.0,18.0,10.0,85.0,chacara
452346,2022,-23.630.858.792.503.000,-46.694.416.550.524.300,5,kilometer,237.0,"8357,19",,6.0,6.0,7.0,19.0,chacara
452347,2022,-23.631.795.855.593.400,-4.669.285.130.632.640,5,kilometer,306.0,"7906,35",6.0,7.0,5.0,19.0,37.0,chacara
452348,2022,-2.363.373.477.565.200,-46.695.454.230.051.000,5,kilometer,403.0,"12633,45",15.0,9.0,9.0,7.0,40.0,chacara
452349,2022,-23.634.233.295.543.300,-466.946.349.637.944,5,kilometer,98.0,"6285,58",,3.0,,5.0,8.0,chacara
452350,2022,-2.363.279.276.583.130,-4.669.644.728.395.770,5,kilometer,159.0,"4818,07",,6.0,3.0,8.0,17.0,chacara
452351,2022,-23.634.793.827.312.500,-4.669.621.055.731.590,5,kilometer,205.0,"10184,08",3.0,8.0,5.0,3.0,19.0,chacara
452352,2022,-23.659.873.596.511.400,-4.670.362.447.462.310,5,kilometer,172.0,"5705,81",3.0,10.0,15.0,5.0,33.0,chacara
452353,2022,-23.657.348.625.865.900,-46.701.945.977.117.300,5,kilometer,434.0,"2711,47",13.0,15.0,13.0,18.0,59.0,chacara
452354,2022,-23.659.425.041.473.600,-4.670.281.724.523.820,5,kilometer,34.0,"5641,61",,,,0.0,0.0,chacara
452355,2022,-2.365.004.097.267.810,-4.671.521.230.898.670,5,kilometer,577.0,"3458,88",20.0,25.0,22.0,34.0,101.0,chacara
452358,2022,-23.636.080.506.366.000,-4.671.619.393.234.480,5,kilometer,11.0,6375,0.0,0.0,0.0,0.0,0.0,chacara
452359,2022,-23.636.685.552.323.200,-4.671.784.211.018.180,5,kilometer,750.0,"7184,79",20.0,15.0,10.0,17.0,62.0,chacara
452360,2022,-23.636.713.045.335.500,-4.671.834.864.270.810,5,kilometer,306.0,"10511,45",20.0,11.0,9.0,4.0,44.0,chacara
452361,2022,-23.646.878.035.152.200,-46.713.243.563.699.400,5,kilometer,209.0,"9744,52",11.0,10.0,8.0,8.0,37.0,chacara
452362,2022,-23.647.925.660.868.900,-4.671.365.341.078.870,5,kilometer,334.0,"5878,25",9.0,18.0,14.0,6.0,47.0,chacara
452363,2022,-23.647.039.340.296.500,-4.671.200.974.961.640,5,kilometer,212.0,"5468,93",12.0,5.0,11.0,8.0,36.0,chacara
452364,2022,-23.647.379.035.240.100,-4.671.309.830.567.430,5,kilometer,345.0,"5285,35",15.0,14.0,10.0,17.0,56.0,chacara
452365,2022,-2.364.586.738.221.080,-4.670.335.761.392.290,5,kilometer,295.0,"8779,45",3.0,8.0,8.0,4.0,23.0,chacara
452366,2022,-23.645.147.773.443.600,-4.670.273.360.081.270,5,kilometer,316.0,"13548,73",13.0,15.0,13.0,8.0,49.0,chacara
452367,2022,-23.648.694.184.036.700,-46.702.007.987.645.900,5,kilometer,175.0,"9357,18",9.0,3.0,9.0,12.0,33.0,chacara
452368,2022,-2.364.793.866.850.550,-4.670.181.556.856.280,5,kilometer,201.0,"13142,63",8.0,9.0,3.0,4.0,24.0,chacara
452369,2022,-2.362.549.047.702.380,-4.669.603.974.892.720,5,kilometer,433.0,"15625,72",26.0,27.0,19.0,22.0,94.0,chacara
452370,2022,-23.626.391.405.578.300,-46.695.425.535.013.000,5,kilometer,269.0,"14546,08",16.0,18.0,17.0,6.0,57.0,chacara
452371,2022,-23.625.915.997.987.300,-4.669.173.421.359.700,5,kilometer,385.0,"12207,05",30.0,20.0,17.0,16.0,83.0,chacara
452373,2022,-23.628.706.916.975.600,-4.669.003.711.767.660,5,kilometer,280.0,"9903,82",6.0,4.0,6.0,8.0,24.0,chacara
452375,2022,-23.638.733.577.082.500,-4.671.413.974.319.100,5,kilometer,333.0,"4941,22",16.0,13.0,12.0,14.0,55.0,chacara
452376,2022,-23.656.220.458.151.300,-4.669.927.885.823.030,5,kilometer,385.0,"13816,3",15.0,27.0,30.0,21.0,93.0,chacara
454357,2022,-2.367.433.849.125.750,-4.671.059.457.005.030,5,kilometer,1835.0,"5310,03",95.0,82.0,84.0,80.0,341.0,chacara
454358,2022,-23.669.301.537.567.200,-46.709.368.411.343.700,5,kilometer,626.0,"2948,88",17.0,29.0,29.0,38.0,113.0,chacara
454359,2022,-23.676.140.497.929.500,-4.670.606.877.358.150,5,kilometer,608.0,"4051,8",21.0,23.0,33.0,41.0,118.0,chacara
454363,2022,-23.671.933.044.085.100,-4.671.974.475.971.900,5,kilometer,693.0,"3692,67",27.0,22.0,40.0,46.0,135.0,chacara
454368,2022,-23.670.929.942.517.300,-4.672.130.258.582.430,5,kilometer,517.0,"5189,87",20.0,25.0,25.0,25.0,95.0,chacara
454369,2022,-23.663.598.239.852.700,-4.672.074.064.499.010,5,kilometer,427.0,"2524,28",27.0,27.0,13.0,38.0,105.0,chacara
454370,2022,-236.613.293.028.512,-46.716.908.180.633.100,5,kilometer,422.0,"3276,36",13.0,20.0,22.0,33.0,88.0,chacara
454371,2022,-23.665.836.736.874.600,-4.671.624.332.598.390,5,kilometer,297.0,"1738,33",17.0,22.0,23.0,17.0,79.0,chacara
454383,2022,-23.674.507.963.796.900,-4.671.443.750.861.610,5,kilometer,426.0,"4496,48",10.0,26.0,26.0,23.0,85.0,chacara
454384,2022,-23.670.809.515.363.600,-46.716.521.142.544.100,5,kilometer,391.0,"4979,9",17.0,14.0,11.0,22.0,64.0,chacara
454386,2022,-23.674.301.887.029.300,-46.713.627.944.592.200,5,kilometer,443.0,"4155,74",19.0,30.0,21.0,27.0,97.0,chacara
454387,2022,-23.673.685.853.551.500,-4.671.631.168.784.260,5,kilometer,583.0,"7925,69",37.0,26.0,25.0,24.0,112.0,chacara
454389,2022,-23.661.730.210.742.000,-4.671.616.939.626.220,5,kilometer,156.0,"1386,02",8.0,12.0,10.0,11.0,41.0,chacara
454400,2022,-23.672.111.641.592.100,-4.671.403.255.971.000,5,kilometer,256.0,"2644,07",9.0,11.0,16.0,12.0,48.0,chacara
454401,2022,-23.673.042.746.416.700,-4.671.562.850.611.470,5,kilometer,470.0,"10327,55",31.0,42.0,28.0,20.0,121.0,chacara
454402,2022,-23.673.888.673.083.200,-4.671.422.593.243.270,5,kilometer,267.0,"6068,05",8.0,17.0,7.0,10.0,42.0,chacara
454405,2022,-23.666.824.757.581.300,-4.671.369.227.215.900,5,kilometer,252.0,"4489,27",8.0,4.0,7.0,18.0,37.0,chacara
454406,2022,-23.669.014.382.959.000,-4.671.163.604.464.590,5,kilometer,309.0,"3894,61",8.0,21.0,14.0,18.0,61.0,chacara
454408,2022,-23.669.212.764.385.300,-4.672.059.732.828.970,5,kilometer,494.0,"3742,66",26.0,33.0,27.0,36.0,122.0,chacara
454409,2022,-23.669.429.061.498.200,-4.672.382.730.775.950,5,kilometer,407.0,"4661,76",15.0,23.0,23.0,16.0,77.0,chacara
454410,2022,-23.668.012.597.706.100,-4.671.969.360.252.140,5,kilometer,475.0,"3860,99",12.0,23.0,21.0,20.0,76.0,chacara
454411,2022,-2.366.650.024.379.780,-4.671.552.145.409.470,5,kilometer,188.0,"4064,84",8.0,12.0,12.0,6.0,38.0,chacara
454429,2022,-23.673.344.315.295.200,-4.671.348.875.517.720,5,kilometer,684.0,"6974,08",32.0,44.0,30.0,21.0,127.0,chacara
454433,2022,-23.677.608.129.371.500,-46.716.723.546.892.300,5,kilometer,216.0,"4228,7",4.0,8.0,11.0,17.0,40.0,chacara
455296,2022,-23.628.973.028.673.100,-4.673.032.387.956.370,5,kilometer,507.0,"13064,32",31.0,31.0,27.0,15.0,104.0,chacara
455297,2022,-2.362.546.714.473.230,-4.673.083.231.109.570,5,kilometer,409.0,"14617,34",10.0,24.0,30.0,21.0,85.0,chacara
455298,2022,-23.623.756.124.376.500,-4.672.925.568.912.220,5,kilometer,282.0,"10663,08",12.0,11.0,15.0,19.0,57.0,chacara
455299,2022,-23.621.481.536.383.300,-4.672.956.690.708.410,5,kilometer,229.0,"10157,45",14.0,15.0,10.0,13.0,52.0,chacara
455300,2022,-2.362.000.544.636.590,-4.672.711.395.984.090,5,kilometer,881.0,"1598,42",96.0,87.0,102.0,80.0,365.0,chacara
455301,2022,-23.622.758.269.892.300,-4.671.996.945.313.500,5,kilometer,540.0,"20341,66",16.0,28.0,21.0,27.0,92.0,chacara
455302,2022,-23.624.007.464.651.600,-4.671.305.914.895.510,5,kilometer,104.0,"21149,77",0.0,,0.0,0.0,0.0,chacara
455303,2022,-23.615.692.576.276.900,-46.720.452.080.003.000,5,kilometer,788.0,"1989,66",49.0,77.0,53.0,61.0,240.0,chacara
455304,2022,-23.638.368.806.787.200,-4.673.610.682.381.250,5,kilometer,357.0,"6533,63",15.0,16.0,13.0,19.0,63.0,chacara
455305,2022,-23.638.131.169.788.900,-4.673.416.798.045.740,5,kilometer,377.0,"9489,01",12.0,20.0,14.0,15.0,61.0,chacara
455306,2022,-23.637.517.279.657.500,-4.673.506.552.814.270,5,kilometer,439.0,"8194,86",18.0,28.0,13.0,22.0,81.0,chacara
455307,2022,-236.390.485.533.342,-4.673.436.739.760.950,5,kilometer,240.0,"7392,56",10.0,15.0,6.0,7.0,38.0,chacara
455308,2022,-236.303.543.887.621,-4.673.542.407.381.130,5,kilometer,311.0,"14955,12",7.0,16.0,12.0,10.0,45.0,chacara
455309,2022,-2.362.578.937.056.460,-4.673.512.902.132.550,5,kilometer,244.0,"15035,71",8.0,7.0,12.0,14.0,41.0,chacara
455310,2022,-2.362.441.155.249.510,-46.734.439.124.304.300,5,kilometer,193.0,"12045,62",12.0,9.0,3.0,5.0,29.0,chacara
455311,2022,-23.620.957.496.743.700,-4.673.458.448.542.860,5,kilometer,148.0,"12963,17",7.0,5.0,6.0,5.0,23.0,chacara
455312,2022,-2.362.311.636.612.120,-4.673.576.365.908.560,5,kilometer,259.0,"14600,74",9.0,5.0,7.0,15.0,36.0,chacara
455313,2022,-2.362.148.347.538.730,-4.673.706.769.144.630,5,kilometer,123.0,"17281,09",4.0,7.0,4.0,5.0,20.0,chacara
455314,2022,-23.612.287.244.095.700,-46.724.940.472.934.600,5,kilometer,827.0,"1836,41",77.0,56.0,56.0,69.0,258.0,chacara
455315,2022,-2.362.081.998.053.290,-4.670.482.415.928.160,5,kilometer,221.0,"15357,77",11.0,6.0,12.0,9.0,38.0,chacara
455316,2022,-23.642.077.745.832.700,-4.673.108.723.029.860,5,kilometer,278.0,"2063,68",18.0,14.0,17.0,24.0,73.0,chacara
455317,2022,-23.634.869.520.201.000,-46.740.956.676.113.200,5,kilometer,1105.0,"1549,71",76.0,100.0,91.0,120.0,387.0,chacara
455318,2022,-23.618.414.712.431.100,-4.674.368.000.115.000,5,kilometer,579.0,"1676,11",42.0,48.0,44.0,62.0,196.0,chacara
455319,2022,-2.362.017.968.028.030,-46.737.082.471.965.200,5,kilometer,178.0,"25049,27",7.0,6.0,5.0,9.0,27.0,chacara
455320,2022,-2.361.800.968.528.730,-46.734.019.077.857.000,5,kilometer,292.0,"18595,8",8.0,16.0,28.0,17.0,69.0,chacara
455321,2022,-2.361.612.109.559.370,-46.733.838.890.822.100,5,kilometer,126.0,"10672,13",5.0,3.0,,9.0,17.0,chacara
455322,2022,-2.364.068.472.893.330,-46.744.301.078.519.900,5,kilometer,637.0,"3088,28",19.0,35.0,30.0,38.0,122.0,chacara
455323,2022,-2.361.676.717.794.340,-4.674.721.991.641.800,5,kilometer,680.0,"6201,98",41.0,38.0,26.0,32.0,137.0,chacara
455324,2022,-2.361.595.122.741.650,-4.674.432.026.768.680,5,kilometer,355.0,"4601,23",10.0,17.0,18.0,18.0,63.0,chacara
455325,2022,-23.616.343.784.892.800,-46.741.761.813.538.500,5,kilometer,443.0,"14877,28",18.0,25.0,24.0,41.0,108.0,chacara
455326,2022,-2.361.542.277.479.340,-4.674.108.722.342.340,5,kilometer,207.0,"13350,02",11.0,4.0,6.0,8.0,29.0,chacara
455327,2022,-2.361.822.166.995.810,-4.672.417.015.674.130,5,kilometer,646.0,"1742,75",47.0,70.0,67.0,56.0,240.0,chacara
455328,2022,-2.361.811.742.769.460,-4.670.797.094.873.180,5,kilometer,197.0,"15405,99",3.0,3.0,8.0,10.0,24.0,chacara
455329,2022,-23.618.175.677.876.200,-46.725.697.954.096.800,5,kilometer,465.0,"2054,19",43.0,33.0,34.0,35.0,145.0,chacara
455330,2022,-23.616.770.108.082.600,-46.743.755.010.061.100,5,kilometer,355.0,"5817,95",14.0,17.0,8.0,13.0,52.0,chacara
455331,2022,-2.361.655.734.621.140,-46.743.133.265.861.400,5,kilometer,293.0,"11042,4",14.0,9.0,14.0,9.0,46.0,chacara
455332,2022,-2.361.608.187.563.160,-46.741.098.064.139.800,5,kilometer,198.0,"7584,11",14.0,5.0,7.0,9.0,35.0,chacara
455333,2022,-23.616.674.600.000.900,-46.741.117.521.212.600,5,kilometer,192.0,"13541,14",7.0,6.0,13.0,14.0,40.0,chacara
455334,2022,-2.361.736.901.008.360,-46.741.168.005.686.400,5,kilometer,187.0,"8547,62",6.0,7.0,11.0,5.0,29.0,chacara
455335,2022,-2.361.776.729.026.160,-4.674.209.649.440.810,5,kilometer,281.0,"12985,6",7.0,13.0,20.0,19.0,59.0,chacara
455336,2022,-2.361.801.534.818.540,-4.674.152.096.608.530,5,kilometer,88.0,12310,,6.0,,6.0,12.0,chacara
455337,2022,-236.249.243.072.294,-46.745.659.418.649.800,5,kilometer,558.0,"1625,79",50.0,45.0,44.0,51.0,190.0,chacara
455338,2022,-23.620.419.671.904.200,-46.745.568.519.542.100,5,kilometer,534.0,"2078,99",34.0,34.0,35.0,50.0,153.0,chacara
455339,2022,-2.362.426.624.955.110,-4.673.866.533.209.020,5,kilometer,487.0,"11000,88",31.0,18.0,15.0,18.0,82.0,chacara
455340,2022,-23.625.819.183.207.500,-4.673.785.165.581.490,5,kilometer,176.0,"7814,31",10.0,12.0,7.0,9.0,38.0,chacara
455341,2022,-23.623.355.603.097.700,-4.673.704.543.975.370,5,kilometer,221.0,"8739,8",18.0,6.0,8.0,9.0,41.0,chacara
455342,2022,-2.362.420.382.632.920,-4.673.573.081.655.100,5,kilometer,270.0,"11437,33",11.0,9.0,16.0,12.0,48.0,chacara
455343,2022,-2.362.457.809.802.350,-4.673.649.831.156.080,5,kilometer,316.0,"12285,59",13.0,9.0,19.0,15.0,56.0,chacara
455344,2022,-23.625.826.568.823.100,-46.736.412.251.587.700,5,kilometer,190.0,"6535,29",4.0,3.0,5.0,9.0,21.0,chacara
455345,2022,-2.362.612.240.040.600,-4.673.564.775.075.900,5,kilometer,120.0,"7292,21",,,0.0,4.0,4.0,chacara
455346,2022,-23.627.362.963.847.300,-4.673.606.626.046.290,5,kilometer,271.0,9439,8.0,16.0,17.0,17.0,58.0,chacara
455347,2022,-23.628.441.341.498.400,-46.736.744.358.935.200,5,kilometer,149.0,"7422,07",7.0,6.0,10.0,3.0,26.0,chacara
455348,2022,-2.362.773.000.178.140,-46.736.645.495.415.900,5,kilometer,301.0,"5726,49",12.0,13.0,8.0,15.0,48.0,chacara
455349,2022,-2.362.988.289.285.490,-4.673.841.420.262.390,5,kilometer,230.0,"7805,99",5.0,5.0,5.0,9.0,24.0,chacara
455350,2022,-23.621.621.983.535.600,-4.673.982.885.478.270,5,kilometer,394.0,"14917,92",12.0,19.0,29.0,26.0,86.0,chacara
455351,2022,-23.620.346.060.255.000,-46.740.262.020.210.800,5,kilometer,67.0,"14928,57",,0.0,3.0,0.0,3.0,chacara
455352,2022,-23.617.166.825.276.700,-4.674.051.684.275.010,5,kilometer,115.0,"10137,25",,,3.0,9.0,12.0,chacara
455353,2022,-23.617.450.677.403,-46.737.305.644.247.000,5,kilometer,167.0,"18224,59",,10.0,8.0,3.0,21.0,chacara
455354,2022,-23.616.515.754.431.400,-46.738.929.728.093.800,5,kilometer,223.0,"10232,41",7.0,5.0,10.0,7.0,29.0,chacara
455355,2022,-23.618.339.586.864.000,-4.673.877.906.304.070,5,kilometer,342.0,"19897,74",17.0,10.0,27.0,29.0,83.0,chacara
455356,2022,-2.361.893.469.161.510,-46.737.919.642.391.800,5,kilometer,192.0,"19595,09",7.0,8.0,8.0,14.0,37.0,chacara
455357,2022,-2.361.720.190.530.260,-4.673.987.128.061.510,5,kilometer,160.0,"12724,79",6.0,4.0,8.0,6.0,24.0,chacara
455358,2022,-2.361.747.393.060.880,-46.738.743.179.325.600,5,kilometer,364.0,"20613,79",15.0,17.0,21.0,24.0,77.0,chacara
455359,2022,-2.361.858.602.550.240,-46.739.603.214.336.400,5,kilometer,291.0,"19371,63",9.0,16.0,19.0,15.0,59.0,chacara
455360,2022,-2.361.812.348.754.890,-46.736.735.363.247.900,5,kilometer,171.0,"11731,45",5.0,7.0,11.0,7.0,30.0,chacara
455361,2022,-23.618.687.332.398.500,-46.736.939.505.037.700,5,kilometer,185.0,"14546,38",9.0,10.0,9.0,7.0,35.0,chacara
455362,2022,-23.617.398.411.796.000,-4.673.530.504.025.780,5,kilometer,420.0,"13976,97",19.0,13.0,20.0,13.0,65.0,chacara
455363,2022,-23.615.460.222.950.700,-4.673.281.550.574.570,5,kilometer,190.0,"16312,51",10.0,8.0,9.0,5.0,32.0,chacara
455364,2022,-23.616.286.525.882.800,-4.673.208.277.544.080,5,kilometer,253.0,"13039,6",8.0,9.0,8.0,13.0,38.0,chacara
455365,2022,-23.617.761.646.496.800,-4.673.247.086.750.730,5,kilometer,157.0,"5310,76",3.0,10.0,8.0,3.0,24.0,chacara
455366,2022,-23.617.407.479.256.900,-4.673.303.527.516.420,5,kilometer,182.0,"11383,16",3.0,4.0,10.0,8.0,25.0,chacara
455367,2022,-23.619.675.281.646.300,-4.673.639.841.490.780,5,kilometer,116.0,"7075,25",5.0,5.0,5.0,6.0,21.0,chacara
455368,2022,-23.620.553.837.634.300,-46.736.741.283.038.100,5,kilometer,167.0,"19340,85",5.0,3.0,7.0,11.0,26.0,chacara
455369,2022,-23.619.339.167.775.500,-4.673.555.320.447.430,5,kilometer,410.0,"16646,16",11.0,13.0,21.0,14.0,59.0,chacara
455370,2022,-23.619.061.990.641.400,-46.734.554.932.922.100,5,kilometer,281.0,"16184,76",13.0,7.0,24.0,20.0,64.0,chacara
455371,2022,-23.621.575.783.909.800,-4.673.792.433.781.930,5,kilometer,254.0,"7316,25",9.0,16.0,20.0,7.0,52.0,chacara
455372,2022,-23.621.341.214.291.000,-4.673.901.587.737.220,5,kilometer,266.0,"9431,85",6.0,19.0,17.0,11.0,53.0,chacara
455373,2022,-23.622.515.147.472.200,-46.735.784.827.862.700,5,kilometer,250.0,"11534,31",10.0,15.0,12.0,9.0,46.0,chacara
455374,2022,-23.622.211.850.335.000,-4.673.485.209.396.280,5,kilometer,226.0,"16505,83",3.0,8.0,13.0,13.0,37.0,chacara
455375,2022,-23.623.643.721.959.000,-46.735.230.054.544.100,5,kilometer,176.0,"12988,53",4.0,,,3.0,7.0,chacara
455376,2022,-2.362.237.284.152.720,-46.738.168.846.551.500,5,kilometer,266.0,"12895,85",9.0,9.0,18.0,17.0,53.0,chacara
455377,2022,-236.226.796.704.871,-467.369.580.699.624,5,kilometer,140.0,"14558,22",6.0,10.0,5.0,,21.0,chacara
455378,2022,-23.635.831.137.708.200,-4.674.074.878.855.750,5,kilometer,226.0,"1432,15",18.0,15.0,20.0,18.0,71.0,chacara
455379,2022,-23.636.503.000.311.400,-467.397.053.143.588,5,kilometer,592.0,"1686,61",51.0,44.0,51.0,67.0,213.0,chacara
455380,2022,-2.363.904.006.077.900,-46.735.852.365.966.500,5,kilometer,262.0,"8345,43",8.0,7.0,9.0,7.0,31.0,chacara
455381,2022,-23.638.272.166.128.600,-4.673.536.193.590.220,5,kilometer,393.0,"7356,36",17.0,19.0,13.0,17.0,66.0,chacara
455382,2022,-23.638.381.387.151.000,-4.673.469.087.118.880,5,kilometer,386.0,"9022,99",21.0,15.0,10.0,19.0,65.0,chacara
455383,2022,-236.164.414.161.326,-4.672.339.773.024.490,5,kilometer,1017.0,"1843,8",62.0,86.0,80.0,90.0,318.0,chacara
455384,2022,-23.618.776.987.756.600,-4.672.272.549.457.520,5,kilometer,359.0,"2401,88",14.0,36.0,36.0,32.0,118.0,chacara
455385,2022,-2.361.843.664.127.040,-46.723.442.821.356.900,5,kilometer,603.0,"1923,07",31.0,58.0,48.0,77.0,214.0,chacara
455386,2022,-23.637.691.079.918.700,-4.673.460.724.103.400,5,kilometer,172.0,"8252,3",9.0,6.0,4.0,9.0,28.0,chacara
455387,2022,-23.633.232.924.315.600,-46.729.894.603.515.800,5,kilometer,391.0,"14789,63",14.0,11.0,13.0,16.0,54.0,chacara
455388,2022,-23.634.864.061.969.400,-4.673.266.779.387.020,5,kilometer,373.0,"19179,59",11.0,12.0,10.0,16.0,49.0,chacara
455389,2022,-23.634.039.905.714.600,-4.673.133.811.038.520,5,kilometer,277.0,"15275,23",17.0,9.0,11.0,16.0,53.0,chacara
455390,2022,-23.636.016.513.810.500,-4.673.561.148.173.800,5,kilometer,292.0,"18542,17",12.0,21.0,20.0,22.0,75.0,chacara
455391,2022,-23.635.114.979.906.800,-46.734.487.451.402.400,5,kilometer,431.0,"13383,92",26.0,30.0,22.0,21.0,99.0,chacara
455392,2022,-23.633.934.905.424.600,-4.673.442.631.760.340,5,kilometer,266.0,"13627,67",6.0,11.0,10.0,19.0,46.0,chacara
455393,2022,-23.634.934.751.180.500,-46.736.646.539.715.600,5,kilometer,175.0,"8954,12",11.0,3.0,9.0,4.0,27.0,chacara
455394,2022,-2.361.806.885.302.790,-4.671.669.987.454.330,5,kilometer,313.0,"7918,21",10.0,14.0,14.0,31.0,69.0,chacara
455395,2022,-23.616.507.907.385.400,-46.714.026.635.159.000,5,kilometer,167.0,"19914,29",,,5.0,7.0,12.0,chacara
455396,2022,-23.629.311.438.628.400,-46.722.066.248.693.900,5,kilometer,236.0,"27635,47",8.0,12.0,14.0,16.0,50.0,chacara
455397,2022,-2.362.854.339.417.860,-4.672.208.568.562.160,5,kilometer,259.0,"31514,77",6.0,15.0,16.0,27.0,64.0,chacara
455398,2022,-23.628.646.218.502.600,-46.723.365.356.780.500,5,kilometer,433.0,"32901,46",15.0,22.0,28.0,31.0,96.0,chacara
455399,2022,-2.362.663.843.296.630,-4.672.375.657.992.340,5,kilometer,173.0,"21205,91",5.0,15.0,10.0,7.0,37.0,chacara
455400,2022,-2.362.548.284.355.030,-467.229.737.250.827,5,kilometer,273.0,"14484,41",10.0,6.0,11.0,10.0,37.0,chacara
455401,2022,-23.625.799.637.998.400,-46.720.642.908.339.900,5,kilometer,293.0,"23700,98",26.0,30.0,23.0,17.0,96.0,chacara
455402,2022,-23.626.168.354.448.500,-46.721.118.347.804.300,5,kilometer,105.0,"10320,32",,6.0,4.0,,10.0,chacara
455403,2022,-23.627.165.893.463.800,-4.672.210.272.051.780,5,kilometer,340.0,"18374,37",7.0,11.0,15.0,12.0,45.0,chacara
455404,2022,-23.619.918.317.669.300,-4.671.857.915.934.000,5,kilometer,238.0,"17841,71",12.0,19.0,13.0,15.0,59.0,chacara
455405,2022,-23.622.712.732.481.300,-4.671.740.810.776.940,5,kilometer,250.0,"11157,1",9.0,11.0,21.0,12.0,53.0,chacara
455406,2022,-23.622.626.931.214.900,-4.671.936.616.470.490,5,kilometer,486.0,"17272,58",21.0,19.0,36.0,25.0,101.0,chacara
455407,2022,-23.624.940.542.928.600,-4.672.596.451.004.250,5,kilometer,299.0,"12982,39",16.0,18.0,12.0,12.0,58.0,chacara
455408,2022,-2.363.086.226.578.200,-4.672.549.144.510.460,5,kilometer,190.0,"18370,36",6.0,11.0,20.0,11.0,48.0,chacara
455409,2022,-2.362.918.313.161.250,-4.671.980.599.004.780,5,kilometer,197.0,"22717,19",12.0,12.0,14.0,16.0,54.0,chacara
455410,2022,-2.362.786.174.756.440,-4.671.865.219.473.620,5,kilometer,319.0,"23164,63",13.0,15.0,11.0,21.0,60.0,chacara
455411,2022,-23.629.487.850.636.900,-4.671.904.228.404.200,5,kilometer,357.0,"32097,56",19.0,11.0,31.0,22.0,83.0,chacara
455412,2022,-23.635.659.344.881.100,-46.729.992.679.359.600,5,kilometer,289.0,"34125,23",14.0,19.0,28.0,23.0,84.0,chacara
455413,2022,-23.635.695.381.049.700,-4.672.912.768.467.490,5,kilometer,285.0,"31688,39",11.0,20.0,27.0,23.0,81.0,chacara
455414,2022,-23.636.298.222.505.400,-4.672.894.275.190.230,5,kilometer,322.0,"29951,6",7.0,19.0,30.0,37.0,93.0,chacara
455415,2022,-23.635.813.212.626.100,-4.673.084.566.351.230,5,kilometer,325.0,"32260,1",14.0,30.0,39.0,25.0,108.0,chacara
455416,2022,-2.363.644.536.354.790,-4.673.141.154.478.930,5,kilometer,279.0,"34796,51",,9.0,25.0,29.0,63.0,chacara
455417,2022,-23.637.377.878.173.500,-4.673.152.476.115.020,5,kilometer,299.0,31162,6.0,16.0,25.0,41.0,88.0,chacara
455418,2022,-23.637.965.871.379.700,-4.673.093.091.578.450,5,kilometer,152.0,"29725,76",,10.0,11.0,23.0,44.0,chacara
455419,2022,-23.638.331.489.443.000,-4.673.011.028.811.990,5,kilometer,277.0,"27507,4",10.0,32.0,24.0,17.0,83.0,chacara
455420,2022,-2.363.836.329.834.860,-46.729.196.120.124.000,5,kilometer,270.0,"23830,74",9.0,13.0,25.0,12.0,59.0,chacara
455421,2022,-23.637.333.391.718.400,-467.292.565.926.827,5,kilometer,272.0,"19696,98",13.0,19.0,17.0,12.0,61.0,chacara
455422,2022,-23.633.919.800.692.800,-46.729.991.289.302.600,5,kilometer,178.0,"16595,84",12.0,11.0,9.0,5.0,37.0,chacara
455423,2022,-23.627.664.977.983.000,-46.728.563.948.868.300,5,kilometer,313.0,"13537,21",7.0,8.0,14.0,18.0,47.0,chacara
455424,2022,-23.625.934.676.643.700,-4.673.019.177.956.640,5,kilometer,391.0,"18726,04",18.0,21.0,19.0,25.0,83.0,chacara
455425,2022,-23.625.427.251.374.100,-4.672.785.320.849.220,5,kilometer,539.0,"7480,62",50.0,37.0,29.0,31.0,147.0,chacara
455426,2022,-2.362.198.486.478.240,-4.673.143.461.935.360,5,kilometer,162.0,"10286,97",6.0,6.0,7.0,4.0,23.0,chacara
455427,2022,-23.624.233.293.437.500,-4.673.308.865.090.690,5,kilometer,321.0,"11433,79",14.0,8.0,8.0,8.0,38.0,chacara
455428,2022,-23.625.248.398.525.200,-46.729.209.262.689.000,5,kilometer,294.0,"17948,67",17.0,21.0,18.0,11.0,67.0,chacara
455429,2022,-2.362.482.316.797.750,-46.731.766.296.737.200,5,kilometer,201.0,"73198,95",6.0,8.0,12.0,12.0,38.0,chacara
455430,2022,-2.361.999.104.362.300,-4.672.835.939.682.600,5,kilometer,1295.0,"1417,69",98.0,140.0,133.0,116.0,487.0,chacara
455431,2022,-23.618.422.750.238.500,-46.731.181.031.173.900,5,kilometer,785.0,"1895,66",83.0,61.0,61.0,57.0,262.0,chacara
455432,2022,-23.614.483.931.815.400,-4.673.076.330.317.880,5,kilometer,154.0,"11727,66",6.0,5.0,6.0,16.0,33.0,chacara
455433,2022,-23.612.322.322.675.200,-4.672.781.259.195.480,5,kilometer,90.0,"6019,48",5.0,,3.0,9.0,17.0,chacara
455434,2022,-23.636.929.080.451.300,-4.673.746.112.231.860,5,kilometer,541.0,"9301,51",27.0,26.0,14.0,21.0,88.0,chacara
455435,2022,-23.620.957.229.090.100,-4.672.580.081.373.950,5,kilometer,800.0,"1483,98",76.0,68.0,82.0,74.0,300.0,chacara
455436,2022,-23.627.328.071.216.700,-4.672.781.461.018.180,5,kilometer,224.0,"1458,71",28.0,30.0,23.0,14.0,95.0,chacara
455437,2022,-23.612.313.293.821.200,-46.727.094.473.344.700,5,kilometer,1259.0,"1644,32",117.0,113.0,96.0,124.0,450.0,chacara
455438,2022,-2.363.803.507.450.370,-4.673.797.659.654.590,5,kilometer,246.0,"1682,47",19.0,22.0,16.0,14.0,71.0,chacara
455439,2022,-23.621.395.738.876.100,-46.727.819.539.329.500,5,kilometer,,,,,,,0.0,chacara
455440,2022,-2.361.390.622.295.970,-4.673.005.113.757.000,5,kilometer,171.0,"1927,88",8.0,8.0,16.0,12.0,44.0,chacara
455441,2022,-23.613.672.036.486.800,-4.672.954.153.893.640,5,kilometer,287.0,"5896,46",16.0,13.0,16.0,8.0,53.0,chacara
455442,2022,-23.621.390.865.844.400,-4.672.685.733.242.150,5,kilometer,404.0,"2231,65",18.0,33.0,34.0,47.0,132.0,chacara
455443,2022,-23.618.159.595.608.100,-46.745.829.051.854.200,5,kilometer,695.0,"3380,61",41.0,39.0,44.0,42.0,166.0,chacara
455444,2022,-2.361.814.454.264.770,-4.674.724.394.262.800,5,kilometer,568.0,"2954,97",39.0,44.0,41.0,23.0,147.0,chacara
455445,2022,-2.362.129.043.287.130,-4.674.633.893.979.570,5,kilometer,407.0,"3688,25",23.0,27.0,22.0,27.0,99.0,chacara
455446,2022,-23.619.592.022.283.300,-46.747.707.944.589.100,5,kilometer,388.0,"2819,02",23.0,23.0,28.0,28.0,102.0,chacara
455447,2022,-23.628.473.985.874.300,-467.410.619.940.957,5,kilometer,383.0,"13747,47",21.0,28.0,36.0,20.0,105.0,chacara
455448,2022,-23.629.311.774.291.100,-4.674.081.821.722.000,5,kilometer,241.0,"11844,56",7.0,13.0,8.0,14.0,42.0,chacara
455449,2022,-23.626.025.081.418.300,-46.732.749.756.819.700,5,kilometer,466.0,"18525,36",24.0,24.0,23.0,28.0,99.0,chacara
455450,2022,-23.628.509.541.732.900,-4.673.175.111.100.320,5,kilometer,353.0,"11290,63",13.0,17.0,18.0,14.0,62.0,chacara
455451,2022,-23.622.785.019.586.500,-4.672.931.712.677.580,5,kilometer,509.0,"9516,45",27.0,34.0,25.0,25.0,111.0,chacara
455452,2022,-23.622.328.640.423.700,-4.673.015.250.426.730,5,kilometer,312.0,"7767,16",27.0,11.0,20.0,13.0,71.0,chacara
455453,2022,-23.626.687.716.126.700,-4.673.429.205.989.850,5,kilometer,450.0,"19676,8",18.0,18.0,36.0,13.0,85.0,chacara
455454,2022,-23.628.384.364.823.100,-4.673.427.360.723.420,5,kilometer,560.0,"14389,26",6.0,19.0,10.0,17.0,52.0,chacara
455455,2022,-23.631.547.688.421.300,-4.673.337.738.563.250,5,kilometer,579.0,"18843,26",16.0,20.0,37.0,39.0,112.0,chacara
455456,2022,-2.363.302.637.254.000,-46.732.876.298.961.700,5,kilometer,640.0,"18533,34",19.0,29.0,58.0,56.0,162.0,chacara
455457,2022,-2.363.294.340.054.600,-4.673.445.639.530.250,5,kilometer,321.0,"32376,41",11.0,18.0,30.0,36.0,95.0,chacara
455458,2022,-23.631.429.270.109.300,-4.673.409.283.641.420,5,kilometer,344.0,"19341,99",18.0,16.0,41.0,27.0,102.0,chacara
455459,2022,-23.639.699.285.312.300,-46.742.966.560.407.100,5,kilometer,426.0,"3576,25",13.0,14.0,19.0,20.0,66.0,chacara
455460,2022,-23.628.185.140.444.700,-46.743.393.671.836.700,5,kilometer,612.0,"16945,65",44.0,65.0,59.0,25.0,193.0,chacara
455461,2022,-2.362.673.578.512.880,-4.674.313.891.777.010,5,kilometer,531.0,"12562,25",37.0,25.0,19.0,12.0,93.0,chacara
455462,2022,-23.622.871.126.864.700,-4.673.952.122.883.770,5,kilometer,538.0,"20218,61",46.0,50.0,41.0,22.0,159.0,chacara
455463,2022,-2.362.488.219.048.260,-4.674.050.886.879.260,5,kilometer,630.0,"16775,44",49.0,43.0,40.0,29.0,161.0,chacara
455464,2022,-2.362.378.569.402.640,-4.673.931.405.291.350,5,kilometer,152.0,"18058,93",5.0,6.0,5.0,13.0,29.0,chacara
455465,2022,-236.248.916.480.945,-4.673.965.034.719.790,5,kilometer,498.0,"10270,45",20.0,29.0,21.0,15.0,85.0,chacara
455466,2022,-2.362.567.616.335.080,-4.673.971.071.135.870,5,kilometer,625.0,"15901,01",63.0,64.0,36.0,28.0,191.0,chacara
455467,2022,-2.362.724.280.221.390,-4.672.972.933.384.760,5,kilometer,271.0,"8711,97",12.0,13.0,3.0,8.0,36.0,chacara
455468,2022,-2.362.772.329.410.920,-4.672.928.092.420.860,5,kilometer,478.0,"13528,92",13.0,10.0,10.0,8.0,41.0,chacara
455469,2022,-23.630.580.969.538.800,-4.673.269.415.427.490,5,kilometer,396.0,"20121,52",22.0,29.0,18.0,22.0,91.0,chacara
455470,2022,-2.362.763.538.744.810,-46.733.341.821.667.500,5,kilometer,164.0,"11973,68",6.0,4.0,10.0,8.0,28.0,chacara
455471,2022,-2.363.033.394.798.740,-4.673.125.325.586,5,kilometer,262.0,"12349,21",7.0,11.0,13.0,11.0,42.0,chacara
455472,2022,-23.631.593.153.402.600,-4.672.954.482.577.500,5,kilometer,491.0,"34358,72",24.0,59.0,63.0,33.0,179.0,chacara
455473,2022,-23.630.785.333.052.500,-4.673.180.425.236.520,5,kilometer,284.0,"20914,69",7.0,16.0,18.0,13.0,54.0,chacara
455474,2022,-23.628.200.374.536.000,-46.730.068.734.799.900,5,kilometer,393.0,"15250,41",11.0,12.0,12.0,19.0,54.0,chacara
455475,2022,-2.362.886.258.200.570,-4.672.957.022.530.800,5,kilometer,356.0,"10683,49",13.0,16.0,4.0,6.0,39.0,chacara
455476,2022,-2.361.959.605.196.860,-467.324.097.093.277,5,kilometer,347.0,"11054,95",12.0,10.0,16.0,16.0,54.0,chacara
455477,2022,-2.362.016.286.145.520,-46.731.556.349.346.900,5,kilometer,730.0,"8612,12",46.0,57.0,44.0,40.0,187.0,chacara
455478,2022,-2.362.047.151.255.470,-4.673.089.712.929.370,5,kilometer,774.0,"8201,51",67.0,71.0,39.0,50.0,227.0,chacara
455479,2022,-23.621.243.275.827.700,-4.673.143.189.408.320,5,kilometer,733.0,"9047,54",53.0,53.0,40.0,36.0,182.0,chacara
455480,2022,-23.620.807.776.573.800,-4.673.185.725.670.620,5,kilometer,756.0,"8152,03",56.0,51.0,47.0,47.0,201.0,chacara
455481,2022,-23.622.424.333.804.300,-4.673.273.813.999.530,5,kilometer,341.0,"8309,22",5.0,8.0,8.0,10.0,31.0,chacara
455482,2022,-23.623.749.234.078.700,-4.673.213.813.052.260,5,kilometer,158.0,"8499,44",3.0,,,3.0,6.0,chacara
455483,2022,-2.362.419.757.406.900,-4.673.153.014.053.170,5,kilometer,323.0,"15309,01",15.0,16.0,16.0,7.0,54.0,chacara
455484,2022,-23.636.906.990.928.400,-4.673.540.156.328.780,5,kilometer,410.0,"13360,06",8.0,16.0,13.0,18.0,55.0,chacara
455485,2022,-23.635.556.960.984.700,-4.673.370.198.058.170,5,kilometer,235.0,"16471,2",18.0,11.0,11.0,12.0,52.0,chacara
455486,2022,-23.632.984.060.476.500,-46.726.761.749.588.000,5,kilometer,399.0,"34812,5",22.0,18.0,42.0,33.0,115.0,chacara
455487,2022,-23.634.229.465.008.200,-46.725.068.617.866.600,5,kilometer,293.0,"24477,72",6.0,8.0,,3.0,17.0,chacara
455488,2022,-23.628.606.082.256.100,-46.720.395.255.252.200,5,kilometer,702.0,"23338,27",37.0,34.0,41.0,30.0,142.0,chacara
455489,2022,-23.627.518.424.044.700,-4.671.980.098.588.710,5,kilometer,324.0,"20722,13",33.0,23.0,15.0,13.0,84.0,chacara
455490,2022,-2.362.786.872.717.190,-4.671.867.370.889.220,5,kilometer,296.0,"12973,61",8.0,6.0,,7.0,21.0,chacara
455491,2022,-23.618.404.405.359.700,-4.674.266.695.179.300,5,kilometer,272.0,"21264,65",11.0,8.0,22.0,18.0,59.0,chacara
455492,2022,-2.361.626.285.198.970,-467.423.103.340.994,5,kilometer,434.0,"17110,69",32.0,27.0,17.0,16.0,92.0,chacara
455493,2022,-2.361.596.942.432.820,-4.674.032.728.148.580,5,kilometer,191.0,"9391,14",4.0,9.0,11.0,9.0,33.0,chacara
455494,2022,-23.619.019.652.063.700,-46.740.159.958.251.400,5,kilometer,316.0,"12908,57",11.0,7.0,9.0,9.0,36.0,chacara
455495,2022,-23.627.699.599.688.600,-46.740.255.940.134.400,5,kilometer,690.0,"16382,16",28.0,58.0,62.0,62.0,210.0,chacara
455496,2022,-23.628.303.364.442.700,-4.674.239.930.478.980,5,kilometer,472.0,"19142,86",30.0,48.0,61.0,33.0,172.0,chacara
455498,2022,-2.362.747.791.058.430,-467.384.725.689.133,5,kilometer,237.0,"23394,42",18.0,16.0,14.0,17.0,65.0,chacara
455499,2022,-23.629.951.948.594.600,-4.674.198.044.363.890,5,kilometer,144.0,"8418,33",5.0,4.0,,6.0,15.0,chacara
455500,2022,-23.629.997.061.132.900,-46.742.416.499.008.600,5,kilometer,444.0,"11708,25",43.0,26.0,12.0,13.0,94.0,chacara
455501,2022,-23.629.532.228.020.900,-46.743.169.914.070.100,5,kilometer,418.0,"11454,63",38.0,17.0,18.0,13.0,86.0,chacara
455502,2022,-23.631.334.364.271.200,-4.674.154.480.732.460,5,kilometer,89.0,15125,10.0,5.0,7.0,3.0,25.0,chacara
455503,2022,-2.363.971.950.923.540,-46.735.424.650.057.400,5,kilometer,626.0,"14482,3",39.0,56.0,43.0,40.0,178.0,chacara
455504,2022,-23.640.301.126.542.200,-4.673.475.567.042.170,5,kilometer,613.0,"15081,76",60.0,42.0,38.0,31.0,171.0,chacara
455506,2022,-23.640.995.750.630.700,-4.673.040.174.748.740,5,kilometer,867.0,"2349,29",44.0,54.0,56.0,77.0,231.0,chacara
455507,2022,-2.364.337.222.049.990,-46.728.231.840.959.000,5,kilometer,188.0,"2096,25",13.0,7.0,7.0,16.0,43.0,chacara
455508,2022,-23.621.554.847.999.000,-467.429.294.086.371,5,kilometer,684.0,"15819,69",56.0,47.0,53.0,38.0,194.0,chacara
455509,2022,-2.362.486.634.031.620,-4.674.169.514.306.680,5,kilometer,588.0,"8317,47",43.0,27.0,18.0,18.0,106.0,chacara
455510,2022,-23.625.178.013.397.500,-4.674.249.246.689.890,5,kilometer,600.0,"10347,88",41.0,35.0,22.0,23.0,121.0,chacara
455511,2022,-23.619.329.646.973.300,-4.674.366.523.978.060,5,kilometer,622.0,"9384,08",44.0,32.0,30.0,24.0,130.0,chacara
455512,2022,-2.361.970.451.839.400,-4.674.474.183.460.440,5,kilometer,729.0,"9008,13",57.0,31.0,35.0,30.0,153.0,chacara
455513,2022,-23.624.011.344.622.700,-4.674.318.883.175.960,5,kilometer,404.0,"12538,19",22.0,23.0,18.0,8.0,71.0,chacara
455514,2022,-2.362.304.254.672.850,-4.674.162.128.381.650,5,kilometer,432.0,"10895,6",24.0,23.0,18.0,18.0,83.0,chacara
455515,2022,-23.623.111.591.915.800,-467.433.159.859.002,5,kilometer,737.0,"14016,77",75.0,57.0,43.0,30.0,205.0,chacara
455516,2022,-23.622.782.912.640.900,-4.674.348.450.749.560,5,kilometer,294.0,"14444,56",30.0,28.0,19.0,17.0,94.0,chacara
455517,2022,-23.626.485.853.430.400,-46.744.121.743.410.900,5,kilometer,798.0,"9082,44",65.0,48.0,48.0,36.0,197.0,chacara
455518,2022,-2.362.524.935.958.850,-4.674.321.878.578.960,5,kilometer,516.0,"8718,69",32.0,23.0,27.0,13.0,95.0,chacara
455519,2022,-2.362.454.705.717.830,-4.674.383.972.780.200,5,kilometer,386.0,"8523,5",18.0,22.0,14.0,12.0,66.0,chacara
455520,2022,-23.623.802.035.139.800,-4.674.528.966.727.390,5,kilometer,298.0,"8761,01",32.0,12.0,8.0,11.0,63.0,chacara
455521,2022,-23.622.216.190.634.800,-4.674.469.888.349.480,5,kilometer,543.0,"9108,87",24.0,37.0,27.0,28.0,116.0,chacara
455522,2022,-23.622.613.850.304.000,-467.457.668.195.355,5,kilometer,679.0,"7614,97",41.0,39.0,36.0,36.0,152.0,chacara
455523,2022,-23.623.711.960.101.700,-46.720.177.728.530.300,5,kilometer,705.0,"17047,4",41.0,59.0,57.0,54.0,211.0,chacara
455524,2022,-23.623.333.708.545.300,-4.672.140.212.489.080,5,kilometer,697.0,"17095,41",45.0,71.0,60.0,42.0,218.0,chacara
455525,2022,-23.635.704.955.533.200,-46.732.214.340.304.500,5,kilometer,340.0,"16422,67",11.0,11.0,21.0,17.0,60.0,chacara
455526,2022,-2.363.818.838.828.540,-4.672.995.863.252.480,5,kilometer,152.0,"18989,89",,12.0,7.0,7.0,26.0,chacara
455527,2022,-2.363.452.358.783.210,-46.738.945.117.033.300,5,kilometer,249.0,"7678,75",17.0,13.0,12.0,15.0,57.0,chacara
455528,2022,-2.363.371.148.889.880,-4.673.812.315.428.970,5,kilometer,265.0,"9329,58",9.0,23.0,13.0,8.0,53.0,chacara
455529,2022,-23.632.702.668.667.400,-4.673.872.405.024.030,5,kilometer,174.0,"7473,63",6.0,,4.0,4.0,14.0,chacara
455530,2022,-23.632.168.945.085.400,-4.673.830.952.322.940,5,kilometer,247.0,"5895,1",15.0,14.0,11.0,12.0,52.0,chacara
455531,2022,-23.631.592.844.511.900,-46.739.727.631.687.400,5,kilometer,440.0,"16950,69",36.0,29.0,19.0,14.0,98.0,chacara
455532,2022,-23.630.698.135.926.200,-4.673.986.981.111.360,5,kilometer,385.0,"12673,15",29.0,22.0,21.0,11.0,83.0,chacara
455533,2022,-2.363.008.349.981.990,-46.739.548.199.730.600,5,kilometer,557.0,"11599,54",46.0,47.0,24.0,25.0,142.0,chacara
455534,2022,-23.631.472.569.573.900,-46.737.410.358.140.200,5,kilometer,200.0,"9774,05",9.0,8.0,9.0,9.0,35.0,chacara
455535,2022,-23.635.548.909.990.900,-4.673.980.685.429.160,5,kilometer,470.0,"4692,92",38.0,39.0,26.0,29.0,132.0,chacara
455536,2022,-2.362.833.710.383.710,-4.674.003.336.426.030,5,kilometer,566.0,"12779,97",35.0,29.0,25.0,24.0,113.0,chacara
455537,2022,-2.362.854.801.270.130,-4.673.825.643.490.700,5,kilometer,381.0,"15562,02",21.0,37.0,25.0,18.0,101.0,chacara
455538,2022,-23.621.348.882.689.200,-4.671.899.274.870.660,5,kilometer,127.0,"13075,1",3.0,8.0,,10.0,21.0,chacara
455539,2022,-2.361.956.291.015.760,-4.674.138.319.019.840,5,kilometer,334.0,"15830,76",7.0,6.0,14.0,14.0,41.0,chacara
455540,2022,-236.212.776.072.815,-4.674.083.729.878.080,5,kilometer,303.0,"34652,59",32.0,32.0,20.0,15.0,99.0,chacara
455541,2022,-23.620.810.309.390.000,-4.674.154.943.909.930,5,kilometer,574.0,"28157,71",58.0,44.0,46.0,23.0,171.0,chacara
455542,2022,-23.620.786.833.104.200,-46.747.533.546.659.200,5,kilometer,454.0,"6124,93",38.0,25.0,18.0,27.0,108.0,chacara
455543,2022,-2.362.161.360.060.540,-4.674.714.277.649.900,5,kilometer,473.0,"4823,61",37.0,24.0,31.0,23.0,115.0,chacara
455544,2022,-2.361.755.304.719.620,-4.672.138.082.507.450,5,kilometer,461.0,"2079,77",26.0,28.0,42.0,49.0,145.0,chacara
455545,2022,-23.617.662.464.480.200,-4.672.205.853.179.460,5,kilometer,597.0,"2446,14",42.0,41.0,40.0,60.0,183.0,chacara
455546,2022,-23.641.709.388.301.600,-4.673.318.689.571.720,5,kilometer,297.0,"2519,78",19.0,25.0,19.0,22.0,85.0,chacara
455547,2022,-236.209.905.062.385,-4.672.851.473.190.740,5,kilometer,406.0,"1910,79",48.0,41.0,35.0,26.0,150.0,chacara
455548,2022,-2.362.072.610.432.260,-4.672.893.388.823.710,5,kilometer,153.0,"2468,56",13.0,11.0,13.0,17.0,54.0,chacara
455549,2022,-23.620.649.543.104.900,-4.672.804.965.687.490,5,kilometer,319.0,"2453,97",16.0,25.0,36.0,36.0,113.0,chacara
455550,2022,-23.618.011.605.639.100,-46.727.032.658.589.400,5,kilometer,651.0,"1623,5",47.0,60.0,56.0,53.0,216.0,chacara
455551,2022,-23.617.643.639.412.200,-467.281.151.335.673,5,kilometer,527.0,"1690,56",41.0,43.0,44.0,55.0,183.0,chacara
455552,2022,-23.618.154.551.128.900,-4.672.807.351.404.570,5,kilometer,790.0,"1660,23",59.0,58.0,58.0,84.0,259.0,chacara
455553,2022,-2.361.760.841.952.100,-4.672.268.429.199.370,5,kilometer,336.0,"1795,87",21.0,24.0,29.0,24.0,98.0,chacara
455554,2022,-23.617.331.211.238.200,-4.672.372.778.873.350,5,kilometer,533.0,"1912,24",36.0,49.0,43.0,60.0,188.0,chacara
455555,2022,-23.620.120.242.052.800,-46.726.095.198.492.400,5,kilometer,1435.0,"1823,46",91.0,95.0,109.0,115.0,410.0,chacara
455556,2022,-23.620.576.480.225.100,-46.724.618.128.592.700,5,kilometer,646.0,"2292,74",31.0,43.0,50.0,44.0,168.0,chacara
455557,2022,-23.614.615.522.033.400,-46.721.754.643.167.300,5,kilometer,593.0,"1491,23",44.0,57.0,48.0,59.0,208.0,chacara
455558,2022,-23.614.664.117.936.300,-467.208.419.546.683,5,kilometer,809.0,"1652,09",68.0,88.0,73.0,66.0,295.0,chacara
455559,2022,-2.361.453.246.117.970,-4.672.006.936.214.970,5,kilometer,872.0,"1655,29",68.0,78.0,73.0,87.0,306.0,chacara
455560,2022,-2.361.941.303.297.310,-46.730.939.912.140.800,5,kilometer,416.0,"1893,34",34.0,30.0,29.0,38.0,131.0,chacara
455561,2022,-23.619.776.697.757.600,-4.673.070.740.487.180,5,kilometer,548.0,"1671,68",45.0,51.0,42.0,41.0,179.0,chacara
455562,2022,-23.618.734.310.387.500,-4.673.057.064.123.260,5,kilometer,924.0,"1397,75",65.0,89.0,67.0,91.0,312.0,chacara
455563,2022,-23.618.820.691.100.700,-46.729.466.421.667.300,5,kilometer,1089.0,"1505,63",69.0,104.0,93.0,99.0,365.0,chacara
455564,2022,-236.178.174.139.767,-46.730.214.758.707.200,5,kilometer,762.0,"1575,76",60.0,72.0,58.0,78.0,268.0,chacara
455565,2022,-23.617.811.428.652.600,-4.672.932.436.145.830,5,kilometer,1124.0,"1648,29",89.0,96.0,74.0,107.0,366.0,chacara
455566,2022,-2.361.700.145.230.500,-467.280.162.196.188,5,kilometer,984.0,"1666,1",78.0,78.0,84.0,81.0,321.0,chacara
455567,2022,-23.616.981.306.217.900,-4.672.702.225.843.440,5,kilometer,638.0,"1801,66",63.0,61.0,50.0,54.0,228.0,chacara
455568,2022,-23.616.048.025.613.900,-4.672.698.211.707.740,5,kilometer,625.0,"1580,66",47.0,52.0,44.0,60.0,203.0,chacara
455569,2022,-23.615.978.761.389.300,-4.672.801.919.314.830,5,kilometer,1169.0,"1680,38",105.0,98.0,73.0,119.0,395.0,chacara
455570,2022,-23.615.023.747.491.600,-4.672.774.422.562.130,5,kilometer,894.0,"1497,48",58.0,59.0,66.0,86.0,269.0,chacara
455571,2022,-2.361.507.746.629.470,-4.672.669.366.197.590,5,kilometer,705.0,"1587,75",51.0,55.0,37.0,46.0,189.0,chacara
455572,2022,-23.614.788.737.034.400,-4.672.990.939.804.220,5,kilometer,937.0,"1643,08",64.0,60.0,71.0,68.0,263.0,chacara
455573,2022,-23.614.842.020.972.300,-4.672.889.190.939.970,5,kilometer,1323.0,"1603,86",125.0,123.0,113.0,88.0,449.0,chacara
455574,2022,-23.613.900.166.393.200,-4.672.852.501.445.780,5,kilometer,1967.0,"1710,17",153.0,172.0,172.0,159.0,656.0,chacara
455575,2022,-2.361.409.750.979.980,-4.672.706.668.687.440,5,kilometer,1496.0,"1605,93",134.0,130.0,117.0,112.0,493.0,chacara
455576,2022,-23.612.920.890.989.000,-4.672.843.023.633.520,5,kilometer,845.0,"1668,94",80.0,85.0,88.0,74.0,327.0,chacara
455577,2022,-23.613.033.528.729.300,-46.727.529.573.614.000,5,kilometer,1686.0,"1475,31",160.0,166.0,155.0,138.0,619.0,chacara
455578,2022,-23.613.051.461.888.300,-46.726.507.055.212,5,kilometer,1130.0,"1538,55",68.0,115.0,82.0,99.0,364.0,chacara
455579,2022,-2.361.419.443.975.630,-4.672.582.260.639.240,5,kilometer,1032.0,"1625,33",102.0,118.0,61.0,60.0,341.0,chacara
455580,2022,-2.361.429.685.458.770,-4.672.477.325.396.340,5,kilometer,545.0,"1597,71",49.0,52.0,50.0,42.0,193.0,chacara
455581,2022,-2.361.604.574.888.760,-46.726.062.460.040.300,5,kilometer,276.0,"1609,72",20.0,25.0,29.0,15.0,89.0,chacara
455582,2022,-2.361.642.309.203.460,-4.672.541.227.311.850,5,kilometer,751.0,"1631,24",57.0,78.0,59.0,66.0,260.0,chacara
455583,2022,-2.361.615.151.773.790,-46.724.767.146.704.900,5,kilometer,455.0,"1774,95",45.0,20.0,46.0,34.0,145.0,chacara
455584,2022,-2.361.383.448.525.370,-4.671.872.035.623.420,5,kilometer,188.0,"8632,94",12.0,8.0,7.0,7.0,34.0,chacara
455585,2022,-2.361.249.804.562.370,-46.722.939.684.291.700,5,kilometer,1141.0,"1450,93",108.0,184.0,48.0,68.0,408.0,chacara
455586,2022,-23.613.508.880.649.800,-467.227.485.788.978,5,kilometer,953.0,"1657,09",73.0,76.0,75.0,81.0,305.0,chacara
455587,2022,-23.642.442.023.579.400,-4.673.247.173.991.860,5,kilometer,737.0,"2246,72",40.0,43.0,48.0,51.0,182.0,chacara
455588,2022,-2.364.219.946.031.330,-46.731.509.101.049.400,5,kilometer,613.0,"2659,65",28.0,36.0,27.0,43.0,134.0,chacara
455589,2022,-236.375.888.897.742,-46.741.396.319.408.300,5,kilometer,613.0,"1944,18",36.0,56.0,40.0,55.0,187.0,chacara
455590,2022,-2.363.696.891.113.870,-4.674.036.909.836.340,5,kilometer,1149.0,"1612,6",78.0,104.0,95.0,96.0,373.0,chacara
455591,2022,-236.153.441.864.911,-4.672.371.875.947.810,5,kilometer,351.0,"1697,09",33.0,29.0,27.0,35.0,124.0,chacara
455592,2022,-2.361.554.272.606.800,-46.722.787.381.804.300,5,kilometer,1217.0,"1843,09",96.0,108.0,87.0,90.0,381.0,chacara
455593,2022,-23.615.629.640.771.400,-46.721.713.832.492.000,5,kilometer,677.0,"1917,7",36.0,49.0,42.0,58.0,185.0,chacara
455594,2022,-23.615.196.856.326.500,-46.725.675.925.111,5,kilometer,503.0,"1852,62",29.0,35.0,29.0,25.0,118.0,chacara
455595,2022,-2.361.529.768.515.290,-4.672.465.727.814.050,5,kilometer,602.0,"1659,54",43.0,64.0,45.0,36.0,188.0,chacara
455596,2022,-2.361.579.166.966.920,-4.673.029.991.460.120,5,kilometer,782.0,"2055,57",56.0,59.0,52.0,61.0,228.0,chacara
455597,2022,-23.615.719.365.188.600,-4.672.958.794.455.840,5,kilometer,735.0,"1882,08",50.0,55.0,62.0,71.0,238.0,chacara
455598,2022,-23.615.913.910.742.900,-4.672.881.777.369.330,5,kilometer,790.0,"1641,27",93.0,73.0,67.0,51.0,284.0,chacara
455599,2022,-23.616.707.737.237.300,-4.672.983.063.134.610,5,kilometer,816.0,"1609,84",78.0,83.0,56.0,64.0,281.0,chacara
455600,2022,-23.616.900.739.843.600,-4.672.912.381.323.640,5,kilometer,918.0,"1766,42",70.0,91.0,64.0,82.0,307.0,chacara
455601,2022,-23.616.625.337.256.600,-4.672.170.683.794.150,5,kilometer,1228.0,"1786,69",111.0,106.0,82.0,118.0,417.0,chacara
455602,2022,-23.617.271.280.509.500,-4.672.607.092.771.930,5,kilometer,306.0,"2039,08",20.0,26.0,20.0,26.0,92.0,chacara
455603,2022,-23.617.382.392.730.700,-4.672.492.966.184.120,5,kilometer,390.0,"1740,76",17.0,25.0,17.0,16.0,75.0,chacara
455604,2022,-23.618.978.108.831.300,-467.263.174.279.137,5,kilometer,533.0,"2152,72",29.0,44.0,30.0,44.0,147.0,chacara
455605,2022,-2.361.929.280.601.020,-4.672.581.478.701.910,5,kilometer,941.0,"1825,08",73.0,80.0,76.0,55.0,284.0,chacara
455606,2022,-2.361.321.503.150.810,-46.725.653.435.929.800,5,kilometer,983.0,"1572,49",79.0,78.0,79.0,75.0,311.0,chacara
455607,2022,-23.613.325.872.431.500,-46.724.612.642.823.300,5,kilometer,538.0,"1712,26",46.0,47.0,45.0,34.0,172.0,chacara
455608,2022,-23.618.751.755.151.500,-46.728.462.983.660.400,5,kilometer,665.0,"1532,37",38.0,77.0,52.0,56.0,223.0,chacara
455609,2022,-23.619.342.759.364.500,-46.728.300.160.906.500,5,kilometer,617.0,"1457,11",50.0,65.0,57.0,70.0,242.0,chacara
455610,2022,-2.361.885.757.925.160,-467.276.736.931.998,5,kilometer,739.0,"1437,2",73.0,82.0,63.0,59.0,277.0,chacara
455611,2022,-23.618.879.475.966.200,-46.726.921.366.186.100,5,kilometer,290.0,"1493,16",21.0,19.0,28.0,30.0,98.0,chacara
455612,2022,-23.619.792.898.839.900,-4.672.945.470.293.480,5,kilometer,783.0,"1917,76",61.0,62.0,42.0,56.0,221.0,chacara
455613,2022,-2.362.026.864.155.540,-46.729.773.984.307.300,5,kilometer,547.0,"1852,04",50.0,49.0,33.0,50.0,182.0,chacara
455614,2022,-23.642.499.784.119.600,-46.729.162.425.428.800,5,kilometer,1055.0,"1642,37",79.0,88.0,87.0,99.0,353.0,chacara
455615,2022,-236.432.182.329.911,-4.672.948.579.275.190,5,kilometer,507.0,"1949,77",38.0,42.0,38.0,37.0,155.0,chacara
455616,2022,-23.634.714.037.729.700,-4.673.015.161.935.280,5,kilometer,435.0,"17738,96",28.0,18.0,14.0,17.0,77.0,chacara
455617,2022,-2.363.225.658.527.800,-4.673.942.163.499.600,5,kilometer,328.0,"10458,73",25.0,17.0,9.0,4.0,55.0,chacara
455618,2022,-23.633.107.619.680.600,-4.673.830.579.316.560,5,kilometer,273.0,"11494,69",20.0,8.0,11.0,11.0,50.0,chacara
455619,2022,-2.362.501.627.485.900,-4.672.085.039.094.480,5,kilometer,166.0,"14171,89",12.0,8.0,7.0,8.0,35.0,chacara
455620,2022,-2.362.195.710.985.300,-4.672.334.735.308.840,5,kilometer,1292.0,"4500,65",82.0,71.0,45.0,54.0,252.0,chacara
455621,2022,-2.363.241.172.991.040,-4.672.347.687.890.760,5,kilometer,209.0,"23306,02",10.0,9.0,25.0,24.0,68.0,chacara
455622,2022,-23.630.111.512.952.400,-46.721.290.263.942.400,5,kilometer,299.0,"38322,45",20.0,6.0,14.0,14.0,54.0,chacara
455623,2022,-23.630.257.214.953.700,-4.671.965.064.319.460,5,kilometer,267.0,"29036,36",12.0,11.0,26.0,13.0,62.0,chacara
455624,2022,-23.622.675.625.155.400,-4.672.982.837.200.720,5,kilometer,334.0,"6776,19",31.0,17.0,12.0,18.0,78.0,chacara
455625,2022,-23.616.521.720.808.500,-4.673.056.836.539.610,5,kilometer,529.0,"2647,77",30.0,36.0,48.0,49.0,163.0,chacara
455626,2022,-236.168.123.156.102,-4.673.130.048.069.580,5,kilometer,305.0,"7831,82",10.0,7.0,4.0,8.0,29.0,chacara
455627,2022,-23.619.284.735.672.100,-46.738.599.130.114.300,5,kilometer,425.0,"13450,24",31.0,25.0,10.0,10.0,76.0,chacara
455628,2022,-23.620.366.531.091.500,-4.673.862.720.388.370,5,kilometer,199.0,"17325,57",6.0,10.0,12.0,6.0,34.0,chacara
455629,2022,-23.623.343.428.040.000,-4.672.630.654.937.740,5,kilometer,392.0,"11790,69",12.0,21.0,14.0,11.0,58.0,chacara
455630,2022,-23.632.685.073.778.400,-4.673.177.490.500.540,5,kilometer,247.0,"19061,8",5.0,12.0,17.0,17.0,51.0,chacara
455631,2022,-23.631.669.241.361.600,-467.309.391.608.338,5,kilometer,625.0,"24194,58",69.0,54.0,39.0,25.0,187.0,chacara
455632,2022,-23.614.412.032.977.500,-46.723.482.185.747.600,5,kilometer,296.0,"1704,57",27.0,21.0,29.0,23.0,100.0,chacara
455633,2022,-23.614.534.210.707.600,-4.672.249.371.774.990,5,kilometer,560.0,"1613,31",47.0,45.0,39.0,42.0,173.0,chacara
455634,2022,-2.362.687.942.554.380,-467.391.853.339.739,5,kilometer,584.0,"13874,43",35.0,54.0,21.0,6.0,116.0,chacara
455635,2022,-2.362.432.162.170.000,-4.673.829.974.783.700,5,kilometer,168.0,"10263,44",8.0,8.0,,,16.0,chacara
455636,2022,-23.629.083.899.799.800,-46.732.565.752.424.500,5,kilometer,463.0,"15834,52",14.0,20.0,25.0,27.0,86.0,chacara
455637,2022,-23.627.306.080.389.900,-467.330.798.658.282,5,kilometer,125.0,"12794,67",,0.0,,,0.0,chacara
455638,2022,-23.619.367.442.582.900,-4.673.721.629.019.460,5,kilometer,357.0,"19315,01",28.0,16.0,14.0,10.0,68.0,chacara
455639,2022,-23.634.905.380.935.800,-4.672.629.019.976.660,5,kilometer,632.0,"18954,01",45.0,49.0,39.0,31.0,164.0,chacara
455640,2022,-23.617.456.760.743.600,-4.673.071.968.368.710,5,kilometer,783.0,"1872,73",64.0,61.0,68.0,86.0,279.0,chacara
455641,2022,-236.351.201.293.116,-4.673.585.827.532.030,5,kilometer,141.0,"10497,14",4.0,,,,4.0,chacara
455642,2022,-23.634.038.629.987.300,-46.735.525.961.388.600,5,kilometer,463.0,"10836,24",16.0,25.0,12.0,6.0,59.0,chacara
455643,2022,-2.362.413.764.523.690,-4.673.067.057.464.260,5,kilometer,428.0,"14187,69",21.0,7.0,9.0,11.0,48.0,chacara
455644,2022,-23.626.700.490.557.600,-46.729.058.048.937.900,5,kilometer,256.0,"13527,08",16.0,10.0,19.0,12.0,57.0,chacara
455645,2022,-23.618.962.147.332.500,-4.674.533.425.618.140,5,kilometer,440.0,"3372,98",24.0,16.0,30.0,25.0,95.0,chacara
455646,2022,-23.623.933.423.657.500,-4.674.429.451.821.100,5,kilometer,384.0,"7246,3",20.0,18.0,16.0,17.0,71.0,chacara
455647,2022,-23.622.065.241.911.600,-4.674.399.802.372.660,5,kilometer,60.0,"3169,6",0.0,3.0,3.0,4.0,10.0,chacara
455648,2022,-2.362.050.722.409.270,-46.743.619.811.287.100,5,kilometer,454.0,"14012,06",33.0,30.0,21.0,25.0,109.0,chacara
455649,2022,-23.632.895.812.160.300,-4.674.095.241.420.820,5,kilometer,371.0,"4714,1",24.0,24.0,14.0,16.0,78.0,chacara
455650,2022,-23.633.417.542.718.300,-46.740.787.072.763.300,5,kilometer,565.0,"4352,31",35.0,33.0,31.0,20.0,119.0,chacara
455651,2022,-23.630.561.614.332.300,-46.738.592.858.637.800,5,kilometer,328.0,"11846,07",20.0,11.0,8.0,5.0,44.0,chacara
455652,2022,-23.631.208.486.670.100,-4.673.882.747.864.990,5,kilometer,324.0,"11439,05",23.0,11.0,8.0,6.0,48.0,chacara
455653,2022,-23.636.231.293.274.500,-4.673.820.434.111.740,5,kilometer,311.0,"7206,51",14.0,22.0,16.0,13.0,65.0,chacara
455654,2022,-23.636.982.006.715.800,-4.673.861.617.698.390,5,kilometer,252.0,"9149,93",15.0,11.0,6.0,7.0,39.0,chacara
455655,2022,-23.627.406.140.364.300,-4.674.388.386.259.720,5,kilometer,212.0,"13174,24",5.0,,4.0,,9.0,chacara
455656,2022,-2.362.659.081.958.940,-4.674.196.728.415.680,5,kilometer,784.0,"13254,26",64.0,48.0,36.0,33.0,181.0,chacara
455657,2022,-2.362.674.888.797.190,-4.674.030.609.197.540,5,kilometer,138.0,"12706,72",3.0,,10.0,4.0,17.0,chacara
455658,2022,-2.363.245.299.339.530,-4.673.065.739.313.180,5,kilometer,289.0,"23967,79",15.0,17.0,36.0,22.0,90.0,chacara
455659,2022,-23.632.481.363.916.900,-4.672.963.947.699.360,5,kilometer,263.0,"12139,15",10.0,3.0,5.0,7.0,25.0,chacara
455660,2022,-2.363.235.057.194.610,-4.672.923.257.366.650,5,kilometer,269.0,"12548,96",8.0,7.0,6.0,5.0,26.0,chacara
455661,2022,-23.624.720.231.690.800,-46.745.066.045.099.600,5,kilometer,578.0,"4432,37",44.0,22.0,21.0,28.0,115.0,chacara
455662,2022,-23.625.420.505.306.100,-467.444.033.668.271,5,kilometer,345.0,"8381,83",26.0,19.0,16.0,16.0,77.0,chacara
455663,2022,-23.640.094.383.562.000,-4.673.933.778.946.830,5,kilometer,1691.0,"3883,02",111.0,95.0,97.0,74.0,377.0,chacara
455664,2022,-2.363.793.151.143.000,-4.674.166.395.393.730,5,kilometer,235.0,"1425,14",18.0,31.0,10.0,18.0,77.0,chacara
455665,2022,-23.636.787.342.112.000,-46.741.647.229.958,5,kilometer,417.0,"1868,86",46.0,37.0,45.0,42.0,170.0,chacara
455666,2022,-23.638.844.697.101.200,-4.674.358.794.246.550,5,kilometer,265.0,"1652,99",31.0,35.0,18.0,17.0,101.0,chacara
455667,2022,-23.637.581.614.462.400,-46.742.945.515.253.300,5,kilometer,905.0,"2940,59",49.0,60.0,59.0,57.0,225.0,chacara
455668,2022,-2.361.683.332.000.000,-4.672.031.114.419.400,5,kilometer,,,,,,,0.0,chacara
455669,2022,-236.164.372.956.792,-46.720.192.794.326.300,5,kilometer,87.0,"1848,7",4.0,4.0,,9.0,17.0,chacara
455670,2022,-23.627.586.995.637.900,-4.672.609.431.897.150,5,kilometer,15.0,2250,0.0,0.0,3.0,,3.0,chacara
455672,2022,-2.361.894.716.131.680,-4.672.476.023.336.360,5,kilometer,537.0,"1805,85",36.0,60.0,53.0,55.0,204.0,chacara
458068,2022,-2.360.166.543.553.540,-4.674.118.988.594.810,5,kilometer,132.0,"18358,61",3.0,3.0,6.0,7.0,19.0,chacara
458071,2022,-23.600.586.834.722.700,-4.673.642.221.930.360,5,kilometer,526.0,"3932,29",29.0,31.0,34.0,33.0,127.0,chacara
458072,2022,-2.360.141.141.441.630,-4.673.834.256.109.850,5,kilometer,259.0,"4181,39",10.0,5.0,9.0,14.0,38.0,chacara
458073,2022,-23.603.589.387.189.000,-4.673.809.322.375.130,5,kilometer,334.0,"3765,06",15.0,15.0,18.0,13.0,61.0,chacara
458074,2022,-23.605.086.233.760.500,-46.738.000.789.887.400,5,kilometer,406.0,"7263,81",16.0,25.0,20.0,23.0,84.0,chacara
458075,2022,-23.606.067.583.267.800,-4.673.834.588.030.430,5,kilometer,383.0,"7336,2",13.0,10.0,18.0,14.0,55.0,chacara
458076,2022,-23.606.860.301.571.300,-4.674.001.736.995.810,5,kilometer,256.0,"7427,31",3.0,12.0,13.0,9.0,37.0,chacara
458077,2022,-23.603.822.945.221.400,-46.740.642.037.689.400,5,kilometer,396.0,"4735,05",19.0,15.0,18.0,20.0,72.0,chacara
458078,2022,-23.602.740.925.533.700,-4.674.193.851.354.970,5,kilometer,257.0,"6349,32",8.0,11.0,8.0,11.0,38.0,chacara
458079,2022,-23.603.804.915.672.100,-4.674.206.610.976.010,5,kilometer,345.0,"4576,77",7.0,13.0,21.0,20.0,61.0,chacara
458086,2022,-23.598.123.999.845.700,-46.734.608.322.628.500,5,kilometer,383.0,"3737,56",19.0,23.0,20.0,15.0,77.0,chacara
458087,2022,-235.990.552.902.917,-4.673.618.217.086.080,5,kilometer,265.0,"2440,65",11.0,12.0,19.0,19.0,61.0,chacara
458088,2022,-2.360.307.643.989.150,-4.673.442.117.849.060,5,kilometer,393.0,"3852,89",23.0,30.0,28.0,23.0,104.0,chacara
458089,2022,-23.608.633.490.428.700,-467.367.685.147.019,5,kilometer,455.0,"8936,39",11.0,20.0,29.0,18.0,78.0,chacara
458090,2022,-23.607.427.133.502.000,-467.428.364.169.464,5,kilometer,342.0,"7886,64",7.0,18.0,10.0,23.0,58.0,chacara
458091,2022,-2.360.462.604.918.220,-4.674.304.705.618.230,5,kilometer,420.0,"8190,93",15.0,17.0,27.0,18.0,77.0,chacara
458099,2022,-2.359.780.329.364.260,-46.732.731.125.664.800,5,kilometer,511.0,"2676,65",17.0,29.0,36.0,22.0,104.0,chacara
458100,2022,-23.598.707.310.637.500,-4.673.263.192.565.380,5,kilometer,169.0,"3010,46",4.0,7.0,8.0,7.0,26.0,chacara
458101,2022,-2.360.017.557.500.330,-46.732.453.417.888,5,kilometer,260.0,"3674,56",8.0,10.0,7.0,13.0,38.0,chacara
458102,2022,-23.601.672.879.605.900,-4.673.138.259.040.780,5,kilometer,398.0,"3854,35",16.0,26.0,19.0,15.0,76.0,chacara
458103,2022,-2.360.148.808.944.990,-4.672.935.756.186.920,5,kilometer,445.0,8734,26.0,17.0,24.0,23.0,90.0,chacara
458104,2022,-23.603.067.467.599.400,-46.727.749.379.894.300,5,kilometer,300.0,"7642,09",13.0,17.0,14.0,8.0,52.0,chacara
458105,2022,-2.360.601.554.410.930,-4.672.908.923.080.970,5,kilometer,737.0,"1658,37",42.0,53.0,56.0,55.0,206.0,chacara
458106,2022,-2.360.710.354.223.080,-467.269.964.256.434,5,kilometer,701.0,"1928,49",49.0,45.0,43.0,57.0,194.0,chacara
458107,2022,-2.360.990.187.659.110,-46.728.550.269.392.300,5,kilometer,1188.0,"1638,48",69.0,92.0,95.0,91.0,347.0,chacara
458108,2022,-23.609.039.063.288.800,-4.672.951.696.063.440,5,kilometer,1062.0,"1577,78",85.0,87.0,96.0,87.0,355.0,chacara
458109,2022,-23.611.063.230.784.100,-4.673.231.528.638.360,5,kilometer,353.0,"15922,27",15.0,11.0,14.0,19.0,59.0,chacara
458110,2022,-23.615.152.983.380.200,-4.673.912.671.368.280,5,kilometer,446.0,"9737,97",18.0,19.0,20.0,30.0,87.0,chacara
458111,2022,-23.613.274.293.822.000,-4.673.591.238.363.390,5,kilometer,454.0,"12848,35",26.0,21.0,27.0,22.0,96.0,chacara
458112,2022,-23.615.455.405.349.900,-4.673.741.212.153.200,5,kilometer,499.0,"12752,78",25.0,28.0,21.0,28.0,102.0,chacara
458113,2022,-23.615.732.249.394.900,-4.673.561.766.906.200,5,kilometer,320.0,"13509,79",8.0,13.0,22.0,24.0,67.0,chacara
458114,2022,-2.361.151.820.742.640,-46.738.763.628.424.900,5,kilometer,362.0,"13083,47",22.0,23.0,12.0,12.0,69.0,chacara
458115,2022,-23.608.051.165.738.200,-4.674.589.466.917.650,5,kilometer,227.0,6123,9.0,10.0,10.0,11.0,40.0,chacara
458116,2022,-23.609.988.867.410.100,-4.674.716.193.041.430,5,kilometer,353.0,"5377,55",10.0,11.0,14.0,15.0,50.0,chacara
458134,2022,-23.594.251.925.169.500,-467.284.555.817.701,5,kilometer,227.0,"5881,81",6.0,6.0,8.0,7.0,27.0,chacara
458135,2022,-23.595.629.761.933.900,-4.672.629.933.170.430,5,kilometer,573.0,"5179,67",16.0,27.0,30.0,29.0,102.0,chacara
458136,2022,-235.959.247.446.831,-46.728.681.039.714.800,5,kilometer,180.0,"4491,66",8.0,7.0,9.0,11.0,35.0,chacara
458137,2022,-2.359.770.947.120.120,-4.672.719.122.498.390,5,kilometer,250.0,"3893,64",5.0,13.0,6.0,15.0,39.0,chacara
458138,2022,-2.359.751.565.025.590,-46.730.075.887.340.100,5,kilometer,557.0,"16153,07",17.0,23.0,24.0,44.0,108.0,chacara
458139,2022,-2.359.969.502.054.570,-4.672.815.995.070.340,5,kilometer,346.0,"13268,76",13.0,10.0,15.0,32.0,70.0,chacara
458140,2022,-23.600.899.030.821.500,-46.726.876.546.687.200,5,kilometer,590.0,"5442,63",28.0,30.0,30.0,27.0,115.0,chacara
458141,2022,-2.361.289.547.442.450,-4.673.139.879.559.620,5,kilometer,462.0,"11694,59",14.0,18.0,22.0,13.0,67.0,chacara
458142,2022,-23.614.374.784.719.100,-46.749.525.900.130.000,5,kilometer,245.0,"5352,48",6.0,11.0,8.0,10.0,35.0,chacara
458143,2022,-2.361.145.968.731.170,-46.748.773.587.901.800,5,kilometer,63.0,"5200,55",7.0,,5.0,7.0,19.0,chacara
458144,2022,-2.361.001.361.797.260,-4.675.010.498.816.090,5,kilometer,224.0,"7049,21",6.0,5.0,9.0,9.0,29.0,chacara
458148,2022,-2.359.371.271.688.170,-46.723.133.355.831.700,5,kilometer,425.0,"13097,16",8.0,13.0,16.0,20.0,57.0,chacara
458149,2022,-23.598.857.678.143.700,-46.722.631.769.356.200,5,kilometer,232.0,"7826,37",7.0,6.0,10.0,17.0,40.0,chacara
458150,2022,-23.598.776.461.314.300,-4.673.563.367.484.150,5,kilometer,610.0,"1729,56",38.0,37.0,35.0,36.0,146.0,chacara
458152,2022,-236.121.395.246.443,-46.750.289.368.182.300,5,kilometer,,,,,,,0.0,chacara
458155,2022,-23.600.366.671.019.100,-4.673.990.261.851.530,5,kilometer,159.0,"4022,95",,6.0,7.0,6.0,19.0,chacara
458158,2022,-23.603.747.762.037.900,-46.739.575.688.878.100,5,kilometer,406.0,"6135,62",12.0,15.0,16.0,15.0,58.0,chacara
458160,2022,-23.600.743.837.139.300,-4.673.918.024.402.710,5,kilometer,406.0,"4013,83",20.0,13.0,20.0,15.0,68.0,chacara
458161,2022,-2.359.933.620.850.320,-4.673.754.170.889.480,5,kilometer,389.0,"3106,05",15.0,25.0,14.0,18.0,72.0,chacara
458162,2022,-23.602.121.995.617.400,-4.673.607.444.707.830,5,kilometer,427.0,"3400,96",19.0,18.0,22.0,22.0,81.0,chacara
458163,2022,-23.602.935.967.127.300,-4.673.691.276.389.110,5,kilometer,322.0,"3789,25",11.0,13.0,13.0,20.0,57.0,chacara
458164,2022,-23.603.462.206.943.700,-467.374.300.686.684,5,kilometer,351.0,"5171,95",21.0,16.0,13.0,22.0,72.0,chacara
458165,2022,-23.606.618.351.958.900,-4.673.882.712.208.860,5,kilometer,341.0,"6440,68",7.0,9.0,19.0,17.0,52.0,chacara
458166,2022,-2.360.255.575.133.550,-4.674.099.596.543.710,5,kilometer,328.0,6423,8.0,13.0,14.0,21.0,56.0,chacara
458167,2022,-23.601.985.738.309.100,-46.742.628.054.981.600,5,kilometer,216.0,"7302,07",8.0,9.0,7.0,9.0,33.0,chacara
458175,2022,-2.360.281.555.189.960,-4.673.384.391.697.110,5,kilometer,511.0,2697,32.0,31.0,26.0,35.0,124.0,chacara
458176,2022,-2.360.386.865.857.680,-46.735.172.112.734,5,kilometer,392.0,"3522,82",18.0,20.0,21.0,16.0,75.0,chacara
458177,2022,-23.609.806.904.397.500,-46.736.778.259.245.600,5,kilometer,240.0,"8846,3",9.0,8.0,12.0,9.0,38.0,chacara
458178,2022,-2.361.066.942.907.670,-4.673.574.756.899.100,5,kilometer,407.0,"15446,18",11.0,17.0,14.0,27.0,69.0,chacara
458179,2022,-23.610.278.364.016.900,-4.673.483.395.881.900,5,kilometer,226.0,"10436,34",9.0,10.0,20.0,16.0,55.0,chacara
458180,2022,-2.361.045.917.440.710,-4.673.993.586.779.160,5,kilometer,177.0,"9708,79",4.0,7.0,11.0,11.0,33.0,chacara
458181,2022,-2.360.981.161.932.380,-4.674.220.784.130.920,5,kilometer,191.0,"11634,26",5.0,8.0,6.0,7.0,26.0,chacara
458182,2022,-23.605.930.697.150.100,-4.674.449.389.367.950,5,kilometer,359.0,"8124,85",6.0,15.0,19.0,17.0,57.0,chacara
458200,2022,-2.359.603.110.148.650,-4.673.222.794.989.490,5,kilometer,257.0,"5053,34",6.0,9.0,11.0,9.0,35.0,chacara
458201,2022,-23.598.900.521.505.900,-4.673.141.726.654.610,5,kilometer,573.0,"8879,2",23.0,28.0,26.0,22.0,99.0,chacara
458202,2022,-23.600.098.921.804.600,-4.673.115.741.506.800,5,kilometer,486.0,"9345,24",15.0,20.0,22.0,33.0,90.0,chacara
458203,2022,-2.359.943.585.428.320,-4.673.032.407.344.620,5,kilometer,245.0,"7674,05",4.0,4.0,8.0,6.0,22.0,chacara
458204,2022,-23.600.471.307.573.900,-4.673.049.669.405.130,5,kilometer,247.0,"10662,62",10.0,7.0,9.0,6.0,32.0,chacara
458205,2022,-23.603.896.888.108.100,-46.730.634.518.331.000,5,kilometer,378.0,"5160,95",11.0,11.0,11.0,20.0,53.0,chacara
458206,2022,-236.081.269.643.384,-4.672.676.614.120.250,5,kilometer,420.0,"13950,94",13.0,25.0,27.0,19.0,84.0,chacara
458207,2022,-2.360.594.934.112.020,-46.728.600.304.857.000,5,kilometer,150.0,"2105,38",8.0,13.0,14.0,14.0,49.0,chacara
458208,2022,-23.606.116.018.346.700,-4.672.683.306.107.720,5,kilometer,910.0,"1847,68",60.0,69.0,71.0,87.0,287.0,chacara
458209,2022,-2.360.702.371.754.940,-4.672.790.150.462.130,5,kilometer,699.0,"1767,42",41.0,62.0,59.0,55.0,217.0,chacara
458210,2022,-23.607.484.631.544.300,-4.672.893.983.727.260,5,kilometer,945.0,"1539,39",61.0,72.0,82.0,88.0,303.0,chacara
458211,2022,-236.079.881.004.507,-4.672.796.447.556.230,5,kilometer,844.0,"1450,67",59.0,71.0,60.0,46.0,236.0,chacara
458212,2022,-23.607.934.110.305.700,-46.727.780.131.373.600,5,kilometer,313.0,"1466,79",33.0,33.0,27.0,26.0,119.0,chacara
458213,2022,-236.094.953.750.185,-4.672.786.111.888.170,5,kilometer,1275.0,"1874,15",94.0,101.0,120.0,98.0,413.0,chacara
458214,2022,-2.361.104.499.746.790,-46.728.277.921.038.200,5,kilometer,586.0,"1868,98",40.0,51.0,31.0,59.0,181.0,chacara
458215,2022,-23.610.989.437.933.600,-4.673.462.893.340.860,5,kilometer,334.0,"8446,16",11.0,13.0,17.0,12.0,53.0,chacara
458216,2022,-2.361.123.560.591.630,-4.673.532.537.277.640,5,kilometer,331.0,"7568,71",6.0,13.0,19.0,21.0,59.0,chacara
458217,2022,-23.613.300.258.512.800,-4.673.882.917.776.510,5,kilometer,529.0,"14606,37",22.0,29.0,33.0,23.0,107.0,chacara
458218,2022,-2.361.002.536.816.810,-4.673.748.171.387.100,5,kilometer,552.0,"16528,15",27.0,50.0,51.0,44.0,172.0,chacara
458219,2022,-236.111.495.575.928,-46.737.251.148.164.900,5,kilometer,486.0,"14813,84",33.0,36.0,39.0,31.0,139.0,chacara
458220,2022,-2.361.073.173.834.870,-46.737.413.165.811.300,5,kilometer,209.0,"12213,7",5.0,8.0,15.0,10.0,38.0,chacara
458221,2022,-23.612.088.300.138.500,-4.673.903.609.160.000,5,kilometer,198.0,"10041,31",4.0,3.0,4.0,12.0,23.0,chacara
458222,2022,-23.614.227.612.070.000,-4.674.270.238.993.160,5,kilometer,510.0,"4377,02",15.0,13.0,19.0,24.0,71.0,chacara
458223,2022,-23.615.321.797.013.800,-4.674.674.387.637.340,5,kilometer,206.0,"7546,51",8.0,14.0,8.0,4.0,34.0,chacara
458224,2022,-23.610.753.608.305.300,-4.674.357.279.266.160,5,kilometer,349.0,"7067,88",7.0,4.0,17.0,17.0,45.0,chacara
458225,2022,-2.361.031.191.202.640,-46.744.062.120.969.000,5,kilometer,383.0,"6237,33",11.0,15.0,13.0,20.0,59.0,chacara
458226,2022,-236.119.775.868.874,-467.425.558.121.905,5,kilometer,314.0,"8828,67",9.0,11.0,7.0,11.0,38.0,chacara
458227,2022,-23.611.138.514.871.100,-467.473.251.687.074,5,kilometer,248.0,"6667,99",15.0,19.0,9.0,11.0,54.0,chacara
458264,2022,-23.595.175.548.216.000,-4.672.989.741.923.460,5,kilometer,157.0,"4574,51",6.0,7.0,5.0,12.0,30.0,chacara
458265,2022,-23.594.929.811.610.300,-4.672.731.270.375.120,5,kilometer,280.0,"6345,12",4.0,9.0,12.0,13.0,38.0,chacara
458267,2022,-23.596.694.239.357.800,-46.727.360.132.346.000,5,kilometer,281.0,"5530,19",10.0,12.0,16.0,15.0,53.0,chacara
458268,2022,-23.598.633.468.064.300,-4.672.778.922.864.710,5,kilometer,341.0,"5386,65",10.0,18.0,8.0,13.0,49.0,chacara
458269,2022,-23.598.029.079.322.500,-4.673.036.504.859.370,5,kilometer,280.0,"18546,82",5.0,13.0,14.0,14.0,46.0,chacara
458270,2022,-23.599.120.169.319.300,-46.729.156.494.254.000,5,kilometer,469.0,"16098,31",16.0,26.0,26.0,32.0,100.0,chacara
458271,2022,-235.997.910.813.481,-46.725.565.392.719.800,5,kilometer,312.0,"21510,6",12.0,26.0,27.0,13.0,78.0,chacara
458272,2022,-2.360.150.506.685.340,-4.672.567.629.251.410,5,kilometer,176.0,"15225,71",10.0,11.0,11.0,6.0,38.0,chacara
458273,2022,-23.598.480.647.299.600,-4.672.562.030.707.660,5,kilometer,545.0,"6794,24",14.0,30.0,22.0,34.0,100.0,chacara
458274,2022,-23.616.070.232.695.800,-4.674.882.702.669.920,5,kilometer,388.0,"5796,9",13.0,16.0,18.0,19.0,66.0,chacara
458275,2022,-23.610.652.260.022.700,-4.674.937.241.728.580,5,kilometer,483.0,"4064,31",12.0,12.0,19.0,22.0,65.0,chacara
458277,2022,-2.359.074.296.802.790,-4.672.568.935.507.700,5,kilometer,362.0,"9980,47",6.0,17.0,15.0,15.0,53.0,chacara
458278,2022,-23.596.453.725.863.000,-46.721.619.146.643.300,5,kilometer,364.0,"8985,89",11.0,17.0,19.0,20.0,67.0,chacara
458279,2022,-23.597.989.825.710.700,-4.672.404.829.933.130,5,kilometer,386.0,"10362,18",22.0,15.0,11.0,18.0,66.0,chacara
458280,2022,-23.598.302.107.175.500,-4.672.366.733.363.570,5,kilometer,319.0,"14573,9",18.0,18.0,15.0,16.0,67.0,chacara
458287,2022,-23.599.025.623.106.800,-4.673.579.833.418.820,5,kilometer,151.0,"3011,67",6.0,11.0,5.0,13.0,35.0,chacara
458288,2022,-23.604.357.730.732.000,-4.672.629.980.549.040,5,kilometer,240.0,"12011,69",11.0,10.0,19.0,18.0,58.0,chacara
458290,2022,-23.611.504.427.813.400,-4.672.921.515.015.320,5,kilometer,689.0,"1648,13",59.0,60.0,62.0,65.0,246.0,chacara
458299,2022,-2.360.603.563.572.550,-46.734.891.913.618.400,5,kilometer,872.0,"21168,4",76.0,95.0,71.0,52.0,294.0,chacara
458300,2022,-2.360.682.373.448.660,-46.735.756.222.037.200,5,kilometer,648.0,"20294,88",64.0,73.0,48.0,28.0,213.0,chacara
458301,2022,-23.607.793.093.526.300,-467.351.188.338.414,5,kilometer,648.0,"21230,77",46.0,58.0,54.0,37.0,195.0,chacara
458302,2022,-2.360.879.624.343.080,-46.734.521.097.824.700,5,kilometer,634.0,"17041,56",32.0,55.0,55.0,43.0,185.0,chacara
458303,2022,-23.610.304.659.166.100,-4.673.300.221.413.670,5,kilometer,481.0,"13162,76",37.0,29.0,42.0,23.0,131.0,chacara
458304,2022,-23.608.797.869.369.300,-4.674.061.742.099.590,5,kilometer,440.0,"8693,38",22.0,15.0,17.0,23.0,77.0,chacara
458305,2022,-2.360.894.678.557.480,-4.673.875.449.681.320,5,kilometer,398.0,"15241,02",25.0,36.0,25.0,13.0,99.0,chacara
458315,2022,-2.360.807.161.656.460,-4.672.727.592.099.390,5,kilometer,373.0,"6956,83",18.0,11.0,7.0,15.0,51.0,chacara
458316,2022,-23.606.165.278.026.300,-4.672.735.934.972.910,5,kilometer,234.0,"4696,2",9.0,22.0,21.0,12.0,64.0,chacara
458317,2022,-23.613.148.778.628.000,-4.673.814.740.910.820,5,kilometer,245.0,"12102,27",12.0,8.0,5.0,9.0,34.0,chacara
458318,2022,-23.612.807.524.601.500,-4.673.708.076.787.530,5,kilometer,391.0,"13838,8",9.0,22.0,20.0,27.0,78.0,chacara
458319,2022,-2.360.050.580.394.540,-4.673.374.106.091.170,5,kilometer,218.0,"2361,9",8.0,16.0,15.0,13.0,52.0,chacara
458320,2022,-2.360.240.668.705.710,-4.673.228.915.069.810,5,kilometer,429.0,"9490,32",24.0,22.0,21.0,20.0,87.0,chacara
458321,2022,-2.360.948.628.582.640,-4.674.256.166.422.730,5,kilometer,273.0,"8674,66",8.0,17.0,11.0,13.0,49.0,chacara
458322,2022,-2.360.906.293.209.380,-4.674.263.222.434.770,5,kilometer,415.0,"10228,08",20.0,26.0,28.0,23.0,97.0,chacara
458326,2022,-23.610.083.169.106.400,-4.674.493.236.287.610,5,kilometer,172.0,"6486,46",6.0,13.0,6.0,6.0,31.0,chacara
458327,2022,-2.361.128.288.365.930,-46.743.072.275.970.400,5,kilometer,420.0,"8822,45",18.0,12.0,14.0,20.0,64.0,chacara
458328,2022,-23.611.689.209.405.700,-46.742.765.788.239.800,5,kilometer,139.0,"4683,95",5.0,,4.0,6.0,15.0,chacara
458329,2022,-2.361.245.714.280.450,-4.674.217.794.175.580,5,kilometer,750.0,"13215,92",43.0,70.0,47.0,46.0,206.0,chacara
458334,2022,-23.613.293.291.481.700,-46.749.644.220.597.900,5,kilometer,365.0,"3086,38",18.0,20.0,35.0,26.0,99.0,chacara
458335,2022,-23.614.077.684.076.200,-46.748.439.095.433.200,5,kilometer,601.0,"2078,78",33.0,37.0,57.0,47.0,174.0,chacara
458336,2022,-23.614.636.445.384.000,-4.674.758.158.218.750,5,kilometer,152.0,"8520,77",4.0,10.0,6.0,8.0,28.0,chacara
458337,2022,-23.614.846.699.760.000,-4.674.709.715.723.570,5,kilometer,157.0,"1810,81",11.0,23.0,13.0,15.0,62.0,chacara
458340,2022,-23.611.602.761.097.600,-4.675.079.405.883.770,5,kilometer,375.0,"6904,18",33.0,21.0,18.0,8.0,80.0,chacara
458343,2022,-2.360.197.219.899.570,-4.673.354.441.565.700,5,kilometer,457.0,"2377,36",23.0,26.0,29.0,21.0,99.0,chacara
458344,2022,-2.360.404.090.209.550,-4.673.243.885.378.760,5,kilometer,114.0,"1512,5",5.0,13.0,9.0,14.0,41.0,chacara
458345,2022,-23.610.744.071.928.500,-4.672.881.085.637.980,5,kilometer,758.0,"1549,81",76.0,65.0,52.0,55.0,248.0,chacara
458346,2022,-23.612.129.027.951.300,-4.672.958.111.113.060,5,kilometer,237.0,"14606,48",8.0,11.0,8.0,9.0,36.0,chacara
458347,2022,-2.361.220.126.591.230,-4.674.880.492.503.120,5,kilometer,309.0,"1592,33",11.0,26.0,22.0,36.0,95.0,chacara
458348,2022,-23.612.936.003.716.600,-4.674.914.916.170.820,5,kilometer,89.0,"1718,48",6.0,11.0,6.0,8.0,31.0,chacara
458355,2022,-2.360.895.247.747.920,-4.672.835.436.302.670,5,kilometer,736.0,"1709,52",52.0,65.0,70.0,56.0,243.0,chacara
458356,2022,-23.608.893.831.656.000,-46.728.913.654.493.800,5,kilometer,464.0,"1614,66",30.0,34.0,45.0,46.0,155.0,chacara
458357,2022,-2.361.024.924.060.870,-4.673.106.751.320.080,5,kilometer,103.0,"13528,95",8.0,3.0,,4.0,15.0,chacara
458358,2022,-23.612.532.316.695.400,-4.673.057.703.171.810,5,kilometer,38.0,"10462,5",0.0,0.0,5.0,,5.0,chacara
458359,2022,-236.125.864.106.461,-4.673.246.061.748.920,5,kilometer,284.0,"12451,01",14.0,11.0,11.0,13.0,49.0,chacara
458361,2022,-23.598.000.835.856.600,-4.672.404.664.962.680,5,kilometer,327.0,"19923,97",13.0,20.0,28.0,16.0,77.0,chacara
458362,2022,-23.602.210.798.311.100,-4.672.496.696.083.030,5,kilometer,233.0,"23740,29",10.0,12.0,14.0,15.0,51.0,chacara
458366,2022,-2.361.161.998.181.790,-4.674.699.285.494.270,5,kilometer,372.0,"6013,73",12.0,15.0,13.0,17.0,57.0,chacara
458367,2022,-2.361.397.973.347.650,-4.674.793.492.934.720,5,kilometer,522.0,"2393,69",34.0,49.0,58.0,47.0,188.0,chacara
458368,2022,-23.607.509.640.733.300,-4.674.952.448.962.830,5,kilometer,352.0,"6210,62",11.0,16.0,12.0,16.0,55.0,chacara
458369,2022,-236.082.742.011.301,-467.483.815.613.589,5,kilometer,567.0,"11434,22",51.0,41.0,20.0,29.0,141.0,chacara
458370,2022,-23.608.901.968.136.700,-4.674.853.657.713.460,5,kilometer,473.0,"12989,82",40.0,33.0,21.0,11.0,105.0,chacara
458371,2022,-23.608.143.502.896.500,-46.733.792.442.939.000,5,kilometer,326.0,18829,27.0,30.0,35.0,18.0,110.0,chacara
458377,2022,-23.612.864.561.566.900,-46.745.624.114.680.700,5,kilometer,147.0,8383,3.0,8.0,5.0,12.0,28.0,chacara
458379,2022,-2.361.278.695.651.070,-4.674.013.392.322.110,5,kilometer,456.0,"16218,35",12.0,20.0,24.0,29.0,85.0,chacara
458383,2022,-2.361.391.788.715.180,-4.673.997.912.347.510,5,kilometer,349.0,"14117,9",21.0,16.0,20.0,15.0,72.0,chacara
