id,ano,latitude_centro,longitude_centro,radius,distance_unit,populacao_total,renda_media,v01031_0_4anos,v01032_5_9anos,v01033_10_14anos,v01034_15_19anos,Total,unidade,CEP,Logradouro,Bairro,Cidade,UF,renda_sm,cluster
431830,2022,-23.6286631085083,-46.6709261447726,5,kilometer,371.0,1214763.0,13.0,14.0,17.0,11.0,55.0,chacara,04624-050,R Dr Silvino Canuto Abreu,Vila Congonhas,São Paulo,SP,8.802630434782609,1
431831,2022,-23.6248107803694,-46.6693273077088,5,kilometer,344.0,1275984.0,16.0,12.0,11.0,10.0,49.0,chacara,04617-005,R  Vieira De Morais,Campo Belo,São Paulo,SP,9.246260869565218,1
431832,2022,-23.6305486217263,-46.6671571740212,5,kilometer,372.0,615053.0,15.0,10.0,11.0,11.0,47.0,chacara,04631-010,R  Tapes,Jardim Aeroporto,São Paulo,SP,4.456905797101449,2
431835,2022,-23.63586372626,-46.671313706326494,5,kilometer,362.0,775202.0,16.0,17.0,11.0,15.0,59.0,chacara,04623-011,R  Emboabas,Brooklin Paulista,São Paulo,SP,5.6174057971014495,2
431836,2022,-23.6338799406542,-46.6699501798723,5,kilometer,407.0,173935.0,29.0,31.0,37.0,43.0,140.0,chacara,04623-010,R  Emboabas,Brooklin Paulista,São Paulo,SP,1.2603985507246376,2
431837,2022,-23.6329710139831,-46.67335644153,5,kilometer,453.0,722012.0,14.0,32.0,32.0,30.0,108.0,chacara,04622-011,R  Tibirica,Brooklin Paulista,São Paulo,SP,5.231971014492753,2
431838,2022,-23.6310488571326,-46.6754549397326,5,kilometer,306.0,1364302.0,13.0,15.0,17.0,13.0,58.0,chacara,04619-030,R  Vicente Leporace,Campo Belo,São Paulo,SP,9.886246376811595,1
431839,2022,-23.6247084388718,-46.671746000399,5,kilometer,400.0,152289.0,14.0,12.0,14.0,17.0,57.0,chacara,04611-002,R  Republica Do Iraque,Campo Belo,São Paulo,SP,11.035434782608695,2
431840,2022,-23.6222939311765,-46.67073837497591,5,kilometer,452.0,1621893.0,20.0,25.0,21.0,20.0,86.0,chacara,04610-003,R  Zacarias De Gois,Parque Colonial,São Paulo,SP,11.752847826086956,1
431849,2022,-23.6370672899706,-46.6685333225539,5,kilometer,373.0,627821.0,15.0,11.0,19.0,13.0,58.0,chacara,04635-080,R Dr Abelardo Vergueiro Cesar,Vila Alexandria,São Paulo,SP,4.549427536231884,2
431850,2022,-23.6401850877585,-46.671742261988,5,kilometer,448.0,809096.0,11.0,14.0,17.0,20.0,62.0,chacara,04634-020,R  Lacedemonia,Jardim Brasil (Zona Sul),São Paulo,SP,5.863014492753623,1
431851,2022,-23.641397568319,-46.6717715278976,5,kilometer,543.0,970823.0,22.0,23.0,15.0,21.0,81.0,chacara,04635-070,Av  Doria,Vila Alexandria,São Paulo,SP,7.034949275362319,1
431852,2022,-23.637648390061,-46.6733191650379,5,kilometer,257.0,84412.0,7.0,9.0,15.0,14.0,45.0,chacara,04623-010,R  Emboabas,Brooklin Paulista,São Paulo,SP,6.116811594202899,2
431853,2022,-23.6286974331208,-46.6826804766539,5,kilometer,438.0,1104853.0,14.0,34.0,31.0,22.0,101.0,chacara,04637-000,R Prof Henrique Neves Lefevre,Jardim Petrópolis,São Paulo,SP,8.00618115942029,1
431854,2022,-23.6267290377156,-46.6805282934965,5,kilometer,406.0,1269513.0,21.0,23.0,20.0,22.0,86.0,chacara,04621-003,R  Joaquim Nabuco,Brooklin Paulista,São Paulo,SP,9.19936956521739,1
431855,2022,-23.6221708668732,-46.6743405991409,5,kilometer,312.0,166775.0,19.0,20.0,14.0,18.0,71.0,chacara,04618-003,R  Joao De Sousa Dias,Campo Belo,São Paulo,SP,12.085144927536232,2
431920,2022,-23.6220638062031,-46.672737296581694,5,kilometer,237.0,857982.0,3.0,9.0,8.0,12.0,32.0,chacara,04617-002,R  Vieira De Morais,Campo Belo,São Paulo,SP,6.217260869565218,2
431921,2022,-23.6209451213855,-46.6716632564646,5,kilometer,435.0,1004333.0,16.0,12.0,12.0,11.0,51.0,chacara,04616-003,R  Pascal,Campo Belo,São Paulo,SP,7.277775362318841,1
431922,2022,-23.6193018324363,-46.671565969199904,5,kilometer,296.0,1474406.0,11.0,10.0,12.0,18.0,51.0,chacara,04615-002,R Dr Jesuino Maciel,Campo Belo,São Paulo,SP,10.684101449275362,1
431928,2022,-23.6400059634019,-46.6680669370851,5,kilometer,323.0,724645.0,9.0,12.0,8.0,16.0,45.0,chacara,04635-010,R  Albuquerque Sousa Muniz,Vila Alexandria,São Paulo,SP,5.251050724637681,2
431929,2022,-23.641537724343,-46.6737025805389,5,kilometer,317.0,636598.0,6.0,20.0,13.0,6.0,45.0,chacara,04623-150,R Prof Joao Batista De Castro,Brooklin Paulista,São Paulo,SP,4.613028985507246,2
431930,2022,-23.631663653891,-46.6816551394705,5,kilometer,303.0,523464.0,13.0,13.0,12.0,15.0,53.0,chacara,04637-050,R Do Radium,Jardim Petrópolis,São Paulo,SP,3.793217391304348,2
431931,2022,-23.6263967135344,-46.6853787282007,5,kilometer,301.0,2293393.0,7.0,15.0,15.0,20.0,57.0,chacara,04602-922,R Br Do Triunfo,Brooklin Paulista,São Paulo,SP,16.618789855072464,3
431932,2022,-23.6227388366205,-46.6841170350916,5,kilometer,216.0,4013619.0,11.0,8.0,5.0,8.0,32.0,chacara,04555-020,R Comen Laurentino Goncalves,Brooklin Paulista,São Paulo,SP,29.084195652173914,3
431933,2022,-23.6230928123882,-46.6813383023315,5,kilometer,354.0,1084362.0,13.0,11.0,19.0,6.0,49.0,chacara,04603-001,Av Ver Jose Diniz,Santo Amaro,São Paulo,SP,7.857695652173914,1
431936,2022,-23.6178732669179,-46.6771324301575,5,kilometer,424.0,1822611.0,14.0,10.0,22.0,19.0,65.0,chacara,04617-000,R  Vieira De Morais,Campo Belo,São Paulo,SP,13.207326086956522,1
431937,2022,-23.6162900307423,-46.675371986984494,5,kilometer,225.0,1491177.0,,6.0,5.0,20.0,31.0,chacara,04615-001,R Dr Jesuino Maciel,Campo Belo,São Paulo,SP,10.805630434782609,1
431938,2022,-23.6168848856063,-46.672885063079,5,kilometer,311.0,1332935.0,22.0,20.0,17.0,7.0,66.0,chacara,04605-004,R  Constantino De Sousa,Campo Belo,São Paulo,SP,9.65894927536232,1
431939,2022,-23.6191088220988,-46.6729864313087,5,kilometer,206.0,1718962.0,3.0,8.0,5.0,4.0,20.0,chacara,04606-004,R Br De Jaceguai,Campo Belo,São Paulo,SP,12.456246376811594,1
431940,2022,-23.6163717196581,-46.6786769922242,5,kilometer,519.0,1663195.0,16.0,10.0,16.0,20.0,62.0,chacara,04617-010,R  Vieira De Morais,Campo Belo,São Paulo,SP,12.05213768115942,1
431941,2022,-23.6120117536099,-46.6762359325566,5,kilometer,211.0,981823.0,9.0,8.0,10.0,14.0,41.0,chacara,04601-071,R Comen Eduardo Saccab,Brooklin Paulista,São Paulo,SP,7.114659420289855,1
431942,2022,-23.6133759880769,-46.6739037570623,5,kilometer,448.0,1522382.0,27.0,16.0,19.0,31.0,93.0,chacara,04601-000,R Prsa Isabel,Brooklin Paulista,São Paulo,SP,11.031753623188406,1
431945,2022,-23.6271479881567,-46.669951981774304,5,kilometer,401.0,1602346.0,12.0,19.0,22.0,37.0,90.0,chacara,04624-080,R  Paiaguas,Vila Congonhas,São Paulo,SP,11.611202898550724,1
431946,2022,-23.6258977369247,-46.6708524760713,5,kilometer,319.0,1280229.0,16.0,9.0,8.0,15.0,48.0,chacara,04618-035,R  Edson,Campo Belo,São Paulo,SP,9.277021739130435,1
431948,2022,-23.6368892673638,-46.6700343129047,5,kilometer,163.0,676906.0,4.0,7.0,8.0,10.0,29.0,chacara,04634-045,R  Walter Fontana,Jardim Brasil (Zona Sul),São Paulo,SP,4.905115942028986,2
431949,2022,-23.6345041608038,-46.6727882834882,5,kilometer,337.0,816457.0,8.0,22.0,7.0,18.0,55.0,chacara,04622-001,R  Laplace,Brooklin Paulista,São Paulo,SP,5.916355072463768,2
431950,2022,-23.6241181377348,-46.6701870700158,5,kilometer,243.0,831176.0,5.0,9.0,8.0,8.0,30.0,chacara,04617-004,R  Vieira De Morais,Campo Belo,São Paulo,SP,6.0230144927536235,2
431951,2022,-23.6225765428024,-46.6692363972781,5,kilometer,240.0,788082.0,3.0,10.0,6.0,10.0,29.0,chacara,04616-004,R  Pascal,Campo Belo,São Paulo,SP,5.710739130434782,2
431956,2022,-23.636556532678,-46.6756961714021,5,kilometer,434.0,1146329.0,7.0,18.0,26.0,19.0,70.0,chacara,04623-050,R  Tome Portes,Brooklin Paulista,São Paulo,SP,8.306731884057971,1
431957,2022,-23.6230914362829,-46.6714600815635,5,kilometer,192.0,1261842.0,12.0,6.0,6.0,4.0,28.0,chacara,04610-003,R  Zacarias De Gois,Parque Colonial,São Paulo,SP,9.143782608695652,1
431960,2022,-23.6412506571704,-46.6671271505436,5,kilometer,287.0,475637.0,8.0,8.0,11.0,8.0,35.0,chacara,04635-001,Av Sta Catarina,Vila Alexandria,São Paulo,SP,3.446644927536232,2
431961,2022,-23.6252484751529,-46.6833712607684,5,kilometer,336.0,1071051.0,11.0,12.0,9.0,8.0,40.0,chacara,04603-001,Av Ver Jose Diniz,Santo Amaro,São Paulo,SP,7.761239130434783,1
431962,2022,-23.624783764002,-46.6841648093384,5,kilometer,310.0,1256541.0,9.0,11.0,22.0,19.0,61.0,chacara,04602-906,R Br Do Triunfo,Brooklin Paulista,São Paulo,SP,9.10536956521739,1
431963,2022,-23.6234416368377,-46.6833043182801,5,kilometer,189.0,920307.0,8.0,4.0,3.0,3.0,18.0,chacara,04601-000,R Prsa Isabel,Brooklin Paulista,São Paulo,SP,6.6688913043478255,2
431964,2022,-23.6242954446431,-46.6843624878193,5,kilometer,238.0,1135251.0,10.0,16.0,10.0,7.0,43.0,chacara,04601-000,R Prsa Isabel,Brooklin Paulista,São Paulo,SP,8.22645652173913,1
431965,2022,-23.6246191034549,-46.6856442155037,5,kilometer,513.0,192829.0,32.0,35.0,32.0,39.0,138.0,chacara,04601-000,R Prsa Isabel,Brooklin Paulista,São Paulo,SP,13.973115942028986,2
431966,2022,-23.6193294532298,-46.676188402985,5,kilometer,252.0,1026621.0,7.0,9.0,7.0,7.0,30.0,chacara,04617-001,R  Vieira De Morais,Campo Belo,São Paulo,SP,7.439282608695652,1
431968,2022,-23.616949046178,-46.6739460521729,5,kilometer,228.0,156505.0,,5.0,,,5.0,chacara,04604-007,Av Ver Jose Diniz,Santo Amaro,São Paulo,SP,11.340942028985507,2
431969,2022,-23.6181450350232,-46.6750671319837,5,kilometer,204.0,1777315.0,9.0,10.0,6.0,8.0,33.0,chacara,04616-905,R  Pascal,Campo Belo,São Paulo,SP,12.879094202898552,1
431970,2022,-23.6165923307137,-46.680045117862,5,kilometer,168.0,928249.0,,,3.0,,3.0,chacara,04618-916,R  Alvaro Luis R. De Assumpcao,Campo Belo,São Paulo,SP,6.726442028985507,2
431971,2022,-23.6328653886137,-46.6707942674071,5,kilometer,330.0,189929.0,16.0,20.0,22.0,28.0,86.0,chacara,04576-010,Av Jorn Roberto Marinho,Cidade Monções,São Paulo,SP,1.3762971014492753,2
431974,2022,-23.6319683569181,-46.671537807483,5,kilometer,170.0,188958.0,8.0,14.0,7.0,18.0,47.0,chacara,04622-011,R  Tibirica,Brooklin Paulista,São Paulo,SP,1.3692608695652173,2
431975,2022,-23.6252073495351,-46.6771377503309,5,kilometer,107.0,184416.0,,5.0,6.0,5.0,16.0,chacara,04609-011,R  Jose Dos Santos Junior,Campo Belo,São Paulo,SP,1.3363478260869566,2
431976,2022,-23.6243843170378,-46.6766210801699,5,kilometer,141.0,159861.0,9.0,10.0,6.0,8.0,33.0,chacara,04608-010,R  Volta Redonda,Campo Belo,São Paulo,SP,1.158413043478261,2
431977,2022,-23.6309095526479,-46.6732258200655,5,kilometer,229.0,198764.0,24.0,19.0,16.0,12.0,71.0,chacara,04620-004,R  Bernardino De Campos,Campo Belo,São Paulo,SP,1.4403188405797103,2
431978,2022,-23.6270980811234,-46.6730002698692,5,kilometer,234.0,129469.0,11.0,6.0,7.0,7.0,31.0,chacara,04608-011,R  Volta Redonda,Campo Belo,São Paulo,SP,9.381811594202897,2
431979,2022,-23.6279705680466,-46.6722978367556,5,kilometer,214.0,1166079.0,4.0,4.0,3.0,8.0,19.0,chacara,04619-032,R  Vicente Leporace,Campo Belo,São Paulo,SP,8.449847826086957,1
431980,2022,-23.6259753190178,-46.6729157442956,5,kilometer,207.0,1048969.0,6.0,11.0,4.0,9.0,30.0,chacara,04611-001,R  Republica Do Iraque,Brooklin Paulista,São Paulo,SP,7.60122463768116,1
431981,2022,-23.6271794752724,-46.6715630251139,5,kilometer,278.0,1357982.0,6.0,8.0,8.0,9.0,31.0,chacara,04619-005,R  Gabriele D'Annunzio,Campo Belo,São Paulo,SP,9.84044927536232,1
431982,2022,-23.6258245197506,-46.6682171730496,5,kilometer,339.0,1051549.0,20.0,7.0,12.0,12.0,51.0,chacara,04624-100,R  Ibituruna,Vila Congonhas,São Paulo,SP,7.619920289855072,1
431984,2022,-23.6229630528856,-46.675108798779696,5,kilometer,457.0,2565731.0,30.0,39.0,42.0,30.0,141.0,chacara,04608-001,R Cd De Porto Alegre,Campo Belo,São Paulo,SP,18.592253623188405,3
431985,2022,-23.6238371979869,-46.6734312174761,5,kilometer,382.0,1850449.0,14.0,13.0,13.0,11.0,51.0,chacara,04618-035,R  Edson,Campo Belo,São Paulo,SP,13.409050724637682,1
431986,2022,-23.619959263036,-46.6771657775964,5,kilometer,150.0,1230732.0,0.0,0.0,0.0,0.0,0.0,chacara,04604-005,Av Ver Jose Diniz,Santo Amaro,São Paulo,SP,8.918347826086956,1
431988,2022,-23.6215684985609,-46.6754710471522,5,kilometer,235.0,1283255.0,8.0,16.0,5.0,7.0,36.0,chacara,04606-901,R Br De Jaceguai,Campo Belo,São Paulo,SP,9.298949275362318,1
431989,2022,-23.6214071970961,-46.6748596674644,5,kilometer,186.0,1248555.0,9.0,10.0,4.0,6.0,29.0,chacara,04618-911,R  Joao De Sousa Dias,Campo Belo,São Paulo,SP,9.0475,1
431990,2022,-23.6201857196174,-46.678569212410494,5,kilometer,359.0,2017896.0,20.0,20.0,21.0,22.0,83.0,chacara,04603-002,Av Ver Jose Diniz,Santo Amaro,São Paulo,SP,14.622434782608694,3
431991,2022,-23.6194029705186,-46.6778307550112,5,kilometer,261.0,1630892.0,10.0,10.0,14.0,6.0,40.0,chacara,04618-031,R  Edson,Campo Belo,São Paulo,SP,11.818057971014493,1
431992,2022,-23.6289158281096,-46.6685138700899,5,kilometer,302.0,2125748.0,34.0,26.0,26.0,12.0,98.0,chacara,04624-000,R  Estevao Baiao,Vila Congonhas,São Paulo,SP,15.403971014492754,3
431993,2022,-23.6291827939192,-46.668106343475,5,kilometer,281.0,2131053.0,30.0,17.0,17.0,9.0,73.0,chacara,04624-000,R  Estevao Baiao,Vila Congonhas,São Paulo,SP,15.44241304347826,3
431994,2022,-23.62951528911,-46.668581393852,5,kilometer,274.0,1841037.0,25.0,27.0,26.0,9.0,87.0,chacara,04624-000,R  Estevao Baiao,Vila Congonhas,São Paulo,SP,13.340847826086955,1
431995,2022,-23.6317981111305,-46.6683414975428,5,kilometer,248.0,684865.0,15.0,11.0,4.0,10.0,40.0,chacara,04625-900,R Pde Leonardo,Nova Piraju,São Paulo,SP,4.962789855072463,2
431996,2022,-23.6312912812755,-46.6684833584561,5,kilometer,269.0,1417952.0,4.0,4.0,0.0,3.0,11.0,chacara,04632-010,R  Vapabussu,Jardim Aeroporto,São Paulo,SP,10.275014492753623,1
431998,2022,-23.6350978736956,-46.6661245993297,5,kilometer,263.0,820276.0,14.0,13.0,13.0,8.0,48.0,chacara,04632-040,R  Galileu,Jardim Aeroporto,São Paulo,SP,5.944028985507247,2
432001,2022,-23.6266279545487,-46.6763540717974,5,kilometer,501.0,317449.0,25.0,25.0,21.0,31.0,102.0,chacara,04609-001,R  Joao Alvares Soares,Campo Belo,São Paulo,SP,2.300355072463768,2
432002,2022,-23.6252810121282,-46.675763951997,5,kilometer,639.0,2271114.0,37.0,64.0,76.0,32.0,209.0,chacara,04609-001,R  Joao Alvares Soares,Campo Belo,São Paulo,SP,16.457347826086956,3
432003,2022,-23.625329671151,-46.6743419058956,5,kilometer,519.0,3037811.0,18.0,27.0,28.0,52.0,125.0,chacara,04608-010,R  Volta Redonda,Campo Belo,São Paulo,SP,22.013123188405796,3
432004,2022,-23.6260512596828,-46.6751993445672,5,kilometer,214.0,1705715.0,10.0,11.0,4.0,8.0,33.0,chacara,04610-011,R  Xavier Gouveia,Parque Colonial,São Paulo,SP,12.360253623188408,1
432005,2022,-23.6262067925779,-46.6748042985964,5,kilometer,184.0,1869866.0,12.0,4.0,,,16.0,chacara,04610-001,R  Zacarias De Gois,Parque Colonial,São Paulo,SP,13.549753623188405,1
432006,2022,-23.62443492666,-46.6750004434246,5,kilometer,402.0,2092158.0,16.0,35.0,45.0,33.0,129.0,chacara,04619-003,R  Gabriele D'Annunzio,Campo Belo,São Paulo,SP,15.160565217391305,3
432008,2022,-23.623754547113,-46.6757307448338,5,kilometer,316.0,2851517.0,16.0,19.0,30.0,18.0,83.0,chacara,04608-001,R Cd De Porto Alegre,Campo Belo,São Paulo,SP,20.663166666666665,3
432009,2022,-23.6238167272753,-46.6763465061768,5,kilometer,180.0,1669321.0,4.0,10.0,5.0,,19.0,chacara,04607-000,R  Antonio De Macedo Soares,Campo Belo,São Paulo,SP,12.096528985507245,1
432010,2022,-23.6265774767909,-46.6740249620185,5,kilometer,324.0,2787887.0,27.0,27.0,10.0,12.0,76.0,chacara,04610-020,R  Valter Fontenelle Ribeiro,Parque Colonial,São Paulo,SP,20.202079710144925,3
432011,2022,-23.6285399280448,-46.6666762833205,5,kilometer,251.0,753785.0,10.0,7.0,8.0,7.0,32.0,chacara,04625-050,R  Bras De Arzao,Nova Piraju,São Paulo,SP,5.462210144927536,2
432012,2022,-23.6236010225615,-46.6761530745696,5,kilometer,148.0,1629892.0,5.0,4.0,4.0,,13.0,chacara,04607-000,R  Antonio De Macedo Soares,Campo Belo,São Paulo,SP,11.810811594202898,1
432022,2022,-23.6391245069741,-46.67075356084,5,kilometer,300.0,250668.0,26.0,40.0,14.0,8.0,88.0,chacara,04635-080,R Dr Abelardo Vergueiro Cesar,Vila Alexandria,São Paulo,SP,18.164347826086956,2
432023,2022,-23.6380759946414,-46.6697528444428,5,kilometer,221.0,848965.0,6.0,4.0,6.0,,16.0,chacara,04634-020,R  Lacedemonia,Jardim Brasil (Zona Sul),São Paulo,SP,6.151920289855072,2
432032,2022,-23.643380490086,-46.6708161269358,5,kilometer,529.0,1512107.0,26.0,44.0,34.0,28.0,132.0,chacara,04635-041,R  Maratona,Vila Alexandria,São Paulo,SP,10.957297101449274,1
432033,2022,-23.6428856824916,-46.6706187192908,5,kilometer,226.0,127363.0,15.0,8.0,3.0,4.0,30.0,chacara,04635-041,R  Maratona,Vila Alexandria,São Paulo,SP,9.229202898550724,2
432034,2022,-23.6425346509712,-46.6692507375048,5,kilometer,162.0,1042058.0,6.0,6.0,10.0,6.0,28.0,chacara,04635-030,R  Epiro,Vila Alexandria,São Paulo,SP,7.551144927536232,1
432035,2022,-23.6115586171343,-46.6770762052944,5,kilometer,172.0,1284568.0,4.0,6.0,5.0,3.0,18.0,chacara,04559-010,R  Georgia,Brooklin Paulista,São Paulo,SP,9.308463768115942,1
432036,2022,-23.6215832415727,-46.6768034770054,5,kilometer,635.0,2006309.0,31.0,59.0,61.0,47.0,198.0,chacara,04618-032,R  Edson,Campo Belo,São Paulo,SP,14.538471014492753,3
432037,2022,-23.6207907683237,-46.6760781666172,5,kilometer,282.0,1265612.0,15.0,5.0,10.0,16.0,46.0,chacara,04618-032,R  Edson,Campo Belo,São Paulo,SP,9.171101449275364,1
432038,2022,-23.6200018356597,-46.6753427544911,5,kilometer,210.0,1577241.0,11.0,6.0,6.0,9.0,32.0,chacara,04606-003,R Br De Jaceguai,Campo Belo,São Paulo,SP,11.429282608695653,1
432039,2022,-23.6214207999401,-46.6735762903864,5,kilometer,234.0,1228813.0,8.0,5.0,5.0,12.0,30.0,chacara,04618-910,R  Joao De Sousa Dias,Campo Belo,São Paulo,SP,8.904442028985507,1
432040,2022,-23.6211342891995,-46.6736886129903,5,kilometer,158.0,843279.0,0.0,,,0.0,0.0,chacara,04607-901,R  Antonio De Macedo Soares,Campo Belo,São Paulo,SP,6.110717391304348,2
432041,2022,-23.6183529495485,-46.6791182196447,5,kilometer,313.0,3089482.0,8.0,11.0,14.0,19.0,52.0,chacara,04618-031,R  Edson,Campo Belo,São Paulo,SP,22.38755072463768,3
432042,2022,-23.6183214190444,-46.6804654959921,5,kilometer,266.0,2722056.0,13.0,17.0,29.0,15.0,74.0,chacara,04618-030,R  Edson,Campo Belo,São Paulo,SP,19.725043478260872,3
432043,2022,-23.6187045657291,-46.68087109591031,5,kilometer,300.0,1931429.0,9.0,21.0,24.0,21.0,75.0,chacara,04619-000,R  Gabriele D'Annunzio,Campo Belo,São Paulo,SP,13.99586231884058,3
432044,2022,-23.6161579095126,-46.6796743031755,5,kilometer,246.0,105842.0,5.0,9.0,11.0,13.0,38.0,chacara,04555-002,Av Sto Amaro,Brooklin Paulista,São Paulo,SP,7.669710144927537,2
432045,2022,-23.6167269160888,-46.6794189518448,5,kilometer,203.0,1139582.0,,5.0,5.0,7.0,17.0,chacara,04601-902,R  Gil Eanes,Campo Belo,São Paulo,SP,8.257840579710145,1
432046,2022,-23.6155296819585,-46.6773908279874,5,kilometer,366.0,1564784.0,8.0,17.0,18.0,13.0,56.0,chacara,04601-041,R  Gil Eanes,Campo Belo,São Paulo,SP,11.339014492753623,1
432047,2022,-23.6150766940221,-46.6784798732285,5,kilometer,243.0,115207.0,7.0,9.0,13.0,11.0,40.0,chacara,04616-900,R  Pascal,Campo Belo,São Paulo,SP,8.348333333333334,2
432048,2022,-23.6129205501166,-46.6775360786085,5,kilometer,225.0,995978.0,8.0,3.0,4.0,3.0,18.0,chacara,04614-010,R  Demostenes,Campo Belo,São Paulo,SP,7.217231884057972,1
432049,2022,-23.6118769812851,-46.6773731734801,5,kilometer,194.0,1340429.0,0.0,,0.0,,0.0,chacara,04555-000,Av Sto Amaro,Brooklin Paulista,São Paulo,SP,9.713253623188406,1
432050,2022,-23.612188481626,-46.6775780877053,5,kilometer,214.0,1375758.0,,,3.0,3.0,6.0,chacara,04555-000,Av Sto Amaro,Brooklin Paulista,São Paulo,SP,9.969260869565217,1
432053,2022,-23.6273254618713,-46.6685556426067,5,kilometer,316.0,1505332.0,13.0,21.0,14.0,15.0,63.0,chacara,04624-080,R  Paiaguas,Vila Congonhas,São Paulo,SP,10.908202898550725,1
432054,2022,-23.6291678926597,-46.6696476804652,5,kilometer,262.0,717406.0,7.0,8.0,9.0,7.0,31.0,chacara,04624-900,R Dr Silvino Canuto Abreu,Vila Congonhas,São Paulo,SP,5.198594202898551,2
432055,2022,-23.6384577732056,-46.6674071042846,5,kilometer,174.0,609842.0,7.0,3.0,6.0,9.0,25.0,chacara,04634-030,R  Tebas,Jardim Brasil (Zona Sul),São Paulo,SP,4.419144927536232,2
432057,2022,-23.6393100206204,-46.6693990694796,5,kilometer,232.0,852475.0,6.0,14.0,5.0,6.0,31.0,chacara,04635-001,Av Sta Catarina,Vila Alexandria,São Paulo,SP,6.177355072463768,2
432058,2022,-23.6386417908343,-46.6691635707853,5,kilometer,234.0,1380916.0,8.0,6.0,5.0,4.0,23.0,chacara,04634-020,R  Lacedemonia,Jardim Brasil (Zona Sul),São Paulo,SP,10.00663768115942,1
432059,2022,-23.6392103700405,-46.6722581560803,5,kilometer,161.0,541082.0,4.0,,7.0,8.0,19.0,chacara,04635-020,R  Palacete Das Aguias,Vila Alexandria,São Paulo,SP,3.9208840579710142,2
432060,2022,-23.6238654042896,-46.6804128904823,5,kilometer,185.0,1213746.0,5.0,6.0,8.0,19.0,38.0,chacara,04605-004,R  Constantino De Sousa,Campo Belo,São Paulo,SP,8.795260869565217,1
432061,2022,-23.6244938762537,-46.67895365096209,5,kilometer,275.0,881557.0,7.0,14.0,5.0,8.0,34.0,chacara,04606-000,R Br De Jaceguai,Campo Belo,São Paulo,SP,6.38809420289855,1
432062,2022,-23.622666512482,-46.673420394991,5,kilometer,296.0,1493503.0,7.0,13.0,12.0,14.0,46.0,chacara,04618-003,R  Joao De Sousa Dias,Campo Belo,São Paulo,SP,10.822485507246377,1
432063,2022,-23.6231295931678,-46.6735516075194,5,kilometer,248.0,1152029.0,6.0,7.0,7.0,13.0,33.0,chacara,04618-900,R  Edson,Campo Belo,São Paulo,SP,8.348036231884059,1
432064,2022,-23.6265118607535,-46.6848367333656,5,kilometer,298.0,2573958.0,14.0,14.0,25.0,22.0,75.0,chacara,04602-925,R Br Do Triunfo,Brooklin Paulista,São Paulo,SP,18.651869565217392,3
432065,2022,-23.6268256957098,-46.6852218639378,5,kilometer,300.0,2481023.0,9.0,15.0,19.0,37.0,80.0,chacara,04602-925,R Br Do Triunfo,Brooklin Paulista,São Paulo,SP,17.978427536231884,3
432066,2022,-23.623799558574,-46.6849804126201,5,kilometer,270.0,2534358.0,13.0,15.0,20.0,18.0,66.0,chacara,04601-000,R Prsa Isabel,Brooklin Paulista,São Paulo,SP,18.36491304347826,3
432067,2022,-23.6252662150636,-46.6852592063278,5,kilometer,295.0,2878711.0,10.0,13.0,25.0,21.0,69.0,chacara,04622-000,R  Laplace,Brooklin Paulista,São Paulo,SP,20.86022463768116,3
432068,2022,-23.6213931038507,-46.6813513100192,5,kilometer,211.0,2736005.0,9.0,9.0,16.0,13.0,47.0,chacara,04601-001,R Prsa Isabel,Brooklin Paulista,São Paulo,SP,19.826123188405795,3
432069,2022,-23.6224774720459,-46.6823855562224,5,kilometer,247.0,109488.0,0.0,4.0,5.0,10.0,19.0,chacara,04601-001,R Prsa Isabel,Brooklin Paulista,São Paulo,SP,7.9339130434782605,2
432070,2022,-23.6199460248049,-46.6799058466732,5,kilometer,263.0,1785975.0,9.0,14.0,10.0,12.0,45.0,chacara,04619-000,R  Gabriele D'Annunzio,Campo Belo,São Paulo,SP,12.941847826086956,1
432071,2022,-23.6210203959968,-46.6793672200317,5,kilometer,234.0,2822341.0,19.0,27.0,12.0,9.0,67.0,chacara,04576-010,Av Jorn Roberto Marinho,Cidade Monções,São Paulo,SP,20.451746376811595,3
432072,2022,-23.61994386073,-46.6736186320034,5,kilometer,200.0,985242.0,15.0,4.0,7.0,11.0,37.0,chacara,04607-020,R  Tejereba,Campo Belo,São Paulo,SP,7.139434782608696,1
432073,2022,-23.6197384964729,-46.674102710177294,5,kilometer,129.0,630206.0,,,0.0,0.0,0.0,chacara,04606-003,R Br De Jaceguai,Campo Belo,São Paulo,SP,4.566710144927536,2
432074,2022,-23.6145426940018,-46.6733027851461,5,kilometer,267.0,1909406.0,15.0,30.0,13.0,7.0,65.0,chacara,04613-003,R  Otavio Tarquinio De Sousa,Campo Belo,São Paulo,SP,13.836275362318842,3
432075,2022,-23.6148109951634,-46.6734094259373,5,kilometer,348.0,2397826.0,29.0,17.0,21.0,16.0,83.0,chacara,04614-001,R  Morais De Barros,Campo Belo,São Paulo,SP,17.37555072463768,3
432076,2022,-23.6153019812795,-46.674309665755,5,kilometer,170.0,149152.0,7.0,9.0,4.0,,20.0,chacara,04602-006,R Br Do Triunfo,Brooklin Paulista,São Paulo,SP,10.808115942028985,2
432077,2022,-23.6156386633773,-46.6738043470799,5,kilometer,119.0,819333.0,0.0,0.0,,,0.0,chacara,04603-004,Av Ver Jose Diniz,Santo Amaro,São Paulo,SP,5.937195652173913,2
432078,2022,-23.6172931855654,-46.6803248222677,5,kilometer,202.0,1602984.0,4.0,9.0,11.0,9.0,33.0,chacara,04618-020,R  Alvaro Luis R. De Assumpcao,Campo Belo,São Paulo,SP,11.615826086956522,1
432079,2022,-23.6175608530962,-46.6805893385211,5,kilometer,153.0,1173164.0,,7.0,,6.0,13.0,chacara,04618-030,R  Edson,Campo Belo,São Paulo,SP,8.501188405797102,1
432080,2022,-23.6285804375296,-46.6780562185784,5,kilometer,356.0,970697.0,14.0,11.0,18.0,22.0,65.0,chacara,04621-003,R  Joaquim Nabuco,Brooklin Paulista,São Paulo,SP,7.034036231884057,1
432081,2022,-23.6294207562433,-46.67584038356689,5,kilometer,280.0,1273077.0,8.0,14.0,16.0,19.0,57.0,chacara,04611-000,R  Republica Do Iraque,Brooklin Paulista,São Paulo,SP,9.225195652173914,1
432082,2022,-23.6230552177791,-46.6778564348938,5,kilometer,201.0,2154079.0,16.0,14.0,13.0,9.0,52.0,chacara,04606-000,R Br De Jaceguai,Campo Belo,São Paulo,SP,15.60926811594203,3
432083,2022,-23.6228987810812,-46.6765585059955,5,kilometer,336.0,3965259.0,27.0,36.0,29.0,12.0,104.0,chacara,04619-002,R  Gabriele D'Annunzio,Campo Belo,São Paulo,SP,28.733760869565216,3
432084,2022,-23.6335183918436,-46.6773552405134,5,kilometer,393.0,1825129.0,14.0,10.0,25.0,31.0,80.0,chacara,04623-000,R  Pirandello,Brooklin Paulista,São Paulo,SP,13.225572463768117,1
432085,2022,-23.6310279471047,-46.6794080793723,5,kilometer,324.0,1738953.0,9.0,17.0,22.0,23.0,71.0,chacara,04610-000,R  Zacarias De Gois,Parque Colonial,São Paulo,SP,12.601108695652172,1
432086,2022,-23.6388889370626,-46.673910392759,5,kilometer,176.0,655467.0,,7.0,7.0,4.0,18.0,chacara,04623-010,R  Emboabas,Brooklin Paulista,São Paulo,SP,4.749760869565217,2
432087,2022,-23.6400301509208,-46.6755799496326,5,kilometer,297.0,755632.0,7.0,5.0,12.0,15.0,39.0,chacara,04623-110,R Dr Domingos De Sylos,Brooklin Paulista,São Paulo,SP,5.4755942028985505,2
432088,2022,-23.6215138716432,-46.6831515746288,5,kilometer,343.0,1938165.0,7.0,18.0,17.0,12.0,54.0,chacara,04555-030,R  Getulio Augusto De Paiva,Brooklin Paulista,São Paulo,SP,14.044673913043479,3
432089,2022,-23.6199316373672,-46.6817634405953,5,kilometer,257.0,1417961.0,9.0,7.0,13.0,12.0,41.0,chacara,04601-020,R  Henrique Brammer Netto,Brooklin Paulista,São Paulo,SP,10.275079710144928,1
432090,2022,-23.6189819262189,-46.681608574719,5,kilometer,240.0,1516268.0,4.0,9.0,8.0,11.0,32.0,chacara,04619-000,R  Gabriele D'Annunzio,Campo Belo,São Paulo,SP,10.98744927536232,1
432091,2022,-23.6186275422001,-46.6740414313966,5,kilometer,200.0,2105928.0,10.0,11.0,,5.0,26.0,chacara,04616-002,R  Pascal,Campo Belo,São Paulo,SP,15.260347826086957,3
432092,2022,-23.6194172442382,-46.6747901308306,5,kilometer,363.0,961941.0,16.0,10.0,14.0,22.0,62.0,chacara,04617-907,R  Vieira De Morais,Campo Belo,São Paulo,SP,6.970586956521739,1
432095,2022,-23.630968461338,-46.67084266890831,5,kilometer,339.0,158483.0,35.0,39.0,37.0,27.0,138.0,chacara,04624-110,R  Casimiro De Abreu,Vila Congonhas,São Paulo,SP,1.148427536231884,2
432096,2022,-23.6302314968236,-46.6707774663625,5,kilometer,205.0,606803.0,9.0,13.0,12.0,15.0,49.0,chacara,04624-110,R  Casimiro De Abreu,Vila Congonhas,São Paulo,SP,4.397123188405797,2
432097,2022,-23.6281031747855,-46.6739009445143,5,kilometer,381.0,1436762.0,23.0,24.0,15.0,11.0,73.0,chacara,04610-010,R  Xavier Gouveia,Parque Colonial,São Paulo,SP,10.41131884057971,1
432098,2022,-23.629949912928,-46.6728731454751,5,kilometer,195.0,574768.0,4.0,11.0,12.0,20.0,47.0,chacara,04620-010,R  Cristovao Pereira,Campo Belo,São Paulo,SP,4.164985507246377,2
432101,2022,-23.6221192084726,-46.6761666298457,5,kilometer,276.0,2872472.0,24.0,24.0,23.0,20.0,91.0,chacara,04618-032,R  Edson,Campo Belo,São Paulo,SP,20.815014492753622,3
432102,2022,-23.6224586577929,-46.6758802891073,5,kilometer,282.0,2930121.0,15.0,28.0,29.0,11.0,83.0,chacara,04619-002,R  Gabriele D'Annunzio,Campo Belo,São Paulo,SP,21.232760869565215,3
432103,2022,-23.6213083591991,-46.6776673974328,5,kilometer,165.0,1852058.0,,4.0,3.0,,7.0,chacara,04619-001,R  Gabriele D'Annunzio,Campo Belo,São Paulo,SP,13.420710144927538,1
432104,2022,-23.6210190776127,-46.6773949785485,5,kilometer,221.0,1581994.0,,4.0,7.0,7.0,18.0,chacara,04605-003,R  Constantino De Sousa,Campo Belo,São Paulo,SP,11.46372463768116,1
432105,2022,-23.6205708276198,-46.6748064784226,5,kilometer,201.0,1063925.0,3.0,,4.0,5.0,12.0,chacara,04606-003,R Br De Jaceguai,Campo Belo,São Paulo,SP,7.709601449275362,1
432106,2022,-23.6207508851552,-46.6742845924309,5,kilometer,213.0,108932.0,6.0,5.0,4.0,3.0,18.0,chacara,04617-002,R  Vieira De Morais,Campo Belo,São Paulo,SP,7.8936231884057975,2
432109,2022,-23.6204249589087,-46.677272585887,5,kilometer,320.0,1094835.0,7.0,8.0,7.0,4.0,26.0,chacara,04618-032,R  Edson,Campo Belo,São Paulo,SP,7.933586956521739,1
432110,2022,-23.6441949293857,-46.6714624549231,5,kilometer,110.0,843255.0,,3.0,3.0,4.0,10.0,chacara,04363-001,Av  Mascote,Vila Mascote,São Paulo,SP,6.110543478260869,2
432111,2022,-23.643708099768,-46.671885046715104,5,kilometer,115.0,868152.0,,8.0,5.0,3.0,16.0,chacara,04626-000,Av  Washington Luis,Santo Amaro,São Paulo,SP,6.290956521739131,2
432112,2022,-23.6432336500501,-46.6701167277371,5,kilometer,205.0,1877212.0,12.0,13.0,8.0,14.0,47.0,chacara,04363-001,Av  Mascote,Vila Mascote,São Paulo,SP,13.602985507246377,1
432113,2022,-23.6420844679072,-46.6704650022283,5,kilometer,261.0,3969129.0,11.0,7.0,8.0,12.0,38.0,chacara,04635-041,R  Maratona,Vila Alexandria,São Paulo,SP,28.761804347826086,3
432116,2022,-23.6329423419682,-46.6680566830588,5,kilometer,288.0,979922.0,9.0,17.0,11.0,16.0,53.0,chacara,04633-900,R  Viaza,Jardim Aeroporto,São Paulo,SP,7.100884057971014,1
432121,2022,-23.6399244503301,-46.6728324170862,5,kilometer,199.0,782317.0,5.0,4.0,4.0,4.0,17.0,chacara,04635-070,Av  Doria,Vila Alexandria,São Paulo,SP,5.668963768115942,2
432125,2022,-23.6220451397948,-46.6776124604398,5,kilometer,203.0,1652284.0,6.0,5.0,5.0,3.0,19.0,chacara,04619-002,R  Gabriele D'Annunzio,Campo Belo,São Paulo,SP,11.973072463768116,1
432126,2022,-23.6223774488298,-46.6771994773521,5,kilometer,363.0,1855642.0,21.0,5.0,7.0,3.0,36.0,chacara,04606-000,R Br De Jaceguai,Campo Belo,São Paulo,SP,13.446681159420288,1
432130,2022,-23.6293062620993,-46.67239392938409,5,kilometer,62.0,162076.0,,0.0,,,0.0,chacara,04620-010,R  Cristovao Pereira,Campo Belo,São Paulo,SP,1.174463768115942,2
432131,2022,-23.6298937938307,-46.6720596987315,5,kilometer,597.0,153975.0,69.0,90.0,75.0,67.0,301.0,chacara,04624-033,Rp  Sem Denominacao (Vl Congonhas),Vila Congonhas,São Paulo,SP,1.1157608695652175,0
432132,2022,-23.6189129406089,-46.681755464044,5,kilometer,182.0,1573243.0,0.0,,6.0,7.0,13.0,chacara,04619-000,R  Gabriele D'Annunzio,Campo Belo,São Paulo,SP,11.400311594202899,1
432134,2022,-23.6375226931088,-46.6659480095961,5,kilometer,334.0,658552.0,7.0,12.0,7.0,3.0,29.0,chacara,04634-050,R  Laconia,Jardim Brasil (Zona Sul),São Paulo,SP,4.772115942028986,2
432135,2022,-23.6343993532994,-46.6702624764714,5,kilometer,57.0,556418.0,4.0,,5.0,0.0,9.0,chacara,04623-011,R  Emboabas,Brooklin Paulista,São Paulo,SP,4.032014492753623,2
432138,2022,-23.616213397911,-46.6702596897714,5,kilometer,215.0,849991.0,14.0,3.0,7.0,9.0,33.0,chacara,04613-003,R  Otavio Tarquinio De Sousa,Campo Belo,São Paulo,SP,6.159355072463768,2
432141,2022,-23.6311528879732,-46.6693720568368,5,kilometer,,,,,,,0.0,chacara,04624-002,R  Estevao Baiao,Vila Congonhas,São Paulo,SP,,
432143,2022,-23.630881339898,-46.6698687956192,5,kilometer,845.0,192514.0,66.0,76.0,91.0,79.0,312.0,chacara,04624-000,R  Estevao Baiao,Vila Congonhas,São Paulo,SP,1.3950289855072464,0
432145,2022,-23.6324075722927,-46.6695472209791,5,kilometer,,,,,,,0.0,chacara,04623-070,R  Palmares,Brooklin Paulista,São Paulo,SP,,
432177,2022,-23.6680615333705,-46.6913595286924,5,kilometer,546.0,517366.0,15.0,23.0,43.0,44.0,125.0,chacara,04689-030,R  Macaiba,Vila Isa,São Paulo,SP,3.749028985507246,0
432183,2022,-23.6693220130608,-46.6994512144239,5,kilometer,18.0,471667.0,0.0,,,,0.0,chacara,04696-000,Av Eng Eusebio Stevaux,Jurubatuba,São Paulo,SP,3.417876811594203,2
432184,2022,-23.6643495388609,-46.6900712239522,5,kilometer,528.0,852495.0,12.0,23.0,25.0,20.0,80.0,chacara,04674-230,R  Jose Jardim Da Silveira,Jardim Taquaral,São Paulo,SP,6.1775,1
432185,2022,-23.6642447085597,-46.6889930072414,5,kilometer,386.0,657683.0,15.0,16.0,14.0,21.0,66.0,chacara,04674-200,R  Jose Benedito Salinas,Jardim Itapeva,São Paulo,SP,4.76581884057971,2
432186,2022,-23.6646455097905,-46.6888849317773,5,kilometer,586.0,847003.0,15.0,21.0,30.0,27.0,93.0,chacara,04674-904,R  Jose Benedito Salinas,Jardim Itapeva,São Paulo,SP,6.137702898550725,0
432187,2022,-23.6575353620432,-46.6806378609685,5,kilometer,517.0,1030028.0,18.0,21.0,23.0,28.0,90.0,chacara,04660-900,Av  Interlagos,Jardim Marajoara,São Paulo,SP,7.4639710144927545,1
432188,2022,-23.6629435622465,-46.684077278101,5,kilometer,528.0,77252.0,14.0,13.0,15.0,25.0,67.0,chacara,04674-900,Av Sarg Geraldo Sant'Ana,Jardim Taquaral,São Paulo,SP,5.597971014492754,0
432189,2022,-23.6608547272679,-46.6851766407035,5,kilometer,639.0,989892.0,25.0,30.0,36.0,46.0,137.0,chacara,04675-010,Av Dr Silva Melo,Jardim Taquaral,São Paulo,SP,7.173130434782609,0
432190,2022,-23.6613656642383,-46.6860030996216,5,kilometer,291.0,581976.0,11.0,8.0,9.0,14.0,42.0,chacara,04675-905,Av Dr Silva Melo,Jardim Taquaral,São Paulo,SP,4.217217391304348,2
432191,2022,-23.6578452805051,-46.6832936710068,5,kilometer,221.0,1161303.0,6.0,15.0,13.0,6.0,40.0,chacara,04664-020,R Min Alvaro De Souza Lima,Jardim Marajoara,São Paulo,SP,8.415239130434783,1
432194,2022,-23.6598407600436,-46.6899050868942,5,kilometer,393.0,698295.0,12.0,28.0,20.0,21.0,81.0,chacara,04671-300,R  Arlindo Veiga Dos Santos,Parque Residencial Julia,São Paulo,SP,5.060108695652174,2
432195,2022,-23.6604572447653,-46.6903804699374,5,kilometer,346.0,982538.0,13.0,21.0,19.0,20.0,73.0,chacara,04671-300,R  Arlindo Veiga Dos Santos,Parque Residencial Julia,São Paulo,SP,7.119840579710145,1
432196,2022,-23.6595781007257,-46.6931486492666,5,kilometer,552.0,1275043.0,21.0,43.0,41.0,36.0,141.0,chacara,04671-230,R  Daphne Dalla Torre Natale,Vila Sofia,São Paulo,SP,9.239442028985508,1
432197,2022,-23.660227689752,-46.6944497428776,5,kilometer,502.0,61527.0,17.0,27.0,8.0,16.0,68.0,chacara,04685-001,Av Nsra Do Sabara,Vila Sofia,São Paulo,SP,4.4584782608695654,2
432198,2022,-23.6581471645481,-46.6919843327346,5,kilometer,233.0,92439.0,5.0,10.0,6.0,9.0,30.0,chacara,04671-210,R  Jaime Do Espirito Santo,Vila Sofia,São Paulo,SP,6.698478260869565,2
432199,2022,-23.6587957573287,-46.6909388309548,5,kilometer,593.0,124341.0,19.0,29.0,31.0,30.0,109.0,chacara,04671-071,R  Socrates,Vila Sofia,São Paulo,SP,9.010217391304348,0
432200,2022,-23.6596062812375,-46.6910213056672,5,kilometer,327.0,1016691.0,11.0,16.0,20.0,22.0,69.0,chacara,04671-904,R  Socrates,Vila Sofia,São Paulo,SP,7.367326086956521,1
432201,2022,-23.6579886486094,-46.6964122367698,5,kilometer,341.0,937401.0,7.0,12.0,21.0,14.0,54.0,chacara,04662-001,Av  Washington Luis,Santo Amaro,São Paulo,SP,6.7927608695652175,1
432202,2022,-23.6555368154388,-46.6910868002912,5,kilometer,137.0,850961.0,8.0,6.0,3.0,4.0,21.0,chacara,04671-072,R  Socrates,Vila Sofia,São Paulo,SP,6.1663840579710145,2
432203,2022,-23.6539499809032,-46.6819641773822,5,kilometer,380.0,1481332.0,11.0,20.0,20.0,16.0,67.0,chacara,04663-060,R  Sergio Milliet,Jardim Marajoara,São Paulo,SP,10.734289855072463,1
432219,2022,-23.6583961296783,-46.695289426902896,5,kilometer,699.0,1303716.0,18.0,46.0,68.0,57.0,189.0,chacara,04671-901,R  Olavo Bilac,Vila Sofia,São Paulo,SP,9.447217391304347,0
432220,2022,-23.6636486055803,-46.6920765379016,5,kilometer,504.0,842137.0,19.0,32.0,51.0,36.0,138.0,chacara,04686-001,Av Nsra Do Sabara,Vila Isa,São Paulo,SP,6.102442028985508,1
432221,2022,-23.6666191055519,-46.6906155280419,5,kilometer,418.0,635849.0,9.0,12.0,16.0,16.0,53.0,chacara,04686-001,Av Nsra Do Sabara,Vila Isa,São Paulo,SP,4.6076014492753625,2
432222,2022,-23.6639683668981,-46.6844315421226,5,kilometer,765.0,1356581.0,31.0,47.0,52.0,43.0,173.0,chacara,04674-902,Av Sarg Geraldo Sant'Ana,Jardim Itapeva,São Paulo,SP,9.830297101449275,0
432224,2022,-23.6556380753678,-46.6901635264788,5,kilometer,507.0,2258436.0,23.0,34.0,21.0,26.0,104.0,chacara,04662-902,Av  Washington Luis,Santo Amaro,São Paulo,SP,16.365478260869565,3
432225,2022,-23.6640413604042,-46.6866412906547,5,kilometer,689.0,91624.0,22.0,34.0,51.0,41.0,148.0,chacara,04674-905,R  Roque Giangrande Filho,Jardim Itapeva,São Paulo,SP,6.639420289855072,0
432226,2022,-23.6562151817954,-46.6926697980077,5,kilometer,393.0,1094855.0,9.0,9.0,6.0,15.0,39.0,chacara,04671-090,R  Moliere,Vila Sofia,São Paulo,SP,7.933731884057971,1
432229,2022,-23.6571548246242,-46.69106313425871,5,kilometer,718.0,2173202.0,20.0,41.0,65.0,47.0,173.0,chacara,04671-906,R  Socrates,Vila Sofia,São Paulo,SP,15.747840579710145,3
432235,2022,-23.6587196104017,-46.689917788234,5,kilometer,528.0,741902.0,19.0,26.0,30.0,29.0,104.0,chacara,04671-902,R Duq Costa,Vila Sofia,São Paulo,SP,5.376101449275363,1
432236,2022,-23.6582985933184,-46.6929844892495,5,kilometer,555.0,1137343.0,14.0,23.0,28.0,19.0,84.0,chacara,04671-090,R  Moliere,Vila Sofia,São Paulo,SP,8.241615942028986,1
432237,2022,-23.6559332865542,-46.6891269173592,5,kilometer,760.0,262439.0,15.0,63.0,74.0,62.0,214.0,chacara,04662-902,Av  Washington Luis,Santo Amaro,São Paulo,SP,19.017318840579712,0
432238,2022,-23.6597806248331,-46.6892432966219,5,kilometer,609.0,1008758.0,22.0,31.0,36.0,44.0,133.0,chacara,04671-300,R  Arlindo Veiga Dos Santos,Parque Residencial Julia,São Paulo,SP,7.309840579710145,0
432239,2022,-23.6607942214041,-46.6938012852657,5,kilometer,348.0,92483.0,12.0,12.0,13.0,10.0,47.0,chacara,04685-001,Av Nsra Do Sabara,Vila Sofia,São Paulo,SP,6.701666666666666,2
432243,2022,-23.6575843356517,-46.6931996042373,5,kilometer,290.0,1210607.0,10.0,10.0,25.0,13.0,58.0,chacara,04671-040,R  Alvares De Azevedo,Vila Sofia,São Paulo,SP,8.772514492753624,1
432244,2022,-23.6692326455948,-46.7025849711557,5,kilometer,767.0,1766893.0,45.0,54.0,59.0,48.0,206.0,chacara,04696-000,Av Eng Eusebio Stevaux,Jurubatuba,São Paulo,SP,12.803572463768116,0
432251,2022,-23.656968339771,-46.6809107525291,5,kilometer,347.0,990936.0,9.0,5.0,7.0,13.0,34.0,chacara,04660-900,Av  Interlagos,Jardim Marajoara,São Paulo,SP,7.180695652173913,1
432252,2022,-23.653301171281,-46.6864841021694,5,kilometer,429.0,1452615.0,11.0,15.0,22.0,35.0,83.0,chacara,04664-000,Av  Manoel Dos Reis Araujo,Jardim Marajoara,São Paulo,SP,10.526195652173913,1
432254,2022,-23.6651004794641,-46.69552401030391,5,kilometer,64.0,647226.0,0.0,,,0.0,0.0,chacara,04673-150,R  Iepe,Vila Anhangüera,São Paulo,SP,4.690043478260869,2
432255,2022,-23.6664464696859,-46.6954406618403,5,kilometer,446.0,1802296.0,17.0,33.0,39.0,27.0,116.0,chacara,04675-085,Av Eng Alberto De Zagottis,Jardim Taquaral,São Paulo,SP,13.060115942028984,1
432256,2022,-23.6654593552798,-46.6966290435716,5,kilometer,429.0,1845437.0,12.0,31.0,33.0,32.0,108.0,chacara,04673-050,R  Aguaraiba,Vila Anhangüera,São Paulo,SP,13.37273188405797,1
432257,2022,-23.6617206318935,-46.6852648931757,5,kilometer,352.0,51446.0,11.0,14.0,11.0,15.0,51.0,chacara,04675-905,Av Dr Silva Melo,Jardim Taquaral,São Paulo,SP,3.727971014492754,2
432292,2022,-23.6695085823736,-46.6915524284099,5,kilometer,518.0,1004849.0,45.0,32.0,33.0,15.0,125.0,chacara,04689-070,R  Amoipira,Vila Isa,São Paulo,SP,7.281514492753623,1
432293,2022,-23.6692355910691,-46.6899413728143,5,kilometer,362.0,91902.0,21.0,25.0,26.0,13.0,85.0,chacara,04689-160,R  Quararibeia,Vila Isa,São Paulo,SP,6.659565217391305,2
432294,2022,-23.670227368226,-46.6930028332027,5,kilometer,603.0,480613.0,24.0,30.0,29.0,35.0,118.0,chacara,04689-170,R  Pacoti,Vila Isa,São Paulo,SP,3.4827028985507247,0
432303,2022,-23.6644658909876,-46.707494133594096,5,kilometer,654.0,1331525.0,60.0,61.0,35.0,30.0,186.0,chacara,04696-270,R  Vicentina Gomes,Jurubatuba,São Paulo,SP,9.648731884057971,1
432304,2022,-23.6704562376011,-46.70151447000271,5,kilometer,660.0,1757533.0,26.0,53.0,47.0,48.0,174.0,chacara,04696-000,Av Eng Eusebio Stevaux,Jurubatuba,São Paulo,SP,12.735746376811596,1
432305,2022,-23.6701796885727,-46.6954481259508,5,kilometer,707.0,856882.0,35.0,52.0,46.0,41.0,174.0,chacara,04675-901,Av Eng Alberto De Zagottis,Jardim Anhangüera,São Paulo,SP,6.209289855072464,0
432306,2022,-23.666574545177,-46.686166580508,5,kilometer,,,,,,,0.0,chacara,04674-150,R  Moacir Simoes Da Rocha,Jardim Itapeva,São Paulo,SP,,
432310,2022,-23.6618702548635,-46.6935377712774,5,kilometer,119.0,499345.0,,6.0,6.0,,12.0,chacara,04673-170,Pc  Contendas,Vila Anhangüera,São Paulo,SP,3.6184420289855073,2
432311,2022,-23.6642429711497,-46.6935905618602,5,kilometer,511.0,1021664.0,23.0,24.0,29.0,35.0,111.0,chacara,04675-085,Av Eng Alberto De Zagottis,Jardim Taquaral,São Paulo,SP,7.403362318840579,1
432312,2022,-23.6641817155074,-46.6915629268878,5,kilometer,545.0,1437771.0,34.0,47.0,42.0,32.0,155.0,chacara,04686-001,Av Nsra Do Sabara,Vila Isa,São Paulo,SP,10.418630434782608,1
432313,2022,-23.665794838788,-46.6920741745454,5,kilometer,452.0,427259.0,16.0,20.0,22.0,17.0,75.0,chacara,04688-000,R  Marcelino Zonta,Jardim Jua,São Paulo,SP,3.0960797101449278,2
432314,2022,-23.6637961902085,-46.6890556792891,5,kilometer,347.0,812943.0,8.0,14.0,9.0,18.0,49.0,chacara,04674-225,Av Sarg Geraldo Sant'Ana,Jardim Taquaral,São Paulo,SP,5.890891304347826,2
432316,2022,-23.6643642467563,-46.6824126131726,5,kilometer,454.0,1037677.0,17.0,25.0,34.0,28.0,104.0,chacara,04674-225,Av Sarg Geraldo Sant'Ana,Jardim Taquaral,São Paulo,SP,7.519398550724638,1
432321,2022,-23.6597397180365,-46.6800999395513,5,kilometer,664.0,203023.0,35.0,48.0,61.0,59.0,203.0,chacara,04661-000,Av  Interlagos,Jardim Umuarama,São Paulo,SP,14.711811594202898,0
432322,2022,-23.6602493372024,-46.6814779120449,5,kilometer,739.0,2790645.0,28.0,63.0,82.0,57.0,230.0,chacara,04660-000,Av  Interlagos,Jardim Marajoara,São Paulo,SP,20.222065217391304,3
432323,2022,-23.6592664262579,-46.6817304052628,5,kilometer,528.0,2346855.0,28.0,42.0,50.0,50.0,170.0,chacara,04660-000,Av  Interlagos,Jardim Marajoara,São Paulo,SP,17.00619565217391,3
432324,2022,-23.65755206541,-46.6813785816714,5,kilometer,274.0,560852.0,11.0,12.0,9.0,14.0,46.0,chacara,04660-900,Av  Interlagos,Jardim Marajoara,São Paulo,SP,4.0641449275362325,2
432325,2022,-23.6623523902776,-46.681866123431504,5,kilometer,304.0,680787.0,6.0,9.0,22.0,14.0,51.0,chacara,04660-040,R  Duran,Campo Grande,São Paulo,SP,4.9332391304347825,2
432326,2022,-23.661791386242,-46.6844364732758,5,kilometer,527.0,63751.0,23.0,34.0,41.0,26.0,124.0,chacara,04675-010,Av Dr Silva Melo,Jardim Taquaral,São Paulo,SP,4.61963768115942,0
432327,2022,-23.662046476873,-46.6840960059046,5,kilometer,282.0,591206.0,10.0,14.0,19.0,14.0,57.0,chacara,04675-010,Av Dr Silva Melo,Jardim Taquaral,São Paulo,SP,4.284101449275362,2
432328,2022,-23.6645378450829,-46.6944485562479,5,kilometer,502.0,627037.0,17.0,14.0,26.0,20.0,77.0,chacara,04673-040,R  Igati,Vila Anhangüera,São Paulo,SP,4.543746376811594,2
432329,2022,-23.6637416286427,-46.6953823113537,5,kilometer,526.0,565839.0,16.0,22.0,22.0,33.0,93.0,chacara,04673-040,R  Igati,Vila Anhangüera,São Paulo,SP,4.100282608695652,2
432337,2022,-23.6620761068927,-46.6916152975796,5,kilometer,336.0,1013144.0,8.0,14.0,24.0,17.0,63.0,chacara,04671-072,R  Socrates,Vila Sofia,São Paulo,SP,7.341623188405798,1
432338,2022,-23.6617912134891,-46.6914851174414,5,kilometer,321.0,885137.0,5.0,12.0,13.0,16.0,46.0,chacara,04671-072,R  Socrates,Vila Sofia,São Paulo,SP,6.414036231884059,1
432339,2022,-23.6548942978217,-46.6886046937342,5,kilometer,49.0,123668.0,3.0,4.0,5.0,,12.0,chacara,04664-145,Tv  Interpretes,Jardim Marajoara,São Paulo,SP,8.961449275362318,2
432340,2022,-23.6576707605398,-46.6899189313406,5,kilometer,472.0,761973.0,25.0,27.0,23.0,13.0,88.0,chacara,04671-905,R Duq Costa,Vila Sofia,São Paulo,SP,5.521543478260869,1
432341,2022,-23.6604392539304,-46.6913323677294,5,kilometer,349.0,1482834.0,13.0,18.0,21.0,12.0,64.0,chacara,04671-300,R  Arlindo Veiga Dos Santos,Parque Residencial Julia,São Paulo,SP,10.745173913043478,1
432342,2022,-23.6601589533961,-46.6844647711976,5,kilometer,447.0,947951.0,12.0,17.0,32.0,28.0,89.0,chacara,04663-901,R Min Alvaro De Souza Lima,Jardim Marajoara,São Paulo,SP,6.8692101449275365,1
432343,2022,-23.659570527168,-46.6834645220155,5,kilometer,357.0,1376202.0,12.0,17.0,33.0,17.0,79.0,chacara,04664-020,R Min Alvaro De Souza Lima,Jardim Marajoara,São Paulo,SP,9.972478260869565,1
432344,2022,-23.6605195395847,-46.7007808541297,5,kilometer,391.0,725217.0,13.0,14.0,21.0,20.0,68.0,chacara,04672-010,R  Humberto De Queiros,Jardim Bélgica,São Paulo,SP,5.255195652173913,2
432345,2022,-23.6603885807872,-46.6986039169702,5,kilometer,413.0,902329.0,7.0,10.0,21.0,21.0,59.0,chacara,04672-130,Pc  Alberto,Jardim Bélgica,São Paulo,SP,6.538615942028986,1
432351,2022,-23.659825572225,-46.6958020079855,5,kilometer,283.0,766953.0,8.0,6.0,7.0,9.0,30.0,chacara,04685-000,Av Nsra Do Sabara,Vila Sofia,São Paulo,SP,5.557630434782609,2
432352,2022,-23.6599771464026,-46.6953303483105,5,kilometer,284.0,1306251.0,10.0,7.0,5.0,13.0,35.0,chacara,04685-000,Av Nsra Do Sabara,Vila Sofia,São Paulo,SP,9.46558695652174,1
432365,2022,-23.6644670043292,-46.6923837079682,5,kilometer,582.0,1380811.0,27.0,50.0,60.0,31.0,168.0,chacara,04686-001,Av Nsra Do Sabara,Vila Isa,São Paulo,SP,10.005876811594204,1
432366,2022,-23.662780189283,-46.6875727037561,5,kilometer,258.0,305975.0,7.0,4.0,6.0,9.0,26.0,chacara,04675-060,R Sarg Francisco Boeming,Jardim Taquaral,São Paulo,SP,2.2172101449275363,2
432367,2022,-23.6632069648672,-46.6875994483036,5,kilometer,332.0,1218537.0,21.0,11.0,14.0,21.0,67.0,chacara,04674-225,Av Sarg Geraldo Sant'Ana,Jardim Taquaral,São Paulo,SP,8.829978260869566,1
432384,2022,-23.6638687186274,-46.7067015097778,5,kilometer,215.0,760302.0,6.0,13.0,10.0,10.0,39.0,chacara,04696-310,R  Cristalino Rolim De Freitas,Jurubatuba,São Paulo,SP,5.509434782608696,2
432385,2022,-23.6649525386323,-46.685097057291294,5,kilometer,206.0,167493.0,5.0,10.0,18.0,18.0,51.0,chacara,04674-070,R Gal Antonio Tavares Da Motta,Jardim Itapeva,São Paulo,SP,12.137173913043478,2
432387,2022,-23.6640556688777,-46.6855516799277,5,kilometer,211.0,524619.0,6.0,9.0,9.0,9.0,33.0,chacara,04674-090,R  Rosa Pessoa,Jardim Itapeva,São Paulo,SP,3.801586956521739,2
432388,2022,-23.6646880014866,-46.6874224626482,5,kilometer,467.0,42381.0,9.0,13.0,28.0,26.0,76.0,chacara,04674-130,R  Antonio De Barros Cesar,Jardim Itapeva,São Paulo,SP,3.0710869565217394,2
432390,2022,-23.6630927115791,-46.6925769888468,5,kilometer,184.0,530126.0,4.0,9.0,7.0,6.0,26.0,chacara,04673-180,R  Danaides,Vila Anhangüera,São Paulo,SP,3.8414927536231884,2
432391,2022,-23.6583320500478,-46.6829593491755,5,kilometer,257.0,1268567.0,15.0,16.0,17.0,18.0,66.0,chacara,04664-020,R Min Alvaro De Souza Lima,Jardim Marajoara,São Paulo,SP,9.192514492753624,1
432393,2022,-23.6621658809097,-46.6904737928294,5,kilometer,404.0,762263.0,8.0,14.0,15.0,21.0,58.0,chacara,04675-020,Av Sarg Lourival Alves De Souza,Jardim Taquaral,São Paulo,SP,5.523644927536232,2
432394,2022,-23.6629608784501,-46.6959728687492,5,kilometer,393.0,1154959.0,13.0,19.0,18.0,16.0,66.0,chacara,04673-040,R  Igati,Vila Anhangüera,São Paulo,SP,8.36926811594203,1
432395,2022,-23.6614216162486,-46.6982131134316,5,kilometer,117.0,551707.0,7.0,,0.0,11.0,18.0,chacara,04672-120,Pc  Barquino,Jardim Bélgica,São Paulo,SP,3.9978768115942027,2
432396,2022,-23.6593388194347,-46.6967381855043,5,kilometer,14.0,35808.0,3.0,,0.0,,3.0,chacara,04685-000,Av Nsra Do Sabara,Vila Sofia,São Paulo,SP,2.5947826086956525,2
432397,2022,-23.6585821294377,-46.69451584152311,5,kilometer,432.0,828255.0,24.0,22.0,24.0,14.0,84.0,chacara,04671-050,R  Olavo Bilac,Vila Sofia,São Paulo,SP,6.001847826086956,1
432399,2022,-23.6559876359929,-46.6845250728709,5,kilometer,343.0,109119.0,15.0,12.0,16.0,19.0,62.0,chacara,04664-100,R Min Coriolano De Gois,Jardim Marajoara,São Paulo,SP,7.907173913043478,2
432400,2022,-23.6617205094823,-46.701631456278,5,kilometer,109.0,593588.0,3.0,11.0,3.0,4.0,21.0,chacara,04662-020,R  Herbert Alfred Landsberger,Santo Amaro,São Paulo,SP,4.30136231884058,2
432403,2022,-23.6685772032349,-46.7042294039358,5,kilometer,578.0,505532.0,28.0,17.0,12.0,19.0,76.0,chacara,04696-040,R  Galeno De Castro,Jurubatuba,São Paulo,SP,3.6632753623188403,0
432404,2022,-23.6680172708338,-46.7046272221594,5,kilometer,480.0,50585.0,16.0,17.0,14.0,24.0,71.0,chacara,04696-040,R  Galeno De Castro,Jurubatuba,São Paulo,SP,3.6655797101449274,2
432405,2022,-23.6651174530049,-46.68982962883511,5,kilometer,323.0,818293.0,16.0,16.0,18.0,12.0,62.0,chacara,04674-230,R  Jose Jardim Da Silveira,Jardim Taquaral,São Paulo,SP,5.929659420289855,2
432406,2022,-23.6638065910589,-46.6896943548105,5,kilometer,286.0,644123.0,10.0,7.0,14.0,9.0,40.0,chacara,04674-225,Av Sarg Geraldo Sant'Ana,Jardim Taquaral,São Paulo,SP,4.667557971014492,2
432407,2022,-23.6643581882691,-46.6896256780756,5,kilometer,80.0,589753.0,,3.0,3.0,,6.0,chacara,04674-225,Av Sarg Geraldo Sant'Ana,Jardim Taquaral,São Paulo,SP,4.273572463768116,2
432419,2022,-23.6707200044654,-46.7041881257141,5,kilometer,,,,,,,0.0,chacara,04795-912,Av Das Nacoes Unidas,Vila Almeida,São Paulo,SP,,
432435,2022,-23.6687381494484,-46.7035414199414,5,kilometer,67.0,151034.0,,0.0,,,0.0,chacara,04696-040,R  Galeno De Castro,Jurubatuba,São Paulo,SP,1.0944492753623187,2
432450,2022,-23.6113806744245,-46.7524117439723,5,kilometer,573.0,368289.0,20.0,24.0,29.0,42.0,115.0,chacara,05743-230,R Prof Indalecio De Melo,Jardim Jamaica,São Paulo,SP,2.6687608695652174,0
432465,2022,-23.6394333064007,-46.7589865206733,5,kilometer,270.0,582636.0,16.0,7.0,19.0,17.0,59.0,chacara,05763-450,R  Lira Cearense,Jardim Santa Efigênia,São Paulo,SP,4.2219999999999995,2
432483,2022,-23.6305474366392,-46.7580909792362,5,kilometer,311.0,23112.0,17.0,24.0,10.0,24.0,75.0,chacara,05765-140,R  Alessandro Algardi,Jardim Olinda,São Paulo,SP,1.674782608695652,2
432484,2022,-23.630592888924,-46.754877958982895,5,kilometer,808.0,277167.0,49.0,53.0,49.0,45.0,196.0,chacara,05766-280,R  Carandazinho,Jardim Olinda,São Paulo,SP,2.0084565217391304,0
432486,2022,-23.6315502005726,-46.7517919544588,5,kilometer,305.0,239072.0,13.0,14.0,15.0,17.0,59.0,chacara,05775-120,R  Antonio Jose Bastos,Parque Regina,São Paulo,SP,1.732405797101449,2
432487,2022,-23.6322810701426,-46.7580341955588,5,kilometer,414.0,220529.0,19.0,27.0,27.0,40.0,113.0,chacara,05767-390,R  Gaspar De Carvajal,Jardim Catanduva,São Paulo,SP,1.598036231884058,2
432488,2022,-23.6316263571323,-46.7524994069177,5,kilometer,495.0,184185.0,29.0,34.0,37.0,47.0,147.0,chacara,05766-340,R  Ceresopolis,Jardim Olinda,São Paulo,SP,1.3346739130434782,2
432489,2022,-23.6344119745297,-46.757326122435,5,kilometer,661.0,200761.0,41.0,50.0,46.0,60.0,197.0,chacara,05773-020,R  Bernardo Correia Leitao,Parque Regina,São Paulo,SP,1.4547898550724636,0
432492,2022,-23.6377963423558,-46.757101309290704,5,kilometer,743.0,246677.0,34.0,31.0,50.0,61.0,176.0,chacara,05778-181,R  Caio Graco Da Silva Prado,Parque Arariba,São Paulo,SP,1.7875144927536233,0
432514,2022,-23.6251332442012,-46.7560564955329,5,kilometer,653.0,252243.0,28.0,41.0,39.0,44.0,152.0,chacara,05756-400,R  Juacema,Jardim Umarizal,São Paulo,SP,1.8278478260869564,0
432515,2022,-23.625520712133,-46.7563535864052,5,kilometer,246.0,173357.0,13.0,14.0,17.0,16.0,60.0,chacara,05756-400,R  Juacema,Jardim Umarizal,São Paulo,SP,1.2562101449275362,2
432516,2022,-23.6270751869437,-46.753845281759,5,kilometer,534.0,153676.0,40.0,51.0,44.0,44.0,179.0,chacara,05756-190,R  Andrea De Firenze,Jardim Umarizal,São Paulo,SP,1.1135942028985508,0
432517,2022,-23.6260772762514,-46.7531535605357,5,kilometer,1165.0,170174.0,121.0,85.0,65.0,80.0,351.0,chacara,05756-280,R  Caxinava,Jardim Umarizal,São Paulo,SP,1.2331449275362318,0
432518,2022,-23.6307081602307,-46.75149241346951,5,kilometer,629.0,265974.0,30.0,32.0,47.0,37.0,146.0,chacara,05775-120,R  Antonio Jose Bastos,Parque Regina,São Paulo,SP,1.9273478260869563,0
432519,2022,-23.6345972781601,-46.7548573978983,5,kilometer,959.0,265292.0,51.0,65.0,61.0,68.0,245.0,chacara,05775-230,R  Melo Coutinho,Parque Regina,São Paulo,SP,1.9224057971014494,0
432520,2022,-23.6368140269788,-46.7524623325585,5,kilometer,384.0,233878.0,19.0,17.0,27.0,26.0,89.0,chacara,05775-160,R  Dias Diniz,Parque Regina,São Paulo,SP,1.6947681159420291,2
432521,2022,-23.6380818590003,-46.7557000840832,5,kilometer,63.0,237208.0,5.0,3.0,,3.0,11.0,chacara,05773-110,R  Nelson Brissac,Parque Regina,São Paulo,SP,1.7188985507246377,2
432522,2022,-23.6366733450485,-46.75383823036911,5,kilometer,526.0,202236.0,36.0,26.0,34.0,36.0,132.0,chacara,05773-020,R  Bernardo Correia Leitao,Parque Regina,São Paulo,SP,1.4654782608695651,0
432523,2022,-23.6392018108761,-46.7547144486141,5,kilometer,631.0,22107.0,33.0,31.0,39.0,42.0,145.0,chacara,05778-181,R  Caio Graco Da Silva Prado,Parque Arariba,São Paulo,SP,1.6019565217391303,0
432524,2022,-23.640342670414,-46.7536420121577,5,kilometer,455.0,172082.0,21.0,38.0,29.0,32.0,120.0,chacara,05778-250,Av  Lucilo De Almeida,Parque Arariba,São Paulo,SP,1.2469710144927535,2
432525,2022,-23.6415904971368,-46.7505466456855,5,kilometer,273.0,207085.0,13.0,14.0,19.0,22.0,68.0,chacara,05775-200,R Prof Leitao Da Cunha,Parque Regina,São Paulo,SP,1.5006159420289855,2
432526,2022,-23.6435238491711,-46.75332566307689,5,kilometer,710.0,229719.0,41.0,37.0,49.0,46.0,173.0,chacara,05778-140,R  Dario Mecatti,Parque Arariba,São Paulo,SP,1.6646304347826086,0
432527,2022,-23.6439615797808,-46.7559364761473,5,kilometer,681.0,618686.0,30.0,36.0,43.0,37.0,146.0,chacara,05763-906,R  Lira Cearense,Chácara Nossa Senhora do Bom Conselho,São Paulo,SP,4.483231884057971,0
432528,2022,-23.6451577487148,-46.7566130891255,5,kilometer,721.0,553224.0,25.0,37.0,50.0,57.0,169.0,chacara,05763-907,R  Lira Cearense,Chácara Nossa Senhora do Bom Conselho,São Paulo,SP,4.008869565217391,0
432529,2022,-23.6448168703913,-46.7552162050078,5,kilometer,598.0,129604.0,43.0,48.0,48.0,50.0,189.0,chacara,05778-170,R  Fim De Primavera,Parque Arariba,São Paulo,SP,0.939159420289855,0
432530,2022,-23.6424642200133,-46.7576765000942,5,kilometer,772.0,957464.0,39.0,43.0,56.0,54.0,192.0,chacara,05763-500,R  Jordao Gouvea,Jardim Piracuama,São Paulo,SP,6.938144927536231,0
432540,2022,-23.6225065292887,-46.7553065776603,5,kilometer,437.0,347377.0,11.0,23.0,22.0,29.0,85.0,chacara,05756-350,Av Das Colmeias,Jardim Umarizal,São Paulo,SP,2.5172246376811596,2
432541,2022,-23.6220523428378,-46.7527173231391,5,kilometer,768.0,294885.0,39.0,43.0,40.0,47.0,169.0,chacara,05754-010,R  Calogeras,Umarizal,São Paulo,SP,2.1368478260869566,0
432542,2022,-23.6243377969102,-46.752832330932,5,kilometer,812.0,349815.0,45.0,43.0,45.0,55.0,188.0,chacara,05756-220,R  Caranapatuba,Jardim Umarizal,São Paulo,SP,2.534891304347826,0
432543,2022,-23.625594243242,-46.7498951337066,5,kilometer,778.0,251293.0,60.0,60.0,45.0,56.0,221.0,chacara,05735-050,R  Castanho Mirim,Parque Reboucas,São Paulo,SP,1.8209637681159418,0
432544,2022,-23.6283893695225,-46.7490452026938,5,kilometer,614.0,160752.0,43.0,58.0,48.0,47.0,196.0,chacara,05735-110,R  Clodoaldo Pedroso,Parque Reboucas,São Paulo,SP,1.1648695652173913,0
432545,2022,-23.6440787367433,-46.7524355641257,5,kilometer,1096.0,137652.0,61.0,93.0,76.0,89.0,319.0,chacara,05777-170,R  Vila Caiz,Vila Nova das Belezas,São Paulo,SP,0.9974782608695653,0
432554,2022,-23.6201417478448,-46.7523904727502,5,kilometer,346.0,481611.0,8.0,24.0,18.0,20.0,70.0,chacara,05752-570,R  Luisa Beck Silva,Jardim Maria Duarte,São Paulo,SP,3.4899347826086955,2
432555,2022,-23.6184784321263,-46.7523079386668,5,kilometer,740.0,349382.0,22.0,32.0,40.0,39.0,133.0,chacara,05752-460,R  Chico Mana,Vila Analia,São Paulo,SP,2.531753623188406,0
432556,2022,-23.6205348729728,-46.7525701394239,5,kilometer,311.0,470247.0,14.0,13.0,14.0,18.0,59.0,chacara,05754-071,R  Jaracatia,Jardim Umarizal,São Paulo,SP,3.4075869565217394,2
432557,2022,-23.6343669642276,-46.7474425006945,5,kilometer,764.0,297259.0,70.0,42.0,33.0,49.0,194.0,chacara,05776-430,R  Jose Pereira Bueno,Vila Franca,São Paulo,SP,2.154050724637681,0
432558,2022,-23.6357303185445,-46.7470640733299,5,kilometer,505.0,237742.0,31.0,33.0,28.0,36.0,128.0,chacara,05776-340,R  Camasati,Vila Franca,São Paulo,SP,1.722768115942029,2
432559,2022,-23.6382656245528,-46.7484386884203,5,kilometer,844.0,289853.0,55.0,36.0,33.0,39.0,163.0,chacara,05776-500,R  Ricardina Campello F.Rodrigues,Vila Franca,São Paulo,SP,2.1003840579710147,0
432560,2022,-23.642101683154,-46.7498477513696,5,kilometer,670.0,21675.0,38.0,33.0,44.0,50.0,165.0,chacara,05778-240,R  Leopoldino Jose De Camargo,Parque Arariba,São Paulo,SP,1.5706521739130435,0
432563,2022,-23.6346340820162,-46.7432884900421,5,kilometer,705.0,238645.0,37.0,61.0,48.0,52.0,198.0,chacara,05736-200,R Comed Zacarias,Jardim São Roque,São Paulo,SP,1.7293115942028985,0
432575,2022,-23.6322522400018,-46.7552031858144,5,kilometer,800.0,245809.0,52.0,51.0,63.0,58.0,224.0,chacara,05766-310,R  Catarina Guimaraes,Jardim Olinda,São Paulo,SP,1.7812246376811596,0
432576,2022,-23.633429800963,-46.755291773222,5,kilometer,812.0,232315.0,52.0,54.0,58.0,61.0,225.0,chacara,05773-010,Av  Andrea Pisano,Parque Regina,São Paulo,SP,1.6834420289855072,0
432577,2022,-23.6378217618428,-46.7581388797782,5,kilometer,611.0,209726.0,33.0,41.0,39.0,37.0,150.0,chacara,05772-060,R Pde Justino,Parque Regina,São Paulo,SP,1.519753623188406,0
432580,2022,-23.6283162944134,-46.7535228314268,5,kilometer,1050.0,246647.0,59.0,69.0,75.0,86.0,289.0,chacara,05757-900,R  Diogo Martins,Jardim Ana Maria,São Paulo,SP,1.7872971014492751,0
432581,2022,-23.6249551616687,-46.752284312538,5,kilometer,816.0,157607.0,105.0,54.0,53.0,33.0,245.0,chacara,05756-360,R Cel Domingos Quirino Ferreira,Jardim Umarizal,São Paulo,SP,1.1420797101449276,0
432582,2022,-23.6315065251812,-46.7499886788246,5,kilometer,542.0,233444.0,28.0,32.0,38.0,32.0,130.0,chacara,05774-280,R  Constantino De Oliveira Ledo,Parque Regina,São Paulo,SP,1.691623188405797,0
432583,2022,-23.6377259457012,-46.7516413938331,5,kilometer,410.0,425203.0,18.0,19.0,25.0,24.0,86.0,chacara,05775-320,R  Antonio Domingues Galera,Parque Regina,São Paulo,SP,3.08118115942029,2
432584,2022,-23.6390899249155,-46.7513109057962,5,kilometer,185.0,284407.0,7.0,11.0,11.0,8.0,37.0,chacara,05778-290,R  Eurico De Azevedo Marques,Parque Arariba,São Paulo,SP,2.0609202898550727,2
432585,2022,-23.6421696225845,-46.7519265388625,5,kilometer,903.0,268911.0,40.0,59.0,59.0,59.0,217.0,chacara,05778-240,R  Leopoldino Jose De Camargo,Parque Arariba,São Paulo,SP,1.9486304347826089,0
432589,2022,-23.6261246865747,-46.7510301157666,5,kilometer,760.0,210529.0,48.0,67.0,52.0,45.0,212.0,chacara,05735-050,R  Castanho Mirim,Parque Reboucas,São Paulo,SP,1.5255724637681158,0
432590,2022,-23.6197186262873,-46.752920173514,5,kilometer,314.0,490414.0,12.0,11.0,18.0,6.0,47.0,chacara,05752-460,R  Chico Mana,Vila Analia,São Paulo,SP,3.5537246376811598,2
432591,2022,-23.636479249025,-46.743036218713,5,kilometer,640.0,313213.0,25.0,37.0,37.0,38.0,137.0,chacara,05730-170,R  Maria Jose Da Conceicao,Vila Andrade,São Paulo,SP,2.2696594202898552,0
432592,2022,-23.6344297339812,-46.7418244020053,5,kilometer,297.0,192714.0,13.0,32.0,19.0,16.0,80.0,chacara,05776-530,R  Joao Maximiano,Jardim São Roque,São Paulo,SP,1.3964782608695654,2
432613,2022,-23.6299240201694,-46.756677882115504,5,kilometer,349.0,218414.0,22.0,21.0,14.0,28.0,85.0,chacara,05765-140,R  Alessandro Algardi,Jardim Olinda,São Paulo,SP,1.582710144927536,2
432614,2022,-23.6316553067266,-46.756684720284,5,kilometer,373.0,245513.0,19.0,23.0,20.0,27.0,89.0,chacara,05766-280,R  Carandazinho,Jardim Olinda,São Paulo,SP,1.7790797101449276,2
432616,2022,-23.6314197406008,-46.7576566646721,5,kilometer,321.0,154842.0,14.0,24.0,23.0,24.0,85.0,chacara,05765-160,R  Campos Elisios,Jardim Olinda,São Paulo,SP,1.1220434782608697,2
432617,2022,-23.632838013146,-46.7562840648991,5,kilometer,331.0,464524.0,13.0,17.0,11.0,29.0,70.0,chacara,05766-290,R  Cardoso Moreira,Jardim Olinda,São Paulo,SP,3.3661159420289852,2
432624,2022,-23.6274535578468,-46.7508643457509,5,kilometer,267.0,169541.0,19.0,22.0,19.0,23.0,83.0,chacara,05735-070,R  Cinco Irmaos,Parque Reboucas,São Paulo,SP,1.2285579710144927,2
432630,2022,-23.6210266819657,-46.755652191330704,5,kilometer,614.0,377411.0,24.0,29.0,34.0,32.0,119.0,chacara,05755-140,R  Itamanduaba,Jardim Umarizal,São Paulo,SP,2.73486231884058,0
432631,2022,-23.6234351855459,-46.7547194218901,5,kilometer,378.0,389994.0,19.0,20.0,22.0,18.0,79.0,chacara,05756-340,R  Coatinga,Jardim Umarizal,São Paulo,SP,2.8260434782608694,2
432632,2022,-23.6287749937562,-46.747207972702704,5,kilometer,723.0,269325.0,29.0,47.0,46.0,52.0,174.0,chacara,05734-110,R Do Chico Nunes,Vila Andrade,São Paulo,SP,1.9516304347826088,0
432633,2022,-23.6359838091854,-46.75075456864911,5,kilometer,585.0,208073.0,36.0,25.0,41.0,31.0,133.0,chacara,05774-250,R  Cearuni,Parque Regina,São Paulo,SP,1.5077753623188406,0
432634,2022,-23.6447066567865,-46.7518706115332,5,kilometer,446.0,160289.0,32.0,36.0,35.0,48.0,151.0,chacara,05777-170,R  Vila Caiz,Vila Nova das Belezas,São Paulo,SP,1.1615144927536232,2
432637,2022,-23.6223486243683,-46.748368171586,5,kilometer,561.0,217218.0,28.0,36.0,32.0,29.0,125.0,chacara,05752-350,R  Aba Soihet,Jardim Maria Duarte,São Paulo,SP,1.5740434782608694,0
432639,2022,-23.6376454769803,-46.7462549784702,5,kilometer,757.0,258985.0,77.0,42.0,20.0,15.0,154.0,chacara,05776-450,R  Manuel Moreira De Sa,Vila Franca,São Paulo,SP,1.8767028985507246,0
432645,2022,-23.6154032388177,-46.7511567218477,5,kilometer,373.0,1009942.0,7.0,10.0,29.0,16.0,62.0,chacara,05750-350,R  Renea Ferreira De Castilho,Super Quadra Morumbi,São Paulo,SP,7.318420289855072,1
432650,2022,-23.6346640059208,-46.7583424396499,5,kilometer,129.0,251514.0,3.0,5.0,16.0,8.0,32.0,chacara,05778-181,R  Caio Graco Da Silva Prado,Parque Arariba,São Paulo,SP,1.8225652173913043,2
432651,2022,-23.6313810586333,-46.7531027251807,5,kilometer,240.0,260326.0,7.0,18.0,10.0,15.0,50.0,chacara,05766-340,R  Ceresopolis,Jardim Olinda,São Paulo,SP,1.8864202898550726,2
432653,2022,-23.6369517185711,-46.7543867322448,5,kilometer,151.0,338241.0,8.0,8.0,9.0,17.0,42.0,chacara,05773-020,R  Bernardo Correia Leitao,Parque Regina,São Paulo,SP,2.4510217391304345,2
432656,2022,-23.6249092913078,-46.7511683971054,5,kilometer,393.0,197737.0,20.0,27.0,30.0,32.0,109.0,chacara,05756-320,R  Claraiba,Jardim Umarizal,São Paulo,SP,1.4328768115942028,2
432658,2022,-23.6285286324941,-46.7519833220679,5,kilometer,486.0,246001.0,30.0,37.0,28.0,32.0,127.0,chacara,05766-260,R  Alexandre Biagio,Jardim Olinda,São Paulo,SP,1.7826159420289858,2
432669,2022,-23.6356375749787,-46.753299663946,5,kilometer,170.0,243158.0,4.0,16.0,11.0,12.0,43.0,chacara,05775-200,R Prof Leitao Da Cunha,Parque Regina,São Paulo,SP,1.7620144927536232,2
432670,2022,-23.6383417573907,-46.7540116456908,5,kilometer,233.0,231407.0,17.0,13.0,12.0,9.0,51.0,chacara,05773-020,R  Bernardo Correia Leitao,Parque Regina,São Paulo,SP,1.6768623188405798,2
432671,2022,-23.6380378907057,-46.7550523013386,5,kilometer,235.0,16179.0,4.0,13.0,19.0,23.0,59.0,chacara,05773-020,R  Bernardo Correia Leitao,Parque Regina,São Paulo,SP,1.1723913043478262,2
432674,2022,-23.6351470562307,-46.7514754090635,5,kilometer,348.0,209493.0,15.0,17.0,25.0,23.0,80.0,chacara,05774-260,R  Cipolandia,Parque Regina,São Paulo,SP,1.5180652173913043,2
432675,2022,-23.6249736008657,-46.7478566457118,5,kilometer,252.0,173241.0,24.0,18.0,20.0,22.0,84.0,chacara,05734-020,R  Carajeru,Parque Reboucas,São Paulo,SP,1.2553695652173913,2
432679,2022,-23.637968196461,-46.7444093500148,5,kilometer,373.0,174655.0,18.0,22.0,25.0,32.0,97.0,chacara,05776-360,R  Caruxa,Vila Franca,São Paulo,SP,1.2656159420289854,2
432681,2022,-23.6349526772896,-46.7446943174075,5,kilometer,462.0,167647.0,26.0,24.0,52.0,37.0,139.0,chacara,05736-190,R  Vicente Fabrizi,Jardim São Roque,São Paulo,SP,1.2148333333333334,2
432683,2022,-23.6356669802137,-46.7505971236235,5,kilometer,166.0,17323.0,8.0,10.0,9.0,10.0,37.0,chacara,05774-280,R  Constantino De Oliveira Ledo,Parque Regina,São Paulo,SP,1.2552898550724638,2
432684,2022,-23.6363991476667,-46.7457094766147,5,kilometer,214.0,35083.0,11.0,12.0,23.0,11.0,57.0,chacara,05776-340,R  Camasati,Vila Franca,São Paulo,SP,2.5422463768115944,2
432685,2022,-23.6362106836001,-46.7464156142056,5,kilometer,216.0,284396.0,12.0,11.0,23.0,11.0,57.0,chacara,05776-450,R  Manuel Moreira De Sa,Vila Franca,São Paulo,SP,2.060840579710145,2
432688,2022,-23.6205010974087,-46.7506964423824,5,kilometer,559.0,248047.0,36.0,28.0,38.0,38.0,140.0,chacara,05752-540,R  Jose Laborim,Jardim Maria Duarte,São Paulo,SP,1.797442028985507,0
432689,2022,-23.6195628296585,-46.7501397325895,5,kilometer,363.0,246512.0,11.0,21.0,26.0,24.0,82.0,chacara,05752-400,R  Capanezinho,Jardim Maria Duarte,São Paulo,SP,1.7863188405797101,2
432694,2022,-23.6298572774406,-46.7492797127805,5,kilometer,521.0,509536.0,27.0,28.0,26.0,31.0,112.0,chacara,05735-030,R  Carlos Magalhaes,Parque Reboucas,São Paulo,SP,3.6922898550724637,2
432696,2022,-23.6289264121526,-46.7492753849506,5,kilometer,503.0,542998.0,36.0,27.0,29.0,19.0,111.0,chacara,05735-090,R  Clemente Rocha,Parque Reboucas,São Paulo,SP,3.9347681159420285,2
432697,2022,-23.632718498259,-46.7492380009268,5,kilometer,375.0,231342.0,22.0,23.0,20.0,17.0,82.0,chacara,05774-220,R  Catauara,Parque Regina,São Paulo,SP,1.6763913043478262,2
432698,2022,-23.6323330810074,-46.7485611129716,5,kilometer,260.0,23929.0,16.0,10.0,20.0,17.0,63.0,chacara,05736-160,R  Mario Linhares,Jardim Ingá,São Paulo,SP,1.7339855072463768,2
432699,2022,-23.6351641612107,-46.7521336723104,5,kilometer,161.0,282864.0,6.0,8.0,4.0,9.0,27.0,chacara,05775-190,R  Goncalo Da Costa Temudo,Parque Regina,São Paulo,SP,2.0497391304347827,2
432700,2022,-23.633957969983,-46.7505497796579,5,kilometer,487.0,277444.0,22.0,35.0,34.0,28.0,119.0,chacara,05774-200,R  Andrea Appiani,Parque Regina,São Paulo,SP,2.010463768115942,2
432708,2022,-23.6361237225168,-46.7552153173239,5,kilometer,515.0,249255.0,29.0,23.0,29.0,30.0,111.0,chacara,05775-180,R  Francisco Jeronimo,Parque Regina,São Paulo,SP,1.806195652173913,2
432709,2022,-23.6349697956597,-46.7565251613192,5,kilometer,392.0,226364.0,17.0,29.0,19.0,28.0,93.0,chacara,05775-200,R Prof Leitao Da Cunha,Parque Regina,São Paulo,SP,1.64031884057971,2
432710,2022,-23.6370454722518,-46.7568915368456,5,kilometer,448.0,165966.0,26.0,34.0,22.0,33.0,115.0,chacara,05773-020,R  Bernardo Correia Leitao,Parque Regina,São Paulo,SP,1.2026521739130436,2
432711,2022,-23.6369891059932,-46.7558441833113,5,kilometer,503.0,199248.0,25.0,35.0,26.0,36.0,122.0,chacara,05775-200,R Prof Leitao Da Cunha,Parque Regina,São Paulo,SP,1.4438260869565218,2
432713,2022,-23.6237483283621,-46.7480175587536,5,kilometer,849.0,200483.0,69.0,57.0,67.0,72.0,265.0,chacara,05756-420,R  Manicoba,Jardim Umarizal,São Paulo,SP,1.4527753623188406,0
432714,2022,-23.6253475048552,-46.7481497252148,5,kilometer,811.0,286928.0,42.0,40.0,63.0,71.0,216.0,chacara,05734-090,R  Chapada De Minas,Parque Reboucas,São Paulo,SP,2.0791884057971015,0
432715,2022,-23.6266134141071,-46.7469236699248,5,kilometer,443.0,786414.0,30.0,26.0,20.0,22.0,98.0,chacara,05734-080,R  Celso Ramos,Vila Andrade,São Paulo,SP,5.698652173913044,1
432716,2022,-23.6268231913655,-46.7482169343187,5,kilometer,408.0,229899.0,22.0,21.0,26.0,34.0,103.0,chacara,05735-050,R  Castanho Mirim,Parque Reboucas,São Paulo,SP,1.6659347826086954,2
432717,2022,-23.627455337416,-46.7461891820499,5,kilometer,552.0,764332.0,47.0,37.0,26.0,13.0,123.0,chacara,05734-090,R  Chapada De Minas,Parque Reboucas,São Paulo,SP,5.53863768115942,0
432718,2022,-23.6283875475671,-46.7450852322548,5,kilometer,392.0,908356.0,35.0,22.0,11.0,10.0,78.0,chacara,05734-110,R Do Chico Nunes,Vila Andrade,São Paulo,SP,6.582289855072464,1
432719,2022,-23.6451714057706,-46.7532916331684,5,kilometer,518.0,178445.0,29.0,35.0,42.0,43.0,149.0,chacara,05777-130,R  Praia De Carreiros,Vila Nova das Belezas,São Paulo,SP,1.2930797101449276,2
432727,2022,-23.6300175345868,-46.7534720242829,5,kilometer,416.0,212804.0,23.0,30.0,39.0,30.0,122.0,chacara,05766-270,R  Caraiva,Jardim Olinda,São Paulo,SP,1.5420579710144928,2
432728,2022,-23.6307681104462,-46.7537400969309,5,kilometer,280.0,220764.0,25.0,15.0,12.0,16.0,68.0,chacara,05766-270,R  Caraiva,Jardim Olinda,São Paulo,SP,1.5997391304347826,2
432729,2022,-23.6256637280483,-46.7542205839903,5,kilometer,324.0,299343.0,18.0,11.0,20.0,18.0,67.0,chacara,05756-280,R  Caxinava,Jardim Umarizal,São Paulo,SP,2.1691521739130435,2
432731,2022,-23.6261185129382,-46.7544435450276,5,kilometer,656.0,353821.0,31.0,53.0,64.0,42.0,190.0,chacara,05756-310,R  Citrolandia,Jardim Umarizal,São Paulo,SP,2.5639202898550724,0
432732,2022,-23.6405481957747,-46.7485888024384,5,kilometer,378.0,272328.0,22.0,16.0,17.0,14.0,69.0,chacara,05778-090,R  Adolfo Campos De Araujo,Parque Arariba,São Paulo,SP,1.9733913043478262,2
432733,2022,-23.6401153461627,-46.7468850091622,5,kilometer,403.0,227434.0,17.0,18.0,17.0,26.0,78.0,chacara,05730-150,R  Canabarro,Vila Andrade,São Paulo,SP,1.6480724637681161,2
432740,2022,-23.63209166042,-46.7473301451623,5,kilometer,488.0,230386.0,23.0,25.0,30.0,20.0,98.0,chacara,05736-160,R  Mario Linhares,Jardim Ingá,São Paulo,SP,1.669463768115942,2
432741,2022,-23.6330789905991,-46.7466323585879,5,kilometer,351.0,204802.0,19.0,19.0,22.0,28.0,88.0,chacara,05736-160,R  Mario Linhares,Jardim Ingá,São Paulo,SP,1.484072463768116,2
432742,2022,-23.6388769916189,-46.7575374027673,5,kilometer,256.0,212858.0,15.0,11.0,15.0,18.0,59.0,chacara,05772-040,R  James Ensor,Parque Regina,São Paulo,SP,1.5424492753623187,2
432743,2022,-23.6415056424871,-46.7550127532069,5,kilometer,686.0,42830.0,36.0,44.0,38.0,37.0,155.0,chacara,05772-040,R  James Ensor,Parque Regina,São Paulo,SP,3.103623188405797,0
432744,2022,-23.6135828331442,-46.7532668476677,5,kilometer,250.0,1668538.0,5.0,9.0,11.0,23.0,48.0,chacara,05745-250,R  Antonio Carlos Salles Filho,Residencial Morumbi,São Paulo,SP,12.09085507246377,1
432766,2022,-23.641098809911,-46.7540953106351,5,kilometer,581.0,194213.0,32.0,36.0,39.0,48.0,155.0,chacara,05772-060,R Pde Justino,Parque Regina,São Paulo,SP,1.407340579710145,0
432768,2022,-23.640112617581,-46.7525109973585,5,kilometer,588.0,210567.0,28.0,35.0,42.0,37.0,142.0,chacara,05778-150,R Dr Abelardo Da Cunha Lobo,Parque Arariba,São Paulo,SP,1.5258478260869566,0
432770,2022,-23.6274372735968,-46.7562010617087,5,kilometer,313.0,21669.0,17.0,22.0,26.0,22.0,87.0,chacara,05757-120,R  Diogo Martins,Jardim Ana Maria,São Paulo,SP,1.5702173913043478,2
432772,2022,-23.6284870467876,-46.7554136815558,5,kilometer,268.0,238196.0,12.0,10.0,16.0,24.0,62.0,chacara,05765-240,R  Ituna,Jardim Olinda,São Paulo,SP,1.7260579710144928,2
432774,2022,-23.6367203653298,-46.74765472901289,5,kilometer,917.0,252616.0,78.0,61.0,31.0,35.0,205.0,chacara,05776-430,R  Jose Pereira Bueno,Vila Franca,São Paulo,SP,1.830550724637681,0
432776,2022,-23.6376606687602,-46.7477837545259,5,kilometer,222.0,275496.0,6.0,8.0,10.0,17.0,41.0,chacara,05776-460,R  Manuel Pinto,Jardim Eliza,São Paulo,SP,1.9963478260869565,2
432777,2022,-23.6219202274489,-46.7498348801309,5,kilometer,624.0,224436.0,31.0,33.0,47.0,48.0,159.0,chacara,05752-440,Tv  Carlos Salzedo,Jardim Maria Duarte,São Paulo,SP,1.6263478260869566,0
432780,2022,-23.6232826971566,-46.7491375329668,5,kilometer,690.0,448453.0,66.0,41.0,42.0,30.0,179.0,chacara,05756-420,R  Manicoba,Jardim Umarizal,São Paulo,SP,3.2496594202898548,0
432831,2022,-23.617065791667,-46.754271186431,5,kilometer,700.0,52565.0,56.0,49.0,26.0,35.0,166.0,chacara,05752-001,Es Dos Mirandas,Jardim Maria Duarte,São Paulo,SP,3.809057971014493,0
432839,2022,-23.6324438798697,-46.7595528992907,5,kilometer,426.0,239439.0,31.0,27.0,23.0,38.0,119.0,chacara,05767-470,R  Manuel Bicudo,Jardim Catanduva,São Paulo,SP,1.7350652173913041,2
432844,2022,-23.6179293202913,-46.7547599560426,5,kilometer,439.0,483678.0,16.0,19.0,21.0,21.0,77.0,chacara,05752-520,R  Joaquim De Magalhaes,Jardim Maria Duarte,São Paulo,SP,3.5049130434782607,2
432845,2022,-23.6186861367703,-46.7543244657474,5,kilometer,541.0,417365.0,12.0,24.0,29.0,28.0,93.0,chacara,05752-520,R  Joaquim De Magalhaes,Jardim Maria Duarte,São Paulo,SP,3.024384057971014,0
432847,2022,-23.624360329722,-46.7474439394289,5,kilometer,286.0,172983.0,24.0,27.0,32.0,29.0,112.0,chacara,05734-090,R  H-31 (J. Reboucas-Clm),Parque Reboucas,São Paulo,SP,1.2534999999999998,2
432848,2022,-23.6247319625735,-46.7466310243578,5,kilometer,369.0,156817.0,28.0,35.0,44.0,25.0,132.0,chacara,05734-020,R  Carajeru,Parque Reboucas,São Paulo,SP,1.136355072463768,2
432855,2022,-23.6291990516499,-46.7564381318471,5,kilometer,354.0,221357.0,25.0,28.0,30.0,30.0,113.0,chacara,05765-200,R  Carualina,Jardim Olinda,São Paulo,SP,1.6040362318840582,2
432858,2022,-23.6387680221616,-46.7513620159172,5,kilometer,482.0,219089.0,21.0,30.0,31.0,31.0,113.0,chacara,05775-260,R  Zacarias Dias Cortes,Parque Regina,São Paulo,SP,1.5876014492753623,2
432862,2022,-23.6273684377299,-46.745306926761,5,kilometer,336.0,756745.0,28.0,17.0,10.0,12.0,67.0,chacara,05734-090,R  Chapada De Minas,Parque Reboucas,São Paulo,SP,5.483659420289855,2
432865,2022,-23.6432090407755,-46.7501375620151,5,kilometer,413.0,299581.0,16.0,14.0,32.0,29.0,91.0,chacara,05778-110,R  Balbina Maria Gomes,Parque Arariba,São Paulo,SP,2.1708768115942028,2
432866,2022,-23.6316053472404,-46.7434195208896,5,kilometer,148.0,220627.0,18.0,10.0,9.0,16.0,53.0,chacara,05728-050,R  Catarinenses,Vila Andrade,São Paulo,SP,1.5987463768115941,2
432867,2022,-23.631577725038,-46.7443762713057,5,kilometer,702.0,165793.0,63.0,61.0,71.0,77.0,272.0,chacara,05736-020,R  Ageladas,Jardim Ingá,São Paulo,SP,1.2013985507246376,0
432872,2022,-23.6429738505003,-46.7553798553192,5,kilometer,191.0,906667.0,12.0,16.0,20.0,12.0,60.0,chacara,05763-450,R  Lira Cearense,Jardim Santa Efigênia,São Paulo,SP,6.570050724637682,2
432873,2022,-23.6447780776558,-46.7545040900239,5,kilometer,602.0,18647.0,42.0,45.0,43.0,41.0,171.0,chacara,05778-170,R  Fim De Primavera,Parque Arariba,São Paulo,SP,1.3512318840579711,0
432881,2022,-23.6217453175206,-46.7514011845434,5,kilometer,436.0,523875.0,20.0,21.0,26.0,26.0,93.0,chacara,05752-540,R  Jose Laborim,Jardim Maria Duarte,São Paulo,SP,3.796195652173913,2
432882,2022,-23.6210294393658,-46.7518500497626,5,kilometer,420.0,448911.0,16.0,18.0,19.0,25.0,78.0,chacara,05752-400,R  Capanezinho,Jardim Maria Duarte,São Paulo,SP,3.2529782608695648,2
432883,2022,-23.6194350602468,-46.7536641290583,5,kilometer,325.0,360007.0,17.0,17.0,14.0,20.0,68.0,chacara,05754-030,R  Cibauma,Umarizal,São Paulo,SP,2.6087463768115944,2
432884,2022,-23.6191124031596,-46.7532475323471,5,kilometer,324.0,387058.0,7.0,13.0,11.0,15.0,46.0,chacara,05752-000,R Sarg Jose Andre Da Mota,Jardim Maria Duarte,São Paulo,SP,2.804768115942029,2
432885,2022,-23.6331640649743,-46.7545604033413,5,kilometer,172.0,337976.0,9.0,10.0,13.0,14.0,46.0,chacara,05766-290,R  Cardoso Moreira,Jardim Olinda,São Paulo,SP,2.4491014492753624,2
432886,2022,-23.6330115697436,-46.7539344234734,5,kilometer,284.0,278789.0,11.0,15.0,26.0,27.0,79.0,chacara,05773-010,Av  Andrea Pisano,Parque Regina,São Paulo,SP,2.0202101449275363,2
432896,2022,-23.6183234779714,-46.756284911487,5,kilometer,204.0,552687.0,9.0,13.0,11.0,13.0,46.0,chacara,05755-090,Av  Anace,,,,4.004978260869565,2
432910,2022,-23.6403664950484,-46.7505573802279,5,kilometer,439.0,211279.0,26.0,25.0,32.0,24.0,107.0,chacara,05778-150,R Dr Abelardo Da Cunha Lobo,Parque Arariba,São Paulo,SP,1.5310072463768116,2
432911,2022,-23.6410809210836,-46.7524122501613,5,kilometer,383.0,297033.0,11.0,31.0,23.0,24.0,89.0,chacara,05778-210,R  Isaias Tarandach,Parque Arariba,São Paulo,SP,2.1524130434782607,2
432912,2022,-23.6317401508743,-46.7462631510866,5,kilometer,266.0,247601.0,17.0,18.0,21.0,20.0,76.0,chacara,05736-020,R  Ageladas,Jardim Ingá,São Paulo,SP,1.7942101449275365,2
432913,2022,-23.630372127374,-46.7439752319083,5,kilometer,549.0,149123.0,45.0,49.0,54.0,53.0,201.0,chacara,05728-050,R  Catarinenses,Vila Andrade,São Paulo,SP,1.0806014492753624,0
432914,2022,-23.6312105701653,-46.7432885048396,5,kilometer,411.0,171186.0,33.0,36.0,38.0,44.0,151.0,chacara,05728-050,R  Catarinenses,Vila Andrade,São Paulo,SP,1.2404782608695653,2
432925,2022,-23.6283435334915,-46.7570613864204,5,kilometer,289.0,238956.0,22.0,26.0,27.0,22.0,97.0,chacara,05756-370,R Dr Hugo Lacorte Vitale,Jardim Umarizal,São Paulo,SP,1.7315652173913043,2
432926,2022,-23.6303829276933,-46.747933077767,5,kilometer,607.0,39712.0,40.0,47.0,29.0,32.0,148.0,chacara,05735-030,R  Carlos Magalhaes,Parque Reboucas,São Paulo,SP,2.87768115942029,0
432929,2022,-23.6260844692759,-46.74642302926,5,kilometer,390.0,892977.0,32.0,25.0,23.0,20.0,100.0,chacara,05734-080,R  Celso Ramos,Vila Andrade,São Paulo,SP,6.470847826086957,1
432930,2022,-23.627265465006,-46.7473999252364,5,kilometer,335.0,70569.0,25.0,19.0,10.0,7.0,61.0,chacara,05734-080,R  Celso Ramos,Vila Andrade,São Paulo,SP,5.113695652173913,2
432931,2022,-23.6280505208267,-46.7469002051013,5,kilometer,356.0,829302.0,25.0,14.0,26.0,6.0,71.0,chacara,05734-080,R  Celso Ramos,Vila Andrade,São Paulo,SP,6.009434782608696,2
432932,2022,-23.628938271015,-46.7458574570437,5,kilometer,399.0,885147.0,49.0,19.0,13.0,6.0,87.0,chacara,05734-080,R  Celso Ramos,Vila Andrade,São Paulo,SP,6.414108695652174,1
432934,2022,-23.6263001765799,-46.756611185531,5,kilometer,156.0,137768.0,17.0,19.0,19.0,16.0,71.0,chacara,05756-230,R  Caratatina,Vila Nova Pirajussara,São Paulo,SP,0.9983188405797102,2
432935,2022,-23.6266777877491,-46.7567267458264,5,kilometer,345.0,572541.0,31.0,20.0,20.0,14.0,85.0,chacara,05757-120,R  Diogo Martins,Jardim Ana Maria,São Paulo,SP,4.148847826086956,2
432943,2022,-23.6348439306632,-46.7459217790684,5,kilometer,414.0,362812.0,21.0,22.0,28.0,25.0,96.0,chacara,05736-010,R  Adolfo Meyer,Jardim São Roque,São Paulo,SP,2.6290724637681158,2
432944,2022,-23.6336975964746,-46.7452784507088,5,kilometer,1024.0,203463.0,62.0,63.0,57.0,73.0,255.0,chacara,05736-010,R  Adolfo Meyer,Jardim São Roque,São Paulo,SP,1.4743695652173914,0
432946,2022,-23.6163840812189,-46.7527295342857,5,kilometer,712.0,537945.0,29.0,37.0,34.0,28.0,128.0,chacara,05752-001,Es Dos Mirandas,Jardim Maria Duarte,São Paulo,SP,3.898152173913043,0
432952,2022,-23.6304959295882,-46.7489202402868,5,kilometer,710.0,324906.0,37.0,55.0,42.0,45.0,179.0,chacara,05735-030,R  Carlos Magalhaes,Parque Reboucas,São Paulo,SP,2.354391304347826,0
432953,2022,-23.6293303271139,-46.7507024848984,5,kilometer,422.0,421503.0,32.0,25.0,22.0,16.0,95.0,chacara,05735-120,R  Clodomiro De Oliveira,Parque Reboucas,São Paulo,SP,3.054369565217391,2
432954,2022,-23.629069258756,-46.7504724317692,5,kilometer,396.0,445944.0,35.0,20.0,13.0,14.0,82.0,chacara,05735-120,R  Clodomiro De Oliveira,Parque Reboucas,São Paulo,SP,3.231478260869565,2
432955,2022,-23.6362751313231,-46.7448738137918,5,kilometer,1064.0,218026.0,50.0,66.0,53.0,53.0,222.0,chacara,05776-450,R  Manuel Moreira De Sa,Vila Franca,São Paulo,SP,1.579898550724638,0
432956,2022,-23.6357579327648,-46.7438872912302,5,kilometer,139.0,187878.0,10.0,17.0,17.0,5.0,49.0,chacara,05736-170,R  Paulo Hankar,Jardim São Roque,São Paulo,SP,1.3614347826086957,2
432963,2022,-23.6333685846773,-46.7521261962384,5,kilometer,105.0,185655.0,11.0,4.0,4.0,12.0,31.0,chacara,05773-040,R  Eugenio Ribeiro,Parque Regina,São Paulo,SP,1.3453260869565218,2
432964,2022,-23.6329306683387,-46.752679107631,5,kilometer,72.0,269556.0,3.0,4.0,,3.0,10.0,chacara,05773-040,R  Eugenio Ribeiro,Parque Regina,São Paulo,SP,1.953304347826087,2
432965,2022,-23.6339230041057,-46.7530518248257,5,kilometer,49.0,21720.0,3.0,8.0,,5.0,16.0,chacara,05773-070,R  Inacio Manuel Tourinho,Parque Regina,São Paulo,SP,1.5739130434782609,2
432966,2022,-23.6336693051505,-46.7525862731276,5,kilometer,25.0,153089.0,,,0.0,,0.0,chacara,05773-070,R  Inacio Manuel Tourinho,Parque Regina,São Paulo,SP,1.109340579710145,2
432967,2022,-23.6379672265713,-46.7506073688347,5,kilometer,848.0,193181.0,63.0,50.0,53.0,69.0,235.0,chacara,05775-320,R  Antonio Domingues Galera,Parque Regina,São Paulo,SP,1.3998623188405797,0
432968,2022,-23.6368054056037,-46.7510530440757,5,kilometer,,,,,,,0.0,chacara,05775-200,R Prof Leitao Da Cunha,Parque Regina,São Paulo,SP,,
432969,2022,-23.6438589571809,-46.7499203069629,5,kilometer,21.0,217267.0,0.0,0.0,0.0,0.0,0.0,chacara,05778-120,R  Carlos Leite Dos Santos,Parque Arariba,São Paulo,SP,1.5743985507246376,2
432970,2022,-23.6427926934053,-46.747989747894,5,kilometer,178.0,30381.0,11.0,6.0,12.0,8.0,37.0,chacara,05777-180,R  Vilar De Figos,Vila Nova das Belezas,São Paulo,SP,2.2015217391304347,2
432971,2022,-23.6429729340405,-46.7487461949783,5,kilometer,91.0,227959.0,4.0,3.0,5.0,8.0,20.0,chacara,05777-180,R  Vilar De Figos,Vila Nova das Belezas,São Paulo,SP,1.651876811594203,2
432972,2022,-23.6444493589125,-46.7500030114442,5,kilometer,80.0,334152.0,4.0,,,,4.0,chacara,05778-280,R Pde Joaquim Correia De Almeida,Parque Arariba,São Paulo,SP,2.421391304347826,2
432974,2022,-23.6292715669657,-46.757735092251,5,kilometer,904.0,165418.0,56.0,86.0,71.0,64.0,277.0,chacara,05765-220,R  Cintra Pimentel,Jardim Olinda,São Paulo,SP,1.19868115942029,0
432978,2022,-23.630527607488,-46.7449819402484,5,kilometer,674.0,135066.0,55.0,72.0,53.0,66.0,246.0,chacara,05736-110,R  Clara Aurora,Jardim Ingá,São Paulo,SP,0.9787391304347827,0
432979,2022,-23.6304746901612,-46.7462182347638,5,kilometer,23.0,266667.0,6.0,0.0,,,6.0,chacara,05736-110,R  Clara Aurora,Jardim Ingá,São Paulo,SP,1.9323695652173913,2
432980,2022,-23.6442548873807,-46.7507722029926,5,kilometer,276.0,229915.0,12.0,18.0,16.0,21.0,67.0,chacara,05778-280,R Pde Joaquim Correia De Almeida,Parque Arariba,São Paulo,SP,1.6660507246376812,2
432987,2022,-23.6329294195684,-46.7514738405965,5,kilometer,479.0,232461.0,17.0,31.0,26.0,38.0,112.0,chacara,05775-120,R  Antonio Jose Bastos,Parque Regina,São Paulo,SP,1.6845,2
432988,2022,-23.6345420110542,-46.7529169147087,5,kilometer,253.0,261066.0,19.0,22.0,23.0,21.0,85.0,chacara,05775-120,R  Antonio Jose Bastos,Parque Regina,São Paulo,SP,1.8917826086956522,2
432990,2022,-23.6323180307309,-46.7531769120124,5,kilometer,482.0,157288.0,23.0,42.0,34.0,48.0,147.0,chacara,05773-040,R  Eugenio Ribeiro,Parque Regina,São Paulo,SP,1.139768115942029,2
432991,2022,-23.6225338891562,-46.7473865777585,5,kilometer,618.0,145483.0,46.0,46.0,45.0,58.0,195.0,chacara,05752-001,Es Dos Mirandas,Jardim Maria Duarte,São Paulo,SP,1.0542246376811593,0
432995,2022,-23.6246420380958,-46.7461585335127,5,kilometer,263.0,115458.0,23.0,26.0,23.0,37.0,109.0,chacara,05734-010,R  Canto Do Rio Verde,Parque Reboucas,São Paulo,SP,0.8366521739130435,2
433420,2022,-23.6268973249649,-46.7454840224792,5,kilometer,109.0,150835.0,10.0,11.0,8.0,7.0,36.0,chacara,05734-010,R  Canto Do Rio Verde,Parque Reboucas,São Paulo,SP,1.0930072463768115,2
433430,2022,-23.6193222924929,-46.7489901979052,5,kilometer,471.0,130064.0,74.0,60.0,55.0,69.0,258.0,chacara,05749-300,R  Jose Maria Pinto Zilli,Jardim das Palmas,São Paulo,SP,0.9424927536231885,2
433431,2022,-23.6200052402453,-46.748760371408,5,kilometer,59.0,184219.0,,4.0,,,4.0,chacara,05752-001,Es Dos Mirandas,Jardim Maria Duarte,São Paulo,SP,1.3349202898550725,2
433432,2022,-23.6308263156381,-46.756461789017294,5,kilometer,412.0,154044.0,22.0,30.0,34.0,39.0,125.0,chacara,05765-160,R  Campos Elisios,Jardim Olinda,São Paulo,SP,1.1162608695652174,2
433433,2022,-23.6306390345632,-46.7565833853638,5,kilometer,89.0,167615.0,4.0,0.0,12.0,5.0,21.0,chacara,05765-250,R  Joao Dias De Vergara,Jardim Olinda,São Paulo,SP,1.2146014492753623,2
433436,2022,-23.6377066286167,-46.7532689577375,5,kilometer,350.0,208993.0,15.0,24.0,21.0,31.0,91.0,chacara,05775-260,R  Zacarias Dias Cortes,Parque Regina,São Paulo,SP,1.5144420289855072,2
433437,2022,-23.6364728109461,-46.7531496977091,5,kilometer,125.0,227681.0,5.0,4.0,7.0,9.0,25.0,chacara,05775-260,R  Zacarias Dias Cortes,Parque Regina,São Paulo,SP,1.6498623188405797,2
433438,2022,-23.6353393080479,-46.7491790969058,5,kilometer,692.0,207661.0,51.0,44.0,39.0,42.0,176.0,chacara,05774-300,R  Francisco Soares,Parque Regina,São Paulo,SP,1.5047898550724639,0
433439,2022,-23.6353506588646,-46.7500443078594,5,kilometer,68.0,17635.0,3.0,4.0,4.0,8.0,19.0,chacara,05774-280,R  Constantino De Oliveira Ledo,Parque Regina,São Paulo,SP,1.2778985507246376,2
433440,2022,-23.6375729156628,-46.7457039848776,5,kilometer,760.0,213157.0,62.0,50.0,26.0,28.0,166.0,chacara,05776-420,R  Jose Ferreira,Vila Franca,São Paulo,SP,1.5446159420289856,0
433441,2022,-23.6377549350637,-46.745074515535,5,kilometer,432.0,206864.0,30.0,24.0,21.0,15.0,90.0,chacara,05776-420,R  Jose Ferreira,Vila Franca,São Paulo,SP,1.499014492753623,2
433855,2022,-23.6503846892475,-46.7552210163278,5,kilometer,473.0,241625.0,14.0,25.0,19.0,39.0,97.0,chacara,05849-200,Tv  Capelinha,Jardim Germânia,São Paulo,SP,1.7509057971014492,2
434085,2022,-23.651130692042,-46.7535241870669,5,kilometer,514.0,377775.0,32.0,22.0,18.0,21.0,93.0,chacara,05849-330,R  Geraldo Beting,Jardim Germânia,São Paulo,SP,2.7375,2
434086,2022,-23.6508215748913,-46.754205290151695,5,kilometer,229.0,375371.0,14.0,8.0,7.0,10.0,39.0,chacara,05849-480,R  Silvestre Rodrigues,Jardim Germânia,São Paulo,SP,2.7200797101449274,2
434147,2022,-23.6488142141862,-46.7545549992933,5,kilometer,297.0,86648.0,15.0,15.0,20.0,19.0,69.0,chacara,05835-004,Es De Itapecerica,Vila Prel,São Paulo,SP,6.2788405797101445,2
435001,2022,-23.6607034563312,-46.6789731098283,5,kilometer,437.0,675462.0,24.0,22.0,22.0,20.0,88.0,chacara,04650-900,R  Jose Neves,Vila São Paulo,São Paulo,SP,4.894652173913044,2
435007,2022,-23.6573602010067,-46.6755509826549,5,kilometer,338.0,543704.0,13.0,13.0,19.0,16.0,61.0,chacara,04650-050,R  Marina Saddi Haidar,Jardim Umuarama,São Paulo,SP,3.9398840579710144,2
435018,2022,-23.6521234588516,-46.6757807779582,5,kilometer,715.0,843601.0,27.0,41.0,28.0,26.0,122.0,chacara,04648-007,R  Adolfo Casais Monteiro,Vila Nova Caledônia,São Paulo,SP,6.113050724637682,0
435019,2022,-23.6545020350399,-46.6742774060436,5,kilometer,479.0,761548.0,10.0,20.0,16.0,25.0,71.0,chacara,04649-040,R  Francisco Teles Dourado,Jardim Prudência,São Paulo,SP,5.518463768115942,1
435020,2022,-23.6530065767034,-46.6723323212871,5,kilometer,477.0,799844.0,22.0,19.0,33.0,21.0,95.0,chacara,04648-140,R  Amandaba,Jardim Prudência,São Paulo,SP,5.795971014492753,1
435035,2022,-23.6521520798635,-46.677736765537,5,kilometer,231.0,842091.0,11.0,15.0,18.0,9.0,53.0,chacara,04648-260,R  Carlos Baptista De Magalhaes,Jardim Prudência,São Paulo,SP,6.1021086956521735,2
435036,2022,-23.6496910481417,-46.6738598405031,5,kilometer,871.0,1341417.0,37.0,59.0,57.0,64.0,217.0,chacara,04648-070,R  Luis De Franca Junior,Vila Nova Caledônia,São Paulo,SP,9.720413043478262,0
435042,2022,-23.6462917433901,-46.673336239968,5,kilometer,597.0,709796.0,21.0,17.0,31.0,22.0,91.0,chacara,04648-000,R Dr Gentil Leite Martins,Vila Nova Caledônia,São Paulo,SP,5.143449275362319,0
435097,2022,-23.6566089390812,-46.6735554848852,5,kilometer,360.0,459542.0,20.0,21.0,24.0,17.0,82.0,chacara,04649-090,R  Lucindo Dos Passos,Jardim Prudência,São Paulo,SP,3.330014492753623,2
435489,2022,-23.6569327665856,-46.678788940065694,5,kilometer,350.0,631765.0,18.0,19.0,15.0,19.0,71.0,chacara,04650-010,R  Libero Ripoli,Jardim Umuarama,São Paulo,SP,4.578007246376811,2
435490,2022,-23.6589932290883,-46.6780429963528,5,kilometer,306.0,389579.0,18.0,14.0,13.0,15.0,60.0,chacara,04654-015,R  Juca De Azevedo,Jardim Alvorada (Zona Sul),São Paulo,SP,2.823036231884058,2
435538,2022,-23.6479458588484,-46.6713967240478,5,kilometer,320.0,1278842.0,34.0,15.0,10.0,6.0,65.0,chacara,04364-000,R Dos Cafezais,Jardim Prudência,São Paulo,SP,9.266971014492754,1
435565,2022,-23.6572689330271,-46.6777585337781,5,kilometer,224.0,1057718.0,4.0,5.0,10.0,12.0,31.0,chacara,04650-040,R  Nilo Torres,Jardim Umuarama,São Paulo,SP,7.664623188405797,1
435566,2022,-23.6583324981956,-46.6770485852406,5,kilometer,224.0,920024.0,9.0,4.0,12.0,6.0,31.0,chacara,04650-040,R  Nilo Torres,Jardim Umuarama,São Paulo,SP,6.666840579710144,1
435580,2022,-23.6552224531907,-46.6782721387219,5,kilometer,414.0,959688.0,29.0,27.0,17.0,12.0,85.0,chacara,04650-000,R  Sincora,Jardim Umuarama,São Paulo,SP,6.954260869565217,1
435581,2022,-23.6569574269966,-46.6770828052175,5,kilometer,433.0,763381.0,24.0,16.0,18.0,17.0,75.0,chacara,04650-020,R  Manguaba,Jardim Umuarama,São Paulo,SP,5.531746376811594,2
435584,2022,-23.6488430610001,-46.6711501648105,5,kilometer,353.0,1129529.0,32.0,27.0,14.0,13.0,86.0,chacara,04364-000,R Dos Cafezais,Jardim Prudência,São Paulo,SP,8.18499275362319,1
435585,2022,-23.647081113567,-46.6717813913092,5,kilometer,288.0,822252.0,15.0,9.0,16.0,13.0,53.0,chacara,04364-000,R Dos Cafezais,Jardim Prudência,São Paulo,SP,5.958347826086957,2
435596,2022,-23.6502949889561,-46.6714890261845,5,kilometer,369.0,104310.0,14.0,15.0,16.0,14.0,59.0,chacara,04364-030,R Das Flechas,Vila Santa Catarina,São Paulo,SP,7.558695652173913,2
441283,2022,-23.6067800102011,-46.6802642929412,5,kilometer,399.0,876683.0,13.0,13.0,17.0,24.0,67.0,chacara,04558-001,R  Kansas,Brooklin Paulista,São Paulo,SP,6.35277536231884,1
441284,2022,-23.6068499542705,-46.6827614458615,5,kilometer,465.0,1378421.0,22.0,16.0,21.0,24.0,83.0,chacara,04559-012,R  Georgia,Brooklin Paulista,São Paulo,SP,9.988557971014492,1
441285,2022,-23.6051829603278,-46.6871990273365,5,kilometer,508.0,963506.0,38.0,19.0,17.0,12.0,86.0,chacara,04569-901,R  Quintana,Cidade Monções,São Paulo,SP,6.981927536231884,1
441286,2022,-23.6020121552748,-46.6891607898803,5,kilometer,352.0,753368.0,11.0,9.0,15.0,17.0,52.0,chacara,04571-220,R  Macambara,Cidade Monções,São Paulo,SP,5.459188405797102,2
441287,2022,-23.5987850391115,-46.6932387771018,5,kilometer,56.0,360932.0,,,,,0.0,chacara,04578-000,Av Das Nacoes Unidas,Brooklin Paulista,São Paulo,SP,2.615449275362319,2
441292,2022,-23.6090924863242,-46.6783160666799,5,kilometer,450.0,1124593.0,25.0,20.0,29.0,19.0,93.0,chacara,04558-000,R  Kansas,Brooklin Paulista,São Paulo,SP,8.14922463768116,1
441293,2022,-23.6112087058394,-46.6795365739909,5,kilometer,351.0,1593609.0,14.0,16.0,22.0,14.0,66.0,chacara,04560-020,R  Luisiania,Brooklin Paulista,São Paulo,SP,11.547891304347827,1
441294,2022,-23.6084592496949,-46.683821961223,5,kilometer,509.0,1162258.0,18.0,35.0,22.0,32.0,107.0,chacara,04568-002,R  Ribeiro Do Vale,Brooklin Paulista,São Paulo,SP,8.422159420289855,1
441295,2022,-23.6071615370631,-46.6891335606092,5,kilometer,297.0,1039505.0,14.0,8.0,5.0,8.0,35.0,chacara,04561-050,R  Ipurinas,Brooklin Paulista,São Paulo,SP,7.532644927536231,1
441296,2022,-23.6043245065288,-46.6916860329107,5,kilometer,242.0,776333.0,4.0,7.0,3.0,8.0,22.0,chacara,04561-070,R  Jose Rodrigues,Brooklin Paulista,São Paulo,SP,5.625601449275362,2
441297,2022,-23.603962932909,-46.6933410595524,5,kilometer,95.0,863645.0,,,,5.0,5.0,chacara,04571-110,R  Alcides Lourenco Da Rocha,Cidade Monções,São Paulo,SP,6.258297101449276,2
441301,2022,-23.6120946121765,-46.679942648321,5,kilometer,284.0,1183155.0,11.0,17.0,6.0,5.0,39.0,chacara,04560-010,R  Nebraska,Brooklin Novo,São Paulo,SP,8.573586956521739,1
441302,2022,-23.6119253772259,-46.6806758653877,5,kilometer,370.0,1978244.0,19.0,10.0,11.0,7.0,47.0,chacara,04561-000,R  Guararapes,Brooklin Paulista,São Paulo,SP,14.335101449275362,3
441303,2022,-23.607842326505,-46.6928754569187,5,kilometer,299.0,1735703.0,10.0,13.0,12.0,9.0,44.0,chacara,04570-900,Av  Nova Independencia,Brooklin Paulista,São Paulo,SP,12.577557971014492,1
441309,2022,-23.6138144764421,-46.679555698475504,5,kilometer,421.0,1494787.0,8.0,10.0,16.0,15.0,49.0,chacara,04561-910,R  Guararapes,Brooklin Paulista,São Paulo,SP,10.831789855072465,1
441310,2022,-23.612783427432,-46.6813600947269,5,kilometer,344.0,1809845.0,19.0,14.0,6.0,13.0,52.0,chacara,04562-000,R  Indiana,Brooklin Paulista,São Paulo,SP,13.11481884057971,1
441311,2022,-23.6109796315608,-46.6829717304695,5,kilometer,264.0,1290458.0,9.0,4.0,3.0,6.0,22.0,chacara,04566-061,R  California,Cidade Monções,São Paulo,SP,9.351144927536232,1
441312,2022,-23.6122876528115,-46.6837623080518,5,kilometer,267.0,1100122.0,14.0,6.0,11.0,9.0,40.0,chacara,04563-001,Av Pde Antonio Jose Dos Santos,Cidade Monções,São Paulo,SP,7.971898550724637,1
441313,2022,-23.6127798547655,-46.6933974001074,5,kilometer,318.0,537917.0,12.0,15.0,24.0,19.0,70.0,chacara,04563-060,R  Conceicao De Monte Alegre,Cidade Monções,São Paulo,SP,3.897949275362319,2
441323,2022,-23.6158211756485,-46.6970731999208,5,kilometer,407.0,882243.0,14.0,15.0,14.0,18.0,61.0,chacara,04583-115,R  Evandro Carlos De Andrade,Vila Cordeiro,São Paulo,SP,6.393065217391305,1
441326,2022,-23.6190515760699,-46.6882248432557,5,kilometer,465.0,772068.0,20.0,23.0,19.0,20.0,82.0,chacara,04581-060,R  Pascoal Pais,Vila Cordeiro,São Paulo,SP,5.594695652173913,1
441334,2022,-23.6220567874284,-46.6866721630021,5,kilometer,735.0,1553007.0,44.0,33.0,21.0,20.0,118.0,chacara,04582-000,R  Alvaro Rodrigues,Vila Cordeiro,São Paulo,SP,11.253673913043478,0
441341,2022,-23.6133721478169,-46.6949295903357,5,kilometer,449.0,293805.0,16.0,28.0,32.0,36.0,112.0,chacara,04576-010,Av Jorn Roberto Marinho,Cidade Monções,São Paulo,SP,2.129021739130435,2
441342,2022,-23.6137091369097,-46.6936100901546,5,kilometer,300.0,255083.0,19.0,24.0,20.0,23.0,86.0,chacara,04563-060,R  Conceicao De Monte Alegre,Cidade Monções,São Paulo,SP,1.848427536231884,2
441347,2022,-23.6016956772575,-46.6869127733836,5,kilometer,348.0,88408.0,18.0,16.0,24.0,24.0,82.0,chacara,04558-004,R  Kansas,Brooklin Paulista,São Paulo,SP,6.406376811594202,2
441348,2022,-23.6133434424006,-46.6788156775223,5,kilometer,124.0,1225916.0,,,0.0,3.0,3.0,chacara,04556-300,Av Sto Amaro,Brooklin Paulista,São Paulo,SP,8.883449275362318,1
441349,2022,-23.6107095420706,-46.6847018170373,5,kilometer,307.0,75378.0,8.0,13.0,10.0,9.0,40.0,chacara,04562-001,R  Indiana,Brooklin Paulista,São Paulo,SP,5.462173913043478,2
441353,2022,-23.6121837207901,-46.6783698428506,5,kilometer,374.0,1440179.0,12.0,8.0,15.0,15.0,50.0,chacara,04560-030,R  Mario Poggi,Brooklin Paulista,São Paulo,SP,10.436079710144929,1
441354,2022,-23.6058107432247,-46.6901364378576,5,kilometer,472.0,1309007.0,21.0,22.0,25.0,11.0,79.0,chacara,04562-040,R  Grapecica,Brooklin Paulista,São Paulo,SP,9.485557971014492,1
441356,2022,-23.6187501592204,-46.6950727358804,5,kilometer,302.0,604831.0,11.0,12.0,14.0,12.0,49.0,chacara,04583-020,R  Baltazar Fernandes,Vila Cordeiro,São Paulo,SP,4.382833333333334,2
441357,2022,-23.6207167234825,-46.69407304267791,5,kilometer,294.0,1007227.0,11.0,9.0,8.0,6.0,34.0,chacara,04705-030,R  Alfredo Trindade Moreira,Vila Gertrudes,São Paulo,SP,7.298746376811595,1
441358,2022,-23.6115810961173,-46.6801193458188,5,kilometer,386.0,1148929.0,12.0,15.0,5.0,5.0,37.0,chacara,04560-902,R  Nebraska,Brooklin Novo,São Paulo,SP,8.325572463768117,1
441361,2022,-23.6146302306416,-46.6802333566136,5,kilometer,407.0,1662984.0,21.0,12.0,14.0,11.0,58.0,chacara,04563-020,R  Jacucaim,Cidade Monções,São Paulo,SP,12.050608695652175,1
441362,2022,-23.6151001758582,-46.6802490805757,5,kilometer,225.0,1517969.0,0.0,0.0,,3.0,3.0,chacara,04563-000,Av Pde Antonio Jose Dos Santos,Cidade Monções,São Paulo,SP,10.999775362318841,1
441363,2022,-23.6141467954847,-46.6797510087873,5,kilometer,193.0,1045939.0,,,,,0.0,chacara,04562-000,R  Indiana,Brooklin Paulista,São Paulo,SP,7.579268115942028,1
441364,2022,-23.6113779941888,-46.6822854318094,5,kilometer,308.0,1246343.0,10.0,6.0,4.0,3.0,23.0,chacara,04561-906,R  Guararapes,Brooklin Paulista,São Paulo,SP,9.031471014492753,1
441366,2022,-23.6127755881025,-46.682995502252304,5,kilometer,487.0,1369899.0,29.0,19.0,19.0,18.0,85.0,chacara,04560-914,R  Nova York,Brooklin Paulista,São Paulo,SP,9.926804347826087,1
441367,2022,-23.6126622140901,-46.6841215722613,5,kilometer,257.0,958691.0,11.0,7.0,7.0,,25.0,chacara,04563-011,Av Pde Antonio Jose Dos Santos,Cidade Monções,São Paulo,SP,6.9470362318840575,1
441387,2022,-23.6014255070931,-46.68401615871311,5,kilometer,337.0,472802.0,18.0,16.0,19.0,21.0,74.0,chacara,04557-051,R  Brejo Alegre,Brooklin Paulista,São Paulo,SP,3.4261014492753628,2
441388,2022,-23.604232434014,-46.6815019996528,5,kilometer,360.0,565945.0,19.0,7.0,18.0,15.0,59.0,chacara,04557-050,R  Brejo Alegre,Brooklin Paulista,São Paulo,SP,4.101050724637681,2
441389,2022,-23.6013328080097,-46.6852000123682,5,kilometer,409.0,595842.0,8.0,10.0,12.0,21.0,51.0,chacara,04558-070,R Dr Octavio De Oliveira Santos,Brooklin Paulista,São Paulo,SP,4.317695652173913,2
441391,2022,-23.6002782944227,-46.6875342414169,5,kilometer,314.0,2321501.0,36.0,25.0,18.0,5.0,84.0,chacara,04570-030,R  Abacai,Brooklin Paulista,São Paulo,SP,16.822471014492752,3
441392,2022,-23.601226757574,-46.690382735581,5,kilometer,243.0,659915.0,3.0,15.0,11.0,14.0,43.0,chacara,04571-220,R  Macambara,Cidade Monções,São Paulo,SP,4.7819927536231885,2
441393,2022,-23.5986651474774,-46.6892378280179,5,kilometer,368.0,1713166.0,29.0,16.0,9.0,10.0,64.0,chacara,04571-900,Av Eng Luiz Carlos Berrini,Cidade Monções,São Paulo,SP,12.414246376811594,1
441394,2022,-23.5995201635623,-46.6899040770904,5,kilometer,376.0,2981744.0,21.0,16.0,26.0,15.0,78.0,chacara,04571-900,Av Eng Luiz Carlos Berrini,Cidade Monções,São Paulo,SP,21.606840579710145,3
441395,2022,-23.5993044849634,-46.6893658603426,5,kilometer,282.0,1969868.0,9.0,4.0,8.0,15.0,36.0,chacara,04570-905,R  Rosa Gaeta Lazara,Brooklin Paulista,São Paulo,SP,14.27440579710145,3
441406,2022,-23.6041359311685,-46.6838707504628,5,kilometer,306.0,779901.0,11.0,14.0,15.0,15.0,55.0,chacara,04558-003,R  Kansas,Brooklin Paulista,São Paulo,SP,5.651456521739131,2
441414,2022,-23.6099544153588,-46.6811046461666,5,kilometer,501.0,2066344.0,18.0,28.0,21.0,15.0,82.0,chacara,04560-021,R  Luisiania,Brooklin Paulista,São Paulo,SP,14.97350724637681,3
441415,2022,-23.609192039267,-46.68038614998,5,kilometer,103.0,1091034.0,3.0,6.0,9.0,5.0,23.0,chacara,04559-011,R  Georgia,Brooklin Paulista,São Paulo,SP,7.9060434782608695,1
441416,2022,-23.6091407071764,-46.6863434167067,5,kilometer,297.0,602061.0,13.0,14.0,19.0,17.0,63.0,chacara,04562-001,R  Indiana,Brooklin Paulista,São Paulo,SP,4.362760869565217,2
441417,2022,-23.6105042489578,-46.6871226513082,5,kilometer,340.0,1665383.0,13.0,6.0,9.0,10.0,38.0,chacara,04563-013,Av Pde Antonio Jose Dos Santos,Cidade Monções,São Paulo,SP,12.067992753623189,1
441418,2022,-23.6091283243582,-46.6886681782922,5,kilometer,225.0,638294.0,11.0,8.0,9.0,6.0,34.0,chacara,04563-013,Av Pde Antonio Jose Dos Santos,Cidade Monções,São Paulo,SP,4.62531884057971,2
441419,2022,-23.6081462357197,-46.6881687156176,5,kilometer,210.0,1097494.0,9.0,9.0,6.0,6.0,30.0,chacara,04562-002,R  Indiana,Brooklin Paulista,São Paulo,SP,7.952855072463769,1
441420,2022,-23.6067722491938,-46.6911200801126,5,kilometer,174.0,122911.0,8.0,8.0,7.0,4.0,27.0,chacara,04563-004,Av Pde Antonio Jose Dos Santos,Cidade Monções,São Paulo,SP,8.906594202898551,2
441421,2022,-23.608227021537,-46.6899895137286,5,kilometer,286.0,1585817.0,6.0,12.0,17.0,17.0,52.0,chacara,04561-050,R  Ipurinas,Brooklin Paulista,São Paulo,SP,11.491427536231884,1
441422,2022,-23.6027568496071,-46.6955433129091,5,kilometer,231.0,1404373.0,6.0,8.0,6.0,5.0,25.0,chacara,04578-000,Av Das Nacoes Unidas,Brooklin Paulista,São Paulo,SP,10.176615942028985,1
441423,2022,-23.6046586776953,-46.6959608828223,5,kilometer,267.0,1052739.0,7.0,9.0,5.0,9.0,30.0,chacara,04571-160,R  Guilherme Barbosa De Melo,Cidade Monções,São Paulo,SP,7.628543478260869,1
441424,2022,-23.6026900614569,-46.695263963541,5,kilometer,203.0,2100405.0,29.0,10.0,8.0,4.0,51.0,chacara,04561-004,R  Guararapes,Brooklin Paulista,São Paulo,SP,15.220326086956522,3
441425,2022,-23.6028383560391,-46.694747142360704,5,kilometer,292.0,1970581.0,33.0,32.0,22.0,9.0,96.0,chacara,04561-004,R  Guararapes,Brooklin Paulista,São Paulo,SP,14.279572463768117,3
441426,2022,-23.6029816639678,-46.6942273229008,5,kilometer,225.0,2409504.0,23.0,12.0,13.0,5.0,53.0,chacara,04561-004,R  Guararapes,Brooklin Paulista,São Paulo,SP,17.46017391304348,3
441434,2022,-23.6129243293105,-46.6805272021734,5,kilometer,371.0,176619.0,11.0,16.0,12.0,6.0,45.0,chacara,04561-000,R  Guararapes,Brooklin Paulista,São Paulo,SP,12.798478260869567,2
441435,2022,-23.6121636687569,-46.6812789542653,5,kilometer,356.0,1796409.0,8.0,4.0,,4.0,16.0,chacara,04561-000,R  Guararapes,Brooklin Paulista,São Paulo,SP,13.017456521739131,1
441443,2022,-23.6129195305616,-46.679468529753,5,kilometer,225.0,1386923.0,6.0,,5.0,6.0,17.0,chacara,04559-905,Av  Portugal,Brooklin Paulista,São Paulo,SP,10.050166666666666,1
441444,2022,-23.6127339104688,-46.6788619449214,5,kilometer,189.0,1351045.0,7.0,4.0,4.0,6.0,21.0,chacara,04560-010,R  Nebraska,Brooklin Novo,São Paulo,SP,9.79018115942029,1
441445,2022,-23.610767298554,-46.681536903104,5,kilometer,343.0,1955343.0,12.0,8.0,14.0,16.0,50.0,chacara,04560-011,R  Nebraska,Brooklin Novo,São Paulo,SP,14.169152173913044,3
441446,2022,-23.6106467400152,-46.6822552199394,5,kilometer,225.0,1210051.0,8.0,6.0,3.0,6.0,23.0,chacara,04566-080,R Prof Alvaro De Lemos Torres,Cidade Monções,São Paulo,SP,8.768485507246377,1
441447,2022,-23.6116743888777,-46.6884557643722,5,kilometer,267.0,1779391.0,8.0,9.0,10.0,10.0,37.0,chacara,04565-000,R  Florida,Cidade Monções,São Paulo,SP,12.894137681159421,1
441448,2022,-23.6118784438718,-46.6864472979322,5,kilometer,332.0,1549259.0,21.0,15.0,11.0,20.0,67.0,chacara,04564-040,R  Hollywood,Cidade Monções,São Paulo,SP,11.226514492753623,1
441449,2022,-23.6095755419039,-46.6899687098721,5,kilometer,298.0,792926.0,14.0,4.0,5.0,10.0,33.0,chacara,04564-003,R  Pensilvania,Cidade Monções,São Paulo,SP,5.745840579710145,2
441450,2022,-23.6104247211102,-46.6889001323792,5,kilometer,374.0,439303.0,15.0,23.0,15.0,8.0,61.0,chacara,04569-901,R  Guaraiuva,Cidade Monções,São Paulo,SP,31.833550724637682,2
441451,2022,-23.6101764778866,-46.6908335076305,5,kilometer,248.0,1252442.0,18.0,12.0,9.0,7.0,46.0,chacara,04563-061,R  Conceicao De Monte Alegre,Cidade Monções,São Paulo,SP,9.075666666666667,1
441452,2022,-23.6107175460334,-46.6903685652938,5,kilometer,173.0,2276722.0,13.0,11.0,4.0,9.0,37.0,chacara,04565-902,R  Florida,Cidade Monções,São Paulo,SP,16.497985507246376,3
441453,2022,-23.6099989495481,-46.6969612867422,5,kilometer,278.0,1967196.0,15.0,18.0,6.0,12.0,51.0,chacara,04578-910,Av Das Nacoes Unidas,Brooklin Paulista,São Paulo,SP,14.25504347826087,3
441454,2022,-23.6105374795819,-46.6953990175726,5,kilometer,196.0,1767525.0,6.0,4.0,,4.0,14.0,chacara,04571-000,Av Eng Luiz Carlos Berrini,Cidade Monções,São Paulo,SP,12.808152173913044,1
441455,2022,-23.6071724528996,-46.6962340435143,5,kilometer,325.0,2685201.0,22.0,23.0,16.0,11.0,72.0,chacara,04578-000,Av Das Nacoes Unidas,Brooklin Paulista,São Paulo,SP,19.457978260869563,3
441456,2022,-23.6072668685673,-46.6959264161794,5,kilometer,309.0,2375705.0,26.0,10.0,10.0,8.0,54.0,chacara,04578-000,Av Das Nacoes Unidas,Brooklin Paulista,São Paulo,SP,17.215253623188406,3
441457,2022,-23.6059065097338,-46.6939358459323,5,kilometer,339.0,1041872.0,8.0,14.0,8.0,6.0,36.0,chacara,04571-150,Pc Gal Gentil Falcao,Cidade Monções,São Paulo,SP,7.549797101449275,1
441458,2022,-23.6055772025376,-46.6948102500692,5,kilometer,205.0,1013164.0,0.0,7.0,3.0,7.0,17.0,chacara,04571-090,R  Sansao Alves Dos Santos,Cidade Monções,São Paulo,SP,7.3417681159420285,1
441464,2022,-23.6028825402109,-46.6854376830095,5,kilometer,313.0,687974.0,16.0,9.0,10.0,15.0,50.0,chacara,04558-003,R  Kansas,Brooklin Paulista,São Paulo,SP,4.98531884057971,2
441465,2022,-23.612113151074,-46.6831841532549,5,kilometer,388.0,2009844.0,21.0,28.0,13.0,18.0,80.0,chacara,04562-000,R  Indiana,Brooklin Paulista,São Paulo,SP,14.564086956521738,3
441466,2022,-23.6117758001742,-46.6834709514825,5,kilometer,234.0,2332545.0,8.0,8.0,16.0,5.0,37.0,chacara,04562-906,R  Indiana,Brooklin Paulista,São Paulo,SP,16.9025,3
441467,2022,-23.6134675744457,-46.6834198925164,5,kilometer,368.0,1425007.0,14.0,21.0,13.0,15.0,63.0,chacara,04560-001,R  Nova York,Brooklin Paulista,São Paulo,SP,10.32613768115942,1
441468,2022,-23.6130972998298,-46.684319512722304,5,kilometer,382.0,1492836.0,14.0,15.0,22.0,20.0,71.0,chacara,04564-001,R  Pensilvania,Cidade Monções,São Paulo,SP,10.817652173913045,1
441469,2022,-23.6140492425653,-46.687709337598,5,kilometer,372.0,298553.0,35.0,25.0,15.0,5.0,80.0,chacara,04566-905,R  Michigan,Cidade Monções,São Paulo,SP,21.63427536231884,2
441470,2022,-23.6149844650095,-46.6865368944752,5,kilometer,279.0,167309.0,29.0,22.0,12.0,8.0,71.0,chacara,04566-062,R  California,Cidade Monções,São Paulo,SP,12.123840579710146,2
441471,2022,-23.6134707082881,-46.6858275941808,5,kilometer,352.0,758252.0,15.0,12.0,9.0,12.0,48.0,chacara,04566-062,R  California,Cidade Monções,São Paulo,SP,5.494579710144928,2
441472,2022,-23.6157186311541,-46.6856097284324,5,kilometer,311.0,1718253.0,31.0,30.0,12.0,10.0,83.0,chacara,04560-000,R  Nova York,Brooklin Paulista,São Paulo,SP,12.451108695652174,1
441473,2022,-23.6153471886449,-46.686075705898,5,kilometer,209.0,1468457.0,5.0,4.0,4.0,3.0,16.0,chacara,04566-000,R  Michigan,Cidade Monções,São Paulo,SP,10.640992753623188,1
441474,2022,-23.6154489422855,-46.6859273535925,5,kilometer,287.0,1535446.0,22.0,11.0,4.0,4.0,41.0,chacara,04566-000,R  Michigan,Cidade Monções,São Paulo,SP,11.126420289855071,1
441475,2022,-23.6148903207724,-46.6849734677422,5,kilometer,245.0,1588819.0,14.0,8.0,8.0,5.0,35.0,chacara,04560-908,R  Nova York,Brooklin Paulista,São Paulo,SP,11.51318115942029,1
441476,2022,-23.6150819939826,-46.6847493129207,5,kilometer,249.0,1466022.0,,,5.0,8.0,13.0,chacara,04560-908,R  Nova York,Brooklin Paulista,São Paulo,SP,10.623347826086956,1
441477,2022,-23.6144396609815,-46.6859386103345,5,kilometer,308.0,1584834.0,32.0,23.0,17.0,,72.0,chacara,04566-000,R  Michigan,Cidade Monções,São Paulo,SP,11.484304347826088,1
441478,2022,-23.6142951916055,-46.6854426579413,5,kilometer,485.0,1479984.0,39.0,26.0,10.0,11.0,86.0,chacara,04566-000,R  Michigan,Cidade Monções,São Paulo,SP,10.724521739130434,1
441479,2022,-23.6128696139503,-46.6900371282168,5,kilometer,211.0,724167.0,7.0,7.0,6.0,6.0,26.0,chacara,04567-080,R  Munduba,Cidade Monções,São Paulo,SP,5.247586956521739,2
441480,2022,-23.613492175095,-46.68924593564,5,kilometer,247.0,739681.0,11.0,6.0,11.0,11.0,39.0,chacara,04567-070,R  Manguata,Cidade Monções,São Paulo,SP,5.360007246376812,2
441481,2022,-23.6149584887497,-46.688575523824895,5,kilometer,98.0,678586.0,4.0,6.0,,5.0,15.0,chacara,04567-060,R  Pitu,Cidade Monções,São Paulo,SP,4.917289855072464,2
441482,2022,-23.6143600234246,-46.6885457211572,5,kilometer,312.0,1487657.0,23.0,14.0,5.0,3.0,45.0,chacara,04567-002,R  Arizona,Cidade Monções,São Paulo,SP,10.780123188405797,1
441483,2022,-23.6115455634683,-46.6908565487029,5,kilometer,231.0,1235834.0,10.0,13.0,9.0,18.0,50.0,chacara,04566-002,R  Michigan,Cidade Monções,São Paulo,SP,8.95531884057971,1
441484,2022,-23.6123126695787,-46.6915740308529,5,kilometer,427.0,236522.0,32.0,46.0,33.0,21.0,132.0,chacara,04567-002,R  Arizona,Cidade Monções,São Paulo,SP,17.13927536231884,2
441488,2022,-23.6154044088252,-46.680965619585294,5,kilometer,219.0,2375584.0,7.0,15.0,27.0,14.0,63.0,chacara,04564-000,R  Pensilvania,Cidade Monções,São Paulo,SP,17.214376811594203,3
441489,2022,-23.6155907204228,-46.680565670841,5,kilometer,436.0,2641177.0,35.0,38.0,52.0,37.0,162.0,chacara,04564-000,R  Pensilvania,Cidade Monções,São Paulo,SP,19.138963768115943,3
441490,2022,-23.6159231885686,-46.6807592370189,5,kilometer,375.0,2959687.0,34.0,41.0,30.0,23.0,128.0,chacara,04564-900,R  Pensilvania,Cidade Monções,São Paulo,SP,21.44700724637681,3
441491,2022,-23.614649949186,-46.6819375233698,5,kilometer,344.0,1455912.0,14.0,18.0,6.0,5.0,43.0,chacara,04559-001,Av  Portugal,Brooklin Paulista,São Paulo,SP,10.55008695652174,1
441494,2022,-23.6140048528729,-46.6824906256445,5,kilometer,247.0,106326.0,5.0,3.0,3.0,4.0,15.0,chacara,04563-010,Av Pde Antonio Jose Dos Santos,Cidade Monções,São Paulo,SP,7.704782608695653,2
441495,2022,-23.6140464880263,-46.683029363008,5,kilometer,175.0,805414.0,8.0,6.0,7.0,5.0,26.0,chacara,04564-000,R  Pensilvania,Cidade Monções,São Paulo,SP,5.836333333333333,2
441496,2022,-23.6137103063015,-46.681932217404,5,kilometer,309.0,2947159.0,17.0,4.0,,9.0,30.0,chacara,04563-000,Av Pde Antonio Jose Dos Santos,Cidade Monções,São Paulo,SP,21.35622463768116,3
441497,2022,-23.6129624404928,-46.6823799828862,5,kilometer,106.0,128395.0,9.0,4.0,0.0,0.0,13.0,chacara,04560-001,R  Nova York,Brooklin Paulista,São Paulo,SP,9.303985507246377,2
441498,2022,-23.6132199163264,-46.6816656994443,5,kilometer,318.0,1878689.0,10.0,10.0,17.0,14.0,51.0,chacara,04562-000,R  Indiana,Brooklin Paulista,São Paulo,SP,13.6136884057971,1
441499,2022,-23.613897804781,-46.6810538861611,5,kilometer,260.0,1448369.0,12.0,,6.0,9.0,27.0,chacara,04562-000,R  Indiana,Brooklin Paulista,São Paulo,SP,10.495427536231885,1
441501,2022,-23.6160688999525,-46.6817398495457,5,kilometer,311.0,820739.0,11.0,10.0,7.0,6.0,34.0,chacara,04559-002,Av  Portugal,Brooklin Paulista,São Paulo,SP,5.947384057971014,2
441502,2022,-23.6167539661692,-46.6811459637986,5,kilometer,185.0,1489692.0,10.0,14.0,9.0,9.0,42.0,chacara,04556-400,Av Sto Amaro,Brooklin Paulista,São Paulo,SP,10.794869565217391,1
441503,2022,-23.617567364952,-46.6825745673841,5,kilometer,431.0,1107805.0,13.0,20.0,29.0,36.0,98.0,chacara,04566-000,R  Michigan,Cidade Monções,São Paulo,SP,8.027572463768115,1
441504,2022,-23.6168966766806,-46.6819471934169,5,kilometer,207.0,1535356.0,8.0,9.0,3.0,6.0,26.0,chacara,04565-000,R  Florida,Cidade Monções,São Paulo,SP,11.125768115942028,1
441505,2022,-23.6170554317149,-46.6817236914106,5,kilometer,170.0,1353655.0,5.0,,4.0,,9.0,chacara,04565-000,R  Florida,Cidade Monções,São Paulo,SP,9.80909420289855,1
441506,2022,-23.6177495928938,-46.6852254130042,5,kilometer,107.0,919761.0,3.0,4.0,4.0,7.0,18.0,chacara,04559-002,Av  Portugal,Brooklin Paulista,São Paulo,SP,6.664934782608696,2
441507,2022,-23.6186669475813,-46.685534132095,5,kilometer,223.0,1263881.0,10.0,7.0,6.0,9.0,32.0,chacara,04559-002,Av  Portugal,Brooklin Paulista,São Paulo,SP,9.158557971014492,1
441508,2022,-23.6187786300161,-46.6844773073603,5,kilometer,212.0,1935099.0,8.0,6.0,,7.0,21.0,chacara,04559-002,Av  Portugal,Brooklin Paulista,São Paulo,SP,14.022456521739132,3
441509,2022,-23.6195186943328,-46.6834382361885,5,kilometer,470.0,1264176.0,18.0,24.0,31.0,16.0,89.0,chacara,04576-010,Av Jorn Roberto Marinho,Cidade Monções,São Paulo,SP,9.160695652173914,1
441510,2022,-23.6165896671387,-46.687697789565,5,kilometer,249.0,966793.0,9.0,18.0,11.0,3.0,41.0,chacara,04582-020,R  Brito Peixoto,Vila Cordeiro,São Paulo,SP,7.005746376811595,1
441511,2022,-23.6154821882134,-46.6914133098167,5,kilometer,360.0,613998.0,15.0,19.0,16.0,30.0,80.0,chacara,04583-030,R  Joao Amaro,Vila Cordeiro,São Paulo,SP,4.449260869565217,2
441512,2022,-23.6139491177479,-46.690801144472,5,kilometer,221.0,1666741.0,7.0,,0.0,,7.0,chacara,04568-010,R  Castilho,Brooklin Paulista,São Paulo,SP,12.077833333333333,1
441513,2022,-23.6137695575533,-46.6910258031999,5,kilometer,233.0,1677818.0,10.0,6.0,5.0,,21.0,chacara,04568-010,R  Castilho,Brooklin Paulista,São Paulo,SP,12.158101449275362,1
441519,2022,-23.6198754604451,-46.6860497267959,5,kilometer,249.0,80871.0,10.0,4.0,4.0,9.0,27.0,chacara,04581-000,R  Francisco Dias Velho,Vila Cordeiro,São Paulo,SP,5.8602173913043485,2
441520,2022,-23.6213520889153,-46.6847921919247,5,kilometer,185.0,858824.0,5.0,,6.0,6.0,17.0,chacara,04581-903,R  Francisco Dias Velho,Vila Cordeiro,São Paulo,SP,6.2233623188405796,2
441521,2022,-23.6204931421876,-46.684165017932,5,kilometer,463.0,2028198.0,42.0,28.0,32.0,17.0,119.0,chacara,04580-000,R  Bartolomeu Feio,Vila Cordeiro,São Paulo,SP,14.697086956521739,3
441522,2022,-23.6216439703745,-46.6849803539332,5,kilometer,278.0,2355625.0,10.0,6.0,14.0,9.0,39.0,chacara,04581-050,R  Roque Petrella,Vila Cordeiro,São Paulo,SP,17.069746376811594,3
441523,2022,-23.6167685772112,-46.6906426032416,5,kilometer,364.0,634732.0,8.0,17.0,15.0,12.0,52.0,chacara,04581-001,R  Francisco Dias Velho,Vila Cordeiro,São Paulo,SP,4.599507246376811,2
441524,2022,-23.618286733903,-46.6908008246919,5,kilometer,378.0,756342.0,15.0,10.0,17.0,15.0,57.0,chacara,04581-051,R  Roque Petrella,Vila Cordeiro,São Paulo,SP,5.480739130434783,2
441525,2022,-23.6184212464715,-46.6934834593495,5,kilometer,329.0,901473.0,10.0,10.0,8.0,8.0,36.0,chacara,04583-030,R  Joao Amaro,Vila Cordeiro,São Paulo,SP,6.53241304347826,1
441526,2022,-23.619947005349,-46.6912848479537,5,kilometer,328.0,905578.0,7.0,12.0,16.0,24.0,59.0,chacara,04583-000,R  Nicolau Barreto,Vila Cordeiro,São Paulo,SP,6.562159420289856,1
441527,2022,-23.6175261708014,-46.6947922617162,5,kilometer,398.0,1454477.0,21.0,10.0,15.0,5.0,51.0,chacara,04583-001,R  Nicolau Barreto,Vila Cordeiro,São Paulo,SP,10.539688405797103,1
441528,2022,-23.6217732801745,-46.6965619612299,5,kilometer,404.0,2068565.0,40.0,29.0,16.0,19.0,104.0,chacara,04707-000,Av  Roque Petroni Junior,Jardim das Acácias,São Paulo,SP,14.989601449275364,3
441529,2022,-23.6201987490179,-46.6949930296631,5,kilometer,238.0,2132279.0,23.0,10.0,10.0,8.0,51.0,chacara,04705-010,R  Bacaetava,Vila Gertrudes,São Paulo,SP,15.451297101449276,3
441530,2022,-23.6209236746928,-46.695461372536,5,kilometer,338.0,3390164.0,40.0,48.0,20.0,10.0,118.0,chacara,04705-080,R Prof Jose Leite E Oiticica,Vila Gertrudes,São Paulo,SP,24.56640579710145,3
441531,2022,-23.620509884848,-46.6955484841829,5,kilometer,196.0,1184238.0,6.0,,3.0,8.0,17.0,chacara,04705-070,R Dr Paschoal Imperatriz,Vila Gertrudes,São Paulo,SP,8.581434782608696,1
441532,2022,-23.620212218931,-46.6954393791783,5,kilometer,233.0,140721.0,16.0,16.0,,4.0,36.0,chacara,04705-070,R Dr Paschoal Imperatriz,Vila Gertrudes,São Paulo,SP,10.197173913043478,2
441533,2022,-23.6202803604655,-46.697050917529104,5,kilometer,134.0,1756458.0,,4.0,,0.0,4.0,chacara,04705-080,R Prof Jose Leite E Oiticica,Vila Gertrudes,São Paulo,SP,12.72795652173913,1
441534,2022,-23.6201913221055,-46.6973635300256,5,kilometer,126.0,2354592.0,,,,,0.0,chacara,04705-080,R Prof Jose Leite E Oiticica,Vila Gertrudes,São Paulo,SP,17.062260869565215,3
441535,2022,-23.6195897418491,-46.6985926945711,5,kilometer,615.0,2505117.0,49.0,31.0,48.0,37.0,165.0,chacara,04583-909,Av Dr Chucri Zaidan,Vila Cordeiro,São Paulo,SP,18.153021739130434,3
441540,2022,-23.6220105460389,-46.6893776898292,5,kilometer,325.0,744739.0,3.0,10.0,6.0,11.0,30.0,chacara,04707-110,R Sto Arcadio,Jardim das Acácias,São Paulo,SP,5.396659420289855,2
441541,2022,-23.6228421822821,-46.6923843336296,5,kilometer,251.0,763512.0,10.0,6.0,14.0,12.0,42.0,chacara,04703-040,R  Carlos Buzzi,Jardim das Acácias,São Paulo,SP,5.532695652173913,2
441542,2022,-23.6221442932649,-46.6946017862901,5,kilometer,325.0,914143.0,10.0,13.0,10.0,7.0,40.0,chacara,04705-050,R  Max Klaussner,Vila Gertrudes,São Paulo,SP,6.624224637681159,1
441543,2022,-23.6234512148434,-46.6950922964737,5,kilometer,253.0,1619512.0,,,,3.0,3.0,chacara,04705-000,R  Jaceru,Vila Gertrudes,São Paulo,SP,11.735594202898552,1
441553,2022,-23.6232599332093,-46.6862592208766,5,kilometer,346.0,1434334.0,8.0,16.0,19.0,16.0,59.0,chacara,04704-902,R Cel Conrado Siqueira Campos,Jardim das Acácias,São Paulo,SP,10.39372463768116,1
441554,2022,-23.6235572648122,-46.686067048509,5,kilometer,466.0,1738941.0,28.0,33.0,20.0,17.0,98.0,chacara,04704-902,R Cel Conrado Siqueira Campos,Jardim das Acácias,São Paulo,SP,12.601021739130434,1
441555,2022,-23.6242435303613,-46.6878214164615,5,kilometer,327.0,1536965.0,26.0,13.0,7.0,4.0,50.0,chacara,04704-000,R  Passaros E Flores,Jardim das Acácias,São Paulo,SP,11.137427536231884,1
441556,2022,-23.6248132101087,-46.68779538441711,5,kilometer,226.0,1137533.0,5.0,5.0,,,10.0,chacara,04704-020,R Das Crisandalias,Jardim das Acácias,São Paulo,SP,8.242992753623188,1
441557,2022,-23.6251537915594,-46.6886084728174,5,kilometer,319.0,3390762.0,5.0,10.0,7.0,6.0,28.0,chacara,04704-030,R Das Sempre-Vivas,Jardim das Acácias,São Paulo,SP,24.570739130434784,3
441583,2022,-23.6060017263826,-46.6959963025556,5,kilometer,235.0,737523.0,12.0,8.0,7.0,11.0,38.0,chacara,04578-911,Av Das Nacoes Unidas,Brooklin Paulista,São Paulo,SP,5.344369565217391,2
441584,2022,-23.6072716253681,-46.6944703165984,5,kilometer,44.0,825657.0,,0.0,3.0,3.0,6.0,chacara,04565-001,R  Florida,Cidade Monções,São Paulo,SP,5.983021739130435,2
441585,2022,-23.611009309343,-46.6938475140237,5,kilometer,184.0,3688435.0,14.0,17.0,17.0,10.0,58.0,chacara,04562-030,R  Arandu,Brooklin Paulista,São Paulo,SP,26.727789855072462,3
441586,2022,-23.6116600433363,-46.6928097890924,5,kilometer,325.0,1847052.0,27.0,12.0,8.0,6.0,53.0,chacara,04576-020,R  George Ohm,Cidade Monções,São Paulo,SP,13.384434782608697,1
441587,2022,-23.6112775665418,-46.6924506421437,5,kilometer,175.0,1706122.0,4.0,6.0,,0.0,10.0,chacara,04563-060,R  Conceicao De Monte Alegre,Cidade Monções,São Paulo,SP,12.363202898550725,1
441588,2022,-23.6105352186735,-46.6919895255351,5,kilometer,317.0,1861733.0,23.0,25.0,13.0,20.0,81.0,chacara,04563-908,R  Conceicao De Monte Alegre,Cidade Monções,São Paulo,SP,13.490818840579712,1
441593,2022,-23.611535427136,-46.6829654494681,5,kilometer,318.0,167146.0,18.0,14.0,15.0,13.0,60.0,chacara,04562-904,R  Indiana,Brooklin Paulista,São Paulo,SP,12.112028985507246,2
441594,2022,-23.6119287484194,-46.6820695388763,5,kilometer,240.0,154001.0,12.0,13.0,5.0,12.0,42.0,chacara,04560-001,R  Nova York,Brooklin Paulista,São Paulo,SP,11.159492753623189,2
441603,2022,-23.6098898207953,-46.6930348857032,5,kilometer,278.0,396112.0,13.0,22.0,13.0,18.0,66.0,chacara,04562-080,R  Andre Ampere,Brooklin Paulista,São Paulo,SP,28.703768115942026,2
441604,2022,-23.6089656872192,-46.6914215728046,5,kilometer,323.0,1114061.0,10.0,16.0,6.0,9.0,41.0,chacara,04565-001,R  Florida,Cidade Monções,São Paulo,SP,8.07290579710145,1
441610,2022,-23.6038864987815,-46.6948781894226,5,kilometer,245.0,1989486.0,9.0,11.0,12.0,6.0,38.0,chacara,04571-090,R  Sansao Alves Dos Santos,Cidade Monções,São Paulo,SP,14.416565217391305,3
441611,2022,-23.6041500488323,-46.6949827939003,5,kilometer,212.0,2191098.0,16.0,5.0,4.0,4.0,29.0,chacara,04571-090,R  Sansao Alves Dos Santos,Cidade Monções,São Paulo,SP,15.877521739130435,3
441617,2022,-23.6110992863616,-46.6897326999505,5,kilometer,159.0,2158936.0,7.0,13.0,7.0,5.0,32.0,chacara,04565-001,R  Florida,Cidade Monções,São Paulo,SP,15.644463768115942,3
441621,2022,-23.6154112413437,-46.6834901724799,5,kilometer,176.0,720395.0,6.0,12.0,5.0,8.0,31.0,chacara,04565-000,R  Florida,Cidade Monções,São Paulo,SP,5.220253623188405,2
441630,2022,-23.616563343556,-46.6850047781596,5,kilometer,272.0,119461.0,9.0,16.0,,5.0,30.0,chacara,04567-000,R  Arizona,Cidade Monções,São Paulo,SP,8.656594202898551,2
441631,2022,-23.6165528275774,-46.68452694236871,5,kilometer,92.0,958575.0,3.0,9.0,5.0,6.0,23.0,chacara,04567-030,R  Clarice Biscuolla Castagna,Cidade Monções,São Paulo,SP,6.946195652173913,2
441632,2022,-23.6214329198462,-46.68796205392791,5,kilometer,81.0,1006164.0,0.0,0.0,0.0,0.0,0.0,chacara,04582-000,R  Alvaro Rodrigues,Vila Cordeiro,São Paulo,SP,7.291043478260869,1
441633,2022,-23.6219369945746,-46.6884998417567,5,kilometer,257.0,1739883.0,15.0,17.0,13.0,9.0,54.0,chacara,04703-002,Av  Morumbi,Santo Amaro,São Paulo,SP,12.607847826086958,1
441634,2022,-23.6239255765794,-46.690901433931,5,kilometer,166.0,1844372.0,28.0,7.0,,4.0,39.0,chacara,04707-110,R Sto Arcadio,Jardim das Acácias,São Paulo,SP,13.365014492753623,1
441635,2022,-23.6239313476903,-46.69008234283591,5,kilometer,383.0,933165.0,14.0,15.0,6.0,9.0,44.0,chacara,04704-080,R  Novo Cancioneiro,Jardim das Acácias,São Paulo,SP,6.762065217391304,1
442782,2022,-23.6457112250289,-46.6710625839321,5,kilometer,236.0,2433766.0,16.0,21.0,25.0,15.0,77.0,chacara,04363-001,Av  Mascote,Vila Mascote,São Paulo,SP,17.635985507246378,3
442783,2022,-23.6480625794619,-46.6700118062912,5,kilometer,479.0,1291809.0,21.0,14.0,13.0,18.0,66.0,chacara,04381-000,Av Ver Joao De Luca,Jardim Prudência,São Paulo,SP,9.360934782608696,1
442863,2022,-23.643374945286,-46.6679723909661,5,kilometer,341.0,1168301.0,9.0,11.0,16.0,15.0,51.0,chacara,04363-001,Av  Mascote,Vila Mascote,São Paulo,SP,8.46594927536232,1
442893,2022,-23.6458177869416,-46.670227013338895,5,kilometer,243.0,1713436.0,15.0,15.0,19.0,7.0,56.0,chacara,04363-001,Av  Mascote,Vila Mascote,São Paulo,SP,12.416202898550726,1
442894,2022,-23.6450469085546,-46.6705326870498,5,kilometer,344.0,1116348.0,15.0,18.0,21.0,16.0,70.0,chacara,04362-030,R  Palestina,Vila Mascote,São Paulo,SP,8.089478260869566,1
442895,2022,-23.6449452417338,-46.669767921413694,5,kilometer,351.0,1391111.0,9.0,13.0,20.0,13.0,55.0,chacara,04362-030,R  Palestina,Vila Mascote,São Paulo,SP,10.080514492753624,1
445314,2022,-23.6625749018638,-46.7385216918103,5,kilometer,981.0,227882.0,47.0,59.0,49.0,69.0,224.0,chacara,05820-230,R  Poco De Pedra,Jardim Novo Santo Amaro,São Paulo,SP,1.6513188405797103,0
445315,2022,-23.666419734166,-46.7384868445428,5,kilometer,918.0,237603.0,46.0,57.0,51.0,52.0,206.0,chacara,05816-170,R  Jean De Brienne,Recanto Santo Antônio,São Paulo,SP,1.7217608695652176,0
445316,2022,-23.6676341155376,-46.7396521886226,5,kilometer,394.0,226671.0,16.0,19.0,23.0,28.0,86.0,chacara,05816-200,R  Miguel Dias De Arzao,Recanto Santo Antônio,São Paulo,SP,1.6425434782608697,2
445317,2022,-23.6690619939797,-46.7389172837521,5,kilometer,331.0,242416.0,17.0,10.0,20.0,26.0,73.0,chacara,05819-010,R  Bartolomeu Bejarano,Jardim Santa Josefina,São Paulo,SP,1.7566376811594202,2
445318,2022,-23.6662438160295,-46.7366172842486,5,kilometer,613.0,403811.0,32.0,29.0,33.0,40.0,134.0,chacara,05819-080,R  Philippe De Vitry,Jardim Santa Josefina,São Paulo,SP,2.9261666666666666,0
445338,2022,-23.6460947928095,-46.7320446309255,5,kilometer,315.0,279962.0,13.0,20.0,16.0,20.0,69.0,chacara,05801-120,Tv  Sal Gema,Jardim Mirante,São Paulo,SP,2.028710144927536,2
445339,2022,-23.6501478456778,-46.7341571550071,5,kilometer,263.0,209982.0,13.0,21.0,17.0,17.0,68.0,chacara,05843-160,R  Arlindo Fraga De Oliveira,Jardim São Luís,São Paulo,SP,1.521608695652174,2
445349,2022,-23.6626198146035,-46.7419313306395,5,kilometer,459.0,227273.0,14.0,37.0,34.0,35.0,120.0,chacara,05820-200,R  Nova Do Tuparoquera,Jardim Novo Santo Amaro,São Paulo,SP,1.6469057971014494,2
445350,2022,-23.6637054415693,-46.7411217423095,5,kilometer,426.0,189363.0,16.0,20.0,27.0,20.0,83.0,chacara,05815-000,R  Jose Barros Magaldi,Jardim São João,São Paulo,SP,1.3721956521739131,2
445351,2022,-23.6628735926967,-46.7404230760371,5,kilometer,447.0,270626.0,19.0,30.0,32.0,27.0,108.0,chacara,05820-230,R  Poco De Pedra,Jardim Novo Santo Amaro,São Paulo,SP,1.9610579710144929,2
445352,2022,-23.6621409878465,-46.7407462668089,5,kilometer,670.0,249251.0,42.0,41.0,41.0,46.0,170.0,chacara,05820-230,R  Poco De Pedra,Jardim Novo Santo Amaro,São Paulo,SP,1.806166666666667,0
445353,2022,-23.6597147946596,-46.7402113127951,5,kilometer,157.0,20839.0,5.0,8.0,8.0,13.0,34.0,chacara,05820-130,Tv  Celso Baroni,Jardim Ymay,São Paulo,SP,1.510072463768116,2
445354,2022,-23.6642739528442,-46.7363421585689,5,kilometer,824.0,346873.0,47.0,46.0,47.0,59.0,199.0,chacara,05819-000,R  Vicente Decara Neto,Jardim Santo Antônio,São Paulo,SP,2.513572463768116,0
445355,2022,-23.6691861936621,-46.7322195360971,5,kilometer,498.0,404751.0,25.0,25.0,17.0,30.0,97.0,chacara,04902-100,R  Domingos Antunes,Parque Alves de Lima,São Paulo,SP,2.9329782608695654,2
445356,2022,-23.6712499768585,-46.7335551324437,5,kilometer,434.0,341651.0,16.0,22.0,20.0,19.0,77.0,chacara,04902-160,R  Hicavo,Parque Alves de Lima,São Paulo,SP,2.475731884057971,2
445386,2022,-23.6521647611061,-46.7529094969108,5,kilometer,,,,,,,0.0,chacara,05835-005,Es De Itapecerica,Vila Maracanã,São Paulo,SP,,
445387,2022,-23.6606155687229,-46.7474979659885,5,kilometer,285.0,192962.0,9.0,18.0,24.0,25.0,76.0,chacara,05846-270,Av  Fim De Semana,Jardim Casablanca,São Paulo,SP,1.3982753623188404,2
445388,2022,-23.6594514606235,-46.7456078914875,5,kilometer,793.0,187784.0,48.0,52.0,41.0,59.0,200.0,chacara,05846-150,R  Belisario Roldao,Conjunto Promorar São Luis,São Paulo,SP,1.3607536231884056,0
445389,2022,-23.6586475701468,-46.7420107838714,5,kilometer,762.0,213041.0,48.0,48.0,50.0,50.0,196.0,chacara,05844-210,R  Romao Manzini Cerqueira,Jardim São Luís,São Paulo,SP,1.5437753623188404,0
445390,2022,-23.6592278684749,-46.7361469054731,5,kilometer,491.0,264685.0,20.0,30.0,30.0,36.0,116.0,chacara,05815-000,R  Jose Barros Magaldi,Jardim São João,São Paulo,SP,1.9180072463768116,2
445391,2022,-23.6596294022041,-46.735249441961,5,kilometer,509.0,229759.0,22.0,28.0,20.0,30.0,100.0,chacara,05814-120,Tv  Amon,Jardim Ibirapuera,São Paulo,SP,1.6649202898550726,2
445392,2022,-23.6665319700009,-46.7316344611782,5,kilometer,470.0,283201.0,20.0,23.0,21.0,33.0,97.0,chacara,05818-330,R  Luis Aranha De Vasconcelos,Jardim Vergueiro,São Paulo,SP,2.05218115942029,2
445412,2022,-23.6549467615221,-46.7483998565018,5,kilometer,436.0,409511.0,21.0,25.0,31.0,32.0,109.0,chacara,05847-000,Av  Jacobus Baldi,Jardim Iracema,São Paulo,SP,2.967471014492754,2
445413,2022,-23.6559053601162,-46.7427285712037,5,kilometer,634.0,475847.0,29.0,33.0,48.0,56.0,166.0,chacara,05844-040,R  Campos Dos Goitacazes,Jardim São Luís,São Paulo,SP,3.448166666666667,0
445414,2022,-23.6552192141497,-46.7431131106455,5,kilometer,565.0,369941.0,35.0,27.0,36.0,40.0,138.0,chacara,05845-240,R  Antonio De Souza Lobo,Jardim Brasília,São Paulo,SP,2.680731884057971,0
445415,2022,-23.6566066718898,-46.741213441411,5,kilometer,414.0,310032.0,13.0,21.0,14.0,32.0,80.0,chacara,05844-010,R  Antonio Esper,Jardim São Luís,São Paulo,SP,2.2466086956521742,2
445416,2022,-23.6552474251572,-46.7364608345007,5,kilometer,640.0,224011.0,20.0,23.0,39.0,46.0,128.0,chacara,05844-220,R  Adauto Batista De Lima,Jardim São Luís,São Paulo,SP,1.623268115942029,0
445417,2022,-23.6604057939917,-46.73205878708,5,kilometer,968.0,213794.0,65.0,53.0,61.0,76.0,255.0,chacara,05814-210,R  Salgueiro Do Campo,Jardim Ibirapuera,São Paulo,SP,1.549231884057971,0
445418,2022,-23.6644647870635,-46.729963450056,5,kilometer,675.0,47032.0,37.0,50.0,45.0,51.0,183.0,chacara,05818-310,R  Jose Teodoro De Lima,Jardim Vergueiro,São Paulo,SP,3.4081159420289855,0
445430,2022,-23.6545671185694,-46.7451366887073,5,kilometer,666.0,283411.0,23.0,36.0,38.0,45.0,142.0,chacara,05847-000,Av  Jacobus Baldi,Jardim Iracema,São Paulo,SP,2.053702898550725,0
445431,2022,-23.6533775372181,-46.744004597036,5,kilometer,660.0,221688.0,36.0,43.0,47.0,54.0,180.0,chacara,05845-220,R  Alto Corumbiara Antigo,Jardim Brasília,São Paulo,SP,1.6064347826086958,0
445432,2022,-23.6543343125533,-46.74224111006,5,kilometer,613.0,306026.0,29.0,39.0,26.0,26.0,120.0,chacara,05845-250,R  Antonio Duarte Meira,Jardim Brasília,São Paulo,SP,2.2175797101449275,0
445433,2022,-23.6548658031388,-46.7399289683642,5,kilometer,557.0,293245.0,17.0,16.0,27.0,28.0,88.0,chacara,05844-110,R  Jose Rodrigues Gomes,Jardim São Luís,São Paulo,SP,2.1249637681159417,0
445434,2022,-23.6542942946508,-46.7390434128548,5,kilometer,563.0,283486.0,36.0,23.0,29.0,30.0,118.0,chacara,05844-180,R Dr Octacilio De Carvalho Lopes,Jardim São Luís,São Paulo,SP,2.0542463768115944,0
445435,2022,-23.6536053909143,-46.7380674770774,5,kilometer,582.0,27339.0,28.0,36.0,37.0,36.0,137.0,chacara,05844-170,R  Manoel Batista,Jardim São Luís,São Paulo,SP,1.9810869565217393,0
445436,2022,-23.6560468724124,-46.7345797199179,5,kilometer,970.0,245482.0,46.0,41.0,47.0,53.0,187.0,chacara,05812-000,R  Frederico Marcicano,Jardim São Luís,São Paulo,SP,1.7788550724637682,0
445437,2022,-23.6572437360126,-46.7339337151669,5,kilometer,645.0,247901.0,36.0,41.0,44.0,38.0,159.0,chacara,05812-010,R  Alto Do Candoso,Jardim São Luís,São Paulo,SP,1.7963840579710146,0
445438,2022,-23.6579356316246,-46.7326913805311,5,kilometer,822.0,204514.0,60.0,46.0,47.0,46.0,199.0,chacara,05814-110,R  Aldeia De Joanes,Jardim Ibirapuera,São Paulo,SP,1.4819855072463768,0
445439,2022,-23.6591433095768,-46.7312045024134,5,kilometer,375.0,213015.0,19.0,27.0,31.0,38.0,115.0,chacara,05814-190,R  Mourisca,Jardim Ibirapuera,São Paulo,SP,1.5435869565217393,2
445446,2022,-23.6518720326642,-46.7494552273854,5,kilometer,633.0,553609.0,30.0,28.0,36.0,38.0,132.0,chacara,05847-500,R  Filipe Neri Teixeira,Jardim Iracema,São Paulo,SP,4.011659420289855,0
445447,2022,-23.6515419525473,-46.7455764762261,5,kilometer,894.0,699429.0,65.0,61.0,64.0,47.0,237.0,chacara,05842-070,R  Gregorio Allegri,Vila das Belezas,São Paulo,SP,5.068326086956522,0
445448,2022,-23.6517913643394,-46.7447554292331,5,kilometer,608.0,662483.0,32.0,24.0,39.0,45.0,140.0,chacara,05842-070,R  Gregorio Allegri,Vila das Belezas,São Paulo,SP,4.800601449275362,0
445449,2022,-23.6518828864282,-46.74225933002791,5,kilometer,673.0,290699.0,48.0,38.0,41.0,50.0,177.0,chacara,05845-290,R Gov Ayres De Saldanha,Jardim Brasília,São Paulo,SP,2.106514492753623,0
445450,2022,-23.6519838952815,-46.7392271898108,5,kilometer,721.0,226881.0,41.0,35.0,45.0,54.0,175.0,chacara,05843-350,R  Sebastiao Afonso Dos Reis,Jardim São Luís,São Paulo,SP,1.6440652173913044,0
445451,2022,-23.6525340242287,-46.7363551652862,5,kilometer,756.0,263162.0,40.0,39.0,54.0,47.0,180.0,chacara,05843-140,R  Arraial Dos Couros,Jardim São Luís,São Paulo,SP,1.9069710144927536,0
445452,2022,-23.6541753495586,-46.7345942651394,5,kilometer,381.0,221528.0,20.0,19.0,24.0,21.0,84.0,chacara,05812-070,R  Joaquim Espinosa,Jardim São Luís,São Paulo,SP,1.6052753623188407,2
445453,2022,-23.6502392521872,-46.7501893279067,5,kilometer,689.0,371879.0,26.0,19.0,47.0,42.0,134.0,chacara,05835-010,Tv  Amedeo Modigliani,Vila Maracanã,São Paulo,SP,2.6947753623188406,0
445454,2022,-23.6491893004303,-46.7452182400334,5,kilometer,716.0,405253.0,29.0,45.0,42.0,40.0,156.0,chacara,05842-100,R  Manoel Froes,Jardim Casablanca,São Paulo,SP,2.9366159420289857,0
445455,2022,-23.6495478032794,-46.740472955528,5,kilometer,600.0,295737.0,28.0,20.0,19.0,29.0,96.0,chacara,05843-300,R  Joao Meimberg,Jardim São Luís,São Paulo,SP,2.1430217391304347,0
445456,2022,-23.6512612693154,-46.737423084322494,5,kilometer,839.0,330875.0,46.0,47.0,50.0,65.0,208.0,chacara,05843-220,R  Geraldo Antonio Coelho,Jardim São Luís,São Paulo,SP,2.397644927536232,0
445457,2022,-23.6512628949245,-46.7358697413611,5,kilometer,847.0,210838.0,48.0,53.0,49.0,68.0,218.0,chacara,05843-340,R  Lazaro Rodrigues,Jardim São Luís,São Paulo,SP,1.5278115942028987,0
445458,2022,-23.6516530737516,-46.7343052941298,5,kilometer,491.0,246695.0,16.0,25.0,28.0,33.0,102.0,chacara,05843-180,R  Aurelio Duarte De Oliveira,Jardim São Luís,São Paulo,SP,1.7876449275362318,2
445459,2022,-23.6540603487031,-46.7326536117671,5,kilometer,699.0,210139.0,42.0,40.0,41.0,44.0,167.0,chacara,05813-070,R  Osvaldo Pires Da Silva,Jardim São Luís,São Paulo,SP,1.522746376811594,0
445460,2022,-23.6530072899046,-46.731778410082704,5,kilometer,608.0,298706.0,51.0,41.0,30.0,36.0,158.0,chacara,05813-060,R  Nazareno Pedroso De Oliveira,Jardim São Luís,São Paulo,SP,2.1645362318840577,0
445461,2022,-23.6483670460455,-46.7519445629456,5,kilometer,599.0,316203.0,15.0,24.0,19.0,21.0,79.0,chacara,05780-210,R  Adelino De Magalhaes,Vila Prel,São Paulo,SP,2.2913260869565217,0
445462,2022,-23.6472223357272,-46.7439488318546,5,kilometer,858.0,266972.0,36.0,54.0,45.0,50.0,185.0,chacara,05841-190,R  Manuel De Toledo,Vila das Belezas,São Paulo,SP,1.9345797101449274,0
445463,2022,-23.6462492551565,-46.7456450900938,5,kilometer,937.0,506765.0,34.0,46.0,55.0,54.0,189.0,chacara,05835-003,Es De Itapecerica,Vila das Belezas,São Paulo,SP,3.672210144927536,0
445464,2022,-23.6487687504536,-46.7425910670294,5,kilometer,367.0,176687.0,21.0,19.0,25.0,28.0,93.0,chacara,05841-140,R  Enrico Rossi,Vila das Belezas,São Paulo,SP,1.2803405797101448,2
445465,2022,-23.6467448883763,-46.7372061127363,5,kilometer,374.0,399908.0,8.0,14.0,23.0,16.0,61.0,chacara,05836-350,Av  Tomas De Sousa,Jardim Monte Azul,São Paulo,SP,2.8978840579710146,2
445466,2022,-23.6499281986542,-46.7366723676436,5,kilometer,481.0,483329.0,23.0,32.0,31.0,30.0,116.0,chacara,05843-300,R  Joao Meimberg,Jardim São Luís,São Paulo,SP,3.5023840579710144,2
445467,2022,-23.6487839555976,-46.7349561401875,5,kilometer,776.0,247229.0,42.0,37.0,51.0,49.0,179.0,chacara,05801-050,R  Luiz Grassmann,Jardim Mirante,São Paulo,SP,1.791514492753623,0
445468,2022,-23.6488657841349,-46.73403937619951,5,kilometer,725.0,229482.0,39.0,48.0,40.0,63.0,190.0,chacara,05843-340,R  Lazaro Rodrigues,Jardim São Luís,São Paulo,SP,1.662913043478261,0
445469,2022,-23.6427968261686,-46.746061737115696,5,kilometer,715.0,454564.0,32.0,41.0,39.0,36.0,148.0,chacara,05777-030,R  Afonso Mendes De Estrada,Vila Nova das Belezas,São Paulo,SP,3.2939420289855077,0
445470,2022,-23.6448778611815,-46.7402458402869,5,kilometer,638.0,479138.0,19.0,27.0,30.0,38.0,114.0,chacara,05840-020,R  Aristodemo Gazzotti,Vila das Belezas,São Paulo,SP,3.4720144927536234,0
445471,2022,-23.6482214961695,-46.7358323006325,5,kilometer,379.0,467025.0,14.0,19.0,20.0,21.0,74.0,chacara,05836-130,Tv  Andrea Cima,Jardim Monte Azul,São Paulo,SP,3.3842391304347825,2
445472,2022,-23.6470133983878,-46.7357463705886,5,kilometer,349.0,158045.0,28.0,28.0,29.0,30.0,115.0,chacara,05801-110,R  Vitalina Grassman,Jardim Mirante,São Paulo,SP,1.1452536231884058,2
445479,2022,-23.6579267800012,-46.7377395823376,5,kilometer,511.0,258283.0,27.0,38.0,31.0,33.0,129.0,chacara,05815-170,Tv  Paulo Jeronimo De Araujo,Jardim Dinar,São Paulo,SP,1.8716159420289855,2
445480,2022,-23.6583933603868,-46.739213301272,5,kilometer,733.0,214819.0,56.0,49.0,71.0,58.0,234.0,chacara,05820-200,R  Nova Do Tuparoquera,Jardim Novo Santo Amaro,São Paulo,SP,1.5566594202898552,0
445485,2022,-23.6553497580301,-46.7516461715551,5,kilometer,373.0,163325.0,24.0,29.0,29.0,27.0,109.0,chacara,05847-620,R  Yoshimara Minamoto,Jardim Brasília,São Paulo,SP,1.1835144927536232,2
445486,2022,-23.6583170066143,-46.7433217509249,5,kilometer,824.0,202206.0,56.0,65.0,63.0,69.0,253.0,chacara,05846-100,R Arq Roberto Patrao Assis,Conjunto Promorar São Luis,São Paulo,SP,1.4652608695652174,0
445493,2022,-23.6568428456333,-46.7442489430415,5,kilometer,874.0,177683.0,54.0,62.0,60.0,66.0,242.0,chacara,05846-395,R Da Cordialidade,Jardim Casablanca,São Paulo,SP,1.2875579710144927,0
445494,2022,-23.652390636286,-46.7405353978323,5,kilometer,608.0,389754.0,30.0,30.0,40.0,29.0,129.0,chacara,05843-230,R  Geraldo Pires Dos S. Goncalves,Jardim São Luís,São Paulo,SP,2.8243043478260867,0
445495,2022,-23.6614677790073,-46.7420084600881,5,kilometer,594.0,169513.0,40.0,39.0,48.0,57.0,184.0,chacara,05844-030,R  Baucis,Jardim São Luís,São Paulo,SP,1.2283550724637682,0
445501,2022,-23.6662311630413,-46.729463227847,5,kilometer,324.0,383683.0,18.0,13.0,14.0,20.0,65.0,chacara,05818-270,R  Frederico Grotte,Jardim Vergueiro,São Paulo,SP,2.7803115942028986,2
445507,2022,-23.6564479349672,-46.736989559822,5,kilometer,558.0,994382.0,28.0,38.0,50.0,46.0,162.0,chacara,05805-040,R  Jorge Fares,Jardim São Luís,São Paulo,SP,7.205666666666667,1
445508,2022,-23.6553319463309,-46.7379836230855,5,kilometer,454.0,221227.0,25.0,31.0,18.0,27.0,101.0,chacara,05844-150,R  Manuel Antonio De Freitas,Jardim São Luís,São Paulo,SP,1.6030942028985506,2
445510,2022,-23.6596357501029,-46.7356725687904,5,kilometer,792.0,247774.0,35.0,42.0,69.0,79.0,225.0,chacara,05815-000,R  Jose Barros Magaldi,Jardim São João,São Paulo,SP,1.7954637681159418,0
445514,2022,-23.6597171895028,-46.7412411782964,5,kilometer,384.0,212365.0,15.0,19.0,29.0,19.0,82.0,chacara,05844-195,R  Pedro Flamenco,Jardim São Luís,São Paulo,SP,1.5388768115942029,2
445516,2022,-23.6605516859643,-46.7300145547616,5,kilometer,131.0,229027.0,5.0,6.0,7.0,9.0,27.0,chacara,05814-110,R  Aldeia De Joanes,Jardim Ibirapuera,São Paulo,SP,1.6596159420289855,2
445525,2022,-23.6490495750141,-46.7334814684799,5,kilometer,277.0,183924.0,25.0,22.0,17.0,24.0,88.0,chacara,05843-290,R  Joao Gaspar,Jardim São Luís,São Paulo,SP,1.3327826086956522,2
445533,2022,-23.6538124803825,-46.74853713483311,5,kilometer,147.0,173998.0,7.0,9.0,9.0,8.0,33.0,chacara,05847-620,R  Yoshimara Minamoto,Jardim Brasília,São Paulo,SP,1.2608550724637682,2
445540,2022,-23.6553232002763,-46.7295614640608,5,kilometer,1082.0,177394.0,103.0,84.0,82.0,95.0,364.0,chacara,05813-050,R  Maria Jose De Carvalho,Jardim São Luís,São Paulo,SP,1.285463768115942,0
445553,2022,-23.6669242875357,-46.7404284520384,5,kilometer,549.0,201155.0,30.0,46.0,32.0,38.0,146.0,chacara,05816-200,R  Miguel Dias De Arzao,Recanto Santo Antônio,São Paulo,SP,1.4576449275362318,0
445554,2022,-23.6652009261461,-46.7347750184275,5,kilometer,962.0,250954.0,50.0,54.0,55.0,60.0,219.0,chacara,05819-020,R  Domenico Scarlatti,Jardim Santa Josefina,São Paulo,SP,1.8185072463768115,0
445573,2022,-23.6556994157559,-46.74968457119,5,kilometer,406.0,304263.0,27.0,29.0,26.0,30.0,112.0,chacara,05847-620,R  Yoshimara Minamoto,Jardim Brasília,São Paulo,SP,2.2048043478260873,2
445574,2022,-23.6542310929304,-46.7508785723867,5,kilometer,889.0,209167.0,49.0,76.0,75.0,67.0,267.0,chacara,05847-000,Av  Jacobus Baldi,Jardim Iracema,São Paulo,SP,1.5157028985507246,0
445575,2022,-23.654232544966,-46.7465894023196,5,kilometer,683.0,327084.0,28.0,41.0,45.0,42.0,156.0,chacara,05846-130,Ve  Sem Denominacao,Jardim Casablanca,São Paulo,SP,2.3701739130434785,0
445576,2022,-23.6554766578827,-46.7464260987529,5,kilometer,396.0,355836.0,13.0,24.0,24.0,27.0,88.0,chacara,05847-570,R  Sagrado Coracao De Jesus,Jardim Iracema,São Paulo,SP,2.578521739130435,2
445577,2022,-23.6567123034492,-46.7461956286175,5,kilometer,455.0,179912.0,27.0,20.0,29.0,28.0,104.0,chacara,05846-175,R  Bernardo Velez,Conjunto Promorar São Luis,São Paulo,SP,1.3037101449275361,2
445578,2022,-23.6582181703765,-46.745798921642304,5,kilometer,837.0,182856.0,56.0,62.0,54.0,53.0,225.0,chacara,05846-260,R  Fernando Lerma,Conjunto Promorar São Luis,São Paulo,SP,1.3250434782608695,0
445579,2022,-23.6575641867902,-46.74536099498911,5,kilometer,812.0,160308.0,41.0,50.0,68.0,67.0,226.0,chacara,05846-350,R  Joao Cruz Varela,Conjunto Promorar São Luis,São Paulo,SP,1.1616521739130434,0
445580,2022,-23.656541296783,-46.7388805367338,5,kilometer,438.0,310926.0,22.0,27.0,31.0,30.0,110.0,chacara,05844-060,R  Durval De Almeida Santana,Jardim São Luís,São Paulo,SP,2.2530869565217393,2
445581,2022,-23.6579563613171,-46.7406071739839,5,kilometer,655.0,269967.0,33.0,42.0,40.0,42.0,157.0,chacara,05844-030,R  Baucis,Jardim São Luís,São Paulo,SP,1.9562826086956522,0
445582,2022,-23.6592391824463,-46.7343087829284,5,kilometer,490.0,212578.0,19.0,31.0,28.0,35.0,113.0,chacara,05814-160,R  Geraldo Bretas,Jardim Ibirapuera,São Paulo,SP,1.5404202898550725,2
445583,2022,-23.6588442681026,-46.733682362300094,5,kilometer,577.0,196421.0,22.0,33.0,58.0,47.0,160.0,chacara,05814-210,R  Salgueiro Do Campo,Jardim Ibirapuera,São Paulo,SP,1.423340579710145,0
445595,2022,-23.6609419365558,-46.7305026923942,5,kilometer,385.0,205301.0,15.0,32.0,25.0,31.0,103.0,chacara,05814-110,R  Aldeia De Joanes,Jardim Ibirapuera,São Paulo,SP,1.4876884057971016,2
445596,2022,-23.6594478472363,-46.7316126883275,5,kilometer,423.0,27271.0,32.0,27.0,35.0,30.0,124.0,chacara,05814-110,R  Aldeia De Joanes,Jardim Ibirapuera,São Paulo,SP,1.976159420289855,2
445601,2022,-23.6524257980768,-46.7467466229957,5,kilometer,1037.0,224805.0,53.0,49.0,78.0,76.0,256.0,chacara,05846-130,R  Borromini,Jardim Casablanca,São Paulo,SP,1.629021739130435,0
445602,2022,-23.6503132591579,-46.7443297147943,5,kilometer,196.0,251508.0,8.0,5.0,13.0,21.0,47.0,chacara,05842-050,R Dr Luis Tavares Da Cunha,Jardim Casablanca,São Paulo,SP,1.8225217391304347,2
445603,2022,-23.6507718821882,-46.7433797176702,5,kilometer,788.0,334006.0,56.0,48.0,50.0,60.0,214.0,chacara,05842-050,R Dr Luis Tavares Da Cunha,Jardim Casablanca,São Paulo,SP,2.4203333333333332,0
445604,2022,-23.6546487945836,-46.7337430081217,5,kilometer,412.0,226678.0,18.0,28.0,18.0,23.0,87.0,chacara,05812-030,R  Antonio Da Mata Junior,Jardim São Luís,São Paulo,SP,1.642594202898551,2
445605,2022,-23.655854445647,-46.7326191149021,5,kilometer,699.0,245065.0,29.0,43.0,41.0,36.0,149.0,chacara,05812-000,R  Frederico Marcicano,Jardim São Luís,São Paulo,SP,1.7758333333333334,0
445606,2022,-23.6485063739877,-46.7445045574596,5,kilometer,408.0,285061.0,22.0,23.0,24.0,19.0,88.0,chacara,05842-090,R  Jose Geniolli,Jardim Casablanca,São Paulo,SP,2.065659420289855,2
445607,2022,-23.6491389731765,-46.7419719158622,5,kilometer,505.0,246707.0,25.0,34.0,31.0,43.0,133.0,chacara,05842-020,R  Arthur Bliss,Jardim Casablanca,São Paulo,SP,1.7877318840579712,2
445608,2022,-23.6508188065189,-46.7404687879964,5,kilometer,639.0,23019.0,35.0,47.0,28.0,50.0,160.0,chacara,05843-330,R  Jovino Mouzinho De Pontes,Jardim São Luís,São Paulo,SP,1.6680434782608697,0
445609,2022,-23.6506176943338,-46.7387871445052,5,kilometer,315.0,23872.0,9.0,19.0,16.0,14.0,58.0,chacara,05843-310,R  Joaquim Odorico Teixeira,Jardim São Luís,São Paulo,SP,1.729855072463768,2
445610,2022,-23.6516224662337,-46.7334118376082,5,kilometer,206.0,284316.0,12.0,13.0,13.0,6.0,44.0,chacara,05813-090,R  Sebastiao Amancio Pinto,Jardim São Luís,São Paulo,SP,2.060260869565217,2
445611,2022,-23.6538260493806,-46.7320210294762,5,kilometer,600.0,235037.0,32.0,35.0,35.0,39.0,141.0,chacara,05813-090,R  Sebastiao Amancio Pinto,Jardim São Luís,São Paulo,SP,1.7031666666666665,0
445612,2022,-23.6553925793742,-46.7309990716537,5,kilometer,384.0,221227.0,27.0,28.0,29.0,15.0,99.0,chacara,05813-090,R  Sebastiao Amancio Pinto,Jardim São Luís,São Paulo,SP,1.6030942028985506,2
445613,2022,-23.6473749191986,-46.7557749626746,5,kilometer,382.0,228041.0,11.0,17.0,27.0,24.0,79.0,chacara,05777-000,Es Do Campo Limpo,Vila Prel,São Paulo,SP,1.6524710144927535,2
445614,2022,-23.6465048709303,-46.7525033247076,5,kilometer,459.0,313809.0,15.0,23.0,18.0,23.0,79.0,chacara,05780-340,R  Miguel Melo,Vila Prel,São Paulo,SP,2.273978260869565,2
445615,2022,-23.6449085062425,-46.744683402379295,5,kilometer,250.0,663125.0,12.0,8.0,7.0,8.0,35.0,chacara,05835-000,Es De Itapecerica,Vila das Belezas,São Paulo,SP,4.805253623188406,2
445616,2022,-23.6462573359881,-46.7433959800111,5,kilometer,605.0,343899.0,30.0,31.0,44.0,40.0,145.0,chacara,05841-080,R  Alaor Klein,Vila das Belezas,São Paulo,SP,2.4920217391304345,0
445617,2022,-23.6437875747223,-46.7410616500575,5,kilometer,275.0,360908.0,12.0,16.0,12.0,19.0,59.0,chacara,05841-130,R Cel Luis Schimidt,Vila das Belezas,São Paulo,SP,2.6152753623188407,2
445618,2022,-23.6441090278891,-46.7423937064872,5,kilometer,304.0,427398.0,13.0,7.0,12.0,15.0,47.0,chacara,05841-100,R Dr Andre Brenha Ribeiro,Vila das Belezas,São Paulo,SP,3.0970869565217387,2
445619,2022,-23.6456774699222,-46.742121330919,5,kilometer,387.0,267962.0,20.0,15.0,17.0,13.0,65.0,chacara,05841-150,R Tte Isaias Branco De Araujo,Vila das Belezas,São Paulo,SP,1.9417536231884056,2
445620,2022,-23.6475372865211,-46.740373239793,5,kilometer,531.0,624448.0,39.0,25.0,33.0,35.0,132.0,chacara,05840-020,R  Aristodemo Gazzotti,Vila das Belezas,São Paulo,SP,4.5249855072463765,0
445621,2022,-23.6468618281837,-46.7393561540087,5,kilometer,272.0,361566.0,14.0,12.0,11.0,6.0,43.0,chacara,05836-180,R  Francisco Xavier De Abreu,Jardim Monte Azul,São Paulo,SP,2.6200434782608695,2
445622,2022,-23.6431494991723,-46.7438610413198,5,kilometer,508.0,253997.0,26.0,26.0,26.0,22.0,100.0,chacara,05777-100,R  Manuel De Oliveira Falcao,Vila Nova das Belezas,São Paulo,SP,1.8405579710144926,2
445623,2022,-23.6419946582182,-46.7427335208779,5,kilometer,160.0,402653.0,5.0,6.0,3.0,5.0,19.0,chacara,05731-250,Av Das Belezas,Vila Plana,São Paulo,SP,2.917775362318841,2
445624,2022,-23.6439328109397,-46.7389512201899,5,kilometer,449.0,577838.0,9.0,16.0,17.0,27.0,69.0,chacara,05836-180,R  Francisco Xavier De Abreu,Jardim Monte Azul,São Paulo,SP,4.187231884057971,2
445625,2022,-23.6466834649904,-46.7384862984468,5,kilometer,451.0,465165.0,21.0,20.0,27.0,27.0,95.0,chacara,05836-350,Av  Tomas De Sousa,Jardim Monte Azul,São Paulo,SP,3.370760869565217,2
445626,2022,-23.6484395334621,-46.737859293589,5,kilometer,554.0,310469.0,23.0,36.0,22.0,40.0,121.0,chacara,05836-160,R  Domingos Marques,Jardim Monte Azul,São Paulo,SP,2.249775362318841,0
445627,2022,-23.6493932910976,-46.7379299511049,5,kilometer,272.0,305723.0,9.0,13.0,14.0,15.0,51.0,chacara,05836-300,R  Mauricio Pacheco Tavares,Jardim Monte Azul,São Paulo,SP,2.2153840579710145,2
445630,2022,-23.6666320794695,-46.729043001494496,5,kilometer,342.0,645637.0,17.0,17.0,14.0,9.0,57.0,chacara,05818-270,R  Frederico Grotte,Jardim Vergueiro,São Paulo,SP,4.6785289855072465,2
445634,2022,-23.6601676117354,-46.742577480538,5,kilometer,646.0,29904.0,46.0,44.0,39.0,35.0,164.0,chacara,05844-030,R  Baucis,Jardim São Luís,São Paulo,SP,2.1669565217391304,0
445635,2022,-23.6616201374492,-46.7427824623684,5,kilometer,251.0,174788.0,16.0,26.0,22.0,31.0,95.0,chacara,05844-020,R  Aribugu,Jardim São Luís,São Paulo,SP,1.2665797101449277,2
445636,2022,-23.6647105546435,-46.7322880363435,5,kilometer,228.0,200163.0,13.0,22.0,19.0,15.0,69.0,chacara,05818-310,R  Jose Teodoro De Lima,Jardim Vergueiro,São Paulo,SP,1.4504565217391305,2
445637,2022,-23.6660030513338,-46.7307157427877,5,kilometer,438.0,278448.0,22.0,23.0,26.0,27.0,98.0,chacara,05818-240,R  Antonio Vaz,Jardim Vergueiro,São Paulo,SP,2.0177391304347827,2
445638,2022,-23.6478766771267,-46.7464982573234,5,kilometer,181.0,164933.0,14.0,12.0,10.0,10.0,46.0,chacara,05842-030,R  Candido Das Neves,Vila das Belezas,São Paulo,SP,1.1951666666666667,2
445639,2022,-23.6525255952264,-46.7430721261095,5,kilometer,393.0,208792.0,29.0,24.0,18.0,29.0,100.0,chacara,05845-260,R  Augusto De Morais Sarmento,Jardim Brasília,São Paulo,SP,1.512985507246377,2
445646,2022,-23.6591032680034,-46.7298214722424,5,kilometer,407.0,186329.0,28.0,34.0,34.0,37.0,133.0,chacara,05814-100,R  Acedio Jose Fontanete,Jardim Ibirapuera,São Paulo,SP,1.350210144927536,2
445647,2022,-23.6598228024048,-46.7296431345289,5,kilometer,349.0,213991.0,27.0,31.0,32.0,32.0,122.0,chacara,05814-100,R  Acedio Jose Fontanete,Jardim Ibirapuera,São Paulo,SP,1.550659420289855,2
445648,2022,-23.6616012561445,-46.7312836874863,5,kilometer,216.0,148864.0,19.0,16.0,15.0,27.0,77.0,chacara,05814-200,R  Pinhal Velho,Jardim Ibirapuera,São Paulo,SP,1.0787246376811594,2
445649,2022,-23.6617048231995,-46.7302363834541,5,kilometer,189.0,205467.0,10.0,17.0,11.0,9.0,47.0,chacara,05814-200,R  Pinhal Velho,Jardim Ibirapuera,São Paulo,SP,1.4888913043478262,2
445654,2022,-23.6501112466545,-46.7461750489163,5,kilometer,935.0,833928.0,82.0,74.0,50.0,52.0,258.0,chacara,05842-070,R  Gregorio Allegri,Vila das Belezas,São Paulo,SP,6.042956521739131,0
445666,2022,-23.6709926968315,-46.7350821784525,5,kilometer,471.0,1714025.0,14.0,26.0,21.0,35.0,96.0,chacara,04904-000,R  Joao De Abreu,Jardim Tupã,São Paulo,SP,12.420471014492753,1
445673,2022,-23.6472037086636,-46.7501822893769,5,kilometer,694.0,44488.0,26.0,34.0,42.0,42.0,144.0,chacara,05780-320,R  Josefina Grassini,Vila Prel,São Paulo,SP,3.223768115942029,0
445674,2022,-23.6451115650461,-46.7479285055092,5,kilometer,228.0,348234.0,18.0,9.0,13.0,14.0,54.0,chacara,05835-002,Es De Itapecerica,Vila das Belezas,São Paulo,SP,2.5234347826086956,2
445675,2022,-23.6472298376698,-46.7488019055489,5,kilometer,400.0,527431.0,29.0,20.0,10.0,14.0,73.0,chacara,05835-004,Es De Itapecerica,Vila Prel,São Paulo,SP,3.821963768115942,2
445676,2022,-23.6469971003469,-46.7481055895767,5,kilometer,942.0,890278.0,44.0,75.0,56.0,68.0,243.0,chacara,05835-002,Es De Itapecerica,Vila das Belezas,São Paulo,SP,6.451289855072464,0
445677,2022,-23.6684889384342,-46.7343661360421,5,kilometer,727.0,344174.0,38.0,52.0,58.0,67.0,215.0,chacara,04905-020,Es  M'Boi Mirim,Jardim das Flores,São Paulo,SP,2.494014492753623,0
445678,2022,-23.6681968821407,-46.733709397173904,5,kilometer,551.0,30786.0,36.0,44.0,49.0,39.0,168.0,chacara,04902-015,Av  Guarapiranga,Parque Alves de Lima,São Paulo,SP,2.2308695652173913,0
445679,2022,-23.6700814279169,-46.729007843633,5,kilometer,482.0,696048.0,13.0,27.0,24.0,27.0,91.0,chacara,04902-000,Av  Francisco Nobrega Barbosa,Parque Alves de Lima,São Paulo,SP,5.043826086956521,2
445680,2022,-23.6701660179914,-46.7287440103683,5,kilometer,420.0,1027247.0,20.0,19.0,39.0,33.0,111.0,chacara,04902-000,Av  Francisco Nobrega Barbosa,Parque Alves de Lima,São Paulo,SP,7.44381884057971,1
445681,2022,-23.650992048499,-46.7476915563356,5,kilometer,471.0,44563.0,42.0,27.0,27.0,27.0,123.0,chacara,05846-410,R Sta Archelia,Jardim Casablanca,São Paulo,SP,3.229202898550725,2
445682,2022,-23.650481236803,-46.7470894430895,5,kilometer,309.0,509296.0,25.0,14.0,7.0,16.0,62.0,chacara,05846-050,R  Amancio Pedro De Oliveira,Vila Maracanã,São Paulo,SP,3.690550724637681,2
445683,2022,-23.651702643054,-46.7471512407723,5,kilometer,187.0,56586.0,24.0,9.0,10.0,4.0,47.0,chacara,05846-390,R  Mapore,Jardim Casablanca,São Paulo,SP,4.100434782608696,2
445684,2022,-23.6528850560135,-46.750048860965,5,kilometer,733.0,253068.0,46.0,42.0,46.0,45.0,179.0,chacara,05847-620,R  Yoshimara Minamoto,Jardim Brasília,São Paulo,SP,1.8338260869565217,0
445685,2022,-23.6533240880602,-46.7486054115866,5,kilometer,340.0,1891628.0,31.0,26.0,17.0,12.0,86.0,chacara,05847-500,R  Filipe Neri Teixeira,Jardim Iracema,São Paulo,SP,13.707449275362318,1
445686,2022,-23.653483851818,-46.7478591637243,5,kilometer,236.0,65375.0,9.0,13.0,12.0,13.0,47.0,chacara,05846-270,Av  Fim De Semana,Jardim Casablanca,São Paulo,SP,4.73731884057971,2
445687,2022,-23.6529401600842,-46.751937075883,5,kilometer,341.0,132535.0,20.0,38.0,24.0,31.0,113.0,chacara,05847-620,R  Yoshimara Minamoto,Jardim Brasília,São Paulo,SP,0.9603985507246376,2
445688,2022,-23.6526287518794,-46.7513666437722,5,kilometer,347.0,119823.0,19.0,24.0,29.0,26.0,98.0,chacara,05847-620,R  Yoshimara Minamoto,Jardim Brasília,São Paulo,SP,0.8682826086956522,2
445689,2022,-23.6452841887396,-46.7356112734472,5,kilometer,631.0,180376.0,42.0,39.0,48.0,56.0,185.0,chacara,05836-350,Av  Tomas De Sousa,Jardim Monte Azul,São Paulo,SP,1.307072463768116,0
445690,2022,-23.646975173339,-46.7362358768332,5,kilometer,682.0,160174.0,48.0,48.0,46.0,58.0,200.0,chacara,05836-270,R  Joaquim Dias,Jardim Monte Azul,São Paulo,SP,1.16068115942029,0
445691,2022,-23.6594222026415,-46.7406439525122,5,kilometer,482.0,185011.0,30.0,25.0,35.0,26.0,116.0,chacara,05844-195,R  Pedro Flamenco,Jardim São Luís,São Paulo,SP,1.340659420289855,2
445692,2022,-23.6609705330111,-46.7411147869628,5,kilometer,697.0,171229.0,50.0,51.0,64.0,56.0,221.0,chacara,05844-195,R  Pedro Flamenco,Jardim São Luís,São Paulo,SP,1.2407898550724636,0
445693,2022,-23.6614141252471,-46.7407215153595,5,kilometer,568.0,165047.0,49.0,48.0,48.0,56.0,201.0,chacara,05820-200,R  Nova Do Tuparoquera,Jardim Novo Santo Amaro,São Paulo,SP,1.1959927536231885,0
445700,2022,-23.6625256795556,-46.726872217697,5,kilometer,434.0,186121.0,31.0,33.0,30.0,41.0,135.0,chacara,05813-030,R  Jose Joaquim Esteves,Jardim São Luís,São Paulo,SP,1.3487028985507246,2
445701,2022,-23.6623217711172,-46.7278336459644,5,kilometer,566.0,180383.0,42.0,53.0,49.0,42.0,186.0,chacara,05813-030,R  Jose Joaquim Esteves,Jardim São Luís,São Paulo,SP,1.307123188405797,0
445702,2022,-23.6628455239026,-46.728166751263295,5,kilometer,542.0,196199.0,37.0,36.0,43.0,40.0,156.0,chacara,05813-030,R  Jose Joaquim Esteves,Jardim São Luís,São Paulo,SP,1.4217318840579711,0
445703,2022,-23.6628405512782,-46.7277441693475,5,kilometer,482.0,216726.0,32.0,39.0,34.0,29.0,134.0,chacara,05813-030,R  Jose Joaquim Esteves,Jardim São Luís,São Paulo,SP,1.5704782608695653,2
445704,2022,-23.6628980594542,-46.7270893479524,5,kilometer,512.0,185384.0,37.0,34.0,43.0,34.0,148.0,chacara,05813-030,R  Jose Joaquim Esteves,Jardim São Luís,São Paulo,SP,1.3433623188405797,2
445705,2022,-23.6560583414172,-46.7293895636884,5,kilometer,168.0,149449.0,8.0,10.0,11.0,24.0,53.0,chacara,05813-030,R  Jose Joaquim Esteves,Jardim São Luís,São Paulo,SP,1.082963768115942,2
445706,2022,-23.6556204160647,-46.728456316721,5,kilometer,349.0,157777.0,27.0,30.0,36.0,35.0,128.0,chacara,05802-140,Av  Guido Caloi,Jardim São Luís,São Paulo,SP,1.1433115942028986,2
445712,2022,-23.6561634494521,-46.7511013976022,5,kilometer,291.0,15059.0,18.0,26.0,22.0,22.0,88.0,chacara,05847-620,R  Yoshimara Minamoto,Jardim Brasília,São Paulo,SP,1.0912318840579711,2
445713,2022,-23.6562201079354,-46.7504140242757,5,kilometer,369.0,18749.0,30.0,27.0,21.0,28.0,106.0,chacara,05847-620,R  Yoshimara Minamoto,Jardim Brasília,São Paulo,SP,1.358623188405797,2
445714,2022,-23.6571377021151,-46.7500618245529,5,kilometer,559.0,158317.0,31.0,41.0,40.0,52.0,164.0,chacara,05847-620,R  Yoshimara Minamoto,Jardim Brasília,São Paulo,SP,1.1472246376811595,0
445715,2022,-23.6582110681989,-46.7481601191234,5,kilometer,824.0,162308.0,63.0,73.0,67.0,61.0,264.0,chacara,05847-450,R  Aderbal,Jardim Iracema,São Paulo,SP,1.176144927536232,0
445716,2022,-23.658647000345,-46.74840764392351,5,kilometer,716.0,16781.0,55.0,73.0,57.0,66.0,251.0,chacara,05853-410,R  Stela Costa,Jardim Duprat,São Paulo,SP,1.2160144927536232,0
445717,2022,-23.6589854214744,-46.7473578853098,5,kilometer,601.0,164863.0,37.0,42.0,48.0,56.0,183.0,chacara,05846-150,R  Belisario Roldao,Conjunto Promorar São Luis,São Paulo,SP,1.194659420289855,0
445718,2022,-23.6594293811311,-46.7480724693182,5,kilometer,734.0,145191.0,55.0,68.0,60.0,55.0,238.0,chacara,05846-270,Av  Fim De Semana,Jardim Casablanca,São Paulo,SP,1.052108695652174,0
445719,2022,-23.659941603931,-46.7473625241904,5,kilometer,344.0,171032.0,14.0,19.0,20.0,27.0,80.0,chacara,05846-270,Av  Fim De Semana,Jardim Casablanca,São Paulo,SP,1.2393623188405796,2
445720,2022,-23.662384729565,-46.7328609354826,5,kilometer,360.0,239207.0,19.0,20.0,23.0,33.0,95.0,chacara,05818-250,R  Faustino Allende,Jardim Leni,São Paulo,SP,1.7333840579710147,2
445721,2022,-23.6636607495767,-46.7323212608698,5,kilometer,429.0,160153.0,23.0,37.0,30.0,42.0,132.0,chacara,05818-340,R  Macedonio Fernandez,Jardim Leni,São Paulo,SP,1.1605289855072463,2
445722,2022,-23.6634841586463,-46.7330158307367,5,kilometer,402.0,195969.0,17.0,22.0,20.0,29.0,88.0,chacara,05802-140,Av  Guido Caloi,Jardim São Luís,São Paulo,SP,1.4200652173913044,2
445723,2022,-23.6600962117093,-46.7393155955346,5,kilometer,557.0,343666.0,31.0,31.0,38.0,45.0,145.0,chacara,05820-230,R  Poco De Pedra,Jardim Novo Santo Amaro,São Paulo,SP,2.490333333333333,0
445724,2022,-23.6607407346697,-46.7369601385809,5,kilometer,421.0,252208.0,18.0,25.0,27.0,31.0,101.0,chacara,05815-055,R  Pietro Casella,Jardim São João,São Paulo,SP,1.8275942028985506,2
445725,2022,-23.6594420056185,-46.7288840944449,5,kilometer,600.0,149849.0,45.0,55.0,38.0,49.0,187.0,chacara,05802-140,Av  Guido Caloi,Jardim São Luís,São Paulo,SP,1.0858623188405798,0
445729,2022,-23.660612987057,-46.7341339144256,5,kilometer,704.0,247818.0,49.0,33.0,36.0,47.0,165.0,chacara,05815-035,R  Zefiro,Jardim São João,São Paulo,SP,1.795782608695652,0
445730,2022,-23.6613569104319,-46.7350119077392,5,kilometer,268.0,230206.0,11.0,23.0,20.0,12.0,66.0,chacara,05815-070,R  Jacob Mauricio Ruchti,Jardim São Francisco de Assis,São Paulo,SP,1.668159420289855,2
445735,2022,-23.6539052845188,-46.7522026648706,5,kilometer,86.0,16334.0,5.0,5.0,4.0,8.0,22.0,chacara,05847-620,R  Yoshimara Minamoto,Jardim Brasília,São Paulo,SP,1.1836231884057973,2
445740,2022,-23.6622461196483,-46.7318679888494,5,kilometer,299.0,162396.0,16.0,22.0,24.0,26.0,88.0,chacara,05818-340,R  Macedonio Fernandez,Jardim Leni,São Paulo,SP,1.176782608695652,2
445741,2022,-23.6457709634137,-46.7340361480746,5,kilometer,619.0,325626.0,28.0,31.0,31.0,22.0,112.0,chacara,05801-060,R  Mahamed Aguil,Jardim Mirante,São Paulo,SP,2.3596086956521742,0
445745,2022,-23.6608603657359,-46.7292552742286,5,kilometer,485.0,166022.0,37.0,45.0,26.0,43.0,151.0,chacara,05814-100,R  Acedio Jose Fontanete,Jardim Ibirapuera,São Paulo,SP,1.2030579710144929,2
445746,2022,-23.6605329236919,-46.7287694228648,5,kilometer,225.0,165276.0,11.0,19.0,23.0,14.0,67.0,chacara,05814-100,R  Acedio Jose Fontanete,Jardim Ibirapuera,São Paulo,SP,1.1976521739130435,2
445747,2022,-23.657386312974,-46.7489062574589,5,kilometer,283.0,184719.0,16.0,22.0,30.0,22.0,90.0,chacara,05847-620,R  Yoshimara Minamoto,Jardim Brasília,São Paulo,SP,1.3385434782608696,2
445748,2022,-23.6576909007397,-46.748407113993295,5,kilometer,282.0,155447.0,26.0,24.0,14.0,29.0,93.0,chacara,05847-620,R  Yoshimara Minamoto,Jardim Brasília,São Paulo,SP,1.126427536231884,2
445752,2022,-23.6563376864724,-46.7281390087705,5,kilometer,367.0,162281.0,33.0,35.0,29.0,24.0,121.0,chacara,05802-140,Av  Guido Caloi,Jardim São Luís,São Paulo,SP,1.1759492753623189,2
445757,2022,-23.6583827728523,-46.730043954199296,5,kilometer,418.0,163662.0,22.0,28.0,35.0,37.0,122.0,chacara,05813-030,R  Jose Joaquim Esteves,Jardim São Luís,São Paulo,SP,1.1859565217391304,2
445761,2022,-23.6615834893181,-46.7326854566251,5,kilometer,291.0,172219.0,21.0,19.0,21.0,17.0,78.0,chacara,05814-210,R  Salgueiro Do Campo,Jardim Ibirapuera,São Paulo,SP,1.2479637681159421,2
445762,2022,-23.6612877115543,-46.7318653911115,5,kilometer,465.0,138193.0,29.0,29.0,48.0,38.0,144.0,chacara,05814-210,R  Salgueiro Do Campo,Jardim Ibirapuera,São Paulo,SP,1.0013985507246377,2
445766,2022,-23.6575167212558,-46.7479463445434,5,kilometer,93.0,167095.0,9.0,6.0,7.0,6.0,28.0,chacara,05847-620,R  Yoshimara Minamoto,Jardim Brasília,São Paulo,SP,1.2108333333333334,2
445767,2022,-23.6568426973145,-46.7479553259143,5,kilometer,739.0,199088.0,54.0,46.0,53.0,53.0,206.0,chacara,05847-620,R  Yoshimara Minamoto,Jardim Brasília,São Paulo,SP,1.4426666666666668,0
445770,2022,-23.6619299030087,-46.7394772089359,5,kilometer,37.0,17074.0,54.0,44.0,50.0,67.0,215.0,chacara,05820-230,R  Poco De Pedra,Jardim Novo Santo Amaro,São Paulo,SP,1.2372463768115942,2
445771,2022,-23.6604072340006,-46.7381065366982,5,kilometer,,,,,,,0.0,chacara,05820-200,R  Nova Do Tuparoquera,Jardim Novo Santo Amaro,São Paulo,SP,,
445772,2022,-23.6567263093537,-46.7275753840365,5,kilometer,217.0,163864.0,28.0,17.0,14.0,19.0,78.0,chacara,05813-030,R  Jose Joaquim Esteves,Jardim São Luís,São Paulo,SP,1.1874202898550725,2
445778,2022,-23.6626501280013,-46.7358507188425,5,kilometer,193.0,175458.0,15.0,15.0,17.0,8.0,55.0,chacara,05818-300,R  Joaquim Constantino,Jardim Vergueiro,São Paulo,SP,1.2714347826086956,2
445779,2022,-23.6629517816798,-46.7336865865716,5,kilometer,382.0,133894.0,16.0,15.0,26.0,40.0,97.0,chacara,05815-095,R Dr Benedito Arruda Vianna,Jardim São Francisco de Assis,São Paulo,SP,0.9702463768115942,2
445780,2022,-23.656173987173,-46.7305194177224,5,kilometer,212.0,208754.0,8.0,10.0,10.0,12.0,40.0,chacara,05813-030,R  Jose Joaquim Esteves,Jardim São Luís,São Paulo,SP,1.5127101449275362,2
445781,2022,-23.6554622341131,-46.7304487709051,5,kilometer,230.0,170762.0,10.0,15.0,15.0,22.0,62.0,chacara,05813-050,R  Maria Jose De Carvalho,Jardim São Luís,São Paulo,SP,1.2374057971014492,2
445782,2022,-23.6571270245554,-46.7300526306241,5,kilometer,193.0,312619.0,16.0,11.0,7.0,12.0,46.0,chacara,05813-030,R  Jose Joaquim Esteves,Jardim São Luís,São Paulo,SP,2.2653550724637683,2
445783,2022,-23.6585403052936,-46.7289414176757,5,kilometer,569.0,172902.0,36.0,42.0,56.0,43.0,177.0,chacara,05813-030,R  Jose Joaquim Esteves,Jardim São Luís,São Paulo,SP,1.252913043478261,0
445786,2022,-23.6536303841908,-46.7301489956709,5,kilometer,35.0,24480.0,,,3.0,4.0,7.0,chacara,05813-050,R  Maria Jose De Carvalho,Jardim São Luís,São Paulo,SP,1.7739130434782608,2
445787,2022,-23.6566197066156,-46.7294244869291,5,kilometer,181.0,172895.0,13.0,19.0,15.0,16.0,63.0,chacara,05813-030,R  Jose Joaquim Esteves,Jardim São Luís,São Paulo,SP,1.2528623188405796,2
445795,2022,-23.6632500546237,-46.7318125203248,5,kilometer,427.0,161386.0,38.0,34.0,21.0,31.0,124.0,chacara,05818-340,R  Macedonio Fernandez,Jardim Leni,São Paulo,SP,1.1694637681159419,2
445796,2022,-23.6624633897512,-46.7323704390764,5,kilometer,291.0,187657.0,20.0,19.0,27.0,26.0,92.0,chacara,05818-250,R  Faustino Allende,Jardim Leni,São Paulo,SP,1.3598333333333332,2
445797,2022,-23.6619832873091,-46.7334992517945,5,kilometer,120.0,211018.0,7.0,7.0,7.0,,21.0,chacara,05818-350,R  Margarida Fatima B. Goncalves,Jardim Leni,São Paulo,SP,1.5291159420289855,2
445798,2022,-23.6619456494947,-46.7337034714958,5,kilometer,111.0,180714.0,3.0,4.0,5.0,4.0,16.0,chacara,05818-350,R  Margarida Fatima B. Goncalves,Jardim Leni,São Paulo,SP,1.3095217391304348,2
445799,2022,-23.6643611918073,-46.733597079794,5,kilometer,753.0,210511.0,51.0,39.0,50.0,50.0,190.0,chacara,05818-300,R  Joaquim Constantino,Jardim Vergueiro,São Paulo,SP,1.5254420289855073,0
445800,2022,-23.6640543403334,-46.7330187227741,5,kilometer,72.0,179526.0,3.0,6.0,,4.0,13.0,chacara,05818-300,R  Joaquim Constantino,Jardim Vergueiro,São Paulo,SP,1.3009130434782608,2
445801,2022,-23.6648175434551,-46.7384024414308,5,kilometer,282.0,20903.0,23.0,13.0,14.0,32.0,82.0,chacara,05816-190,R  Joao Saraiva,Recanto Santo Antônio,São Paulo,SP,1.5147101449275364,2
445802,2022,-23.6643457192832,-46.7388484886378,5,kilometer,116.0,151549.0,3.0,8.0,10.0,15.0,36.0,chacara,05819-090,R  Romulo Liverani,Jardim Santa Josefina,São Paulo,SP,1.09818115942029,2
445804,2022,-23.6512283413304,-46.7310914139514,5,kilometer,402.0,303748.0,20.0,18.0,20.0,20.0,78.0,chacara,05805-030,R  Guimaraes Tavares,Jardim São Luís,São Paulo,SP,2.201072463768116,2
445829,2022,-23.6611103696414,-46.7255946456072,5,kilometer,,,,,,,0.0,chacara,05802-140,Av  Guido Caloi,Jardim São Luís,São Paulo,SP,,
445830,2022,-23.6632568684085,-46.7307570933388,5,kilometer,42.0,251764.0,,3.0,6.0,90.0,99.0,chacara,05814-100,R  Acedio Jose Fontanete,Jardim Ibirapuera,São Paulo,SP,1.8243768115942027,2
445831,2022,-23.668249762622,-46.735629970535,5,kilometer,102.0,459733.0,6.0,3.0,,6.0,15.0,chacara,04905-000,Es  M'Boi Mirim,Jardim das Flores,São Paulo,SP,3.3313985507246375,2
445834,2022,-23.6576989242608,-46.7310366974577,5,kilometer,430.0,211003.0,39.0,22.0,22.0,30.0,113.0,chacara,05813-030,R  Jose Joaquim Esteves,Jardim São Luís,São Paulo,SP,1.5290072463768118,2
445835,2022,-23.6489382620383,-46.7478356824072,5,kilometer,278.0,331945.0,9.0,18.0,8.0,8.0,43.0,chacara,05846-050,R  Amancio Pedro De Oliveira,Vila Maracanã,São Paulo,SP,2.4053985507246374,2
445836,2022,-23.6632608155369,-46.7432517824319,5,kilometer,28.0,24895.0,,,,6.0,6.0,chacara,05820-200,R  Nova Do Tuparoquera,Jardim Novo Santo Amaro,São Paulo,SP,1.8039855072463769,2
445837,2022,-23.6441573876494,-46.7368128678768,5,kilometer,601.0,611752.0,18.0,26.0,27.0,45.0,116.0,chacara,05836-220,R  Goncalo Pinto,Jardim Monte Azul,São Paulo,SP,4.432985507246377,0
445838,2022,-23.6629881650635,-46.7351886808501,5,kilometer,602.0,19907.0,24.0,38.0,39.0,49.0,150.0,chacara,05818-300,R  Joaquim Constantino,Jardim Vergueiro,São Paulo,SP,1.442536231884058,0
445839,2022,-23.6589854881924,-46.7282689917732,5,kilometer,35.0,216667.0,3.0,3.0,,,6.0,chacara,05802-140,Av  Guido Caloi,Jardim São Luís,São Paulo,SP,1.5700507246376811,2
445840,2022,-23.6622292834773,-46.7353632190317,5,kilometer,619.0,216078.0,26.0,31.0,46.0,53.0,156.0,chacara,05815-080,R  Joao Manuel Da Silva,Jardim São Francisco de Assis,São Paulo,SP,1.5657826086956523,0
445841,2022,-23.661941900104,-46.7344359892166,5,kilometer,63.0,373215.0,,,4.0,3.0,7.0,chacara,05815-070,R  Jacob Mauricio Ruchti,Jardim São Francisco de Assis,São Paulo,SP,2.7044565217391305,2
445842,2022,-23.6571043917193,-46.7286756770384,5,kilometer,379.0,14307.0,26.0,37.0,23.0,37.0,123.0,chacara,05813-030,R  Jose Joaquim Esteves,Jardim São Luís,São Paulo,SP,1.0367391304347826,2
445843,2022,-23.6572206901247,-46.7293467694071,5,kilometer,199.0,228843.0,15.0,18.0,9.0,14.0,56.0,chacara,05813-030,R  Jose Joaquim Esteves,Jardim São Luís,São Paulo,SP,1.6582826086956521,2
445847,2022,-23.6552177500664,-46.7276528685156,5,kilometer,906.0,165187.0,79.0,76.0,66.0,87.0,308.0,chacara,05802-140,Av  Guido Caloi,Jardim São Luís,São Paulo,SP,1.1970072463768116,0
447171,2022,-23.5925539242988,-46.7131257708509,5,kilometer,264.0,1860523.0,5.0,18.0,12.0,16.0,51.0,chacara,05613-050,R Prof Luiz Oliani,Morumbi,São Paulo,SP,13.48205072463768,1
447172,2022,-23.5901904430389,-46.7073854524962,5,kilometer,250.0,2297436.0,4.0,3.0,6.0,10.0,23.0,chacara,05612-060,R Pde Madureira,Jardim Guedala,São Paulo,SP,16.64808695652174,3
447173,2022,-23.5964253450963,-46.7115089989975,5,kilometer,287.0,194703.0,6.0,15.0,15.0,12.0,48.0,chacara,05614-070,R Br De Pirapama,Jardim Leonor,São Paulo,SP,14.10891304347826,2
447177,2022,-23.5930176949565,-46.6987450421095,5,kilometer,198.0,2151509.0,7.0,9.0,11.0,11.0,38.0,chacara,05674-020,R Das Avencas,Cidade Jardim,São Paulo,SP,15.590644927536232,3
447178,2022,-23.6051771301316,-46.7042931374265,5,kilometer,549.0,1829234.0,15.0,29.0,28.0,21.0,93.0,chacara,05684-010,R S Paulo Antigo,Real Parque,São Paulo,SP,13.25531884057971,1
447179,2022,-23.606430863851,-46.7066550290032,5,kilometer,258.0,1441384.0,12.0,11.0,19.0,22.0,64.0,chacara,05685-901,R Br Santa Eulalia,Real Parque,São Paulo,SP,10.444811594202898,1
447180,2022,-23.6073260884694,-46.7102083481881,5,kilometer,366.0,1830817.0,13.0,9.0,24.0,28.0,74.0,chacara,05688-025,R  Calim Eid,Vila Morumbi,São Paulo,SP,13.266789855072462,1
447181,2022,-23.6049773197206,-46.7155666855138,5,kilometer,490.0,1558694.0,22.0,20.0,21.0,27.0,90.0,chacara,05654-010,R  Luiz Galhanone,Jardim Viana,São Paulo,SP,11.294884057971014,1
447182,2022,-23.5945545594844,-46.7186842381256,5,kilometer,251.0,1315693.0,4.0,13.0,6.0,20.0,43.0,chacara,05651-020,R  Wagih Assad Abdalla,Morumbi,São Paulo,SP,9.534007246376811,1
447194,2022,-23.6063671911893,-46.7043050663161,5,kilometer,162.0,1942041.0,0.0,6.0,8.0,12.0,26.0,chacara,05684-000,Av Br De Campos Gerais,Real Parque,São Paulo,SP,14.072760869565217,3
447195,2022,-23.6088567241314,-46.7021984167718,5,kilometer,336.0,20681.0,18.0,17.0,37.0,24.0,96.0,chacara,05686-050,R  Paulo Bourroul,Real Parque,São Paulo,SP,1.498623188405797,2
447196,2022,-23.6100028391163,-46.7026218559359,5,kilometer,630.0,217063.0,45.0,42.0,32.0,43.0,162.0,chacara,05686-050,R  Paulo Bourroul,Real Parque,São Paulo,SP,1.5729202898550725,0
447197,2022,-23.6094809611177,-46.7031753577754,5,kilometer,751.0,198112.0,40.0,56.0,47.0,75.0,218.0,chacara,05686-030,R Cd De Itaguai,Real Parque,São Paulo,SP,1.4355942028985507,0
447198,2022,-23.6084080030922,-46.7050620843779,5,kilometer,493.0,1013205.0,11.0,28.0,30.0,18.0,87.0,chacara,05685-060,R  Mattia Filizzola,Real Parque,São Paulo,SP,7.342065217391304,1
447199,2022,-23.6079527487176,-46.7074459990822,5,kilometer,372.0,1731859.0,13.0,18.0,14.0,19.0,64.0,chacara,05685-010,R Visc De Nacar,Real Parque,São Paulo,SP,12.549702898550725,1
447200,2022,-23.6108163985383,-46.7067022046353,5,kilometer,566.0,1917298.0,9.0,21.0,27.0,27.0,84.0,chacara,05687-010,Av Br De Monte Mor,Real Parque,São Paulo,SP,13.893463768115941,1
447201,2022,-23.6124859223102,-46.7087311718121,5,kilometer,225.0,222900.0,6.0,14.0,9.0,13.0,42.0,chacara,05688-021,R  Joaquim C. De Azevedo Marques,Vila Morumbi,São Paulo,SP,16.152173913043477,2
447202,2022,-23.6061995637848,-46.7210887381145,5,kilometer,45.0,874588.0,,,0.0,3.0,3.0,chacara,05659-900,R  Clementine Brenne,Paraisópolis,São Paulo,SP,6.337594202898551,2
447203,2022,-23.6018087905526,-46.721037999738,5,kilometer,351.0,1647501.0,9.0,20.0,17.0,16.0,62.0,chacara,05658-060,R Dr Erasmo Teixeira De Assuncao,Jardim Leonor,São Paulo,SP,11.93841304347826,1
447209,2022,-23.6107778885327,-46.7046069627903,5,kilometer,523.0,1981064.0,9.0,12.0,20.0,20.0,61.0,chacara,05688-901,R  Americo Alves Pereira Filho,Vila Morumbi,São Paulo,SP,14.355536231884058,3
447210,2022,-23.6128026689918,-46.7042589950037,5,kilometer,194.0,835793.0,6.0,9.0,5.0,5.0,25.0,chacara,05690-050,R Min Nelson Hungria,Vila Tramontano,São Paulo,SP,6.056471014492754,2
447211,2022,-23.6126691799992,-46.7057261648897,5,kilometer,322.0,1889922.0,10.0,19.0,16.0,17.0,62.0,chacara,05687-002,R Dom Paulo Pedrosa,Real Parque,São Paulo,SP,13.69508695652174,1
447212,2022,-23.6141016522532,-46.7066133407804,5,kilometer,480.0,1429604.0,14.0,15.0,22.0,19.0,70.0,chacara,05688-090,R  Jose De Cristo Moreira,Vila Morumbi,São Paulo,SP,10.35944927536232,1
447213,2022,-23.6158014717043,-46.7091787572369,5,kilometer,350.0,1520365.0,23.0,16.0,15.0,19.0,73.0,chacara,05691-010,R  Vicente Goes E Aranha,Vila Tramontano,São Paulo,SP,11.01713768115942,1
447214,2022,-23.5988633412032,-46.6995218798373,5,kilometer,199.0,1629384.0,5.0,14.0,20.0,14.0,53.0,chacara,05679-010,R  Armando Petrella,Jardim Panorama,São Paulo,SP,11.807130434782609,1
447215,2022,-23.603391511711,-46.6991785017948,5,kilometer,1295.0,156258.0,112.0,152.0,130.0,115.0,509.0,chacara,05679-010,R  Armando Petrella,Jardim Panorama,São Paulo,SP,1.1323043478260868,0
447216,2022,-23.6061775454882,-46.7050592898861,5,kilometer,396.0,198174.0,10.0,12.0,28.0,18.0,68.0,chacara,05684-000,Av Br De Campos Gerais,Real Parque,São Paulo,SP,14.360434782608698,2
447217,2022,-23.6096951092362,-46.717345567256494,5,kilometer,132.0,1178936.0,,11.0,9.0,5.0,25.0,chacara,05655-010,R Prof Luciano Gualberto,Jardim Morumbi,São Paulo,SP,8.543014492753624,1
447218,2022,-23.6090956827433,-46.7014206287084,5,kilometer,315.0,182743.0,15.0,21.0,25.0,19.0,80.0,chacara,05686-050,R  Paulo Bourroul,Real Parque,São Paulo,SP,1.3242246376811595,2
447219,2022,-23.6082044462823,-46.7006278798499,5,kilometer,566.0,164272.0,32.0,48.0,36.0,41.0,157.0,chacara,05686-050,R  Paulo Bourroul,Real Parque,São Paulo,SP,1.1903768115942028,0
447220,2022,-23.6098860196994,-46.7053877632972,5,kilometer,528.0,1494389.0,15.0,17.0,21.0,11.0,64.0,chacara,05684-060,Tv Br De Iguatemi,Real Parque,São Paulo,SP,10.828905797101449,1
447221,2022,-23.6122475404393,-46.7116412339478,5,kilometer,219.0,2149924.0,4.0,15.0,18.0,6.0,43.0,chacara,05688-050,R Band Sampaio Soares,Vila Morumbi,São Paulo,SP,15.579159420289857,3
447222,2022,-23.5941266488141,-46.7105520198285,5,kilometer,268.0,2495745.0,10.0,14.0,17.0,10.0,51.0,chacara,05614-040,R Dr Serafico De Assis Carvalho,Jardim Leonor,São Paulo,SP,18.085108695652174,3
447223,2022,-23.5959870207729,-46.709780612770096,5,kilometer,128.0,1623222.0,4.0,3.0,4.0,10.0,21.0,chacara,05614-000,R  Carlos Cyrillo Junior,Jardim Leonor,São Paulo,SP,11.762478260869564,1
447224,2022,-23.6066127775376,-46.7148628244947,5,kilometer,233.0,1586562.0,4.0,5.0,14.0,17.0,40.0,chacara,05654-050,R Grum Sandoval Santos,Morumbi,São Paulo,SP,11.496826086956522,1
447225,2022,-23.6077923573489,-46.7160186284704,5,kilometer,198.0,1987717.0,4.0,8.0,4.0,7.0,23.0,chacara,05654-030,R Gal Euclides Figueiredo,Morumbi,São Paulo,SP,14.403746376811593,3
447226,2022,-23.5999678114976,-46.7144734095852,5,kilometer,264.0,153561.0,6.0,8.0,8.0,20.0,42.0,chacara,05652-100,R  Combatentes Do Gueto,Jardim Leonor,São Paulo,SP,11.127608695652174,2
447227,2022,-23.6044300621227,-46.7236595444787,5,kilometer,353.0,2053873.0,10.0,17.0,17.0,20.0,64.0,chacara,05658-010,R Dr Cristiano De Sousa,Jardim Leonor,São Paulo,SP,14.88313768115942,3
447228,2022,-23.6067593037382,-46.7243716156631,5,kilometer,457.0,780014.0,11.0,19.0,23.0,20.0,73.0,chacara,05659-000,R  Clementine Brenne,Paraisópolis,São Paulo,SP,5.652275362318841,1
447229,2022,-23.6087552074472,-46.7248797135484,5,kilometer,441.0,461061.0,18.0,19.0,30.0,21.0,88.0,chacara,05661-020,R  Antonio Julio Dos Santos,Fazenda Morumbi,São Paulo,SP,3.3410217391304347,2
447230,2022,-23.6095632008339,-46.7243598834436,5,kilometer,478.0,64654.0,21.0,17.0,19.0,18.0,75.0,chacara,05661-020,R  Antonio Julio Dos Santos,Fazenda Morumbi,São Paulo,SP,4.685072463768115,2
447231,2022,-23.6102659848013,-46.7253204684157,5,kilometer,392.0,398464.0,15.0,17.0,24.0,24.0,80.0,chacara,05660-000,R  Pasquale Gallupi,Paraisópolis,São Paulo,SP,2.8874202898550725,2
447232,2022,-23.6112313077548,-46.7258606472965,5,kilometer,358.0,327278.0,16.0,24.0,17.0,29.0,86.0,chacara,05660-000,R  Pasquale Gallupi,Paraisópolis,São Paulo,SP,2.371579710144928,2
447233,2022,-23.6111373079889,-46.7242528861729,5,kilometer,228.0,481739.0,9.0,16.0,16.0,14.0,55.0,chacara,05659-020,R  Ernest Renan,Paraisópolis,São Paulo,SP,3.49086231884058,2
447234,2022,-23.610621162344,-46.723356862481694,5,kilometer,507.0,199061.0,38.0,43.0,37.0,55.0,173.0,chacara,05659-020,R  Ernest Renan,Paraisópolis,São Paulo,SP,1.4424710144927535,2
447235,2022,-23.6091874980408,-46.7212640612336,5,kilometer,222.0,1045846.0,8.0,9.0,11.0,17.0,45.0,chacara,05662-080,R Br Do Rio Pardo,Jardim Morumbi,São Paulo,SP,7.57859420289855,1
447236,2022,-23.6108986007902,-46.7211911107574,5,kilometer,182.0,80447.0,5.0,5.0,,9.0,19.0,chacara,05662-000,R Sen Otavio Mangabeira,Jardim Morumbi,São Paulo,SP,5.829492753623188,2
447237,2022,-23.6087785608791,-46.722780448223,5,kilometer,142.0,772968.0,7.0,7.0,7.0,9.0,30.0,chacara,05661-020,R  Antonio Julio Dos Santos,Fazenda Morumbi,São Paulo,SP,5.601217391304348,2
447238,2022,-23.6094531227425,-46.7230787044268,5,kilometer,165.0,69654.0,12.0,7.0,13.0,8.0,40.0,chacara,05659-020,R  Ernest Renan,Paraisópolis,São Paulo,SP,5.047391304347826,2
447240,2022,-23.5925629268508,-46.7184917930336,5,kilometer,193.0,1650844.0,8.0,8.0,10.0,6.0,32.0,chacara,05616-011,R Dom Armando Lombardi,Vila Progredior,São Paulo,SP,11.96263768115942,1
447241,2022,-23.5926509910765,-46.7162269797581,5,kilometer,570.0,1721036.0,17.0,22.0,29.0,33.0,101.0,chacara,05615-130,R  Jose Ferreira Guimaraes,Vila Progredior,São Paulo,SP,12.47127536231884,1
447242,2022,-23.6116233523038,-46.714635859808496,5,kilometer,133.0,1599488.0,3.0,4.0,5.0,9.0,21.0,chacara,05655-060,R Prof Miguel Calmon,Jardim Morumbi,São Paulo,SP,11.590492753623188,1
447243,2022,-23.6088957004101,-46.7078367233598,5,kilometer,482.0,1715755.0,4.0,55.0,17.0,8.0,84.0,chacara,05684-030,Av Br De Melgaco,Real Parque,São Paulo,SP,12.43300724637681,1
447244,2022,-23.6105935679975,-46.7100072627835,5,kilometer,265.0,2004903.0,3.0,8.0,7.0,14.0,32.0,chacara,05688-021,R  Joaquim C. De Azevedo Marques,Vila Morumbi,São Paulo,SP,14.528282608695651,3
447245,2022,-23.6161663234425,-46.7027115380245,5,kilometer,171.0,645861.0,5.0,6.0,7.0,8.0,26.0,chacara,05690-010,R Prof Santiago Dantas,Vila Tramontano,São Paulo,SP,4.680152173913044,2
447246,2022,-23.6059248353401,-46.7072672187953,5,kilometer,269.0,2646402.0,3.0,9.0,14.0,17.0,43.0,chacara,05685-090,R Br Santa Eulalia,Real Parque,São Paulo,SP,19.17682608695652,3
447247,2022,-23.6065935740077,-46.7066594808199,5,kilometer,193.0,2778105.0,3.0,3.0,4.0,17.0,27.0,chacara,05685-901,R Br Santa Eulalia,Real Parque,São Paulo,SP,20.13119565217391,3
447248,2022,-23.6063362458759,-46.703290379476,5,kilometer,417.0,1697837.0,16.0,17.0,34.0,33.0,100.0,chacara,05685-900,R  Cesar Vallejo,Real Parque,São Paulo,SP,12.303166666666666,1
447249,2022,-23.6072467091552,-46.7019732158206,5,kilometer,814.0,292766.0,52.0,73.0,86.0,84.0,295.0,chacara,05686-030,R Cd De Itaguai,Real Parque,São Paulo,SP,2.1214927536231882,0
447250,2022,-23.6129959667133,-46.7079656384267,5,kilometer,203.0,156700.0,3.0,12.0,5.0,5.0,25.0,chacara,05688-090,R  Jose De Cristo Moreira,Vila Morumbi,São Paulo,SP,11.355072463768115,2
447251,2022,-23.6119260168721,-46.7050571656752,5,kilometer,326.0,1162031.0,17.0,15.0,11.0,9.0,52.0,chacara,05687-010,Av Br De Monte Mor,Real Parque,São Paulo,SP,8.420514492753624,1
447252,2022,-23.611489826723,-46.7075240528234,5,kilometer,315.0,2050531.0,9.0,12.0,9.0,14.0,44.0,chacara,05687-001,R Dom Paulo Pedrosa,Real Parque,São Paulo,SP,14.858920289855073,3
447253,2022,-23.6095991210592,-46.70861503462729,5,kilometer,513.0,1344867.0,14.0,29.0,26.0,28.0,97.0,chacara,05687-010,Av Br De Monte Mor,Real Parque,São Paulo,SP,9.74541304347826,1
447254,2022,-23.6091873190206,-46.7059147561326,5,kilometer,166.0,1289424.0,10.0,3.0,10.0,5.0,28.0,chacara,05684-030,Av Br De Melgaco,Real Parque,São Paulo,SP,9.343652173913043,1
447256,2022,-23.6050577937037,-46.7012901337342,5,kilometer,218.0,2249846.0,13.0,11.0,7.0,3.0,34.0,chacara,05684-011,R S Paulo Antigo,Real Parque,São Paulo,SP,16.303231884057972,3
447258,2022,-23.5985304250261,-46.6988958497058,5,kilometer,266.0,3620901.0,15.0,17.0,18.0,14.0,64.0,chacara,05676-120,Av  Magalhaes De Castro,Cidade Jardim,São Paulo,SP,26.238413043478264,3
447259,2022,-23.5983063468912,-46.697861609769,5,kilometer,285.0,3902542.0,14.0,19.0,17.0,10.0,60.0,chacara,05672-015,Av  Alcides Sangirardi,Cidade Jardim,São Paulo,SP,28.279289855072463,3
447260,2022,-23.5993342301657,-46.6978788246703,5,kilometer,202.0,3362512.0,5.0,8.0,23.0,19.0,55.0,chacara,05676-900,Av  Magalhaes De Castro,Cidade Jardim,São Paulo,SP,24.36602898550725,3
447271,2022,-23.5918691648679,-46.71011229144,5,kilometer,213.0,2378171.0,,,9.0,,9.0,chacara,05612-000,R  Olegario Mariano,Jardim Guedala,São Paulo,SP,17.233123188405795,3
447279,2022,-23.5940254366891,-46.7041656513931,5,kilometer,200.0,2623812.0,8.0,6.0,4.0,11.0,29.0,chacara,05678-020,R Dr Wilton Paes De Almeida,Cidade Jardim,São Paulo,SP,19.013130434782607,3
447280,2022,-23.5968038412571,-46.706313011663,5,kilometer,186.0,1580472.0,4.0,12.0,9.0,11.0,36.0,chacara,05678-070,R  Desembargador Ulisses Doria,Jardim Sílvia (Zona Oeste),São Paulo,SP,11.452695652173913,1
447281,2022,-23.5952637930235,-46.696203926430094,5,kilometer,153.0,2430281.0,4.0,4.0,11.0,7.0,26.0,chacara,05676-090,R Pde Jose Griecco,Cidade Jardim,São Paulo,SP,17.610731884057973,3
447282,2022,-23.5921011313398,-46.701562512038,5,kilometer,204.0,2438449.0,,8.0,6.0,11.0,25.0,chacara,05674-010,R Das Jabuticabeiras,Cidade Jardim,São Paulo,SP,17.669920289855074,3
447283,2022,-23.5961269813356,-46.701992728059295,5,kilometer,174.0,2318605.0,4.0,,7.0,10.0,21.0,chacara,05675-160,R Das Zinias,Cidade Jardim,São Paulo,SP,16.801485507246376,3
447289,2022,-23.6028858306043,-46.71596900539431,5,kilometer,331.0,1831926.0,10.0,20.0,18.0,15.0,63.0,chacara,05653-000,R Comen Elias Jafet,Jardim Leonor,São Paulo,SP,13.274826086956521,1
447290,2022,-23.6015422436335,-46.7165315976372,5,kilometer,261.0,1729593.0,7.0,5.0,0.0,7.0,19.0,chacara,05653-160,Av Pde Lebret,Jardim Leonor,São Paulo,SP,12.533282608695652,1
447291,2022,-23.6016639972749,-46.7177427063942,5,kilometer,329.0,1327449.0,6.0,3.0,,14.0,23.0,chacara,05653-160,Av Pde Lebret,Jardim Leonor,São Paulo,SP,9.619195652173913,1
447292,2022,-23.607997677347,-46.7010288570976,5,kilometer,422.0,236076.0,27.0,33.0,44.0,37.0,141.0,chacara,05686-050,R  Paulo Bourroul,Real Parque,São Paulo,SP,1.7106956521739132,2
447293,2022,-23.6077451671558,-46.7014390682849,5,kilometer,1005.0,209848.0,77.0,78.0,91.0,100.0,346.0,chacara,05686-030,R Cd De Itaguai,Real Parque,São Paulo,SP,1.5206376811594202,0
447296,2022,-23.6076629804561,-46.7233849115286,5,kilometer,823.0,169396.0,53.0,70.0,69.0,79.0,271.0,chacara,05659-020,R  Ernest Renan,Paraisópolis,São Paulo,SP,1.2275072463768115,0
447297,2022,-23.6082918129767,-46.7226028684733,5,kilometer,202.0,143063.0,10.0,17.0,10.0,4.0,41.0,chacara,05659-010,R  Joao Avelino Pinho Mellao,Fazenda Morumbi,São Paulo,SP,1.0366884057971015,2
447298,2022,-23.6025206072875,-46.703803461102304,5,kilometer,357.0,2839091.0,11.0,14.0,22.0,19.0,66.0,chacara,05679-040,R  Tanhacu,Jardim Panorama D'Oeste,São Paulo,SP,20.5731231884058,3
447299,2022,-23.5968511910776,-46.7161765477152,5,kilometer,276.0,1453353.0,4.0,8.0,7.0,9.0,28.0,chacara,05652-000,Av  Albert Einstein,Jardim Leonor,São Paulo,SP,10.53154347826087,1
447301,2022,-23.5910377891918,-46.704610740754,5,kilometer,164.0,2350009.0,,6.0,6.0,23.0,35.0,chacara,05605-000,R Dr Joao Neves Neto,Jardim Guedala,São Paulo,SP,17.02905072463768,3
447303,2022,-23.6078359771016,-46.7027582598866,5,kilometer,506.0,238325.0,36.0,28.0,45.0,60.0,169.0,chacara,05685-040,R Br De Castro Lima,Real Parque,São Paulo,SP,1.7269927536231884,2
447304,2022,-23.6077169898002,-46.7034372987055,5,kilometer,422.0,1300904.0,17.0,15.0,26.0,26.0,84.0,chacara,05685-040,R Br De Castro Lima,Real Parque,São Paulo,SP,9.426840579710145,1
447307,2022,-23.6066591191565,-46.7009763090398,5,kilometer,414.0,1389078.0,,5.0,,,5.0,chacara,05684-011,R S Paulo Antigo,Real Parque,São Paulo,SP,10.065782608695653,1
447308,2022,-23.6059529218509,-46.7006016887625,5,kilometer,635.0,2263268.0,14.0,40.0,52.0,41.0,147.0,chacara,05684-011,R S Paulo Antigo,Real Parque,São Paulo,SP,16.40049275362319,3
447309,2022,-23.6025756821063,-46.6996354321454,5,kilometer,529.0,305903.0,22.0,40.0,51.0,34.0,147.0,chacara,05679-050,R  Francisco Rebolo,Jardim Panorama D'Oeste,São Paulo,SP,22.166884057971014,0
447311,2022,-23.6029641397439,-46.69975298681,5,kilometer,506.0,16162.0,34.0,51.0,37.0,44.0,166.0,chacara,05679-110,R  Contos Azuis,Jardim Panorama,São Paulo,SP,1.1711594202898552,2
447312,2022,-23.601725098501,-46.6995976590562,5,kilometer,,,,,,,0.0,chacara,05679-010,R  Armando Petrella,Jardim Panorama,São Paulo,SP,,
447313,2022,-23.6009067282929,-46.6991194121479,5,kilometer,91.0,151786.0,8.0,5.0,9.0,11.0,33.0,chacara,05679-010,R  Armando Petrella,Jardim Panorama,São Paulo,SP,1.0998985507246377,2
447314,2022,-23.6016204341445,-46.7068075111177,5,kilometer,266.0,2638988.0,5.0,12.0,8.0,22.0,47.0,chacara,05683-050,R  Pascoal Leite,Paineiras do Morumbi,São Paulo,SP,19.123101449275364,3
452135,2022,-23.6403037152452,-46.6962366969829,5,kilometer,436.0,1626817.0,25.0,32.0,32.0,17.0,106.0,chacara,04738-000,R Mal Deodoro,Santo Amaro,São Paulo,SP,11.788528985507247,1
452136,2022,-23.6371074711617,-46.6990236460976,5,kilometer,462.0,881396.0,11.0,20.0,23.0,24.0,78.0,chacara,04719-000,R  Verbo Divino,Chácara Santo Antônio (Zona Sul),São Paulo,SP,6.386927536231884,1
452137,2022,-23.6362053482092,-46.6968826125734,5,kilometer,571.0,1041023.0,20.0,12.0,17.0,36.0,85.0,chacara,04717-000,R  Alexandre Dumas,Chácara Santo Antônio (Zona Sul),São Paulo,SP,7.543644927536231,1
452138,2022,-23.6434302108325,-46.6958883723848,5,kilometer,409.0,933349.0,20.0,18.0,23.0,21.0,82.0,chacara,04736-002,R Comen Elias Zarzur,Santo Amaro,São Paulo,SP,6.763398550724638,1
452139,2022,-23.6435296381673,-46.705235244012,5,kilometer,568.0,96550.0,28.0,32.0,17.0,19.0,96.0,chacara,04725-000,R Dr Vito Rolim De Freitas,Vila Elvira,São Paulo,SP,6.996376811594203,0
452140,2022,-23.6370525889957,-46.7040894784166,5,kilometer,518.0,1686388.0,11.0,16.0,20.0,30.0,77.0,chacara,04716-010,R  Pires De Oliveira,Chácara Santo Antônio (Zona Sul),São Paulo,SP,12.220202898550726,1
452141,2022,-23.6389938239657,-46.6888327208973,5,kilometer,384.0,1481918.0,8.0,9.0,19.0,27.0,63.0,chacara,04740-020,R  Alberto Hodge,Santo Amaro,São Paulo,SP,10.738536231884058,1
452142,2022,-23.6470089877427,-46.6960762910476,5,kilometer,514.0,1648387.0,13.0,26.0,31.0,22.0,92.0,chacara,04739-010,R  Nove De Julho,Santo Amaro,São Paulo,SP,11.944833333333333,1
452143,2022,-23.6513205526308,-46.6956744120646,5,kilometer,465.0,1427329.0,12.0,10.0,25.0,23.0,70.0,chacara,04741-140,R  Caraubas,Jardim Santo Amaro,São Paulo,SP,10.342963768115943,1
452144,2022,-23.6536484718244,-46.6976896488431,5,kilometer,497.0,73305.0,14.0,22.0,29.0,24.0,89.0,chacara,04742-001,R Pde Jose De Anchieta,Santo Amaro,São Paulo,SP,5.3119565217391305,2
452145,2022,-23.6508616523436,-46.7020500859595,5,kilometer,401.0,1098984.0,21.0,12.0,14.0,15.0,62.0,chacara,04743-030,R  Isabel Schmidt,Santo Amaro,São Paulo,SP,7.963652173913044,1
452146,2022,-23.6462506108505,-46.7136889557939,5,kilometer,348.0,487204.0,13.0,19.0,14.0,18.0,64.0,chacara,04755-050,R  Jupi,Santo Amaro,São Paulo,SP,3.530463768115942,2
452147,2022,-23.6442826220346,-46.7103075283752,5,kilometer,439.0,1271133.0,19.0,16.0,23.0,25.0,83.0,chacara,04724-903,Av  Joao Dias,Santo Amaro,São Paulo,SP,9.211108695652173,1
452148,2022,-23.6417544979346,-46.7116873560457,5,kilometer,615.0,618684.0,25.0,34.0,36.0,24.0,119.0,chacara,04726-000,Av  Joao Carlos Da Silva Borges,Vila Cruzeiro,São Paulo,SP,4.483217391304348,0
452149,2022,-23.6386466989101,-46.7119277926108,5,kilometer,590.0,494292.0,16.0,19.0,25.0,16.0,76.0,chacara,04726-001,Av  Joao Carlos Da Silva Borges,Vila Cruzeiro,São Paulo,SP,3.581826086956522,0
452150,2022,-23.6342166489882,-46.7086235572076,5,kilometer,792.0,2346864.0,37.0,53.0,50.0,49.0,189.0,chacara,04726-160,Av Prof Alceu Maynard Araujo,Vila Cruzeiro,São Paulo,SP,17.006260869565217,3
452151,2022,-23.6324983757258,-46.7005091528979,5,kilometer,502.0,1363164.0,20.0,27.0,20.0,21.0,88.0,chacara,04715-003,R  Americo Brasiliense,Chácara Santo Antônio (Zona Sul),São Paulo,SP,9.878,1
452152,2022,-23.6314771928309,-46.698985649568,5,kilometer,298.0,364984.0,6.0,14.0,7.0,24.0,51.0,chacara,04713-001,R Da Paz,Chácara Santo Antônio (Zona Sul),São Paulo,SP,2.6448115942028987,2
452153,2022,-23.6276740640279,-46.6945692755715,5,kilometer,551.0,1174435.0,23.0,24.0,21.0,15.0,83.0,chacara,04710-041,R  Thomas Deloney,Santo Amaro,São Paulo,SP,8.510398550724638,1
452154,2022,-23.6279316154475,-46.6923992779862,5,kilometer,240.0,925531.0,6.0,9.0,6.0,6.0,27.0,chacara,04710-020,R  Caicara,Santo Amaro,São Paulo,SP,6.706746376811594,1
452155,2022,-23.628111060289,-46.6912478851056,5,kilometer,477.0,861148.0,14.0,10.0,16.0,19.0,59.0,chacara,04707-070,R  Joao Rodrigues Machado,Jardim das Acácias,São Paulo,SP,6.2402028985507245,1
452156,2022,-23.6273779800834,-46.6904147732894,5,kilometer,437.0,1041389.0,5.0,14.0,7.0,18.0,44.0,chacara,04707-903,R  Joaquim Guarani,Jardim das Acácias,São Paulo,SP,7.546297101449275,1
452157,2022,-23.6329825845853,-46.6819404157838,5,kilometer,404.0,982296.0,21.0,27.0,29.0,24.0,101.0,chacara,04638-110,R  Bolivar,Jardim Petrópolis,São Paulo,SP,7.118086956521738,1
452158,2022,-23.6500551109567,-46.6909839458491,5,kilometer,113.0,1851055.0,,3.0,8.0,6.0,17.0,chacara,04748-020,R Duq De Caxias,Santo Amaro,São Paulo,SP,13.413442028985507,1
452159,2022,-23.6579789941233,-46.7051533792932,5,kilometer,487.0,418227.0,16.0,14.0,25.0,14.0,69.0,chacara,04745-020,R  Maria Almeida Do Prado,Santo Amaro,São Paulo,SP,3.030630434782609,2
452160,2022,-23.6537261345606,-46.7125669734271,5,kilometer,443.0,468318.0,19.0,15.0,21.0,19.0,74.0,chacara,04752-030,Tv  Jurci Soares Sebastiao,Santo Amaro,São Paulo,SP,3.393608695652174,2
452161,2022,-23.6513882055361,-46.7110384528966,5,kilometer,399.0,371415.0,12.0,18.0,19.0,23.0,72.0,chacara,04754-010,Av  Mario Lopes Leao,Santo Amaro,São Paulo,SP,2.691413043478261,2
452162,2022,-23.6416875880885,-46.7157264812,5,kilometer,409.0,40116.0,13.0,11.0,14.0,21.0,59.0,chacara,04727-001,R  Braganca Paulista,Vila Cruzeiro,São Paulo,SP,2.90695652173913,2
452163,2022,-23.6332109750903,-46.710723293987,5,kilometer,300.0,578147.0,7.0,11.0,11.0,8.0,37.0,chacara,04719-917,R Prof Manoelito De Ornellas,Chácara Santo Antônio (Zona Sul),São Paulo,SP,4.189471014492754,2
452164,2022,-23.6303561307856,-46.7037347635092,5,kilometer,381.0,890037.0,17.0,24.0,14.0,19.0,74.0,chacara,04715-004,R  Americo Brasiliense,Chácara Santo Antônio (Zona Sul),São Paulo,SP,6.44954347826087,1
452165,2022,-23.6286089784369,-46.7031578631434,5,kilometer,447.0,490089.0,11.0,19.0,13.0,13.0,56.0,chacara,04713-002,R Da Paz,Chácara Santo Antônio (Zona Sul),São Paulo,SP,3.5513695652173913,2
452166,2022,-23.6470741386591,-46.678041079709,5,kilometer,452.0,1944338.0,14.0,11.0,14.0,27.0,66.0,chacara,04645-070,R  Arataca,Chácara Monte Alegre,São Paulo,SP,14.08940579710145,3
452167,2022,-23.6449459862978,-46.6792203366347,5,kilometer,596.0,1820142.0,25.0,28.0,26.0,35.0,114.0,chacara,04645-060,R  Lotario Lutz,Chácara Monte Alegre,São Paulo,SP,13.189434782608695,1
452168,2022,-23.6492543881781,-46.6777412142085,5,kilometer,624.0,1368377.0,28.0,24.0,37.0,33.0,122.0,chacara,04647-030,R  Mapua,Chácara Monte Alegre,São Paulo,SP,9.915775362318842,1
452169,2022,-23.6523626423024,-46.6884522517719,5,kilometer,25.0,864286.0,,3.0,0.0,3.0,6.0,chacara,04662-002,Av  Washington Luis,Santo Amaro,São Paulo,SP,6.262942028985508,2
452170,2022,-23.6586313948879,-46.7073159550752,5,kilometer,459.0,437945.0,16.0,16.0,15.0,26.0,73.0,chacara,04746-070,R  Angelo Herrero,Santo Amaro,São Paulo,SP,3.173514492753623,2
452171,2022,-23.657266402921,-46.71130070099991,5,kilometer,724.0,806441.0,18.0,33.0,29.0,29.0,109.0,chacara,04753-100,Av Das Nacoes Unidas,Jardim Promissão,São Paulo,SP,5.843775362318841,0
452172,2022,-23.6558169003595,-46.7145638309388,5,kilometer,560.0,618916.0,24.0,23.0,16.0,15.0,78.0,chacara,04753-130,R Dr Licinio Maragliano,Jardim Promissão,São Paulo,SP,4.484898550724638,0
452173,2022,-23.6458948815604,-46.718962099549,5,kilometer,511.0,515077.0,9.0,15.0,20.0,24.0,68.0,chacara,04756-050,R Dr Jose De Sa,Santo Amaro,São Paulo,SP,3.7324420289855076,2
452174,2022,-23.6264125925793,-46.708715173287,5,kilometer,362.0,51499.0,23.0,7.0,16.0,17.0,63.0,chacara,04714-002,R  Antonio Das Chagas,Chácara Santo Antônio (Zona Sul),São Paulo,SP,3.7318115942028984,2
452175,2022,-23.6447191759704,-46.6979803778101,5,kilometer,353.0,1249398.0,11.0,17.0,20.0,24.0,72.0,chacara,04736-001,R Comen Elias Zarzur,Santo Amaro,São Paulo,SP,9.053608695652173,1
452176,2022,-23.6468698760675,-46.701370536667,5,kilometer,512.0,1063039.0,20.0,31.0,41.0,31.0,123.0,chacara,04734-001,Av  Adolfo Pinheiro,Santo Amaro,São Paulo,SP,7.703181159420289,1
452177,2022,-23.6465778574725,-46.7026694940195,5,kilometer,548.0,1720339.0,38.0,44.0,48.0,43.0,173.0,chacara,04750-001,R Dr Antonio Bento,Santo Amaro,São Paulo,SP,12.46622463768116,1
452178,2022,-23.6318861222501,-46.7053694891998,5,kilometer,439.0,1318325.0,16.0,16.0,18.0,15.0,65.0,chacara,04717-004,R  Alexandre Dumas,Chácara Santo Antônio (Zona Sul),São Paulo,SP,9.553079710144928,1
452179,2022,-23.6551502250652,-46.6937404291385,5,kilometer,546.0,2996829.0,24.0,36.0,41.0,47.0,148.0,chacara,04662-002,Av  Washington Luis,Santo Amaro,São Paulo,SP,21.716152173913045,3
452180,2022,-23.6557170896606,-46.6962040756486,5,kilometer,480.0,1270804.0,19.0,29.0,37.0,29.0,114.0,chacara,04747-090,R Pde Chico,Santo Amaro,São Paulo,SP,9.20872463768116,1
452181,2022,-23.6394042376018,-46.7149568432886,5,kilometer,536.0,1514171.0,38.0,70.0,49.0,21.0,178.0,chacara,04728-190,R  Tamiko Fuzioka,Chácara Japonesa,São Paulo,SP,10.972253623188406,1
452182,2022,-23.6307559090931,-46.7009914413136,5,kilometer,194.0,882292.0,4.0,5.0,7.0,4.0,20.0,chacara,04714-001,R  Antonio Das Chagas,Chácara Santo Antônio (Zona Sul),São Paulo,SP,6.393420289855072,2
452183,2022,-23.6379444741083,-46.6871128511214,5,kilometer,504.0,1488602.0,15.0,23.0,42.0,28.0,108.0,chacara,04641-080,R  Carlo Rainaldi,Jardim dos Estados,São Paulo,SP,10.786971014492753,1
452184,2022,-23.6413139931097,-46.7134370078275,5,kilometer,463.0,496233.0,26.0,22.0,28.0,24.0,100.0,chacara,04727-030,R  Albino Boldasso Gabril,Vila Cruzeiro,São Paulo,SP,3.595891304347826,2
452185,2022,-23.633897097155,-46.7067474293875,5,kilometer,762.0,2826639.0,35.0,79.0,66.0,63.0,243.0,chacara,04719-905,R  Verbo Divino,Chácara Santo Antônio (Zona Sul),São Paulo,SP,20.482891304347827,3
452186,2022,-23.6321645968836,-46.7019326177542,5,kilometer,431.0,854901.0,12.0,9.0,8.0,10.0,39.0,chacara,04717-010,R  Pedroso De Camargo,Chácara Santo Antônio (Zona Sul),São Paulo,SP,6.194934782608696,1
452187,2022,-23.6292811925872,-46.693363701704,5,kilometer,678.0,1513314.0,35.0,42.0,35.0,39.0,151.0,chacara,04708-010,R  Cancioneiro De Evora,Santo Amaro,São Paulo,SP,10.96604347826087,1
452188,2022,-23.6336502109599,-46.7139879835044,5,kilometer,272.0,985321.0,5.0,5.0,5.0,,15.0,chacara,04726-220,R  Luis Correia De Melo,Vila Cruzeiro,São Paulo,SP,7.140007246376811,1
452189,2022,-23.6341477796299,-46.7145691422873,5,kilometer,501.0,3983935.0,40.0,54.0,39.0,39.0,172.0,chacara,04726-220,R  Luis Correia De Melo,Vila Cruzeiro,São Paulo,SP,28.869094202898548,3
452190,2022,-23.6345553469211,-46.7150273179438,5,kilometer,710.0,2126266.0,44.0,64.0,78.0,40.0,226.0,chacara,04726-220,R  Luis Correia De Melo,Vila Cruzeiro,São Paulo,SP,15.40772463768116,3
452191,2022,-23.6415458925511,-46.6769854429821,5,kilometer,488.0,1053453.0,13.0,19.0,22.0,23.0,77.0,chacara,04646-020,R Dep Martinho Rodrigues,Chácara Monte Alegre,São Paulo,SP,7.633717391304348,1
452192,2022,-23.6440720213197,-46.6747975665084,5,kilometer,410.0,852629.0,12.0,19.0,17.0,19.0,67.0,chacara,04647-010,R  Jacatirao,Chácara Monte Alegre,São Paulo,SP,6.178471014492755,1
452193,2022,-23.6439057686404,-46.7135649031797,5,kilometer,640.0,436149.0,23.0,28.0,24.0,33.0,108.0,chacara,04727-150,R  Joaquim Dos Reis,Vila Cruzeiro,São Paulo,SP,3.1605,0
452194,2022,-23.6408566243873,-46.6975971246809,5,kilometer,402.0,1136874.0,18.0,23.0,16.0,21.0,78.0,chacara,04738-000,R Mal Deodoro,Santo Amaro,São Paulo,SP,8.238217391304348,1
452195,2022,-23.6434924852426,-46.6928946187918,5,kilometer,544.0,1891485.0,23.0,45.0,36.0,37.0,141.0,chacara,04738-010,R Cd D'Eu,Santo Amaro,São Paulo,SP,13.70641304347826,1
452196,2022,-23.6515576874698,-46.6982275728462,5,kilometer,418.0,921909.0,11.0,15.0,8.0,20.0,54.0,chacara,04742-040,R Sta Zoe,Santo Amaro,São Paulo,SP,6.6805,1
452197,2022,-23.6514213403487,-46.7011185040494,5,kilometer,473.0,373437.0,13.0,21.0,36.0,30.0,100.0,chacara,04736-000,R Comen Elias Zarzur,Santo Amaro,São Paulo,SP,2.7060652173913042,2
452198,2022,-23.6401673559529,-46.714511020394,5,kilometer,541.0,190161.0,42.0,50.0,46.0,35.0,173.0,chacara,04728-020,R Do Carreiro De Pedra,Jardim Caravelas,São Paulo,SP,13.779782608695651,0
452199,2022,-23.6552797077644,-46.696627965247,5,kilometer,451.0,1581934.0,20.0,29.0,30.0,33.0,112.0,chacara,04742-001,R Pde Jose De Anchieta,Santo Amaro,São Paulo,SP,11.463289855072464,1
452200,2022,-23.6508175431572,-46.6928733073438,5,kilometer,400.0,260061.0,15.0,31.0,38.0,25.0,109.0,chacara,04740-900,R  Joaquim Jose Esteves,Santo Amaro,São Paulo,SP,18.845,2
452201,2022,-23.6272820582555,-46.6965329477031,5,kilometer,420.0,1494678.0,19.0,23.0,18.0,31.0,91.0,chacara,04710-090,R Dr Jose Aureo Bustamante,Santo Amaro,São Paulo,SP,10.831000000000001,1
452202,2022,-23.6321094796647,-46.70328980144951,5,kilometer,306.0,750109.0,8.0,5.0,15.0,11.0,39.0,chacara,04716-002,R  Fernandes Moreira,Chácara Santo Antônio (Zona Sul),São Paulo,SP,5.435572463768116,2
452203,2022,-23.640150922588,-46.7121205273227,5,kilometer,183.0,1254154.0,6.0,16.0,10.0,6.0,38.0,chacara,04726-001,Av  Joao Carlos Da Silva Borges,Vila Cruzeiro,São Paulo,SP,9.088072463768116,1
452204,2022,-23.6260760279044,-46.7067063272768,5,kilometer,630.0,2208924.0,50.0,64.0,44.0,27.0,185.0,chacara,04713-002,R Da Paz,Chácara Santo Antônio (Zona Sul),São Paulo,SP,16.006695652173914,3
452205,2022,-23.6355038086886,-46.71574492665,5,kilometer,562.0,2153096.0,40.0,58.0,35.0,26.0,159.0,chacara,04726-160,Av Prof Alceu Maynard Araujo,Vila Cruzeiro,São Paulo,SP,15.602144927536232,3
452206,2022,-23.6279071053975,-46.708767549548,5,kilometer,680.0,1470705.0,52.0,56.0,50.0,33.0,191.0,chacara,04716-003,R  Fernandes Moreira,Chácara Santo Antônio (Zona Sul),São Paulo,SP,10.657282608695652,1
452207,2022,-23.6442826236113,-46.7010365483476,5,kilometer,260.0,64808.0,18.0,14.0,9.0,4.0,45.0,chacara,04750-001,R Dr Antonio Bento,Santo Amaro,São Paulo,SP,4.696231884057971,2
452208,2022,-23.6454657337932,-46.7001239294175,5,kilometer,493.0,1408446.0,12.0,28.0,24.0,20.0,84.0,chacara,04735-900,R S Benedito,Santo Amaro,São Paulo,SP,10.206130434782608,1
452209,2022,-23.6411677686451,-46.7024831731388,5,kilometer,350.0,118575.0,11.0,19.0,19.0,28.0,77.0,chacara,04722-000,R  Alves Pontual,Granja Julieta,São Paulo,SP,8.592391304347826,2
452210,2022,-23.6430386384211,-46.7018305090766,5,kilometer,271.0,1148074.0,8.0,11.0,15.0,11.0,45.0,chacara,04722-000,R  Alves Pontual,Granja Julieta,São Paulo,SP,8.319376811594204,1
452211,2022,-23.638242608237,-46.7016492359769,5,kilometer,294.0,1705199.0,11.0,13.0,12.0,20.0,56.0,chacara,04721-020,R S Mateus,Granja Julieta,São Paulo,SP,12.356514492753625,1
452212,2022,-23.6385673647295,-46.6991177756991,5,kilometer,370.0,1594142.0,19.0,8.0,13.0,21.0,61.0,chacara,04738-900,R Mal Deodoro,Santo Amaro,São Paulo,SP,11.551753623188405,1
452213,2022,-23.6364076863654,-46.69069672702889,5,kilometer,393.0,1180653.0,14.0,11.0,21.0,25.0,71.0,chacara,04713-000,R Da Paz,Alto da Boa Vista,São Paulo,SP,8.555456521739131,1
452214,2022,-23.6395633557091,-46.6939991804411,5,kilometer,377.0,948943.0,12.0,21.0,20.0,23.0,76.0,chacara,04736-002,R Comen Elias Zarzur,Santo Amaro,São Paulo,SP,6.8763985507246375,1
452216,2022,-23.6482725116516,-46.6988628556445,5,kilometer,393.0,153665.0,22.0,24.0,30.0,19.0,95.0,chacara,04736-001,R Comen Elias Zarzur,Santo Amaro,São Paulo,SP,11.135144927536231,2
452217,2022,-23.65005110031,-46.699550774341,5,kilometer,246.0,1030359.0,6.0,12.0,15.0,10.0,43.0,chacara,04737-000,R Min Roberto Cardoso Alves,Santo Amaro,São Paulo,SP,7.466369565217391,1
452218,2022,-23.6460461119436,-46.7021783757729,5,kilometer,488.0,1107375.0,27.0,26.0,14.0,9.0,76.0,chacara,04739-050,R  Salomao Karlik,Santo Amaro,São Paulo,SP,8.02445652173913,1
452219,2022,-23.6464930489482,-46.7012903302975,5,kilometer,326.0,1181239.0,13.0,12.0,11.0,9.0,45.0,chacara,04734-001,Av  Adolfo Pinheiro,Santo Amaro,São Paulo,SP,8.559702898550725,1
452220,2022,-23.6474131838505,-46.7013469871729,5,kilometer,275.0,1484712.0,15.0,9.0,4.0,17.0,45.0,chacara,04735-001,R S Benedito,Santo Amaro,São Paulo,SP,10.758782608695652,1
452221,2022,-23.6467224480856,-46.7043533001712,5,kilometer,322.0,873913.0,,9.0,,9.0,18.0,chacara,04750-030,R Cel Luis Barroso,Santo Amaro,São Paulo,SP,6.332702898550724,1
452222,2022,-23.6468097054142,-46.7037353824597,5,kilometer,509.0,1074525.0,27.0,6.0,8.0,6.0,47.0,chacara,04741-000,R Cd De Itu,Jardim Santo Amaro,São Paulo,SP,7.786413043478261,1
452223,2022,-23.6484145525035,-46.7050486448045,5,kilometer,586.0,1126728.0,46.0,42.0,40.0,35.0,163.0,chacara,04742-000,R Pde Jose De Anchieta,Santo Amaro,São Paulo,SP,8.164695652173913,1
452225,2022,-23.6333552045203,-46.6981485542752,5,kilometer,245.0,692872.0,7.0,4.0,8.0,9.0,28.0,chacara,04715-002,R  Americo Brasiliense,Chácara Santo Antônio (Zona Sul),São Paulo,SP,5.020811594202899,2
452226,2022,-23.6350916325901,-46.698895113201694,5,kilometer,305.0,780483.0,10.0,12.0,16.0,25.0,63.0,chacara,04717-001,R  Alexandre Dumas,Chácara Santo Antônio (Zona Sul),São Paulo,SP,5.655673913043478,2
452227,2022,-23.631244365376,-46.6886681629326,5,kilometer,258.0,1314719.0,8.0,12.0,3.0,4.0,27.0,chacara,04701-000,Av Sto Amaro,Santo Amaro,São Paulo,SP,9.52694927536232,1
452228,2022,-23.6335603703658,-46.6894355502215,5,kilometer,326.0,925853.0,13.0,14.0,13.0,12.0,52.0,chacara,04638-000,R  Santos Dumont,Jardim Petrópolis,São Paulo,SP,6.709079710144928,1
452229,2022,-23.6327510487932,-46.6912824181118,5,kilometer,299.0,1315604.0,8.0,16.0,10.0,,34.0,chacara,04734-004,Av  Adolfo Pinheiro,Santo Amaro,São Paulo,SP,9.533362318840581,1
452230,2022,-23.6316137341065,-46.6857805237959,5,kilometer,581.0,1136654.0,22.0,19.0,26.0,35.0,102.0,chacara,04638-010,R Cap Felisbino De Morais,Jardim Petrópolis,São Paulo,SP,8.236623188405797,1
452231,2022,-23.6381308587437,-46.70881728173031,5,kilometer,174.0,904169.0,5.0,6.0,11.0,11.0,33.0,chacara,04726-070,R  Joao Elias,Vila Cruzeiro,São Paulo,SP,6.551949275362319,2
452233,2022,-23.6417163000085,-46.7042399924353,5,kilometer,345.0,1230224.0,15.0,18.0,15.0,15.0,63.0,chacara,04725-010,R  Antonieta Revoredo,Vila Elvira,São Paulo,SP,8.914666666666667,1
452234,2022,-23.6457174846134,-46.706335366689,5,kilometer,133.0,710967.0,5.0,6.0,,4.0,15.0,chacara,04724-010,R Eng Francisco De Godoi,Santo Amaro,São Paulo,SP,5.151934782608696,2
452235,2022,-23.6459163676674,-46.6923893724823,5,kilometer,404.0,1063642.0,21.0,25.0,14.0,17.0,77.0,chacara,04739-060,R Sen Vergueiro,Santo Amaro,São Paulo,SP,7.707550724637681,1
452237,2022,-23.6491310303169,-46.6954613770737,5,kilometer,341.0,1639779.0,7.0,9.0,17.0,16.0,49.0,chacara,04739-001,R S Jose,Santo Amaro,São Paulo,SP,11.882456521739131,1
452239,2022,-23.6541187041856,-46.7006120997155,5,kilometer,470.0,694865.0,12.0,15.0,27.0,17.0,71.0,chacara,04742-120,Pc  Antonio Soares Sebastiao,Santo Amaro,São Paulo,SP,5.035253623188406,2
452240,2022,-23.6520667709712,-46.7038445951855,5,kilometer,328.0,615021.0,11.0,12.0,10.0,16.0,49.0,chacara,04735-000,R S Benedito,Santo Amaro,São Paulo,SP,4.4566739130434785,2
452241,2022,-23.6544061190874,-46.705367159878,5,kilometer,43.0,690659.0,,,3.0,,3.0,chacara,04744-030,R Sen Flaquer,Santo Amaro,São Paulo,SP,5.004775362318841,2
452242,2022,-23.6490772428669,-46.7084939522077,5,kilometer,167.0,465944.0,9.0,6.0,9.0,10.0,34.0,chacara,04753-020,R Eng Joaquim Tome Filho,Santo Amaro,São Paulo,SP,3.376405797101449,2
452243,2022,-23.6516583459188,-46.7069116025063,5,kilometer,149.0,57879.0,6.0,5.0,11.0,10.0,32.0,chacara,04751-030,Pc  Floriano Peixoto,Santo Amaro,São Paulo,SP,4.1941304347826085,2
452245,2022,-23.6481467735633,-46.7104850499784,5,kilometer,826.0,413798.0,31.0,30.0,30.0,42.0,133.0,chacara,04753-001,R Br Do Rio Branco,Santo Amaro,São Paulo,SP,2.998536231884058,0
452246,2022,-23.6400888948094,-46.7133741117779,5,kilometer,327.0,742696.0,7.0,12.0,9.0,15.0,43.0,chacara,04728-170,R  Angelo Pariz Fornaza,Jardim Caravelas,São Paulo,SP,5.381855072463768,2
452247,2022,-23.6356685561314,-46.7107975109452,5,kilometer,449.0,1156402.0,23.0,12.0,16.0,12.0,63.0,chacara,04726-001,Av  Joao Carlos Da Silva Borges,Vila Cruzeiro,São Paulo,SP,8.379724637681159,1
452248,2022,-23.6372407736931,-46.7106325739269,5,kilometer,349.0,575924.0,10.0,9.0,16.0,17.0,52.0,chacara,04726-090,R  Antonio Xavier Gouveia,Chácara Japonesa,São Paulo,SP,4.17336231884058,2
452249,2022,-23.6354123095397,-46.7073691266818,5,kilometer,291.0,1664135.0,9.0,11.0,19.0,12.0,51.0,chacara,04716-090,Al  Calcuta,Chácara Santo Antônio (Zona Sul),São Paulo,SP,12.058949275362318,1
452250,2022,-23.6319952098486,-46.7043284834236,5,kilometer,429.0,1110104.0,10.0,10.0,15.0,20.0,55.0,chacara,04717-003,R  Alexandre Dumas,Chácara Santo Antônio (Zona Sul),São Paulo,SP,8.044231884057972,1
452251,2022,-23.6331307001486,-46.70437225229271,5,kilometer,195.0,1038245.0,11.0,3.0,6.0,5.0,25.0,chacara,04718-002,R Cap Otavio Machado,Chácara Santo Antônio (Zona Sul),São Paulo,SP,7.523514492753623,1
452252,2022,-23.6288377328201,-46.6989755602215,5,kilometer,289.0,569864.0,10.0,13.0,12.0,12.0,47.0,chacara,04711-060,R  Despraiado,Vila São Francisco (Zona Sul),São Paulo,SP,4.129449275362319,2
452253,2022,-23.6301359385768,-46.7002725915892,5,kilometer,303.0,735598.0,7.0,14.0,11.0,21.0,53.0,chacara,04711-000,R Eng Mesquita Sampaio,Vila São Francisco (Zona Sul),São Paulo,SP,5.3304202898550725,2
452254,2022,-23.6268309964364,-46.6979241540918,5,kilometer,232.0,1510244.0,10.0,7.0,6.0,3.0,26.0,chacara,04709-110,R  Henri Dunant,Santo Amaro,São Paulo,SP,10.943797101449276,1
452255,2022,-23.626078060135,-46.6968772432754,5,kilometer,302.0,2583101.0,19.0,37.0,17.0,16.0,89.0,chacara,04710-160,R  Chafic Maluf,Santo Amaro,São Paulo,SP,18.718123188405794,3
452256,2022,-23.6265691931769,-46.6971692890972,5,kilometer,642.0,2065749.0,68.0,59.0,56.0,37.0,220.0,chacara,04710-090,R Dr Jose Aureo Bustamante,Santo Amaro,São Paulo,SP,14.969195652173914,3
452257,2022,-23.6296592440474,-46.6953380427808,5,kilometer,286.0,3305651.0,8.0,12.0,9.0,9.0,38.0,chacara,04708-001,R S Sebastiao,Santo Amaro,São Paulo,SP,23.95399275362319,3
452259,2022,-23.629776550523,-46.69209139728071,5,kilometer,293.0,745833.0,6.0,8.0,8.0,6.0,28.0,chacara,04709-011,R Do Estilo Barroco,Santo Amaro,São Paulo,SP,5.404586956521739,2
452260,2022,-23.6303695948404,-46.6910312542666,5,kilometer,280.0,75566.0,7.0,7.0,0.0,8.0,22.0,chacara,04702-000,Av Sto Amaro,Santo Amaro,São Paulo,SP,5.475797101449276,2
452262,2022,-23.6289553460578,-46.68786654559089,5,kilometer,249.0,1119735.0,3.0,4.0,,4.0,11.0,chacara,04603-039,R  Joao Pais,Santo Amaro,São Paulo,SP,8.114021739130434,1
452263,2022,-23.6353480336028,-46.6833247077181,5,kilometer,530.0,2116796.0,19.0,36.0,35.0,41.0,131.0,chacara,04640-054,R Desem Sylos Cintra,Jardim Cordeiro,São Paulo,SP,15.339101449275361,3
452264,2022,-23.6377629140528,-46.6792805073868,5,kilometer,470.0,2213256.0,20.0,40.0,28.0,24.0,112.0,chacara,04640-020,R  Cassiano Ricardo,Jardim Cordeiro,São Paulo,SP,16.03808695652174,3
452265,2022,-23.6528830774119,-46.6906485361933,5,kilometer,627.0,1565163.0,23.0,31.0,24.0,39.0,117.0,chacara,04748-050,R  Baculo,Santo Amaro,São Paulo,SP,11.341760869565217,1
452266,2022,-23.6540277252021,-46.6926148795802,5,kilometer,367.0,3308383.0,18.0,30.0,32.0,46.0,126.0,chacara,04747-140,R  Belterra,Santo Amaro,São Paulo,SP,23.973789855072464,3
452267,2022,-23.6545872239637,-46.6981421906532,5,kilometer,228.0,62300.0,6.0,10.0,9.0,6.0,31.0,chacara,04741-010,R  Darwin,Jardim Santo Amaro,São Paulo,SP,4.5144927536231885,2
452268,2022,-23.6539476665622,-46.694964036191,5,kilometer,135.0,2067145.0,8.0,10.0,10.0,6.0,34.0,chacara,04747-110,R Sto Aristides,Santo Amaro,São Paulo,SP,14.9793115942029,3
452269,2022,-23.6567710472561,-46.6962630594915,5,kilometer,290.0,790164.0,18.0,12.0,19.0,17.0,66.0,chacara,04747-090,R Pde Chico,Santo Amaro,São Paulo,SP,5.725826086956522,2
452270,2022,-23.6556477575523,-46.7073399090122,5,kilometer,396.0,643933.0,12.0,19.0,11.0,14.0,56.0,chacara,04744-001,R Gal Roberto A. De Carvalho Filho,Santo Amaro,São Paulo,SP,4.66618115942029,2
452271,2022,-23.6569388988246,-46.7082875748548,5,kilometer,519.0,546132.0,20.0,23.0,19.0,23.0,85.0,chacara,04744-060,R  Domingos Prado,Santo Amaro,São Paulo,SP,3.957478260869565,2
452272,2022,-23.6318098513269,-46.7155407426761,5,kilometer,71.0,624292.0,3.0,4.0,4.0,5.0,16.0,chacara,04794-000,Av Das Nacoes Unidas,Vila Gertrudes,São Paulo,SP,4.5238550724637685,2
452273,2022,-23.633219014296,-46.715464634178495,5,kilometer,275.0,105377.0,5.0,4.0,4.0,4.0,17.0,chacara,04726-200,R  Sousa Noschese,Vila Cruzeiro,São Paulo,SP,7.636014492753624,2
452274,2022,-23.6333695135079,-46.7160907372016,5,kilometer,264.0,1057709.0,5.0,,,3.0,8.0,chacara,04726-220,R  Luis Correia De Melo,Vila Cruzeiro,São Paulo,SP,7.664557971014493,1
452275,2022,-23.6336821913213,-46.713515508856,5,kilometer,205.0,974946.0,,,0.0,,0.0,chacara,04726-220,R  Luis Correia De Melo,Vila Cruzeiro,São Paulo,SP,7.064826086956521,1
452276,2022,-23.634022077224,-46.7138488549232,5,kilometer,245.0,776201.0,0.0,5.0,7.0,7.0,19.0,chacara,04726-220,R  Luis Correia De Melo,Vila Cruzeiro,São Paulo,SP,5.624644927536232,2
452277,2022,-23.6372598263123,-46.7141528523502,5,kilometer,378.0,456512.0,18.0,9.0,5.0,16.0,48.0,chacara,04728-090,R Dona Aurora Alegretti,Jardim Caravelas,São Paulo,SP,3.3080579710144926,2
452278,2022,-23.6397937240664,-46.7185848271236,5,kilometer,437.0,1533054.0,47.0,30.0,17.0,8.0,102.0,chacara,04727-002,R  Braganca Paulista,Vila Cruzeiro,São Paulo,SP,11.10908695652174,1
452279,2022,-23.6382064458221,-46.7189783972076,5,kilometer,644.0,1683846.0,64.0,82.0,31.0,15.0,192.0,chacara,04729-060,R  Castro Verde,Jardim Caravelas,São Paulo,SP,12.201782608695652,1
452280,2022,-23.6368117701241,-46.7143109707286,5,kilometer,279.0,159194.0,13.0,17.0,,12.0,42.0,chacara,04726-160,Av Prof Alceu Maynard Araujo,Vila Cruzeiro,São Paulo,SP,11.535797101449274,2
452281,2022,-23.6293472075376,-46.7106748043087,5,kilometer,,,,,,,0.0,chacara,04794-000,Av Das Nacoes Unidas,Vila Gertrudes,São Paulo,SP,,
452282,2022,-23.6316926883765,-46.7126811757867,5,kilometer,101.0,758152.0,6.0,,,,6.0,chacara,04726-180,R Prof Jamil Anderaos,Vila Cruzeiro,São Paulo,SP,5.493855072463768,2
452283,2022,-23.6243973983188,-46.7038112977384,5,kilometer,,,,,,,0.0,chacara,04794-000,Av Das Nacoes Unidas,Vila Gertrudes,São Paulo,SP,,
452284,2022,-23.624928705256,-46.6975643836723,5,kilometer,42.0,580532.0,0.0,0.0,0.0,,0.0,chacara,04710-180,R  Francisco Romeiro Sobrinho,Santo Amaro,São Paulo,SP,4.206753623188406,2
452285,2022,-23.6275067289772,-46.7013313838268,5,kilometer,77.0,366569.0,3.0,,3.0,3.0,9.0,chacara,04711-030,R  Enxovia,Vila São Francisco (Zona Sul),São Paulo,SP,2.6562971014492756,2
452286,2022,-23.6258140821986,-46.6994630637192,5,kilometer,332.0,676758.0,6.0,5.0,10.0,10.0,31.0,chacara,04710-220,R  Domingos Antonio Ciccone,Santo Amaro,São Paulo,SP,4.90404347826087,2
452287,2022,-23.6260193525961,-46.7012015941563,5,kilometer,337.0,1385878.0,15.0,3.0,3.0,7.0,28.0,chacara,04709-111,R  Henri Dunant,Santo Amaro,São Paulo,SP,10.04259420289855,1
452288,2022,-23.6440620962288,-46.6832745384847,5,kilometer,281.0,1754102.0,5.0,8.0,18.0,27.0,58.0,chacara,04642-000,R Visc De Porto Seguro,Jardim dos Estados,São Paulo,SP,12.710884057971015,1
452289,2022,-23.649029578172,-46.6845460900163,5,kilometer,307.0,2137814.0,13.0,19.0,15.0,15.0,62.0,chacara,04662-002,Av  Washington Luis,Santo Amaro,São Paulo,SP,15.491405797101448,3
452290,2022,-23.6606373739849,-46.707273063762,5,kilometer,426.0,1183024.0,29.0,16.0,19.0,16.0,80.0,chacara,04746-090,R  Elias Mahfus,Santo Amaro,São Paulo,SP,8.57263768115942,1
452291,2022,-23.6607520043787,-46.7067645205177,5,kilometer,437.0,118580.0,40.0,16.0,22.0,10.0,88.0,chacara,04746-110,R  Benedito Fernandes,Santo Amaro,São Paulo,SP,8.592753623188406,2
452292,2022,-23.6568085320822,-46.717137003819104,5,kilometer,515.0,570756.0,19.0,15.0,17.0,20.0,71.0,chacara,04753-110,R Dr Sebastiao Lappetina Russo,Jardim Promissão,São Paulo,SP,4.135913043478261,2
452294,2022,-23.6510495913344,-46.7174003554866,5,kilometer,375.0,554547.0,7.0,14.0,7.0,12.0,40.0,chacara,04757-120,R  Paula Cruz,Jardim Dom Bosco,São Paulo,SP,4.018456521739131,2
452295,2022,-23.6512780509528,-46.7186124214828,5,kilometer,554.0,1465239.0,38.0,54.0,36.0,31.0,159.0,chacara,04757-050,R  Adele,Jardim Dom Bosco,São Paulo,SP,10.617673913043477,1
452296,2022,-23.6521261811506,-46.7180891172092,5,kilometer,628.0,1443828.0,74.0,44.0,43.0,20.0,181.0,chacara,04757-050,R  Adele,Jardim Dom Bosco,São Paulo,SP,10.462521739130436,1
452297,2022,-23.651720617128,-46.7193279247634,5,kilometer,518.0,1751723.0,64.0,39.0,18.0,17.0,138.0,chacara,04757-020,Av Dr Mario Vilas Boas Rodrigues,Jardim Dom Bosco,São Paulo,SP,12.693644927536232,1
452298,2022,-23.6525666706937,-46.7188223106034,5,kilometer,671.0,1959858.0,79.0,52.0,45.0,28.0,204.0,chacara,04754-010,Av  Mario Lopes Leao,Santo Amaro,São Paulo,SP,14.201869565217393,3
452299,2022,-23.6520682676257,-46.7200902457314,5,kilometer,552.0,1281276.0,41.0,22.0,14.0,16.0,93.0,chacara,04757-020,Av Dr Mario Vilas Boas Rodrigues,Jardim Dom Bosco,São Paulo,SP,9.284608695652175,1
452301,2022,-23.6468626578924,-46.7204405261783,5,kilometer,572.0,548906.0,21.0,14.0,11.0,17.0,63.0,chacara,04756-100,R  Canto E Melo,Santo Amaro,São Paulo,SP,3.9775797101449277,0
452303,2022,-23.6489324528284,-46.72122424714191,5,kilometer,507.0,1381173.0,36.0,30.0,18.0,12.0,96.0,chacara,04757-000,R  Bento Branco De Andrade Filho,Jardim Dom Bosco,São Paulo,SP,10.0085,1
452304,2022,-23.6410139546187,-46.721187004712,5,kilometer,167.0,397329.0,4.0,6.0,8.0,10.0,28.0,chacara,04730-030,R  Caiara,Várzea de Baixo,São Paulo,SP,2.879195652173913,2
452306,2022,-23.6435925675772,-46.7169080863634,5,kilometer,267.0,425491.0,11.0,11.0,12.0,13.0,47.0,chacara,04729-000,R  Missionarios,Jardim Caravelas,São Paulo,SP,3.0832681159420288,2
452307,2022,-23.641944619891,-46.7204511971875,5,kilometer,705.0,1564911.0,64.0,53.0,32.0,25.0,174.0,chacara,04730-000,R Dr Rubens Gomes Bueno,Várzea de Baixo,São Paulo,SP,11.339934782608696,1
452308,2022,-23.6325960459759,-46.7145706840997,5,kilometer,157.0,471827.0,6.0,9.0,5.0,6.0,26.0,chacara,04726-230,R Cap Fonseca Rosa,Vila Cruzeiro,São Paulo,SP,3.4190362318840584,2
452309,2022,-23.6330206841231,-46.7140603912435,5,kilometer,508.0,728632.0,17.0,18.0,20.0,21.0,76.0,chacara,04726-170,Av  Alfredo Egidio De Souza Aranha,Vila Cruzeiro,São Paulo,SP,5.2799420289855075,2
452310,2022,-23.6487895581386,-46.7026563371094,5,kilometer,501.0,1273555.0,29.0,29.0,33.0,15.0,106.0,chacara,04734-000,Av  Adolfo Pinheiro,Santo Amaro,São Paulo,SP,9.228659420289855,1
452311,2022,-23.6533382290952,-46.6955701871298,5,kilometer,397.0,727203.0,15.0,15.0,11.0,13.0,54.0,chacara,04747-130,R  Cambe,Santo Amaro,São Paulo,SP,5.269586956521739,2
452313,2022,-23.6566785758566,-46.7133765889534,5,kilometer,478.0,698469.0,16.0,16.0,18.0,19.0,69.0,chacara,04753-150,R  Miranda Ribeiro,Jardim Promissão,São Paulo,SP,5.061369565217391,2
452315,2022,-23.6389890980613,-46.683295233554,5,kilometer,403.0,1562616.0,16.0,15.0,23.0,17.0,71.0,chacara,04639-040,R  Acanga,Jardim Petrópolis,São Paulo,SP,11.323304347826086,1
452316,2022,-23.6425865927235,-46.6872492109669,5,kilometer,400.0,1292376.0,10.0,20.0,27.0,30.0,87.0,chacara,04642-050,R  Maria Maturano Batista,Jardim dos Estados,São Paulo,SP,9.36504347826087,1
452317,2022,-23.6266214826515,-46.6932387337098,5,kilometer,267.0,1535326.0,7.0,3.0,3.0,8.0,21.0,chacara,04707-061,R  Joaquim Guarani,Jardim das Acácias,São Paulo,SP,11.125550724637682,1
452318,2022,-23.6563139932549,-46.6977704823168,5,kilometer,455.0,1472411.0,17.0,25.0,37.0,35.0,114.0,chacara,04747-901,R  Borba Gato,Santo Amaro,São Paulo,SP,10.669644927536233,1
452319,2022,-23.6551482348515,-46.6985790317072,5,kilometer,236.0,1265583.0,8.0,14.0,16.0,14.0,52.0,chacara,04741-040,R Prof Authos Pagano,Jardim Santo Amaro,São Paulo,SP,9.170891304347826,1
452320,2022,-23.654593703103,-46.6948102557218,5,kilometer,428.0,2129191.0,18.0,34.0,37.0,27.0,116.0,chacara,04747-110,R Sto Aristides,Santo Amaro,São Paulo,SP,15.428920289855073,3
452321,2022,-23.6349205033924,-46.6936169851824,5,kilometer,448.0,1090849.0,9.0,11.0,13.0,14.0,47.0,chacara,04701-000,Av Sto Amaro,Santo Amaro,São Paulo,SP,7.904702898550725,1
452322,2022,-23.6359239572535,-46.6935028980433,5,kilometer,223.0,1379302.0,6.0,8.0,6.0,11.0,31.0,chacara,04715-002,R  Americo Brasiliense,Chácara Santo Antônio (Zona Sul),São Paulo,SP,9.994942028985507,1
452323,2022,-23.630699951827,-46.6971843731089,5,kilometer,285.0,1189329.0,9.0,,6.0,9.0,24.0,chacara,04709-110,R  Henri Dunant,Santo Amaro,São Paulo,SP,8.618326086956522,1
452324,2022,-23.6320248988818,-46.6951631546962,5,kilometer,505.0,2239084.0,53.0,26.0,16.0,17.0,112.0,chacara,04709-901,R  Bela Vista,Santo Amaro,São Paulo,SP,16.225246376811594,3
452325,2022,-23.6330207526289,-46.693970055506,5,kilometer,229.0,769336.0,10.0,11.0,8.0,6.0,35.0,chacara,04709-080,R Pde Paulo Guffanti,Vila São Francisco (Zona Sul),São Paulo,SP,5.574898550724638,2
452326,2022,-23.6470241191956,-46.70665651377311,5,kilometer,345.0,570945.0,11.0,14.0,13.0,8.0,46.0,chacara,04750-060,R Dr Carlos Augusto De Campos,Santo Amaro,São Paulo,SP,4.137282608695652,2
452327,2022,-23.6482923033203,-46.7064831683128,5,kilometer,302.0,946507.0,9.0,13.0,15.0,14.0,51.0,chacara,04750-060,R Dr Carlos Augusto De Campos,Santo Amaro,São Paulo,SP,6.858746376811594,1
452328,2022,-23.6276429441154,-46.705736500059295,5,kilometer,104.0,395966.0,4.0,,4.0,7.0,15.0,chacara,04713-002,R Da Paz,Chácara Santo Antônio (Zona Sul),São Paulo,SP,2.86931884057971,2
452329,2022,-23.6283954881423,-46.7062266307941,5,kilometer,405.0,992355.0,7.0,15.0,11.0,7.0,40.0,chacara,04719-020,R  Joaquim De Andrade,Chácara Santo Antônio (Zona Sul),São Paulo,SP,7.1909782608695645,1
452331,2022,-23.6433842190841,-46.7229952879004,5,kilometer,316.0,499438.0,12.0,13.0,13.0,16.0,54.0,chacara,04730-060,R  Gutenberg D'Avila,Várzea de Baixo,São Paulo,SP,3.619115942028986,2
452332,2022,-23.6481130456301,-46.7237259788791,5,kilometer,189.0,842258.0,6.0,12.0,7.0,3.0,28.0,chacara,04757-000,R  Bento Branco De Andrade Filho,Jardim Dom Bosco,São Paulo,SP,6.1033188405797105,2
452333,2022,-23.6439790278105,-46.7215274485092,5,kilometer,422.0,204866.0,42.0,20.0,17.0,11.0,90.0,chacara,04724-003,Av  Joao Dias,Santo Amaro,São Paulo,SP,14.845362318840579,2
452334,2022,-23.6405190223887,-46.6995467493631,5,kilometer,362.0,1320428.0,19.0,13.0,14.0,19.0,65.0,chacara,04721-050,R Madre Rita Amada De Jesus,Granja Julieta,São Paulo,SP,9.56831884057971,1
452335,2022,-23.6405681789018,-46.7007326841788,5,kilometer,253.0,1358152.0,9.0,6.0,9.0,10.0,34.0,chacara,04721-060,R Da Granja Julieta,Granja Julieta,São Paulo,SP,9.84168115942029,1
452336,2022,-23.6339558099302,-46.7024478880376,5,kilometer,352.0,988725.0,10.0,6.0,12.0,17.0,45.0,chacara,04718-001,R Cap Otavio Machado,Chácara Santo Antônio (Zona Sul),São Paulo,SP,7.164673913043479,1
452337,2022,-23.6342741477484,-46.7006384189732,5,kilometer,343.0,1444525.0,17.0,21.0,22.0,27.0,87.0,chacara,04717-001,R  Alexandre Dumas,Chácara Santo Antônio (Zona Sul),São Paulo,SP,10.467572463768116,1
452338,2022,-23.6610798097842,-46.7062525473438,5,kilometer,451.0,95935.0,20.0,18.0,16.0,10.0,64.0,chacara,04745-050,Pc Dom Francisco De Sousa,Santo Amaro,São Paulo,SP,6.951811594202899,2
452339,2022,-23.6614389815513,-46.7091979984556,5,kilometer,502.0,587817.0,11.0,25.0,25.0,29.0,90.0,chacara,04746-110,R  Benedito Fernandes,Santo Amaro,São Paulo,SP,4.25954347826087,2
452340,2022,-23.6296580467674,-46.7066189912395,5,kilometer,286.0,97392.0,10.0,9.0,8.0,6.0,33.0,chacara,04719-020,R  Joaquim De Andrade,Chácara Santo Antônio (Zona Sul),São Paulo,SP,7.057391304347827,2
452341,2022,-23.6317792474777,-46.706392228997295,5,kilometer,359.0,1322027.0,19.0,14.0,14.0,10.0,57.0,chacara,04718-002,R Cap Otavio Machado,Chácara Santo Antônio (Zona Sul),São Paulo,SP,9.57990579710145,1
452342,2022,-23.6268458882318,-46.6933875763908,5,kilometer,279.0,1604862.0,28.0,19.0,9.0,8.0,64.0,chacara,04710-010,R  Diogo De Quadros,Santo Amaro,São Paulo,SP,11.629434782608696,1
452343,2022,-23.6257134089554,-46.6943142642608,5,kilometer,284.0,1147697.0,15.0,10.0,11.0,3.0,39.0,chacara,04710-010,R  Diogo De Quadros,Santo Amaro,São Paulo,SP,8.316644927536231,1
452344,2022,-23.6334010933582,-46.70896732187,5,kilometer,213.0,790115.0,5.0,13.0,11.0,3.0,32.0,chacara,04719-060,R  Booker Pittman,Chácara Santo Antônio (Zona Sul),São Paulo,SP,5.725471014492753,2
452345,2022,-23.6341608531443,-46.70925978656,5,kilometer,325.0,2192667.0,28.0,29.0,18.0,10.0,85.0,chacara,04719-080,R  Decio Pacheco Da Silveira,Chácara Santo Antônio (Zona Sul),São Paulo,SP,15.888891304347824,3
452346,2022,-23.630858792503,-46.6944165505243,5,kilometer,237.0,835719.0,,6.0,6.0,7.0,19.0,chacara,04709-040,R  Emilia Lopes Russo,Santo Amaro,São Paulo,SP,6.055934782608696,2
452347,2022,-23.6317958555934,-46.6928513063264,5,kilometer,306.0,790635.0,6.0,7.0,5.0,19.0,37.0,chacara,04709-011,R Do Estilo Barroco,Santo Amaro,São Paulo,SP,5.729239130434783,2
452348,2022,-23.633734775652,-46.695454230051,5,kilometer,403.0,1263345.0,15.0,9.0,9.0,7.0,40.0,chacara,04713-000,R Da Paz,Alto da Boa Vista,São Paulo,SP,9.154673913043478,1
452349,2022,-23.6342332955433,-46.6946349637944,5,kilometer,98.0,628558.0,,3.0,,5.0,8.0,chacara,04709-010,R Do Estilo Barroco,Chácara Santo Antônio (Zona Sul),São Paulo,SP,4.554768115942029,2
452350,2022,-23.6327927658313,-46.6964472839577,5,kilometer,159.0,481807.0,,6.0,3.0,8.0,17.0,chacara,04713-000,R Da Paz,Alto da Boa Vista,São Paulo,SP,3.491355072463768,2
452351,2022,-23.6347938273125,-46.6962105573159,5,kilometer,205.0,1018408.0,3.0,8.0,5.0,3.0,19.0,chacara,04715-002,R  Americo Brasiliense,Chácara Santo Antônio (Zona Sul),São Paulo,SP,7.379768115942029,1
452352,2022,-23.6598735965114,-46.7036244746231,5,kilometer,172.0,570581.0,3.0,10.0,15.0,5.0,33.0,chacara,04662-010,R  Piranchin,Santo Amaro,São Paulo,SP,4.1346449275362325,2
452353,2022,-23.6573486258659,-46.7019459771173,5,kilometer,434.0,271147.0,13.0,15.0,13.0,18.0,59.0,chacara,04743-050,R  Carlos Gomes,Santo Amaro,São Paulo,SP,1.9648333333333332,2
452354,2022,-23.6594250414736,-46.7028172452382,5,kilometer,34.0,564161.0,,,,0.0,0.0,chacara,04747-001,R  Joao Alfredo,Santo Amaro,São Paulo,SP,4.088123188405797,2
452355,2022,-23.6500409726781,-46.7152123089867,5,kilometer,577.0,345888.0,20.0,25.0,22.0,34.0,101.0,chacara,04755-000,R  Ada Negri,Santo Amaro,São Paulo,SP,2.5064347826086957,0
452358,2022,-23.636080506366,-46.7161939323448,5,kilometer,11.0,63750.0,0.0,0.0,0.0,0.0,0.0,chacara,04729-080,R  Luiz Seraphico Junior,Jardim Caravelas,São Paulo,SP,4.619565217391305,2
452359,2022,-23.6366855523232,-46.7178421101818,5,kilometer,750.0,718479.0,20.0,15.0,10.0,17.0,62.0,chacara,04729-010,R  Carmo Do Rio Verde,Jardim Caravelas,São Paulo,SP,5.206369565217392,0
452360,2022,-23.6367130453355,-46.7183486427081,5,kilometer,306.0,1051145.0,20.0,11.0,9.0,4.0,44.0,chacara,04729-010,R  Carmo Do Rio Verde,Jardim Caravelas,São Paulo,SP,7.6169927536231885,1
452361,2022,-23.6468780351522,-46.7132435636994,5,kilometer,209.0,974452.0,11.0,10.0,8.0,8.0,37.0,chacara,04755-050,R  Jupi,Santo Amaro,São Paulo,SP,7.061246376811595,1
452362,2022,-23.6479256608689,-46.7136534107887,5,kilometer,334.0,587825.0,9.0,18.0,14.0,6.0,47.0,chacara,04754-080,R  Placido Vieira,Santo Amaro,São Paulo,SP,4.259601449275363,2
452363,2022,-23.6470393402965,-46.7120097496164,5,kilometer,212.0,546893.0,12.0,5.0,11.0,8.0,36.0,chacara,04755-050,R  Jupi,Santo Amaro,São Paulo,SP,3.9629927536231886,2
452364,2022,-23.6473790352401,-46.7130983056743,5,kilometer,345.0,528535.0,15.0,14.0,10.0,17.0,56.0,chacara,04754-080,R  Placido Vieira,Santo Amaro,São Paulo,SP,3.829963768115942,2
452365,2022,-23.6458673822108,-46.7033576139229,5,kilometer,295.0,877945.0,3.0,8.0,8.0,4.0,23.0,chacara,04750-030,R Cel Luis Barroso,Santo Amaro,São Paulo,SP,6.361920289855073,1
452366,2022,-23.6451477734436,-46.7027336008127,5,kilometer,316.0,1354873.0,13.0,15.0,13.0,8.0,49.0,chacara,04739-000,R S Jose,Santo Amaro,São Paulo,SP,9.817920289855072,1
452367,2022,-23.6486941840367,-46.70200798764591,5,kilometer,175.0,935718.0,9.0,3.0,9.0,12.0,33.0,chacara,04735-000,R S Benedito,Santo Amaro,São Paulo,SP,6.780565217391304,2
452368,2022,-23.6479386685055,-46.7018155685628,5,kilometer,201.0,1314263.0,8.0,9.0,3.0,4.0,24.0,chacara,04741-000,R Cd De Itu,Jardim Santo Amaro,São Paulo,SP,9.523644927536232,1
452369,2022,-23.6254904770238,-46.6960397489272,5,kilometer,433.0,1562572.0,26.0,27.0,19.0,22.0,94.0,chacara,04710-130,R  Antonio Pacheco Valente,Santo Amaro,São Paulo,SP,11.322985507246376,1
452370,2022,-23.6263914055783,-46.695425535013,5,kilometer,269.0,1454608.0,16.0,18.0,17.0,6.0,57.0,chacara,04710-110,R  Jose Floriano De Toledo,Santo Amaro,São Paulo,SP,10.54063768115942,1
452371,2022,-23.6259159979873,-46.691734213597,5,kilometer,385.0,1220705.0,30.0,20.0,17.0,16.0,83.0,chacara,04707-000,Av  Roque Petroni Junior,Jardim das Acácias,São Paulo,SP,8.845688405797102,1
452373,2022,-23.6287069169756,-46.6900371176766,5,kilometer,280.0,990382.0,6.0,4.0,6.0,8.0,24.0,chacara,04702-000,Av Sto Amaro,Santo Amaro,São Paulo,SP,7.17668115942029,1
452375,2022,-23.6387335770825,-46.714139743191,5,kilometer,333.0,494122.0,16.0,13.0,12.0,14.0,55.0,chacara,04728-190,R  Tamiko Fuzioka,Chácara Japonesa,São Paulo,SP,3.580594202898551,2
452376,2022,-23.6562204581513,-46.6992788582303,5,kilometer,385.0,138163.0,15.0,27.0,30.0,21.0,93.0,chacara,04747-050,R  Omar Cardoso,Santo Amaro,São Paulo,SP,10.011811594202898,2
454357,2022,-23.6743384912575,-46.7105945700503,5,kilometer,1835.0,531003.0,95.0,82.0,84.0,80.0,341.0,chacara,04765-000,R  Euclides Da Cunha,Socorro,São Paulo,SP,3.8478478260869564,0
454358,2022,-23.6693015375672,-46.709368411343696,5,kilometer,626.0,294888.0,17.0,29.0,29.0,38.0,113.0,chacara,04766-050,R  Francisco Mendes,Socorro,São Paulo,SP,2.1368695652173915,0
454359,2022,-23.6761404979295,-46.7060687735815,5,kilometer,608.0,40518.0,21.0,23.0,33.0,41.0,118.0,chacara,04767-010,R  Pedro Molini,Socorro,São Paulo,SP,2.936086956521739,0
454363,2022,-23.6719330440851,-46.719744759719,5,kilometer,693.0,369267.0,27.0,22.0,40.0,46.0,135.0,chacara,04763-070,R  Servia,Socorro,São Paulo,SP,2.6758478260869567,0
454368,2022,-23.6709299425173,-46.7213025858243,5,kilometer,517.0,518987.0,20.0,25.0,25.0,25.0,95.0,chacara,04763-280,R  Jose Rafaeli,Socorro,São Paulo,SP,3.7607753623188405,2
454369,2022,-23.6635982398527,-46.7207406449901,5,kilometer,427.0,252428.0,27.0,27.0,13.0,38.0,105.0,chacara,04762-040,R  Ptolomeu,Vila Socorro,São Paulo,SP,1.8291884057971015,2
454370,2022,-23.6613293028512,-46.71690818063311,5,kilometer,422.0,327636.0,13.0,20.0,22.0,33.0,88.0,chacara,04760-020,R  Alexandre Gusmao,Vila Socorro,São Paulo,SP,2.3741739130434785,2
454371,2022,-23.6658367368746,-46.7162433259839,5,kilometer,297.0,173833.0,17.0,22.0,23.0,17.0,79.0,chacara,04760-070,R  Sete De Julho,Vila Socorro,São Paulo,SP,1.259659420289855,2
454383,2022,-23.6745079637969,-46.7144375086161,5,kilometer,426.0,449648.0,10.0,26.0,26.0,23.0,85.0,chacara,04764-070,R Dr Mauro Paes De Almeida,Socorro,São Paulo,SP,3.25831884057971,2
454384,2022,-23.6708095153636,-46.716521142544096,5,kilometer,391.0,49799.0,17.0,14.0,11.0,22.0,64.0,chacara,04763-060,R  Amaro Leite,Socorro,São Paulo,SP,3.608623188405797,2
454386,2022,-23.6743018870293,-46.7136279445922,5,kilometer,443.0,415574.0,19.0,30.0,21.0,27.0,97.0,chacara,04764-070,R Dr Mauro Paes De Almeida,Socorro,São Paulo,SP,3.011405797101449,2
454387,2022,-23.6736858535515,-46.7163116878426,5,kilometer,583.0,792569.0,37.0,26.0,25.0,24.0,112.0,chacara,04764-090,Av  Joao De Barros,Socorro,São Paulo,SP,5.743253623188406,0
454389,2022,-23.661730210742,-46.7161693962622,5,kilometer,156.0,138602.0,8.0,12.0,10.0,11.0,41.0,chacara,04760-020,R  Alexandre Gusmao,Vila Socorro,São Paulo,SP,1.0043623188405797,2
454400,2022,-23.6721116415921,-46.71403255971,5,kilometer,256.0,264407.0,9.0,11.0,16.0,12.0,48.0,chacara,04764-070,R Dr Mauro Paes De Almeida,Socorro,São Paulo,SP,1.9159927536231884,2
454401,2022,-23.6730427464167,-46.7156285061147,5,kilometer,470.0,1032755.0,31.0,42.0,28.0,20.0,121.0,chacara,04764-080,R  Marcilio Dias,Socorro,São Paulo,SP,7.4837318840579705,1
454402,2022,-23.6738886730832,-46.7142259324327,5,kilometer,267.0,606805.0,8.0,17.0,7.0,10.0,42.0,chacara,04764-080,R  Marcilio Dias,Socorro,São Paulo,SP,4.39713768115942,2
454405,2022,-23.6668247575813,-46.713692272159,5,kilometer,252.0,448927.0,8.0,4.0,7.0,18.0,37.0,chacara,04763-000,R  Augusto Ferreira De Morais,Socorro,São Paulo,SP,3.2530942028985512,2
454406,2022,-23.669014382959,-46.7116360446459,5,kilometer,309.0,389461.0,8.0,21.0,14.0,18.0,61.0,chacara,04766-001,R  Olivia Guedes Penteado,Socorro,São Paulo,SP,2.82218115942029,2
454408,2022,-23.6692127643853,-46.7205973282897,5,kilometer,494.0,374266.0,26.0,33.0,27.0,36.0,122.0,chacara,04763-200,R  Joao De Godoi Moreira,Socorro,São Paulo,SP,2.712072463768116,2
454409,2022,-23.6694290614982,-46.7238273077595,5,kilometer,407.0,466176.0,15.0,23.0,23.0,16.0,77.0,chacara,04763-290,Tv  Frederico Hessel Sobrinho,Socorro,São Paulo,SP,3.3780869565217393,2
454410,2022,-23.6680125977061,-46.7196936025214,5,kilometer,475.0,386099.0,12.0,23.0,21.0,20.0,76.0,chacara,04763-210,R  Porta De Almedina,Socorro,São Paulo,SP,2.79781884057971,2
454411,2022,-23.6665002437978,-46.7155214540947,5,kilometer,188.0,406484.0,8.0,12.0,12.0,6.0,38.0,chacara,04762-020,R Sta Teresinha,Vila Socorro,São Paulo,SP,2.945536231884058,2
454429,2022,-23.6733443152952,-46.7134887551772,5,kilometer,684.0,697408.0,32.0,44.0,30.0,21.0,127.0,chacara,04765-000,R  Euclides Da Cunha,Socorro,São Paulo,SP,5.0536811594202895,0
454433,2022,-23.6776081293715,-46.716723546892304,5,kilometer,216.0,42287.0,4.0,8.0,11.0,17.0,40.0,chacara,04770-020,Av Dr Caetano Petraglia Sobrinho,Jardim Guarapiranga,São Paulo,SP,3.0642753623188406,2
455296,2022,-23.6289730286731,-46.7303238795637,5,kilometer,507.0,1306432.0,31.0,31.0,27.0,15.0,104.0,chacara,05713-420,R  Antonio Aggio,Jardim Ampliação,São Paulo,SP,9.466898550724638,1
455297,2022,-23.6254671447323,-46.7308323110957,5,kilometer,409.0,1461734.0,10.0,24.0,30.0,21.0,85.0,chacara,05713-520,R  Marie Nader Calfat,Jardim Ampliação,São Paulo,SP,10.59227536231884,1
455298,2022,-23.6237561243765,-46.7292556891222,5,kilometer,282.0,1066308.0,12.0,11.0,15.0,19.0,57.0,chacara,05713-570,R Do Simbolo,Jardim Ampliação,São Paulo,SP,7.726869565217391,1
455299,2022,-23.6214815363833,-46.7295669070841,5,kilometer,229.0,1015745.0,14.0,15.0,10.0,13.0,52.0,chacara,05712-080,R Dr Jose Pedro De Carvalho Lima,Jardim Parque Morumbi,São Paulo,SP,7.360471014492754,1
455300,2022,-23.6200054463659,-46.7271139598409,5,kilometer,881.0,159842.0,96.0,87.0,102.0,80.0,365.0,chacara,05660-000,R  Pasquale Gallupi,Paraisópolis,São Paulo,SP,1.1582753623188407,0
455301,2022,-23.6227582698923,-46.719969453135,5,kilometer,540.0,2034166.0,16.0,28.0,21.0,27.0,92.0,chacara,05657-230,R Prof Alexandre Correia,Jardim Vitória Régia,São Paulo,SP,14.740333333333334,3
455302,2022,-23.6240074646516,-46.7130591489551,5,kilometer,104.0,2114977.0,0.0,,0.0,0.0,0.0,chacara,05693-000,Av Maj Sylvio De Magalhaes Padilha,Jardim Morumbi,São Paulo,SP,15.325920289855073,3
455303,2022,-23.6156925762769,-46.720452080003,5,kilometer,788.0,198966.0,49.0,77.0,53.0,61.0,240.0,chacara,05665-060,R  Itapanhau,Paraisópolis,São Paulo,SP,1.4417826086956522,0
455304,2022,-23.6383688067872,-46.7361068238125,5,kilometer,357.0,653363.0,15.0,16.0,13.0,19.0,63.0,chacara,05717-270,R  Jose Ramon Urtiza,Vila Andrade,São Paulo,SP,4.734514492753624,2
455305,2022,-23.6381311697889,-46.7341679804574,5,kilometer,377.0,948901.0,12.0,20.0,14.0,15.0,61.0,chacara,05724-902,Av  Giovanni Gronchi,Vila Andrade,São Paulo,SP,6.8760942028985506,1
455306,2022,-23.6375172796575,-46.7350655281427,5,kilometer,439.0,819486.0,18.0,28.0,13.0,22.0,81.0,chacara,05717-200,R  Almaden,Vila Andrade,São Paulo,SP,5.9383043478260875,1
455307,2022,-23.6390485533342,-46.7343673976095,5,kilometer,240.0,739256.0,10.0,15.0,6.0,7.0,38.0,chacara,05724-902,Av  Giovanni Gronchi,Vila Andrade,São Paulo,SP,5.3569275362318844,2
455308,2022,-23.6303543887621,-46.7354240738113,5,kilometer,311.0,1495512.0,7.0,16.0,12.0,10.0,45.0,chacara,05716-070,R  Itacaiuna,Vila Andrade,São Paulo,SP,10.83704347826087,1
455309,2022,-23.6257893705646,-46.7351290213255,5,kilometer,244.0,1503571.0,8.0,7.0,12.0,14.0,41.0,chacara,05724-002,Av  Giovanni Gronchi,Vila Andrade,São Paulo,SP,10.895442028985507,1
455310,2022,-23.6244115524951,-46.7344391243043,5,kilometer,193.0,1204562.0,12.0,9.0,3.0,5.0,29.0,chacara,05724-002,Av  Giovanni Gronchi,Vila Andrade,São Paulo,SP,8.728710144927536,1
455311,2022,-23.6209574967437,-46.7345844854286,5,kilometer,148.0,1296317.0,7.0,5.0,6.0,5.0,23.0,chacara,05724-002,Av  Giovanni Gronchi,Vila Andrade,São Paulo,SP,9.393601449275362,1
455312,2022,-23.6231163661212,-46.7357636590856,5,kilometer,259.0,1460074.0,9.0,5.0,7.0,15.0,36.0,chacara,05642-020,R  Marcus Pereira,Vila Suzana,São Paulo,SP,10.580246376811594,1
455313,2022,-23.6214834753873,-46.7370676914463,5,kilometer,123.0,1728109.0,4.0,7.0,4.0,5.0,20.0,chacara,05642-001,Av  Jose Galante,Vila Suzana,São Paulo,SP,12.522528985507247,1
455314,2022,-23.6122872440957,-46.7249404729346,5,kilometer,827.0,183641.0,77.0,56.0,56.0,69.0,258.0,chacara,05662-030,R Dr Francisco Thomaz De Carvalho,Paraisópolis,São Paulo,SP,1.3307318840579712,0
455315,2022,-23.6208199805329,-46.7048241592816,5,kilometer,221.0,1535777.0,11.0,6.0,12.0,9.0,38.0,chacara,05692-050,R  Silvio Tramontano,Vila Tramontano,São Paulo,SP,11.12881884057971,1
455316,2022,-23.6420777458327,-46.7310872302986,5,kilometer,278.0,206368.0,18.0,14.0,17.0,24.0,73.0,chacara,05723-380,R  Joao De Araujo Cabral,Jardim Santo Antônio,São Paulo,SP,1.4954202898550724,2
455317,2022,-23.634869520201,-46.7409566761132,5,kilometer,1105.0,154971.0,76.0,100.0,91.0,120.0,387.0,chacara,05729-080,R  Alexandre Archipenko,Vila Andrade,São Paulo,SP,1.1229782608695653,0
455318,2022,-23.6184147124311,-46.74368000115,5,kilometer,579.0,167611.0,42.0,48.0,44.0,62.0,196.0,chacara,05750-300,R  Maximino Maciel,Jardim Taboão,São Paulo,SP,1.214572463768116,0
455319,2022,-23.6201796802803,-46.7370824719652,5,kilometer,178.0,2504927.0,7.0,6.0,5.0,9.0,27.0,chacara,05641-010,R Dr Oscar Monteiro De Barros,Vila Suzana,São Paulo,SP,18.151644927536232,3
455320,2022,-23.6180096852873,-46.734019077857,5,kilometer,292.0,185958.0,8.0,16.0,28.0,17.0,69.0,chacara,05641-010,R Dr Oscar Monteiro De Barros,Vila Suzana,São Paulo,SP,13.475217391304348,2
455321,2022,-23.6161210955937,-46.7338388908221,5,kilometer,126.0,1067213.0,5.0,3.0,,9.0,17.0,chacara,05641-050,R  Joaquim Lopes,Vila Suzana,São Paulo,SP,7.733427536231884,1
455322,2022,-23.6406847289333,-46.744301078519904,5,kilometer,637.0,308828.0,19.0,35.0,30.0,38.0,122.0,chacara,05731-262,Tv  Joaquim Tenreiro,Jardim Bronzato,São Paulo,SP,2.2378840579710144,0
455323,2022,-23.6167671779434,-46.747219916418,5,kilometer,680.0,620198.0,41.0,38.0,26.0,32.0,137.0,chacara,05750-110,R  Custodio Soares,Super Quadra Morumbi,São Paulo,SP,4.494188405797101,0
455324,2022,-23.6159512274165,-46.7443202676868,5,kilometer,355.0,460123.0,10.0,17.0,18.0,18.0,63.0,chacara,05750-290,R Dr Jose Pinto Antunes,Vila Suzana,São Paulo,SP,3.3342246376811593,2
455325,2022,-23.6163437848928,-46.741761813538496,5,kilometer,443.0,1487728.0,18.0,25.0,24.0,41.0,108.0,chacara,05709-010,R Dr Jose De Andrade Figueira,Vila Suzana,São Paulo,SP,10.780637681159421,1
455326,2022,-23.6154227747934,-46.7410872234234,5,kilometer,207.0,1335002.0,11.0,4.0,6.0,8.0,29.0,chacara,05640-003,Av Dr Guilherme Dumont Vilares,Jardim Londrina,São Paulo,SP,9.673927536231885,1
455327,2022,-23.6182216699581,-46.7241701567413,5,kilometer,646.0,174275.0,47.0,70.0,67.0,56.0,240.0,chacara,05664-015,R Da Independencia,Paraisópolis,São Paulo,SP,1.2628623188405796,0
455328,2022,-23.6181174276946,-46.7079709487318,5,kilometer,197.0,1540599.0,3.0,3.0,8.0,10.0,24.0,chacara,05692-030,R Dr Alberto Americano,Retiro Morumbi,São Paulo,SP,11.163760869565218,1
455329,2022,-23.6181756778762,-46.7256979540968,5,kilometer,465.0,205419.0,43.0,33.0,34.0,35.0,145.0,chacara,05664-015,R Da Independencia,Paraisópolis,São Paulo,SP,1.4885434782608695,2
455330,2022,-23.6167701080826,-46.7437550100611,5,kilometer,355.0,581795.0,14.0,17.0,8.0,13.0,52.0,chacara,05750-330,R Prof Raul Votta,Vila Suzana,São Paulo,SP,4.215905797101449,2
455331,2022,-23.6165573462114,-46.7431332658614,5,kilometer,293.0,110424.0,14.0,9.0,14.0,9.0,46.0,chacara,05750-230,R  Heitor De Souza Pinheiro,Super Quadra Morumbi,São Paulo,SP,8.001739130434782,2
455332,2022,-23.6160818756316,-46.7410980641398,5,kilometer,198.0,758411.0,14.0,5.0,7.0,9.0,35.0,chacara,05640-900,Av Dr Guilherme Dumont Vilares,Jardim Londrina,São Paulo,SP,5.495731884057971,2
455333,2022,-23.6166746000009,-46.7411175212126,5,kilometer,192.0,1354114.0,7.0,6.0,13.0,14.0,40.0,chacara,05640-900,Av Dr Guilherme Dumont Vilares,Jardim Londrina,São Paulo,SP,9.812420289855073,1
455334,2022,-23.6173690100836,-46.7411680056864,5,kilometer,187.0,854762.0,6.0,7.0,11.0,5.0,29.0,chacara,05640-003,Av Dr Guilherme Dumont Vilares,Jardim Londrina,São Paulo,SP,6.193927536231885,2
455335,2022,-23.6177672902616,-46.7420964944081,5,kilometer,281.0,129856.0,7.0,13.0,20.0,19.0,59.0,chacara,05709-010,R Dr Jose De Andrade Figueira,Vila Suzana,São Paulo,SP,9.409855072463769,2
455336,2022,-23.6180153481854,-46.7415209660853,5,kilometer,88.0,123100.0,,6.0,,6.0,12.0,chacara,05709-030,R  Karl Richter,Vila Suzana,São Paulo,SP,8.920289855072463,2
455337,2022,-23.6249243072294,-46.7456594186498,5,kilometer,558.0,162579.0,50.0,45.0,44.0,51.0,190.0,chacara,05734-010,R  Canto Do Rio Verde,Parque Reboucas,São Paulo,SP,1.1781086956521738,0
455338,2022,-23.6204196719042,-46.7455685195421,5,kilometer,534.0,207899.0,34.0,34.0,35.0,50.0,153.0,chacara,05749-300,R  Jose Maria Pinto Zilli,Jardim das Palmas,São Paulo,SP,1.506514492753623,0
455339,2022,-23.6242662495511,-46.7386653320902,5,kilometer,487.0,1100088.0,31.0,18.0,15.0,18.0,82.0,chacara,05727-240,R  Jose De Oliveira Coelho,Vila Andrade,São Paulo,SP,7.971652173913043,1
455340,2022,-23.6258191832075,-46.7378516558149,5,kilometer,176.0,781431.0,10.0,12.0,7.0,9.0,38.0,chacara,05727-240,R  Jose De Oliveira Coelho,Vila Andrade,São Paulo,SP,5.6625434782608695,2
455341,2022,-23.6233556030977,-46.7370454397537,5,kilometer,221.0,87398.0,18.0,6.0,8.0,9.0,41.0,chacara,05642-010,R  Charles Spencer Chaplin,Vila Andrade,São Paulo,SP,6.333188405797101,2
455342,2022,-23.6242038263292,-46.735730816551,5,kilometer,270.0,1143733.0,11.0,9.0,16.0,12.0,48.0,chacara,05642-010,R  Charles Spencer Chaplin,Vila Andrade,São Paulo,SP,8.287920289855073,1
455343,2022,-23.6245780980235,-46.7364983115608,5,kilometer,316.0,1228559.0,13.0,9.0,19.0,15.0,56.0,chacara,05725-030,R  Abdo Ambuba,Vila Andrade,São Paulo,SP,8.902601449275362,1
455344,2022,-23.6258265688231,-46.736412251587694,5,kilometer,190.0,653529.0,4.0,3.0,5.0,9.0,21.0,chacara,05640-004,Av Dr Guilherme Dumont Vilares,Jardim Londrina,São Paulo,SP,4.735717391304348,2
455345,2022,-23.626122400406,-46.735647750759,5,kilometer,120.0,729221.0,,,0.0,4.0,4.0,chacara,05725-060,R Frei Duarte Jorge De Mendonca,Vila Andrade,São Paulo,SP,5.2842101449275365,2
455346,2022,-23.6273629638473,-46.7360662604629,5,kilometer,271.0,94390.0,8.0,16.0,17.0,17.0,58.0,chacara,05640-004,Av Dr Guilherme Dumont Vilares,Jardim Londrina,São Paulo,SP,6.839855072463768,2
455347,2022,-23.6284413414984,-46.7367443589352,5,kilometer,149.0,742207.0,7.0,6.0,10.0,3.0,26.0,chacara,05727-220,R Eng Antonio Jovino,Vila Andrade,São Paulo,SP,5.3783115942028985,2
455348,2022,-23.6277300017814,-46.73664549541591,5,kilometer,301.0,572649.0,12.0,13.0,8.0,15.0,48.0,chacara,05640-004,Av Dr Guilherme Dumont Vilares,Jardim Londrina,São Paulo,SP,4.149630434782608,2
455349,2022,-23.6298828928549,-46.7384142026239,5,kilometer,230.0,780599.0,5.0,5.0,5.0,9.0,24.0,chacara,05734-150,R  Nelson Gama De Oliveira,Vila Andrade,São Paulo,SP,5.656514492753623,2
455350,2022,-23.6216219835356,-46.7398288547827,5,kilometer,394.0,1491792.0,12.0,19.0,29.0,26.0,86.0,chacara,05640-003,Av Dr Guilherme Dumont Vilares,Jardim Londrina,São Paulo,SP,10.810086956521738,1
455351,2022,-23.620346060255,-46.7402620202108,5,kilometer,67.0,1492857.0,,0.0,3.0,0.0,3.0,chacara,05640-003,Av Dr Guilherme Dumont Vilares,Jardim Londrina,São Paulo,SP,10.817804347826087,1
455352,2022,-23.6171668252767,-46.7405168427501,5,kilometer,115.0,1013725.0,,,3.0,9.0,12.0,chacara,05640-002,Av Dr Guilherme Dumont Vilares,Jardim Londrina,São Paulo,SP,7.345833333333333,1
455353,2022,-23.617450677403,-46.737305644247,5,kilometer,167.0,1822459.0,,10.0,8.0,3.0,21.0,chacara,05641-030,R  Domingos Lopes Da Silva,Vila Suzana,São Paulo,SP,13.20622463768116,1
455354,2022,-23.6165157544314,-46.7389297280938,5,kilometer,223.0,1023241.0,7.0,5.0,10.0,7.0,29.0,chacara,05641-000,R Mal Hastinfilo De Moura,Vila Suzana,São Paulo,SP,7.414789855072463,1
455355,2022,-23.618339586864,-46.7387790630407,5,kilometer,342.0,1989774.0,17.0,10.0,27.0,29.0,83.0,chacara,05641-030,R  Domingos Lopes Da Silva,Vila Suzana,São Paulo,SP,14.418652173913044,3
455356,2022,-23.6189346916151,-46.7379196423918,5,kilometer,192.0,1959509.0,7.0,8.0,8.0,14.0,37.0,chacara,05641-070,R Prof Hilario Veiga De Carvalho,Vila Suzana,São Paulo,SP,14.199340579710144,3
455357,2022,-23.6172019053026,-46.7398712806151,5,kilometer,160.0,1272479.0,6.0,4.0,8.0,6.0,24.0,chacara,05641-060,R Desem Dalmo Do Valle Nogueira,Vila Suzana,São Paulo,SP,9.220862318840581,1
455358,2022,-23.6174739306088,-46.7387431793256,5,kilometer,364.0,2061379.0,15.0,17.0,21.0,24.0,77.0,chacara,05641-030,R  Domingos Lopes Da Silva,Vila Suzana,São Paulo,SP,14.937528985507248,3
455359,2022,-23.6185860255024,-46.7396032143364,5,kilometer,291.0,1937163.0,9.0,16.0,19.0,15.0,59.0,chacara,05641-030,R  Domingos Lopes Da Silva,Vila Suzana,São Paulo,SP,14.037413043478262,3
455360,2022,-23.6181234875489,-46.7367353632479,5,kilometer,171.0,1173145.0,5.0,7.0,11.0,7.0,30.0,chacara,05641-030,R  Domingos Lopes Da Silva,Vila Suzana,São Paulo,SP,8.501050724637683,1
455361,2022,-23.6186873323985,-46.7369395050377,5,kilometer,185.0,1454638.0,9.0,10.0,9.0,7.0,35.0,chacara,05641-110,R  Dankmar Adler,Vila Suzana,São Paulo,SP,10.540855072463767,1
455362,2022,-23.617398411796,-46.7353050402578,5,kilometer,420.0,1397697.0,19.0,13.0,20.0,13.0,65.0,chacara,05641-030,R  Domingos Lopes Da Silva,Vila Suzana,São Paulo,SP,10.128239130434782,1
455363,2022,-23.6154602229507,-46.7328155057457,5,kilometer,190.0,1631251.0,10.0,8.0,9.0,5.0,32.0,chacara,05641-021,R Dr James Ferraz Alvim,Vila Suzana,São Paulo,SP,11.820659420289855,1
455364,2022,-23.6162865258828,-46.7320827754408,5,kilometer,253.0,130396.0,8.0,9.0,8.0,13.0,38.0,chacara,05724-020,Av  Giovanni Gronchi,Vila Andrade,São Paulo,SP,9.448985507246377,2
455365,2022,-23.6177616464968,-46.7324708675073,5,kilometer,157.0,531076.0,3.0,10.0,8.0,3.0,24.0,chacara,05642-909,Av  Jose Galante,Vila Suzana,São Paulo,SP,3.848376811594203,2
455366,2022,-23.6174074792569,-46.7330352751642,5,kilometer,182.0,1138316.0,3.0,4.0,10.0,8.0,25.0,chacara,05641-020,R Dr James Ferraz Alvim,Vila Suzana,São Paulo,SP,8.248666666666667,1
455367,2022,-23.6196752816463,-46.7363984149078,5,kilometer,116.0,707525.0,5.0,5.0,5.0,6.0,21.0,chacara,05641-010,R Dr Oscar Monteiro De Barros,Vila Suzana,São Paulo,SP,5.126992753623188,2
455368,2022,-23.6205538376343,-46.73674128303809,5,kilometer,167.0,1934085.0,5.0,3.0,7.0,11.0,26.0,chacara,05642-001,Av  Jose Galante,Vila Suzana,São Paulo,SP,14.015108695652172,3
455369,2022,-23.6193391677755,-46.7355532044743,5,kilometer,410.0,1664616.0,11.0,13.0,21.0,14.0,59.0,chacara,05641-010,R Dr Oscar Monteiro De Barros,Vila Suzana,São Paulo,SP,12.062434782608696,1
455370,2022,-23.6190619906414,-46.734554932922094,5,kilometer,281.0,1618476.0,13.0,7.0,24.0,20.0,64.0,chacara,05642-000,Av  Jose Galante,Vila Suzana,São Paulo,SP,11.72808695652174,1
455371,2022,-23.6215757839098,-46.7379243378193,5,kilometer,254.0,731625.0,9.0,16.0,20.0,7.0,52.0,chacara,05642-900,Av  Jose Galante,Vila Suzana,São Paulo,SP,5.301630434782608,2
455372,2022,-23.621341214291,-46.7390158773722,5,kilometer,266.0,943185.0,6.0,19.0,17.0,11.0,53.0,chacara,05642-902,Av  Jose Galante,Vila Suzana,São Paulo,SP,6.834673913043479,1
455373,2022,-23.6225151474722,-46.7357848278627,5,kilometer,250.0,1153431.0,10.0,15.0,12.0,9.0,46.0,chacara,05642-020,R  Marcus Pereira,Vila Suzana,São Paulo,SP,8.358195652173913,1
455374,2022,-23.622211850335,-46.7348520939628,5,kilometer,226.0,1650583.0,3.0,8.0,13.0,13.0,37.0,chacara,05642-907,R  Marcus Pereira,Vila Suzana,São Paulo,SP,11.960746376811596,1
455375,2022,-23.623643721959,-46.7352300545441,5,kilometer,176.0,1298853.0,4.0,,,3.0,7.0,chacara,05642-010,R  Charles Spencer Chaplin,Vila Andrade,São Paulo,SP,9.411978260869565,1
455376,2022,-23.6223728415272,-46.7381688465515,5,kilometer,266.0,1289585.0,9.0,9.0,18.0,17.0,53.0,chacara,05640-904,Av Dr Guilherme Dumont Vilares,Jardim Londrina,São Paulo,SP,9.34481884057971,1
455377,2022,-23.6226796704871,-46.7369580699624,5,kilometer,140.0,1455822.0,6.0,10.0,5.0,,21.0,chacara,05642-904,R  Charles Spencer Chaplin,Vila Andrade,São Paulo,SP,10.549434782608696,1
455378,2022,-23.6358311377082,-46.7407487885575,5,kilometer,226.0,143215.0,18.0,15.0,20.0,18.0,71.0,chacara,05729-080,R  Alexandre Archipenko,Vila Andrade,São Paulo,SP,1.0377898550724638,2
455379,2022,-23.6365030003114,-46.7397053143588,5,kilometer,592.0,168661.0,51.0,44.0,51.0,67.0,213.0,chacara,05729-080,R  Alexandre Archipenko,Vila Andrade,São Paulo,SP,1.2221811594202898,0
455380,2022,-23.639040060779,-46.735852365966494,5,kilometer,262.0,834543.0,8.0,7.0,9.0,7.0,31.0,chacara,05717-270,R  Jose Ramon Urtiza,Vila Andrade,São Paulo,SP,6.047413043478261,2
455381,2022,-23.6382721661286,-46.7353619359022,5,kilometer,393.0,735636.0,17.0,19.0,13.0,17.0,66.0,chacara,05724-902,Av  Giovanni Gronchi,Vila Andrade,São Paulo,SP,5.330695652173913,2
455382,2022,-23.638381387151,-46.7346908711888,5,kilometer,386.0,902299.0,21.0,15.0,10.0,19.0,65.0,chacara,05724-902,Av  Giovanni Gronchi,Vila Andrade,São Paulo,SP,6.538398550724637,1
455383,2022,-23.6164414161326,-46.7233977302449,5,kilometer,1017.0,18438.0,62.0,86.0,80.0,90.0,318.0,chacara,05663-010,R  Herbert Spencer,Paraisópolis,São Paulo,SP,1.336086956521739,0
455384,2022,-23.6187769877566,-46.7227254945752,5,kilometer,359.0,240188.0,14.0,36.0,36.0,32.0,118.0,chacara,05665-120,R  Paraisopolis,Paraisópolis,São Paulo,SP,1.7404927536231884,2
455385,2022,-23.6184366412704,-46.7234428213569,5,kilometer,603.0,192307.0,31.0,58.0,48.0,77.0,214.0,chacara,05664-015,R Da Independencia,Paraisópolis,São Paulo,SP,1.3935289855072464,0
455386,2022,-23.6376910799187,-46.734607241034,5,kilometer,172.0,82523.0,9.0,6.0,4.0,9.0,28.0,chacara,05724-902,Av  Giovanni Gronchi,Vila Andrade,São Paulo,SP,5.979927536231884,2
455387,2022,-23.6332329243156,-46.7298946035158,5,kilometer,391.0,1478963.0,14.0,11.0,13.0,16.0,54.0,chacara,05717-270,R  Jose Ramon Urtiza,Vila Andrade,São Paulo,SP,10.717123188405797,1
455388,2022,-23.6348640619694,-46.7326677938702,5,kilometer,373.0,1917959.0,11.0,12.0,10.0,16.0,49.0,chacara,05717-190,R  Algemesi,Vila Andrade,São Paulo,SP,13.898253623188406,3
455389,2022,-23.6340399057146,-46.7313381103852,5,kilometer,277.0,1527523.0,17.0,9.0,11.0,16.0,53.0,chacara,05717-170,R  Alcantarilla,Vila Andrade,São Paulo,SP,11.069007246376811,1
455390,2022,-23.6360165138105,-46.735611481738,5,kilometer,292.0,1854217.0,12.0,21.0,20.0,22.0,75.0,chacara,05717-270,R  Jose Ramon Urtiza,Vila Andrade,São Paulo,SP,13.436355072463767,1
455391,2022,-23.6351149799068,-46.7344874514024,5,kilometer,431.0,1338392.0,26.0,30.0,22.0,21.0,99.0,chacara,05717-270,R  Jose Ramon Urtiza,Vila Andrade,São Paulo,SP,9.698492753623189,1
455392,2022,-23.6339349054246,-46.7344263176034,5,kilometer,266.0,1362767.0,6.0,11.0,10.0,19.0,46.0,chacara,05734-150,R  Nelson Gama De Oliveira,Vila Andrade,São Paulo,SP,9.875123188405798,1
455393,2022,-23.6349347511805,-46.7366465397156,5,kilometer,175.0,895412.0,11.0,3.0,9.0,4.0,27.0,chacara,05724-003,Av  Giovanni Gronchi,Vila Andrade,São Paulo,SP,6.488492753623189,2
455394,2022,-23.6180688530279,-46.7166998745433,5,kilometer,313.0,791821.0,10.0,14.0,14.0,31.0,69.0,chacara,05657-010,R  David Pimentel,Fazenda Morumbi,São Paulo,SP,5.737833333333334,2
455395,2022,-23.6165079073854,-46.714026635159,5,kilometer,167.0,1991429.0,,,5.0,7.0,12.0,chacara,05657-060,R  Omar Simao Racy,Fazenda Morumbi,São Paulo,SP,14.430644927536232,3
455396,2022,-23.6293114386284,-46.72206624869391,5,kilometer,236.0,2763547.0,8.0,12.0,14.0,16.0,50.0,chacara,05704-070,R  Diego De Castilho,Jardim Fonte do Morumbi,São Paulo,SP,20.025702898550726,3
455397,2022,-23.6285433941786,-46.7220856856216,5,kilometer,259.0,3151477.0,6.0,15.0,16.0,27.0,64.0,chacara,05704-080,R  Domenico Perotti,Jardim Fonte do Morumbi,São Paulo,SP,22.836789855072464,3
455398,2022,-23.6286462185026,-46.7233653567805,5,kilometer,433.0,3290146.0,15.0,22.0,28.0,31.0,96.0,chacara,05706-290,R Dep Laercio Corte,Paraíso do Morumbi,São Paulo,SP,23.84163768115942,3
455399,2022,-23.6266384329663,-46.7237565799234,5,kilometer,173.0,2120591.0,5.0,15.0,10.0,7.0,37.0,chacara,05706-290,R Dep Laercio Corte,Paraíso do Morumbi,São Paulo,SP,15.366601449275363,3
455400,2022,-23.6254828435503,-46.7229737250827,5,kilometer,273.0,1448441.0,10.0,6.0,11.0,10.0,37.0,chacara,05705-240,R  Itapacurai,Paraíso do Morumbi,São Paulo,SP,10.49594927536232,1
455401,2022,-23.6257996379984,-46.720642908339904,5,kilometer,293.0,2370098.0,26.0,30.0,23.0,17.0,96.0,chacara,05705-170,R Dr Chibata Miyakoshi,Paraíso do Morumbi,São Paulo,SP,17.174623188405796,3
455402,2022,-23.6261683544485,-46.72111834780431,5,kilometer,105.0,1032032.0,,6.0,4.0,,10.0,chacara,05705-260,R  Rafael Carrozzo,Paraíso do Morumbi,São Paulo,SP,7.478492753623188,1
455403,2022,-23.6271658934638,-46.7221027205178,5,kilometer,340.0,1837437.0,7.0,11.0,15.0,12.0,45.0,chacara,05705-150,R  Alliston,Paraíso do Morumbi,São Paulo,SP,13.314760869565216,1
455404,2022,-23.6199183176693,-46.71857915934,5,kilometer,238.0,1784171.0,12.0,19.0,13.0,15.0,59.0,chacara,05657-110,R  Pio Iv,Jardim Vitória Régia,São Paulo,SP,12.92877536231884,1
455405,2022,-23.6227127324813,-46.7174081077694,5,kilometer,250.0,111571.0,9.0,11.0,21.0,12.0,53.0,chacara,05657-090,R  Pio Ix,Jardim Vitória Régia,São Paulo,SP,8.084855072463768,2
455406,2022,-23.6226269312149,-46.7193661647049,5,kilometer,486.0,1727258.0,21.0,19.0,36.0,25.0,101.0,chacara,05657-230,R Prof Alexandre Correia,Jardim Vitória Régia,São Paulo,SP,12.516362318840581,1
455407,2022,-23.6249405429286,-46.7259645100425,5,kilometer,299.0,1298239.0,16.0,18.0,12.0,12.0,58.0,chacara,05706-290,R Dep Laercio Corte,Paraíso do Morumbi,São Paulo,SP,9.407528985507247,1
455408,2022,-23.630862265782,-46.7254914451046,5,kilometer,190.0,1837036.0,6.0,11.0,20.0,11.0,48.0,chacara,05707-001,R  Itapaiuna,Jardim Morumbi,São Paulo,SP,13.311855072463768,1
455409,2022,-23.6291831316125,-46.7198059900478,5,kilometer,197.0,2271719.0,12.0,12.0,14.0,16.0,54.0,chacara,05704-110,R  Forte William,Jardim Fonte do Morumbi,São Paulo,SP,16.46173188405797,3
455410,2022,-23.6278617475644,-46.7186521947362,5,kilometer,319.0,2316463.0,13.0,15.0,11.0,21.0,60.0,chacara,05704-140,R  Ventura Ladalardo,Jardim Fonte do Morumbi,São Paulo,SP,16.78596376811594,3
455411,2022,-23.6294878506369,-46.719042284042,5,kilometer,357.0,3209756.0,19.0,11.0,31.0,22.0,83.0,chacara,05704-110,R  Forte William,Jardim Fonte do Morumbi,São Paulo,SP,23.259101449275363,3
455412,2022,-23.6356593448811,-46.7299926793596,5,kilometer,289.0,3412523.0,14.0,19.0,28.0,23.0,84.0,chacara,05717-210,R  Almansa,Vila Andrade,São Paulo,SP,24.728427536231887,3
455413,2022,-23.6356953810497,-46.7291276846749,5,kilometer,285.0,3168839.0,11.0,20.0,27.0,23.0,81.0,chacara,05717-180,R  Algeciras,Vila Andrade,São Paulo,SP,22.96260144927536,3
455414,2022,-23.6362982225054,-46.7289427519023,5,kilometer,322.0,299516.0,7.0,19.0,30.0,37.0,93.0,chacara,05707-001,R  Itapaiuna,Jardim Morumbi,São Paulo,SP,21.704057971014493,2
455415,2022,-23.6358132126261,-46.7308456635123,5,kilometer,325.0,322601.0,14.0,30.0,39.0,25.0,108.0,chacara,05717-170,R  Alcantarilla,Vila Andrade,São Paulo,SP,23.376884057971015,2
455416,2022,-23.6364453635479,-46.7314115447893,5,kilometer,279.0,3479651.0,,9.0,25.0,29.0,63.0,chacara,05705-901,R  Itapaiuna,Jardim Morumbi,São Paulo,SP,25.21486231884058,3
455417,2022,-23.6373778781735,-46.7315247611502,5,kilometer,299.0,311620.0,6.0,16.0,25.0,41.0,88.0,chacara,05705-901,R  Itapaiuna,Jardim Morumbi,São Paulo,SP,22.581159420289854,2
455418,2022,-23.6379658713797,-46.7309309157845,5,kilometer,152.0,2972576.0,,10.0,11.0,23.0,44.0,chacara,05705-901,R  Itapaiuna,Jardim Morumbi,São Paulo,SP,21.54040579710145,3
455419,2022,-23.638331489443,-46.7301102881199,5,kilometer,277.0,275074.0,10.0,32.0,24.0,17.0,83.0,chacara,05707-000,R  Itapaiuna,Parque do Morumbi,São Paulo,SP,19.932898550724637,2
455420,2022,-23.6383632983486,-46.729196120124,5,kilometer,270.0,2383074.0,9.0,13.0,25.0,12.0,59.0,chacara,05707-000,R  Itapaiuna,Parque do Morumbi,São Paulo,SP,17.268652173913043,3
455421,2022,-23.6373333917184,-46.7292565926827,5,kilometer,272.0,1969698.0,13.0,19.0,17.0,12.0,61.0,chacara,05705-901,R  Itapaiuna,Jardim Morumbi,São Paulo,SP,14.273173913043477,3
455422,2022,-23.6339198006928,-46.7299912893026,5,kilometer,178.0,1659584.0,12.0,11.0,9.0,5.0,37.0,chacara,05717-210,R  Almansa,Vila Andrade,São Paulo,SP,12.025971014492754,1
455423,2022,-23.627664977983,-46.72856394886831,5,kilometer,313.0,1353721.0,7.0,8.0,14.0,18.0,47.0,chacara,05713-520,R  Marie Nader Calfat,Jardim Ampliação,São Paulo,SP,9.809572463768115,1
455424,2022,-23.6259346766437,-46.7301917795664,5,kilometer,391.0,1872604.0,18.0,21.0,19.0,25.0,83.0,chacara,05713-520,R  Marie Nader Calfat,Jardim Ampliação,São Paulo,SP,13.569594202898552,1
455425,2022,-23.6254272513741,-46.7278532084922,5,kilometer,539.0,748062.0,50.0,37.0,29.0,31.0,147.0,chacara,05713-530,Cm  Morumbi,Jardim Ampliação,São Paulo,SP,5.420739130434782,0
455426,2022,-23.6219848647824,-46.7314346193536,5,kilometer,162.0,1028697.0,6.0,6.0,7.0,4.0,23.0,chacara,05712-070,R Dr Jose Carlos De Toledo Piza,Jardim Parque Morumbi,São Paulo,SP,7.454326086956521,1
455427,2022,-23.6242332934375,-46.7330886509069,5,kilometer,321.0,1143379.0,14.0,8.0,8.0,8.0,38.0,chacara,05713-500,R  Iupeba,Jardim Ampliação,São Paulo,SP,8.28535507246377,1
455428,2022,-23.6252483985252,-46.729209262689,5,kilometer,294.0,1794867.0,17.0,21.0,18.0,11.0,67.0,chacara,05713-570,R Do Simbolo,Jardim Ampliação,São Paulo,SP,13.006282608695651,1
455429,2022,-23.6248231679775,-46.7317662967372,5,kilometer,201.0,7319895.0,6.0,8.0,12.0,12.0,38.0,chacara,05713-430,R  Ascencional,Jardim Ampliação,São Paulo,SP,53.04271739130434,3
455430,2022,-23.619991043623,-46.728359396826,5,kilometer,1295.0,141769.0,98.0,140.0,133.0,116.0,487.0,chacara,05665-080,R  Guaratingueta,Paraisópolis,São Paulo,SP,1.0273115942028985,0
455431,2022,-23.6184227502385,-46.731181031173904,5,kilometer,785.0,189566.0,83.0,61.0,61.0,57.0,262.0,chacara,05665-050,R Dr Francisco Degni,Paraisópolis,São Paulo,SP,1.3736666666666668,0
455432,2022,-23.6144839318154,-46.7307633031788,5,kilometer,154.0,1172766.0,6.0,5.0,6.0,16.0,33.0,chacara,05724-001,Av  Giovanni Gronchi,Vila Andrade,São Paulo,SP,8.498304347826087,1
455433,2022,-23.6123223226752,-46.7278125919548,5,kilometer,90.0,601948.0,5.0,,3.0,9.0,17.0,chacara,05661-040,R Das Goiabeiras,Paraisópolis,São Paulo,SP,4.361942028985507,2
455434,2022,-23.6369290804513,-46.7374611223186,5,kilometer,541.0,930151.0,27.0,26.0,14.0,21.0,88.0,chacara,05729-120,R  Catuti,Vila Andrade,São Paulo,SP,6.74022463768116,1
455435,2022,-23.6209572290901,-46.7258008137395,5,kilometer,800.0,148398.0,76.0,68.0,82.0,74.0,300.0,chacara,05706-340,R  Itanga,Paraíso do Morumbi,São Paulo,SP,1.0753478260869564,0
455436,2022,-23.6273280712167,-46.7278146101818,5,kilometer,224.0,145871.0,28.0,30.0,23.0,14.0,95.0,chacara,05713-530,Cm  Morumbi,Jardim Ampliação,São Paulo,SP,1.057036231884058,2
455437,2022,-23.6123132938212,-46.72709447334471,5,kilometer,1259.0,164432.0,117.0,113.0,96.0,124.0,450.0,chacara,05662-020,R Maj Jose Marioto Ferreira,Paraisópolis,São Paulo,SP,1.1915362318840579,0
455438,2022,-23.6380350745037,-46.7379765965459,5,kilometer,246.0,168247.0,19.0,22.0,16.0,14.0,71.0,chacara,05729-100,R  Campo Novo Do Sul,Vila Andrade,São Paulo,SP,1.21918115942029,2
455439,2022,-23.6213957388761,-46.7278195393295,5,kilometer,,,,,,,0.0,chacara,05712-040,R Dr Jose Augusto De Souza E Silva,Jardim Parque Morumbi,São Paulo,SP,,
455440,2022,-23.6139062229597,-46.73005113757,5,kilometer,171.0,192788.0,8.0,8.0,16.0,12.0,44.0,chacara,05663-030,R  Afonso Dos Santos,Paraisópolis,São Paulo,SP,1.3970144927536232,2
455441,2022,-23.6136720364868,-46.7295415389364,5,kilometer,287.0,589646.0,16.0,13.0,16.0,8.0,53.0,chacara,05663-020,R  Manoel Antonio Pinto,Paraisópolis,São Paulo,SP,4.272797101449275,2
455442,2022,-23.6213908658444,-46.7268573324215,5,kilometer,404.0,223165.0,18.0,33.0,34.0,47.0,132.0,chacara,05712-010,R Dr Antonio F. De Castilho Filho,Jardim Parque Morumbi,São Paulo,SP,1.6171376811594202,2
455443,2022,-23.6181595956081,-46.7458290518542,5,kilometer,695.0,338061.0,41.0,39.0,44.0,42.0,166.0,chacara,05749-330,R  Miguel Masi Neto,Jardim das Palmas,São Paulo,SP,2.4497173913043477,0
455444,2022,-23.6181445426477,-46.747243942628,5,kilometer,568.0,295497.0,39.0,44.0,41.0,23.0,147.0,chacara,05749-330,R  Miguel Masi Neto,Jardim das Palmas,São Paulo,SP,2.141282608695652,0
455445,2022,-23.6212904328713,-46.7463389397957,5,kilometer,407.0,368825.0,23.0,27.0,22.0,27.0,99.0,chacara,05749-300,R  Jose Maria Pinto Zilli,Jardim das Palmas,São Paulo,SP,2.672644927536232,2
455446,2022,-23.6195920222833,-46.7477079445891,5,kilometer,388.0,281902.0,23.0,23.0,28.0,28.0,102.0,chacara,05749-340,R  Silvio Delmar Hollenbach,Jardim das Palmas,São Paulo,SP,2.042768115942029,2
455447,2022,-23.6284739858743,-46.7410619940957,5,kilometer,383.0,1374747.0,21.0,28.0,36.0,20.0,105.0,chacara,05727-180,R  Cidade De Rio Pardo,Vila Andrade,São Paulo,SP,9.961934782608695,1
455448,2022,-23.6293117742911,-46.74081821722,5,kilometer,241.0,1184456.0,7.0,13.0,8.0,14.0,42.0,chacara,05734-150,R  Nelson Gama De Oliveira,Vila Andrade,São Paulo,SP,8.583014492753623,1
455449,2022,-23.6260250814183,-46.73274975681969,5,kilometer,466.0,1852536.0,24.0,24.0,23.0,28.0,99.0,chacara,05713-420,R  Antonio Aggio,Jardim Ampliação,São Paulo,SP,13.424173913043479,1
455450,2022,-23.6285095417329,-46.7317511110032,5,kilometer,353.0,1129063.0,13.0,17.0,18.0,14.0,62.0,chacara,05713-420,R  Antonio Aggio,Jardim Ampliação,São Paulo,SP,8.181615942028985,1
455451,2022,-23.6227850195865,-46.7293171267758,5,kilometer,509.0,951645.0,27.0,34.0,25.0,25.0,111.0,chacara,05712-020,R Dr Carlos Aldrovandi,Jardim Parque Morumbi,São Paulo,SP,6.8959782608695654,1
455452,2022,-23.6223286404237,-46.7301525042673,5,kilometer,312.0,776716.0,27.0,11.0,20.0,13.0,71.0,chacara,05712-020,R Dr Carlos Aldrovandi,Jardim Parque Morumbi,São Paulo,SP,5.628376811594203,2
455453,2022,-23.6266877161267,-46.7342920598985,5,kilometer,450.0,196768.0,18.0,18.0,36.0,13.0,85.0,chacara,05716-080,R  Itamira,Vila Andrade,São Paulo,SP,14.258550724637681,2
455454,2022,-23.6283843648231,-46.7342736072342,5,kilometer,560.0,1438926.0,6.0,19.0,10.0,17.0,52.0,chacara,05716-110,R  Iubatinga,Vila Andrade,São Paulo,SP,10.427,1
455455,2022,-23.6315476884213,-46.7333773856325,5,kilometer,579.0,1884326.0,16.0,20.0,37.0,39.0,112.0,chacara,05716-090,R  Itapimirum,Vila Andrade,São Paulo,SP,13.654536231884057,1
455456,2022,-23.63302637254,-46.7328762989617,5,kilometer,640.0,1853334.0,19.0,29.0,58.0,56.0,162.0,chacara,05716-090,R  Itapimirum,Vila Andrade,São Paulo,SP,13.42995652173913,1
455457,2022,-23.632943400546,-46.7344563953025,5,kilometer,321.0,3237641.0,11.0,18.0,30.0,36.0,95.0,chacara,05716-120,R  Iuru,Vila Andrade,São Paulo,SP,23.461166666666667,3
455458,2022,-23.6314292701093,-46.7340928364142,5,kilometer,344.0,1934199.0,18.0,16.0,41.0,27.0,102.0,chacara,05716-090,R  Itapimirum,Vila Andrade,São Paulo,SP,14.015934782608698,3
455459,2022,-23.6396992853123,-46.74296656040711,5,kilometer,426.0,357625.0,13.0,14.0,19.0,20.0,66.0,chacara,05731-320,R  Francisco Xavier Cabral,Vila Ernesto,São Paulo,SP,2.591485507246377,2
455460,2022,-23.6281851404447,-46.74339367183671,5,kilometer,612.0,1694565.0,44.0,65.0,59.0,25.0,193.0,chacara,05726-140,R  Nicola Rollo,Vila Andrade,São Paulo,SP,12.279456521739132,1
455461,2022,-23.6267357851288,-46.7431389177701,5,kilometer,531.0,1256225.0,37.0,25.0,19.0,12.0,93.0,chacara,05726-100,R  Francisco Jose Da Silva,Vila Andrade,São Paulo,SP,9.103079710144927,1
455462,2022,-23.6228711268647,-46.7395212288377,5,kilometer,538.0,2021861.0,46.0,50.0,41.0,22.0,159.0,chacara,05726-130,R  Jose Da Silva Ribeiro,Vila Andrade,São Paulo,SP,14.651166666666667,3
455463,2022,-23.6248821904826,-46.7405088687926,5,kilometer,630.0,1677544.0,49.0,43.0,40.0,29.0,161.0,chacara,05726-130,R  Jose Da Silva Ribeiro,Vila Andrade,São Paulo,SP,12.156115942028984,1
455464,2022,-23.6237856940264,-46.7393140529135,5,kilometer,152.0,1805893.0,5.0,6.0,5.0,13.0,29.0,chacara,05727-250,R  Jose Goncalves,Vila Andrade,São Paulo,SP,13.08618115942029,1
455465,2022,-23.6248916480945,-46.7396503471979,5,kilometer,498.0,1027045.0,20.0,29.0,21.0,15.0,85.0,chacara,05727-250,R  Jose Goncalves,Vila Andrade,São Paulo,SP,7.442355072463768,1
455466,2022,-23.6256761633508,-46.7397107113587,5,kilometer,625.0,1590101.0,63.0,64.0,36.0,28.0,191.0,chacara,05727-250,R  Jose Goncalves,Vila Andrade,São Paulo,SP,11.522471014492753,1
455467,2022,-23.6272428022139,-46.7297293338476,5,kilometer,271.0,871197.0,12.0,13.0,3.0,8.0,36.0,chacara,05713-520,R  Marie Nader Calfat,Jardim Ampliação,São Paulo,SP,6.313021739130434,2
455468,2022,-23.6277232941092,-46.7292809242086,5,kilometer,478.0,1352892.0,13.0,10.0,10.0,8.0,41.0,chacara,05713-510,R  Lydia Damus Maksoud,Jardim Ampliação,São Paulo,SP,9.803565217391304,1
455469,2022,-23.6305809695388,-46.7326941542749,5,kilometer,396.0,2012152.0,22.0,29.0,18.0,22.0,91.0,chacara,05715-040,R  Itatupa,Vila Andrade,São Paulo,SP,14.580811594202899,3
455470,2022,-23.6276353874481,-46.7333418216675,5,kilometer,164.0,1197368.0,6.0,4.0,10.0,8.0,28.0,chacara,05716-080,R  Itamira,Vila Andrade,São Paulo,SP,8.676579710144928,1
455471,2022,-23.6303339479874,-46.73125325586,5,kilometer,262.0,1234921.0,7.0,11.0,13.0,11.0,42.0,chacara,05715-030,R  Itapecoca,Vila Andrade,São Paulo,SP,8.948702898550724,1
455472,2022,-23.6315931534026,-46.729544825775,5,kilometer,491.0,3435872.0,24.0,59.0,63.0,33.0,179.0,chacara,05717-230,R  Fabio Lopes Dos Santos Luz,Vila Andrade,São Paulo,SP,24.8976231884058,3
455473,2022,-23.6307853330525,-46.7318042523652,5,kilometer,284.0,2091469.0,7.0,16.0,18.0,13.0,54.0,chacara,05715-030,R  Itapecoca,Vila Andrade,São Paulo,SP,15.155572463768115,3
455474,2022,-23.628200374536,-46.73006873479991,5,kilometer,393.0,1525041.0,11.0,12.0,12.0,19.0,54.0,chacara,05713-410,R Do Angulo,Jardim Ampliação,São Paulo,SP,11.051021739130436,1
455475,2022,-23.6288625820057,-46.729570225308,5,kilometer,356.0,1068349.0,13.0,16.0,4.0,6.0,39.0,chacara,05713-520,R  Marie Nader Calfat,Jardim Ampliação,São Paulo,SP,7.741659420289855,1
455476,2022,-23.6195960519686,-46.7324097093277,5,kilometer,347.0,1105495.0,12.0,10.0,16.0,16.0,54.0,chacara,05724-003,Av  Giovanni Gronchi,Vila Andrade,São Paulo,SP,8.010833333333334,1
455477,2022,-23.6201628614552,-46.731556349346896,5,kilometer,730.0,861212.0,46.0,57.0,44.0,40.0,187.0,chacara,05665-010,R Dr Laerte Setubal,Vila Suzana,São Paulo,SP,6.240666666666667,0
455478,2022,-23.6204715125547,-46.7308971292937,5,kilometer,774.0,820151.0,67.0,71.0,39.0,50.0,227.0,chacara,05712-070,R Dr Jose Carlos De Toledo Piza,Jardim Parque Morumbi,São Paulo,SP,5.943123188405798,0
455479,2022,-23.6212432758277,-46.7314318940832,5,kilometer,733.0,904754.0,53.0,53.0,40.0,36.0,182.0,chacara,05712-070,R Dr Jose Carlos De Toledo Piza,Jardim Parque Morumbi,São Paulo,SP,6.556188405797102,0
455480,2022,-23.6208077765738,-46.7318572567062,5,kilometer,756.0,815203.0,56.0,51.0,47.0,47.0,201.0,chacara,05665-010,R Dr Laerte Setubal,Vila Suzana,São Paulo,SP,5.907268115942029,0
455481,2022,-23.6224243338043,-46.7327381399953,5,kilometer,341.0,830922.0,5.0,8.0,8.0,10.0,31.0,chacara,05713-460,R  Frederico Guarinon,Jardim Ampliação,São Paulo,SP,6.021173913043477,2
455482,2022,-23.6237492340787,-46.7321381305226,5,kilometer,158.0,849944.0,3.0,,,3.0,6.0,chacara,05713-430,R  Ascencional,Jardim Ampliação,São Paulo,SP,6.159014492753624,2
455483,2022,-23.624197574069,-46.7315301405317,5,kilometer,323.0,1530901.0,15.0,16.0,16.0,7.0,54.0,chacara,05713-460,R  Frederico Guarinon,Jardim Ampliação,São Paulo,SP,11.093485507246378,1
455484,2022,-23.6369069909284,-46.7354015632878,5,kilometer,410.0,1336006.0,8.0,16.0,13.0,18.0,55.0,chacara,05717-200,R  Almaden,Vila Andrade,São Paulo,SP,9.681202898550724,1
455485,2022,-23.6355569609847,-46.7337019805817,5,kilometer,235.0,164712.0,18.0,11.0,11.0,12.0,52.0,chacara,05717-190,R  Algemesi,Vila Andrade,São Paulo,SP,11.935652173913043,2
455486,2022,-23.6329840604765,-46.726761749588,5,kilometer,399.0,348125.0,22.0,18.0,42.0,33.0,115.0,chacara,05707-001,R  Itapaiuna,Jardim Morumbi,São Paulo,SP,25.22644927536232,2
455487,2022,-23.6342294650082,-46.7250686178666,5,kilometer,293.0,2447772.0,6.0,8.0,,3.0,17.0,chacara,05706-290,R Dep Laercio Corte,Paraíso do Morumbi,São Paulo,SP,17.737478260869565,3
455488,2022,-23.6286060822561,-46.7203952552522,5,kilometer,702.0,2333827.0,37.0,34.0,41.0,30.0,142.0,chacara,05704-140,R  Ventura Ladalardo,Jardim Fonte do Morumbi,São Paulo,SP,16.911789855072463,3
455489,2022,-23.6275184240447,-46.7198009858871,5,kilometer,324.0,2072213.0,33.0,23.0,15.0,13.0,84.0,chacara,05704-140,R  Ventura Ladalardo,Jardim Fonte do Morumbi,São Paulo,SP,15.016036231884058,3
455490,2022,-23.6278687271719,-46.7186737088922,5,kilometer,296.0,1297361.0,8.0,6.0,,7.0,21.0,chacara,05704-140,R  Ventura Ladalardo,Jardim Fonte do Morumbi,São Paulo,SP,9.401166666666667,1
455491,2022,-23.6184044053597,-46.742666951793,5,kilometer,272.0,2126465.0,11.0,8.0,22.0,18.0,59.0,chacara,05709-010,R Dr Jose De Andrade Figueira,Vila Suzana,São Paulo,SP,15.409166666666668,3
455492,2022,-23.6162628519897,-46.7423103340994,5,kilometer,434.0,1711069.0,32.0,27.0,17.0,16.0,92.0,chacara,05709-010,R Dr Jose De Andrade Figueira,Vila Suzana,São Paulo,SP,12.39905072463768,1
455493,2022,-23.6159694243282,-46.7403272814858,5,kilometer,191.0,939114.0,4.0,9.0,11.0,9.0,33.0,chacara,05640-001,Av Dr Guilherme Dumont Vilares,Jardim Londrina,São Paulo,SP,6.805173913043478,1
455494,2022,-23.6190196520637,-46.7401599582514,5,kilometer,316.0,1290857.0,11.0,7.0,9.0,9.0,36.0,chacara,05641-060,R Desem Dalmo Do Valle Nogueira,Vila Suzana,São Paulo,SP,9.354036231884058,1
455495,2022,-23.6276995996886,-46.7402559401344,5,kilometer,690.0,1638216.0,28.0,58.0,62.0,62.0,210.0,chacara,05727-190,R  Clodion,Vila Andrade,São Paulo,SP,11.871130434782609,1
455496,2022,-23.6283033644427,-46.7423993047898,5,kilometer,472.0,1914286.0,30.0,48.0,61.0,33.0,172.0,chacara,05727-230,R  Francisco Pessoa,Vila Andrade,São Paulo,SP,13.87163768115942,1
455498,2022,-23.6274779105843,-46.7384725689133,5,kilometer,237.0,2339442.0,18.0,16.0,14.0,17.0,65.0,chacara,05727-240,R  Jose De Oliveira Coelho,Vila Andrade,São Paulo,SP,16.952478260869565,3
455499,2022,-23.6299519485946,-46.7419804436389,5,kilometer,144.0,841833.0,5.0,4.0,,6.0,15.0,chacara,05728-030,R  Carvalho De Freitas,Vila Andrade,São Paulo,SP,6.100239130434782,2
455500,2022,-23.6299970611329,-46.7424164990086,5,kilometer,444.0,1170825.0,43.0,26.0,12.0,13.0,94.0,chacara,05734-150,R  Nelson Gama De Oliveira,Vila Andrade,São Paulo,SP,8.484239130434782,1
455501,2022,-23.6295322280209,-46.743169914070094,5,kilometer,418.0,1145463.0,38.0,17.0,18.0,13.0,86.0,chacara,05728-050,R  Catarinenses,Vila Andrade,São Paulo,SP,8.30045652173913,1
455502,2022,-23.6313343642712,-46.7415448073246,5,kilometer,89.0,151250.0,10.0,5.0,7.0,3.0,25.0,chacara,05728-050,R  Catarinenses,Vila Andrade,São Paulo,SP,10.960144927536232,2
455503,2022,-23.6397195092354,-46.7354246500574,5,kilometer,626.0,144823.0,39.0,56.0,43.0,40.0,178.0,chacara,05724-005,Av  Giovanni Gronchi,Vila Andrade,São Paulo,SP,10.494420289855071,0
455504,2022,-23.6403011265422,-46.7347556704217,5,kilometer,613.0,1508176.0,60.0,42.0,38.0,31.0,171.0,chacara,05724-005,Av  Giovanni Gronchi,Vila Andrade,São Paulo,SP,10.928811594202898,1
455506,2022,-23.6409957506307,-46.7304017474874,5,kilometer,867.0,234929.0,44.0,54.0,56.0,77.0,231.0,chacara,05707-001,R  Itapaiuna,Jardim Morumbi,São Paulo,SP,1.7023840579710146,0
455507,2022,-23.6433722204999,-46.728231840959,5,kilometer,188.0,209625.0,13.0,7.0,7.0,16.0,43.0,chacara,05707-000,R  Itapaiuna,Parque do Morumbi,São Paulo,SP,1.5190217391304348,2
455508,2022,-23.621554847999,-46.7429294086371,5,kilometer,684.0,1581969.0,56.0,47.0,53.0,38.0,194.0,chacara,05711-001,R Dr Luiz Migliano,Jardim Caboré,São Paulo,SP,11.46354347826087,1
455509,2022,-23.6248663403162,-46.7416951430668,5,kilometer,588.0,831747.0,43.0,27.0,18.0,18.0,106.0,chacara,05726-130,R  Jose Da Silva Ribeiro,Vila Andrade,São Paulo,SP,6.027152173913043,0
455510,2022,-23.6251780133975,-46.7424924668989,5,kilometer,600.0,1034788.0,41.0,35.0,22.0,23.0,121.0,chacara,05726-130,R  Jose Da Silva Ribeiro,Vila Andrade,São Paulo,SP,7.498463768115942,0
455511,2022,-23.6193296469733,-46.7436652397806,5,kilometer,622.0,938408.0,44.0,32.0,30.0,24.0,130.0,chacara,05750-260,R  Jose Arzao,Vila Praia,São Paulo,SP,6.800057971014493,0
455512,2022,-23.619704518394,-46.7447418346044,5,kilometer,729.0,900813.0,57.0,31.0,35.0,30.0,153.0,chacara,05750-260,R  Jose Arzao,Vila Praia,São Paulo,SP,6.527630434782608,0
455513,2022,-23.6240113446227,-46.7431888317596,5,kilometer,404.0,1253819.0,22.0,23.0,18.0,8.0,71.0,chacara,05734-140,R  Joao Simoes De Souza,Parque Reboucas,São Paulo,SP,9.085644927536233,1
455514,2022,-23.6230425467285,-46.7416212838165,5,kilometer,432.0,108956.0,24.0,23.0,18.0,18.0,83.0,chacara,05726-110,R  Jose Coimbra,Vila Andrade,São Paulo,SP,7.89536231884058,2
455515,2022,-23.6231115919158,-46.7433159859002,5,kilometer,737.0,1401677.0,75.0,57.0,43.0,30.0,205.0,chacara,05734-140,R  Joao Simoes De Souza,Parque Reboucas,São Paulo,SP,10.157079710144927,0
455516,2022,-23.6227829126409,-46.7434845074956,5,kilometer,294.0,1444456.0,30.0,28.0,19.0,17.0,94.0,chacara,05711-001,R Dr Luiz Migliano,Jardim Caboré,São Paulo,SP,10.467072463768115,1
455517,2022,-23.6264858534304,-46.74412174341089,5,kilometer,798.0,908244.0,65.0,48.0,48.0,36.0,197.0,chacara,05726-130,R  Jose Da Silva Ribeiro,Vila Andrade,São Paulo,SP,6.581478260869566,0
455518,2022,-23.6252493595885,-46.7432187857896,5,kilometer,516.0,871869.0,32.0,23.0,27.0,13.0,95.0,chacara,05734-140,R  Joao Simoes De Souza,Parque Reboucas,São Paulo,SP,6.317891304347826,1
455519,2022,-23.6245470571783,-46.743839727802,5,kilometer,386.0,85235.0,18.0,22.0,14.0,12.0,66.0,chacara,05734-140,R  Joao Simoes De Souza,Parque Reboucas,São Paulo,SP,6.176449275362319,2
455520,2022,-23.6238020351398,-46.7452896672739,5,kilometer,298.0,876101.0,32.0,12.0,8.0,11.0,63.0,chacara,05734-040,R  Cascado,Vila Andrade,São Paulo,SP,6.348557971014493,1
455521,2022,-23.6222161906348,-46.7446988834948,5,kilometer,543.0,910887.0,24.0,37.0,27.0,28.0,116.0,chacara,05749-300,R  Jose Maria Pinto Zilli,Jardim das Palmas,São Paulo,SP,6.60063043478261,1
455522,2022,-23.622613850304,-46.7457668195355,5,kilometer,679.0,761497.0,41.0,39.0,36.0,36.0,152.0,chacara,05749-350,R  Matriz De Camaragibe,Jardim das Palmas,São Paulo,SP,5.518094202898551,0
455523,2022,-23.6237119601017,-46.7201777285303,5,kilometer,705.0,170474.0,41.0,59.0,57.0,54.0,211.0,chacara,05657-230,R Prof Alexandre Correia,Jardim Vitória Régia,São Paulo,SP,12.353188405797102,0
455524,2022,-23.6233337085453,-46.7214021248908,5,kilometer,697.0,1709541.0,45.0,71.0,60.0,42.0,218.0,chacara,05705-270,R  Leonardo Cerveira Varandas,Paraíso do Morumbi,São Paulo,SP,12.387978260869565,1
455525,2022,-23.6357049555332,-46.732214340304495,5,kilometer,340.0,1642267.0,11.0,11.0,21.0,17.0,60.0,chacara,05717-170,R  Alcantarilla,Vila Andrade,São Paulo,SP,11.900485507246376,1
455526,2022,-23.6381883882854,-46.7299586325248,5,kilometer,152.0,1898989.0,,12.0,7.0,7.0,26.0,chacara,05707-000,R  Itapaiuna,Parque do Morumbi,São Paulo,SP,13.760789855072463,3
455527,2022,-23.6345235878321,-46.738945117033296,5,kilometer,249.0,767875.0,17.0,13.0,12.0,15.0,57.0,chacara,05728-030,R  Carvalho De Freitas,Vila Andrade,São Paulo,SP,5.5643115942028984,2
455528,2022,-23.6337114888988,-46.7381231542897,5,kilometer,265.0,932958.0,9.0,23.0,13.0,8.0,53.0,chacara,05729-090,R  Alexandre Benois,Vila Andrade,São Paulo,SP,6.760565217391305,1
455529,2022,-23.6327026686674,-46.7387240502403,5,kilometer,174.0,747363.0,6.0,,4.0,4.0,14.0,chacara,05730-170,R  Maria Jose Da Conceicao,Vila Andrade,São Paulo,SP,5.415673913043478,2
455530,2022,-23.6321689450854,-46.7383095232294,5,kilometer,247.0,58951.0,15.0,14.0,11.0,12.0,52.0,chacara,05729-090,R  Alexandre Benois,Vila Andrade,São Paulo,SP,4.271811594202899,2
455531,2022,-23.6315928445119,-46.7397276316874,5,kilometer,440.0,1695069.0,36.0,29.0,19.0,14.0,98.0,chacara,05728-040,R  Castelhano,Vila Andrade,São Paulo,SP,12.283108695652173,1
455532,2022,-23.6306981359262,-46.7398698111136,5,kilometer,385.0,1267315.0,29.0,22.0,21.0,11.0,83.0,chacara,05728-030,R  Carvalho De Freitas,Vila Andrade,São Paulo,SP,9.183442028985507,1
455533,2022,-23.6300834998199,-46.7395481997306,5,kilometer,557.0,1159954.0,46.0,47.0,24.0,25.0,142.0,chacara,05734-150,R  Nelson Gama De Oliveira,Vila Andrade,São Paulo,SP,8.405463768115943,1
455534,2022,-23.6314725695739,-46.7374103581402,5,kilometer,200.0,977405.0,9.0,8.0,9.0,9.0,35.0,chacara,05724-002,Av  Giovanni Gronchi,Vila Andrade,São Paulo,SP,7.082644927536231,1
455535,2022,-23.6355489099909,-46.7398068542916,5,kilometer,470.0,469292.0,38.0,39.0,26.0,29.0,132.0,chacara,05729-080,R  Alexandre Archipenko,Vila Andrade,São Paulo,SP,3.4006666666666665,2
455536,2022,-23.6283371038371,-46.7400333642603,5,kilometer,566.0,1277997.0,35.0,29.0,25.0,24.0,113.0,chacara,05727-230,R  Francisco Pessoa,Vila Andrade,São Paulo,SP,9.260847826086955,1
455537,2022,-23.6285480127013,-46.738256434907,5,kilometer,381.0,1556202.0,21.0,37.0,25.0,18.0,101.0,chacara,05727-160,R  Aureliano Guimaraes,Vila Andrade,São Paulo,SP,11.276826086956522,1
455538,2022,-23.6213488826892,-46.7189927487066,5,kilometer,127.0,130751.0,3.0,8.0,,10.0,21.0,chacara,05657-080,R  Pio Ii,Jardim Vitória Régia,São Paulo,SP,9.474710144927537,2
455539,2022,-23.6195629101576,-46.7413831901984,5,kilometer,334.0,1583076.0,7.0,6.0,14.0,14.0,41.0,chacara,05709-050,R  Samia Haddad,Vila Suzana,São Paulo,SP,11.471565217391305,1
455540,2022,-23.6212776072815,-46.7408372987808,5,kilometer,303.0,3465259.0,32.0,32.0,20.0,15.0,99.0,chacara,05709-040,R  Raimundo Simao De Souza,Vila Suzana,São Paulo,SP,25.110572463768115,3
455541,2022,-23.62081030939,-46.7415494390993,5,kilometer,574.0,2815771.0,58.0,44.0,46.0,23.0,171.0,chacara,05709-040,R  Raimundo Simao De Souza,Vila Suzana,São Paulo,SP,20.40413768115942,3
455542,2022,-23.6207868331042,-46.7475335466592,5,kilometer,454.0,612493.0,38.0,25.0,18.0,27.0,108.0,chacara,05749-290,R  Joaquim Roseira,Jardim Novo Taboão,São Paulo,SP,4.438355072463768,2
455543,2022,-23.6216136006054,-46.747142776499,5,kilometer,473.0,482361.0,37.0,24.0,31.0,23.0,115.0,chacara,05749-290,R  Joaquim Roseira,Jardim Novo Taboão,São Paulo,SP,3.4953695652173913,2
455544,2022,-23.6175530471962,-46.7213808250745,5,kilometer,461.0,207977.0,26.0,28.0,42.0,49.0,145.0,chacara,05665-000,R  Treze De Maio,Paraisópolis,São Paulo,SP,1.5070797101449276,2
455545,2022,-23.6176624644802,-46.7220585317946,5,kilometer,597.0,244614.0,42.0,41.0,40.0,60.0,183.0,chacara,05664-015,R Da Independencia,Paraisópolis,São Paulo,SP,1.7725652173913042,0
455546,2022,-23.6417093883016,-46.7331868957172,5,kilometer,297.0,251978.0,19.0,25.0,19.0,22.0,85.0,chacara,05723-400,R  Manuel Homem De Andrade,Jardim Santo Antônio,São Paulo,SP,1.8259275362318843,2
455547,2022,-23.6209905062385,-46.7285147319074,5,kilometer,406.0,191079.0,48.0,41.0,35.0,26.0,150.0,chacara,05712-040,R Dr Jose Augusto De Souza E Silva,Jardim Parque Morumbi,São Paulo,SP,1.3846304347826086,2
455548,2022,-23.6207261043226,-46.7289338882371,5,kilometer,153.0,246856.0,13.0,11.0,13.0,17.0,54.0,chacara,05712-040,R Dr Jose Augusto De Souza E Silva,Jardim Parque Morumbi,São Paulo,SP,1.7888115942028986,2
455549,2022,-23.6206495431049,-46.7280496568749,5,kilometer,319.0,245397.0,16.0,25.0,36.0,36.0,113.0,chacara,05712-030,R Dr Jeronimo De Campos Freire,Jardim Parque Morumbi,São Paulo,SP,1.7782391304347824,2
455550,2022,-23.6180116056391,-46.7270326585894,5,kilometer,651.0,16235.0,47.0,60.0,56.0,53.0,216.0,chacara,05660-000,R  Pasquale Gallupi,Paraisópolis,São Paulo,SP,1.1764492753623188,0
455551,2022,-23.6176436394122,-46.7281151335673,5,kilometer,527.0,169056.0,41.0,43.0,44.0,55.0,183.0,chacara,05664-010,R Das Jangadas,Paraisópolis,São Paulo,SP,1.2250434782608695,0
455552,2022,-23.6181545511289,-46.7280735140457,5,kilometer,790.0,166023.0,59.0,58.0,58.0,84.0,259.0,chacara,05665-020,R  Ricardo Avenarius,Paraisópolis,São Paulo,SP,1.2030652173913043,0
455553,2022,-23.617608419521,-46.7226842919937,5,kilometer,336.0,179587.0,21.0,24.0,29.0,24.0,98.0,chacara,05665-120,R  Paraisopolis,Paraisópolis,São Paulo,SP,1.3013550724637681,2
455554,2022,-23.6173312112382,-46.7237277887335,5,kilometer,533.0,191224.0,36.0,49.0,43.0,60.0,188.0,chacara,05664-000,R  Melchior Giola,Paraisópolis,São Paulo,SP,1.3856811594202898,0
455555,2022,-23.6201202420528,-46.7260951984924,5,kilometer,1435.0,182346.0,91.0,95.0,109.0,115.0,410.0,chacara,05665-030,R  Wilson,Paraisópolis,São Paulo,SP,1.3213478260869564,0
455556,2022,-23.6205764802251,-46.7246181285927,5,kilometer,646.0,229274.0,31.0,43.0,50.0,44.0,168.0,chacara,05659-020,R  Ernest Renan,Paraisópolis,São Paulo,SP,1.661405797101449,0
455557,2022,-23.6146155220334,-46.721754643167294,5,kilometer,593.0,149123.0,44.0,57.0,48.0,59.0,208.0,chacara,05665-000,R  Iratinga,Paraisópolis,São Paulo,SP,1.0806014492753624,0
455558,2022,-23.6146641179363,-46.7208419546683,5,kilometer,809.0,165209.0,68.0,88.0,73.0,66.0,295.0,chacara,05663-020,R  Manoel Antonio Pinto,Paraisópolis,São Paulo,SP,1.1971666666666667,0
455559,2022,-23.6145324611797,-46.7200693621497,5,kilometer,872.0,165529.0,68.0,78.0,73.0,87.0,306.0,chacara,05656-010,R  Albuquerque Lins,Fazenda Morumbi,São Paulo,SP,1.1994855072463768,0
455560,2022,-23.6194130329731,-46.7309399121408,5,kilometer,416.0,189334.0,34.0,30.0,29.0,38.0,131.0,chacara,05665-030,R  Wilson,Paraisópolis,São Paulo,SP,1.3719855072463767,2
455561,2022,-23.6197766977576,-46.7307074048718,5,kilometer,548.0,167168.0,45.0,51.0,42.0,41.0,179.0,chacara,05665-130,R Cel Pedro Arbues,Paraisópolis,São Paulo,SP,1.2113623188405798,0
455562,2022,-23.6187343103875,-46.7305706412326,5,kilometer,924.0,139775.0,65.0,89.0,67.0,91.0,312.0,chacara,05665-020,R  Ricardo Avenarius,Paraisópolis,São Paulo,SP,1.0128623188405796,0
455563,2022,-23.6188206911007,-46.7294664216673,5,kilometer,1089.0,150563.0,69.0,104.0,93.0,99.0,365.0,chacara,05665-020,R  Ricardo Avenarius,Paraisópolis,São Paulo,SP,1.091036231884058,0
455564,2022,-23.6178174139767,-46.7302147587072,5,kilometer,762.0,157576.0,60.0,72.0,58.0,78.0,268.0,chacara,05665-010,R Dr Laerte Setubal,Vila Suzana,São Paulo,SP,1.1418550724637682,0
455565,2022,-23.6178114286526,-46.7293243614583,5,kilometer,1124.0,164829.0,89.0,96.0,74.0,107.0,366.0,chacara,05664-010,R Das Jangadas,Paraisópolis,São Paulo,SP,1.194413043478261,0
455566,2022,-23.617001452305,-46.7280162196188,5,kilometer,984.0,16661.0,78.0,78.0,84.0,81.0,321.0,chacara,05664-000,R  Melchior Giola,Paraisópolis,São Paulo,SP,1.2073188405797102,0
455567,2022,-23.6169813062179,-46.7270222584344,5,kilometer,638.0,180166.0,63.0,61.0,50.0,54.0,228.0,chacara,05660-000,R  Pasquale Gallupi,Paraisópolis,São Paulo,SP,1.3055507246376812,0
455568,2022,-23.6160480256139,-46.7269821170774,5,kilometer,625.0,158066.0,47.0,52.0,44.0,60.0,203.0,chacara,05663-010,R  Herbert Spencer,Paraisópolis,São Paulo,SP,1.1454057971014493,0
455569,2022,-23.6159787613893,-46.7280191931483,5,kilometer,1169.0,168038.0,105.0,98.0,73.0,119.0,395.0,chacara,05663-010,R  Herbert Spencer,Paraisópolis,São Paulo,SP,1.2176666666666667,0
455570,2022,-23.6150237474916,-46.7277442256213,5,kilometer,894.0,149748.0,58.0,59.0,66.0,86.0,269.0,chacara,05663-000,R  Rudolf Lotze,Paraisópolis,São Paulo,SP,1.0851304347826087,0
455571,2022,-23.6150774662947,-46.7266936619759,5,kilometer,705.0,158775.0,51.0,55.0,37.0,46.0,189.0,chacara,05660-000,R  Pasquale Gallupi,Paraisópolis,São Paulo,SP,1.1505434782608697,0
455572,2022,-23.6147887370344,-46.7299093980422,5,kilometer,937.0,164308.0,64.0,60.0,71.0,68.0,263.0,chacara,05663-030,R  Afonso Dos Santos,Paraisópolis,São Paulo,SP,1.1906376811594201,0
455573,2022,-23.6148420209723,-46.7288919093997,5,kilometer,1323.0,160386.0,125.0,123.0,113.0,88.0,449.0,chacara,05663-000,R  Rudolf Lotze,Paraisópolis,São Paulo,SP,1.1622173913043476,0
455574,2022,-23.6139001663932,-46.7285250144578,5,kilometer,1967.0,171017.0,153.0,172.0,172.0,159.0,656.0,chacara,05661-070,R  Piracicaba,Paraisópolis,São Paulo,SP,1.239253623188406,0
455575,2022,-23.6140975097998,-46.7270666868744,5,kilometer,1496.0,160593.0,134.0,130.0,117.0,112.0,493.0,chacara,05663-000,R  Rudolf Lotze,Paraisópolis,São Paulo,SP,1.163717391304348,0
455576,2022,-23.612920890989,-46.7284302363352,5,kilometer,845.0,166894.0,80.0,85.0,88.0,74.0,327.0,chacara,05661-070,R  Piracicaba,Paraisópolis,São Paulo,SP,1.209376811594203,0
455577,2022,-23.6130335287293,-46.727529573614,5,kilometer,1686.0,147531.0,160.0,166.0,155.0,138.0,619.0,chacara,05663-020,R  Manoel Antonio Pinto,Paraisópolis,São Paulo,SP,1.0690652173913042,0
455578,2022,-23.6130514618883,-46.726507055212,5,kilometer,1130.0,153855.0,68.0,115.0,82.0,99.0,364.0,chacara,05660-000,R  Pasquale Gallupi,Paraisópolis,São Paulo,SP,1.1148913043478261,0
455579,2022,-23.6141944397563,-46.7258226063924,5,kilometer,1032.0,162533.0,102.0,118.0,61.0,60.0,341.0,chacara,05660-000,R  Pasquale Gallupi,Paraisópolis,São Paulo,SP,1.1777753623188405,0
455580,2022,-23.6142968545877,-46.7247732539634,5,kilometer,545.0,159771.0,49.0,52.0,50.0,42.0,193.0,chacara,05663-020,R  Manoel Antonio Pinto,Paraisópolis,São Paulo,SP,1.1577608695652175,0
455581,2022,-23.6160457488876,-46.7260624600403,5,kilometer,276.0,160972.0,20.0,25.0,29.0,15.0,89.0,chacara,05660-000,R  Pasquale Gallupi,Paraisópolis,São Paulo,SP,1.166463768115942,2
455582,2022,-23.6164230920346,-46.7254122731185,5,kilometer,751.0,163124.0,57.0,78.0,59.0,66.0,260.0,chacara,05664-000,R  Melchior Giola,Paraisópolis,São Paulo,SP,1.1820579710144927,0
455583,2022,-23.6161515177379,-46.7247671467049,5,kilometer,455.0,177495.0,45.0,20.0,46.0,34.0,145.0,chacara,05659-020,R  Ernest Renan,Paraisópolis,São Paulo,SP,1.286195652173913,2
455584,2022,-23.6138344852537,-46.7187203562342,5,kilometer,188.0,863294.0,12.0,8.0,7.0,7.0,34.0,chacara,05656-000,R Dr Oscar De Almeida,Fazenda Morumbi,São Paulo,SP,6.255753623188406,2
455585,2022,-23.6124980456237,-46.722939684291696,5,kilometer,1141.0,145093.0,108.0,184.0,48.0,68.0,408.0,chacara,05656-020,R Dr Flavio Americo Maurano,Fazenda Morumbi,São Paulo,SP,1.0513985507246377,0
455586,2022,-23.6135088806498,-46.7227485788978,5,kilometer,953.0,165709.0,73.0,76.0,75.0,81.0,305.0,chacara,05662-020,R Maj Jose Marioto Ferreira,Paraisópolis,São Paulo,SP,1.2007898550724636,0
455587,2022,-23.6424420235794,-46.7324717399186,5,kilometer,737.0,224672.0,40.0,43.0,48.0,51.0,182.0,chacara,05723-330,R  Afonso Vidal,Jardim Santo Antônio,São Paulo,SP,1.6280579710144927,0
455588,2022,-23.6421994603133,-46.7315091010494,5,kilometer,613.0,265965.0,28.0,36.0,27.0,43.0,134.0,chacara,05723-380,R  Joao De Araujo Cabral,Jardim Santo Antônio,São Paulo,SP,1.9272826086956523,0
455589,2022,-23.6375888897742,-46.7413963194083,5,kilometer,613.0,194418.0,36.0,56.0,40.0,55.0,187.0,chacara,05729-080,R  Alexandre Archipenko,Vila Andrade,São Paulo,SP,1.408826086956522,0
455590,2022,-23.6369689111387,-46.7403690983634,5,kilometer,1149.0,16126.0,78.0,104.0,95.0,96.0,373.0,chacara,05729-080,R  Alexandre Archipenko,Vila Andrade,São Paulo,SP,1.1685507246376812,0
455591,2022,-23.6153441864911,-46.7237187594781,5,kilometer,351.0,169709.0,33.0,29.0,27.0,35.0,124.0,chacara,05663-000,R  Rudolf Lotze,Paraisópolis,São Paulo,SP,1.2297753623188405,2
455592,2022,-23.615542726068,-46.7227873818043,5,kilometer,1217.0,184309.0,96.0,108.0,87.0,90.0,381.0,chacara,05663-010,R  Herbert Spencer,Paraisópolis,São Paulo,SP,1.335572463768116,0
455593,2022,-23.6156296407714,-46.721713832492,5,kilometer,677.0,19177.0,36.0,49.0,42.0,58.0,185.0,chacara,05663-010,R  Herbert Spencer,Paraisópolis,São Paulo,SP,1.3896376811594202,0
455594,2022,-23.6151968563265,-46.725675925111,5,kilometer,503.0,185262.0,29.0,35.0,29.0,25.0,118.0,chacara,05663-000,R  Rudolf Lotze,Paraisópolis,São Paulo,SP,1.3424782608695651,2
455595,2022,-23.6152976851529,-46.7246572781405,5,kilometer,602.0,165954.0,43.0,64.0,45.0,36.0,188.0,chacara,05659-020,R  Ernest Renan,Paraisópolis,São Paulo,SP,1.2025652173913044,0
455596,2022,-23.6157916696692,-46.7302999146012,5,kilometer,782.0,205557.0,56.0,59.0,52.0,61.0,228.0,chacara,05663-010,R  Herbert Spencer,Paraisópolis,São Paulo,SP,1.4895434782608696,0
455597,2022,-23.6157193651886,-46.7295879445584,5,kilometer,735.0,188208.0,50.0,55.0,62.0,71.0,238.0,chacara,05663-010,R  Herbert Spencer,Paraisópolis,São Paulo,SP,1.3638260869565217,0
455598,2022,-23.6159139107429,-46.7288177736933,5,kilometer,790.0,164127.0,93.0,73.0,67.0,51.0,284.0,chacara,05661-050,R  Itajubaquara,Paraisópolis,São Paulo,SP,1.1893260869565216,0
455599,2022,-23.6167077372373,-46.7298306313461,5,kilometer,816.0,160984.0,78.0,83.0,56.0,64.0,281.0,chacara,05664-000,R  Melchior Giola,Paraisópolis,São Paulo,SP,1.1665507246376812,0
455600,2022,-23.6169007398436,-46.7291238132364,5,kilometer,918.0,176642.0,70.0,91.0,64.0,82.0,307.0,chacara,05661-050,R  Itajubaquara,Paraisópolis,São Paulo,SP,1.2800144927536232,0
455601,2022,-23.6166253372566,-46.7217068379415,5,kilometer,1228.0,178669.0,111.0,106.0,82.0,118.0,417.0,chacara,05665-000,R  Treze De Maio,Paraisópolis,São Paulo,SP,1.2947028985507247,0
455602,2022,-23.6172712805095,-46.7260709277193,5,kilometer,306.0,203908.0,20.0,26.0,20.0,26.0,92.0,chacara,05660-000,R  Pasquale Gallupi,Paraisópolis,São Paulo,SP,1.4775942028985507,2
455603,2022,-23.6173823927307,-46.7249296618412,5,kilometer,390.0,174076.0,17.0,25.0,17.0,16.0,75.0,chacara,05659-020,R  Ernest Renan,Paraisópolis,São Paulo,SP,1.2614202898550724,2
455604,2022,-23.6189781088313,-46.7263174279137,5,kilometer,533.0,215272.0,29.0,44.0,30.0,44.0,147.0,chacara,05660-000,R  Pasquale Gallupi,Paraisópolis,São Paulo,SP,1.559942028985507,0
455605,2022,-23.6192928060102,-46.7258147870191,5,kilometer,941.0,182508.0,73.0,80.0,76.0,55.0,284.0,chacara,05665-030,R  Wilson,Paraisópolis,São Paulo,SP,1.3225217391304347,0
455606,2022,-23.6132150315081,-46.7256534359298,5,kilometer,983.0,157249.0,79.0,78.0,79.0,75.0,311.0,chacara,05660-000,R  Pasquale Gallupi,Paraisópolis,São Paulo,SP,1.1394855072463768,0
455607,2022,-23.6133258724315,-46.724612642823296,5,kilometer,538.0,171226.0,46.0,47.0,45.0,34.0,172.0,chacara,05663-020,R  Manoel Antonio Pinto,Paraisópolis,São Paulo,SP,1.240768115942029,0
455608,2022,-23.6187517551515,-46.7284629836604,5,kilometer,665.0,153237.0,38.0,77.0,52.0,56.0,223.0,chacara,05661-050,R  Itajubaquara,Paraisópolis,São Paulo,SP,1.1104130434782609,0
455609,2022,-23.6193427593645,-46.72830016090649,5,kilometer,617.0,145711.0,50.0,65.0,57.0,70.0,242.0,chacara,05665-030,R  Wilson,Paraisópolis,São Paulo,SP,1.0558768115942028,0
455610,2022,-23.6188575792516,-46.7276736931998,5,kilometer,739.0,14372.0,73.0,82.0,63.0,59.0,277.0,chacara,05665-020,R  Ricardo Avenarius,Paraisópolis,São Paulo,SP,1.0414492753623188,0
455611,2022,-23.6188794759662,-46.7269213661861,5,kilometer,290.0,149316.0,21.0,19.0,28.0,30.0,98.0,chacara,05660-000,R  Pasquale Gallupi,Paraisópolis,São Paulo,SP,1.082,2
455612,2022,-23.6197928988399,-46.7294547029348,5,kilometer,783.0,191776.0,61.0,62.0,42.0,56.0,221.0,chacara,05661-050,R  Itajubaquara,Paraisópolis,São Paulo,SP,1.3896811594202898,0
455613,2022,-23.6202686415554,-46.72977398430729,5,kilometer,547.0,185204.0,50.0,49.0,33.0,50.0,182.0,chacara,05665-040,R Dr Firmiano Pinto,Paraisópolis,São Paulo,SP,1.3420579710144926,0
455614,2022,-23.6424997841196,-46.7291624254288,5,kilometer,1055.0,164237.0,79.0,88.0,87.0,99.0,353.0,chacara,05723-360,R  Cristovao Da Rocha,Jardim Santo Antônio,São Paulo,SP,1.190123188405797,0
455615,2022,-23.6432182329911,-46.7294857927519,5,kilometer,507.0,194977.0,38.0,42.0,38.0,37.0,155.0,chacara,05723-390,R  Jose Rodrigues Cardeal,Jardim Santo Antônio,São Paulo,SP,1.412876811594203,2
455616,2022,-23.6347140377297,-46.7301516193528,5,kilometer,435.0,1773896.0,28.0,18.0,14.0,17.0,77.0,chacara,05717-210,R  Almansa,Vila Andrade,São Paulo,SP,12.85431884057971,1
455617,2022,-23.632256585278,-46.739421634996,5,kilometer,328.0,1045873.0,25.0,17.0,9.0,4.0,55.0,chacara,05730-170,R  Maria Jose Da Conceicao,Vila Andrade,São Paulo,SP,7.578789855072463,1
455618,2022,-23.6331076196806,-46.7383057931656,5,kilometer,273.0,1149469.0,20.0,8.0,11.0,11.0,50.0,chacara,05729-090,R  Alexandre Benois,Vila Andrade,São Paulo,SP,8.329485507246376,1
455619,2022,-23.625016274859,-46.7208503909448,5,kilometer,166.0,1417189.0,12.0,8.0,7.0,8.0,35.0,chacara,05705-270,R  Leonardo Cerveira Varandas,Paraíso do Morumbi,São Paulo,SP,10.269485507246376,1
455620,2022,-23.621957109853,-46.7233473530884,5,kilometer,1292.0,450065.0,82.0,71.0,45.0,54.0,252.0,chacara,05706-290,R Dep Laercio Corte,Paraíso do Morumbi,São Paulo,SP,3.2613405797101445,0
455621,2022,-23.6324117299104,-46.7234768789076,5,kilometer,209.0,2330602.0,10.0,9.0,25.0,24.0,68.0,chacara,05706-290,R Dep Laercio Corte,Paraíso do Morumbi,São Paulo,SP,16.888420289855073,3
455622,2022,-23.6301115129524,-46.7212902639424,5,kilometer,299.0,3832245.0,20.0,6.0,14.0,14.0,54.0,chacara,05704-150,Av  Carlos Queiroz Telles,Jardim Fonte do Morumbi,São Paulo,SP,27.769891304347823,3
455623,2022,-23.6302572149537,-46.7196506431946,5,kilometer,267.0,2903636.0,12.0,11.0,26.0,13.0,62.0,chacara,05704-130,R  Maria Antonia Ladalardo,Jardim Fonte do Morumbi,São Paulo,SP,21.040840579710146,3
455624,2022,-23.6226756251554,-46.7298283720072,5,kilometer,334.0,677619.0,31.0,17.0,12.0,18.0,78.0,chacara,05712-020,R Dr Carlos Aldrovandi,Jardim Parque Morumbi,São Paulo,SP,4.910282608695652,2
455625,2022,-23.6165217208085,-46.7305683653961,5,kilometer,529.0,264777.0,30.0,36.0,48.0,49.0,163.0,chacara,05665-010,R Dr Laerte Setubal,Vila Suzana,São Paulo,SP,1.9186739130434782,0
455626,2022,-23.6168123156102,-46.7313004806958,5,kilometer,305.0,783182.0,10.0,7.0,4.0,8.0,29.0,chacara,05724-003,Av  Giovanni Gronchi,Vila Andrade,São Paulo,SP,5.675231884057971,2
455627,2022,-23.6192847356721,-46.7385991301143,5,kilometer,425.0,1345024.0,31.0,25.0,10.0,10.0,76.0,chacara,05641-030,R  Domingos Lopes Da Silva,Vila Suzana,São Paulo,SP,9.74655072463768,1
455628,2022,-23.6203665310915,-46.7386272038837,5,kilometer,199.0,1732557.0,6.0,10.0,12.0,6.0,34.0,chacara,05642-001,Av  Jose Galante,Vila Suzana,São Paulo,SP,12.554760869565218,1
455629,2022,-23.62334342804,-46.7263065493774,5,kilometer,392.0,1179069.0,12.0,21.0,14.0,11.0,58.0,chacara,05706-280,R Cel Francisco De Oliveira Simoes,Paraíso do Morumbi,São Paulo,SP,8.543978260869565,1
455630,2022,-23.6326850737784,-46.7317749050054,5,kilometer,247.0,190618.0,5.0,12.0,17.0,17.0,51.0,chacara,05717-250,R  Itajara,Vila Andrade,São Paulo,SP,13.812898550724638,2
455631,2022,-23.6316692413616,-46.7309391608338,5,kilometer,625.0,2419458.0,69.0,54.0,39.0,25.0,187.0,chacara,05717-250,R  Itajara,Vila Andrade,São Paulo,SP,17.532304347826088,3
455632,2022,-23.6144120329775,-46.7234821857476,5,kilometer,296.0,170457.0,27.0,21.0,29.0,23.0,100.0,chacara,05663-020,R  Manoel Antonio Pinto,Paraisópolis,São Paulo,SP,1.235195652173913,2
455633,2022,-23.6145342107076,-46.7224937177499,5,kilometer,560.0,161331.0,47.0,45.0,39.0,42.0,173.0,chacara,05665-000,R  Iratinga,Paraisópolis,São Paulo,SP,1.1690652173913043,0
455634,2022,-23.6268794255438,-46.7391853339739,5,kilometer,584.0,1387443.0,35.0,54.0,21.0,6.0,116.0,chacara,05727-240,R  Jose De Oliveira Coelho,Vila Andrade,São Paulo,SP,10.053934782608696,1
455635,2022,-23.6243216217,-46.738299747837,5,kilometer,168.0,1026344.0,8.0,8.0,,,16.0,chacara,05727-240,R  Jose De Oliveira Coelho,Vila Andrade,São Paulo,SP,7.437275362318841,1
455636,2022,-23.6290838997998,-46.7325657524245,5,kilometer,463.0,1583452.0,14.0,20.0,25.0,27.0,86.0,chacara,05715-040,R  Itatupa,Vila Andrade,São Paulo,SP,11.474289855072463,1
455637,2022,-23.6273060803899,-46.7330798658282,5,kilometer,125.0,1279467.0,,0.0,,,0.0,chacara,05715-010,R Dep Joao Sussumu Hirata,Vila Andrade,São Paulo,SP,9.2715,1
455638,2022,-23.6193674425829,-46.7372162901946,5,kilometer,357.0,1931501.0,28.0,16.0,14.0,10.0,68.0,chacara,05641-010,R Dr Oscar Monteiro De Barros,Vila Suzana,São Paulo,SP,13.996384057971014,3
455639,2022,-23.6349053809358,-46.7262901997666,5,kilometer,632.0,1895401.0,45.0,49.0,39.0,31.0,164.0,chacara,05707-400,Av Dona Helena Pereira De Moraes,Parque do Morumbi,São Paulo,SP,13.734789855072462,1
455640,2022,-23.6174567607436,-46.7307196836871,5,kilometer,783.0,187273.0,64.0,61.0,68.0,86.0,279.0,chacara,05665-010,R Dr Laerte Setubal,Vila Suzana,São Paulo,SP,1.3570507246376813,0
455641,2022,-23.6351201293116,-46.7358582753203,5,kilometer,141.0,1049714.0,4.0,,,,4.0,chacara,05718-300,R  Clarindo,Vila Andrade,São Paulo,SP,7.606623188405797,1
455642,2022,-23.6340386299873,-46.7355259613886,5,kilometer,463.0,1083624.0,16.0,25.0,12.0,6.0,59.0,chacara,05718-310,R Del Moraes Novaes,Vila Andrade,São Paulo,SP,7.852347826086956,1
455643,2022,-23.6241376452369,-46.7306705746426,5,kilometer,428.0,1418769.0,21.0,7.0,9.0,11.0,48.0,chacara,05713-560,R  Nazira Carone,Jardim Ampliação,São Paulo,SP,10.280934782608696,1
455644,2022,-23.6267004905576,-46.7290580489379,5,kilometer,256.0,1352708.0,16.0,10.0,19.0,12.0,57.0,chacara,05713-520,R  Marie Nader Calfat,Jardim Ampliação,São Paulo,SP,9.80223188405797,1
455645,2022,-23.6189621473325,-46.7453342561814,5,kilometer,440.0,337298.0,24.0,16.0,30.0,25.0,95.0,chacara,05750-260,R  Jose Arzao,Vila Praia,São Paulo,SP,2.4441884057971013,2
455646,2022,-23.6239334236575,-46.744294518211,5,kilometer,384.0,72463.0,20.0,18.0,16.0,17.0,71.0,chacara,05734-140,R  Joao Simoes De Souza,Parque Reboucas,São Paulo,SP,5.2509420289855075,2
455647,2022,-23.6220652419116,-46.7439980237266,5,kilometer,60.0,31696.0,0.0,3.0,3.0,4.0,10.0,chacara,05734-140,R  Joao Simoes De Souza,Parque Reboucas,São Paulo,SP,2.2968115942028984,2
455648,2022,-23.6205072240927,-46.743619811287104,5,kilometer,454.0,1401206.0,33.0,30.0,21.0,25.0,109.0,chacara,05750-260,R  Jose Arzao,Vila Praia,São Paulo,SP,10.153666666666666,1
455649,2022,-23.6328958121603,-46.7409524142082,5,kilometer,371.0,47141.0,24.0,24.0,14.0,16.0,78.0,chacara,05728-020,R  Cantori,Vila Andrade,São Paulo,SP,3.4160144927536233,2
455650,2022,-23.6334175427183,-46.7407870727633,5,kilometer,565.0,435231.0,35.0,33.0,31.0,20.0,119.0,chacara,05728-050,R  Catarinenses,Vila Andrade,São Paulo,SP,3.153847826086957,0
455651,2022,-23.6305616143323,-46.7385928586378,5,kilometer,328.0,1184607.0,20.0,11.0,8.0,5.0,44.0,chacara,05734-150,R  Nelson Gama De Oliveira,Vila Andrade,São Paulo,SP,8.584108695652173,1
455652,2022,-23.6312084866701,-46.7388274786499,5,kilometer,324.0,1143905.0,23.0,11.0,8.0,6.0,48.0,chacara,05728-040,R  Castelhano,Vila Andrade,São Paulo,SP,8.289166666666667,1
455653,2022,-23.6362312932745,-46.7382043411174,5,kilometer,311.0,720651.0,14.0,22.0,16.0,13.0,65.0,chacara,05729-090,R  Alexandre Benois,Vila Andrade,São Paulo,SP,5.2221086956521745,2
455654,2022,-23.6369820067158,-46.7386161769839,5,kilometer,252.0,914993.0,15.0,11.0,6.0,7.0,39.0,chacara,05729-090,R  Alexandre Benois,Vila Andrade,São Paulo,SP,6.630384057971015,1
455655,2022,-23.6274061403643,-46.7438838625972,5,kilometer,212.0,1317424.0,5.0,,4.0,,9.0,chacara,05726-100,R  Francisco Jose Da Silva,Vila Andrade,São Paulo,SP,9.546550724637681,1
455656,2022,-23.6265908195894,-46.7419672841568,5,kilometer,784.0,1325426.0,64.0,48.0,36.0,33.0,181.0,chacara,05726-100,R  Francisco Jose Da Silva,Vila Andrade,São Paulo,SP,9.604536231884058,0
455657,2022,-23.6267488879719,-46.7403060919754,5,kilometer,138.0,1270672.0,3.0,,10.0,4.0,17.0,chacara,05727-190,R  Clodion,Vila Andrade,São Paulo,SP,9.207768115942029,1
455658,2022,-23.6324529933953,-46.7306573931318,5,kilometer,289.0,2396779.0,15.0,17.0,36.0,22.0,90.0,chacara,05717-230,R  Fabio Lopes Dos Santos Luz,Vila Andrade,São Paulo,SP,17.367963768115942,3
455659,2022,-23.6324813639169,-46.7296394769936,5,kilometer,263.0,1213915.0,10.0,3.0,5.0,7.0,25.0,chacara,05717-230,R  Fabio Lopes Dos Santos Luz,Vila Andrade,São Paulo,SP,8.796485507246377,1
455660,2022,-23.6323505719461,-46.7292325736665,5,kilometer,269.0,1254896.0,8.0,7.0,6.0,5.0,26.0,chacara,05717-230,R  Fabio Lopes Dos Santos Luz,Vila Andrade,São Paulo,SP,9.093449275362318,1
455661,2022,-23.6247202316908,-46.7450660450996,5,kilometer,578.0,443237.0,44.0,22.0,21.0,28.0,115.0,chacara,05734-130,R  Domingos Ataide,Parque Reboucas,São Paulo,SP,3.2118623188405797,0
455662,2022,-23.6254205053061,-46.7444033668271,5,kilometer,345.0,838183.0,26.0,19.0,16.0,16.0,77.0,chacara,05734-100,R Da Chibata,Vila Andrade,São Paulo,SP,6.073789855072464,1
455663,2022,-23.640094383562,-46.7393377894683,5,kilometer,1691.0,388302.0,111.0,95.0,97.0,74.0,377.0,chacara,05731-370,R  Joaquim Nunes Teixeira,Vila Plana,São Paulo,SP,2.8137826086956523,0
455664,2022,-23.63793151143,-46.7416639539373,5,kilometer,235.0,142514.0,18.0,31.0,10.0,18.0,77.0,chacara,05729-100,R  Campo Novo Do Sul,Vila Andrade,São Paulo,SP,1.0327101449275362,2
455665,2022,-23.636787342112,-46.741647229958,5,kilometer,417.0,186886.0,46.0,37.0,45.0,42.0,170.0,chacara,05730-160,R  Chico Gomes,Vila Andrade,São Paulo,SP,1.3542463768115942,2
455666,2022,-23.6388446971012,-46.7435879424655,5,kilometer,265.0,165299.0,31.0,35.0,18.0,17.0,101.0,chacara,05729-100,R  Campo Novo Do Sul,Vila Andrade,São Paulo,SP,1.19781884057971,2
455667,2022,-23.6375816144624,-46.7429455152533,5,kilometer,905.0,294059.0,49.0,60.0,59.0,57.0,225.0,chacara,05730-160,R  Chico Gomes,Vila Andrade,São Paulo,SP,2.1308623188405797,0
455668,2022,-23.61683332,-46.720311144194,5,kilometer,,,,,,,0.0,chacara,05665-140,R  Petropolis,Paraisópolis,São Paulo,SP,,
455669,2022,-23.6164372956792,-46.7201927943263,5,kilometer,87.0,18487.0,4.0,4.0,,9.0,17.0,chacara,05663-010,R  Herbert Spencer,Paraisópolis,São Paulo,SP,1.3396376811594204,2
455670,2022,-23.6275869956379,-46.7260943189715,5,kilometer,15.0,22500.0,0.0,0.0,3.0,,3.0,chacara,05707-000,R  Itapaiuna,Parque do Morumbi,São Paulo,SP,1.6304347826086956,2
455672,2022,-23.6189471613168,-46.7247602333636,5,kilometer,537.0,180585.0,36.0,60.0,53.0,55.0,204.0,chacara,05659-020,R  Ernest Renan,Paraisópolis,São Paulo,SP,1.3085869565217392,0
458068,2022,-23.6016654355354,-46.7411898859481,5,kilometer,132.0,1835861.0,3.0,3.0,6.0,7.0,19.0,chacara,05634-060,R Min Heitor Bastos Tigre,Jardim Monte Kemel,São Paulo,SP,13.303340579710145,1
458071,2022,-23.6005868347227,-46.7364222193036,5,kilometer,526.0,393229.0,29.0,31.0,34.0,33.0,127.0,chacara,05635-010,R Eng Camargo Fidelis,Jardim Monte Kemel,São Paulo,SP,2.849485507246377,0
458072,2022,-23.6014114144163,-46.7383425610985,5,kilometer,259.0,418139.0,10.0,5.0,9.0,14.0,38.0,chacara,05632-030,R  Jose Pedro Do Amaral,Jardim Monte Kemel,São Paulo,SP,3.0299927536231888,2
458073,2022,-23.603589387189,-46.7380932237513,5,kilometer,334.0,376506.0,15.0,15.0,18.0,13.0,61.0,chacara,05634-110,R  Joana Lentini,Jardim Monte Kemel,São Paulo,SP,2.728304347826087,2
458074,2022,-23.6050862337605,-46.7380007898874,5,kilometer,406.0,726381.0,16.0,25.0,20.0,23.0,84.0,chacara,05634-000,R  David Ben Gurion,Jardim Monte Kemel,São Paulo,SP,5.263630434782609,2
458075,2022,-23.6060675832678,-46.7383458803043,5,kilometer,383.0,73362.0,13.0,10.0,18.0,14.0,55.0,chacara,05634-020,R  Osiris Magalhaes De Almeida,Jardim Monte Kemel,São Paulo,SP,5.316086956521739,2
458076,2022,-23.6068603015713,-46.7400173699581,5,kilometer,256.0,742731.0,3.0,12.0,13.0,9.0,37.0,chacara,05638-070,R  Lehel Silimon,Jardim Londrina,São Paulo,SP,5.382108695652175,2
458077,2022,-23.6038229452214,-46.7406420376894,5,kilometer,396.0,473505.0,19.0,15.0,18.0,20.0,72.0,chacara,05634-150,R  Rubens Grisolia,Jardim Monte Kemel,São Paulo,SP,3.4311956521739133,2
458078,2022,-23.6027409255337,-46.7419385135497,5,kilometer,257.0,634932.0,8.0,11.0,8.0,11.0,38.0,chacara,05634-050,R  Karlina Reiman Wandabeg,Jardim Monte Kemel,São Paulo,SP,4.60095652173913,2
458079,2022,-23.6038049156721,-46.7420661097601,5,kilometer,345.0,457677.0,7.0,13.0,21.0,20.0,61.0,chacara,05634-020,R  Osiris Magalhaes De Almeida,Jardim Monte Kemel,São Paulo,SP,3.3165000000000004,2
458086,2022,-23.5981239998457,-46.734608322628496,5,kilometer,383.0,373756.0,19.0,23.0,20.0,15.0,77.0,chacara,05626-001,R  Andre Saraiva,Vila Sônia,São Paulo,SP,2.708376811594203,2
458087,2022,-23.5990552902917,-46.7361821708608,5,kilometer,265.0,244065.0,11.0,12.0,19.0,19.0,61.0,chacara,05632-040,R  Inocencio Serafico,Jardim Monte Kemel,São Paulo,SP,1.7685869565217391,2
458088,2022,-23.6030764398915,-46.7344211784906,5,kilometer,393.0,385289.0,23.0,30.0,28.0,23.0,104.0,chacara,05632-070,R  Edmundo De Amicis,Jardim Monte Kemel,São Paulo,SP,2.791949275362319,2
458089,2022,-23.6086334904287,-46.7367685147019,5,kilometer,455.0,893639.0,11.0,20.0,29.0,18.0,78.0,chacara,05630-010,R  Domingos Simoes,Vila Suzana,São Paulo,SP,6.475644927536232,1
458090,2022,-23.607427133502,-46.7428364169464,5,kilometer,342.0,788664.0,7.0,18.0,10.0,23.0,58.0,chacara,05639-000,R  Jose Renato Pantoja,Lar São Paulo,São Paulo,SP,5.714956521739131,2
458091,2022,-23.6046260491822,-46.7430470561823,5,kilometer,420.0,819093.0,15.0,17.0,27.0,18.0,77.0,chacara,05638-010,Av Gal Cavalcanti De Albuquerque,Jardim Londrina,São Paulo,SP,5.93545652173913,1
458099,2022,-23.5978032936426,-46.7327311256648,5,kilometer,511.0,267665.0,17.0,29.0,36.0,22.0,104.0,chacara,05625-150,R  Maranguape,Vila Sônia,São Paulo,SP,1.9396014492753624,2
458100,2022,-23.5987073106375,-46.7326319256538,5,kilometer,169.0,301046.0,4.0,7.0,8.0,7.0,26.0,chacara,05628-030,R  Salomao Wainberg,Jardim Colombo,São Paulo,SP,2.1814927536231883,2
458101,2022,-23.6001755750033,-46.732453417888,5,kilometer,260.0,367456.0,8.0,10.0,7.0,13.0,38.0,chacara,05628-040,R Dr Joao Jose De Carvalho,Vila Sônia,São Paulo,SP,2.6627246376811593,2
458102,2022,-23.6016728796059,-46.7313825904078,5,kilometer,398.0,385435.0,16.0,26.0,19.0,15.0,76.0,chacara,05628-080,R  Jose Capobianco,Jardim Colombo,São Paulo,SP,2.7930072463768116,2
458103,2022,-23.6014880894499,-46.7293575618692,5,kilometer,445.0,87340.0,26.0,17.0,24.0,23.0,90.0,chacara,05625-100,R  Jorge Alves Ferreira,Jardim Colombo,São Paulo,SP,6.328985507246377,2
458104,2022,-23.6030674675994,-46.72774937989431,5,kilometer,300.0,764209.0,13.0,17.0,14.0,8.0,52.0,chacara,05629-010,R  Panonia,Jardim Colombo,São Paulo,SP,5.537746376811595,2
458105,2022,-23.6060155441093,-46.7290892308097,5,kilometer,737.0,165837.0,42.0,53.0,56.0,55.0,206.0,chacara,05659-000,R  Clementine Brenne,Paraisópolis,São Paulo,SP,1.2017173913043477,0
458106,2022,-23.6071035422308,-46.7269964256434,5,kilometer,701.0,192849.0,49.0,45.0,43.0,57.0,194.0,chacara,05661-040,R Das Goiabeiras,Paraisópolis,São Paulo,SP,1.3974565217391304,0
458107,2022,-23.6099018765911,-46.7285502693923,5,kilometer,1188.0,163848.0,69.0,92.0,95.0,91.0,347.0,chacara,05661-060,R  Jose Dias Da Costa,Paraisópolis,São Paulo,SP,1.187304347826087,0
458108,2022,-23.6090390632888,-46.7295169606344,5,kilometer,1062.0,157778.0,85.0,87.0,96.0,87.0,355.0,chacara,05663-030,R  Afonso De Oliveira Santos,Paraisópolis,São Paulo,SP,1.1433188405797101,0
458109,2022,-23.6110632307841,-46.7323152863836,5,kilometer,353.0,1592227.0,15.0,11.0,14.0,19.0,59.0,chacara,05630-902,R  Critios,Vila Suzana,São Paulo,SP,11.537876811594204,1
458110,2022,-23.6151529833802,-46.7391267136828,5,kilometer,446.0,973797.0,18.0,19.0,20.0,30.0,87.0,chacara,05640-020,R Dr Amando Franco Soares Caiuby,Parque Bairro Morumbi,São Paulo,SP,7.0565,1
458111,2022,-23.613274293822,-46.7359123836339,5,kilometer,454.0,1284835.0,26.0,21.0,27.0,22.0,96.0,chacara,05640-020,R Dr Amando Franco Soares Caiuby,Parque Bairro Morumbi,São Paulo,SP,9.310398550724639,1
458112,2022,-23.6154554053499,-46.737412121532,5,kilometer,499.0,1275278.0,25.0,28.0,21.0,28.0,102.0,chacara,05641-900,R Mal Hastinfilo De Moura,Vila Suzana,São Paulo,SP,9.241144927536233,1
458113,2022,-23.6157322493949,-46.735617669062,5,kilometer,320.0,1350979.0,8.0,13.0,22.0,24.0,67.0,chacara,05641-000,R Mal Hastinfilo De Moura,Vila Suzana,São Paulo,SP,9.789702898550726,1
458114,2022,-23.6115182074264,-46.7387636284249,5,kilometer,362.0,1308347.0,22.0,23.0,12.0,12.0,69.0,chacara,05639-090,R  Francisco Marcondes Vieira,Lar São Paulo,São Paulo,SP,9.48077536231884,1
458115,2022,-23.6080511657382,-46.7458946691765,5,kilometer,227.0,61230.0,9.0,10.0,10.0,11.0,40.0,chacara,05710-070,R  Jose Luna,Jardim Caboré,São Paulo,SP,4.4369565217391305,2
458116,2022,-23.6099888674101,-46.7471619304143,5,kilometer,353.0,537755.0,10.0,11.0,14.0,15.0,50.0,chacara,05741-240,R S Virgilio,Jardim Taboão,São Paulo,SP,3.8967753623188406,2
458134,2022,-23.5942519251695,-46.7284555817701,5,kilometer,227.0,588181.0,6.0,6.0,8.0,7.0,27.0,chacara,05625-070,R Dr Antonio Barbosa Bueno,Vila Sônia,São Paulo,SP,4.26218115942029,2
458135,2022,-23.5956297619339,-46.7262993317043,5,kilometer,573.0,517967.0,16.0,27.0,30.0,29.0,102.0,chacara,05624-020,R  Ascenso Ribeiro,Vila Morse,São Paulo,SP,3.7533840579710147,0
458136,2022,-23.5959247446831,-46.7286810397148,5,kilometer,180.0,449166.0,8.0,7.0,9.0,11.0,35.0,chacara,05624-001,R  Manuel Jacinto,Vila Morse,São Paulo,SP,3.2548260869565215,2
458137,2022,-23.5977094712012,-46.7271912249839,5,kilometer,250.0,389364.0,5.0,13.0,6.0,15.0,39.0,chacara,05624-100,R  Rui Pinto,Vila Morse,São Paulo,SP,2.821478260869565,2
458138,2022,-23.5975156502559,-46.7300758873401,5,kilometer,557.0,1615307.0,17.0,23.0,24.0,44.0,108.0,chacara,05628-000,R  Theo Dutra,Jardim Colombo,São Paulo,SP,11.705123188405796,1
458139,2022,-23.5996950205457,-46.7281599507034,5,kilometer,346.0,1326876.0,13.0,10.0,15.0,32.0,70.0,chacara,05623-010,R  Francisco Preto,Vila Morse,São Paulo,SP,9.61504347826087,1
458140,2022,-23.6008990308215,-46.7268765466872,5,kilometer,590.0,544263.0,28.0,30.0,30.0,27.0,115.0,chacara,05623-020,R  Ordenacoes Filipinas,Vila Morse,São Paulo,SP,3.9439347826086957,0
458141,2022,-23.6128954744245,-46.7313987955962,5,kilometer,462.0,1169459.0,14.0,18.0,22.0,13.0,67.0,chacara,05663-020,R  Manoel Antonio Pinto,Paraisópolis,São Paulo,SP,8.474340579710145,1
458142,2022,-23.6143747847191,-46.74952590013,5,kilometer,245.0,535248.0,6.0,11.0,8.0,10.0,35.0,chacara,05750-220,R  Francisco Viana,Super Quadra Morumbi,São Paulo,SP,3.8786086956521735,2
458143,2022,-23.6114596873117,-46.7487735879018,5,kilometer,63.0,520055.0,7.0,,5.0,7.0,19.0,chacara,05742-140,R  Vicente Cesar,Jardim Taboão,São Paulo,SP,3.7685144927536234,2
458144,2022,-23.6100136179726,-46.7501049881609,5,kilometer,224.0,704921.0,6.0,5.0,9.0,9.0,29.0,chacara,05742-080,R Cel Junqueira Franco,Jardim Taboão,São Paulo,SP,5.108123188405797,2
458148,2022,-23.5937127168817,-46.7231333558317,5,kilometer,425.0,1309716.0,8.0,13.0,16.0,20.0,57.0,chacara,05620-010,R  Piave,Vila Inah,São Paulo,SP,9.490695652173914,1
458149,2022,-23.5988576781437,-46.7226317693562,5,kilometer,232.0,782637.0,7.0,6.0,10.0,17.0,40.0,chacara,05622-040,R Dr Afonso Pena Junior,Vila Sônia,São Paulo,SP,5.671282608695652,2
458150,2022,-23.5987764613143,-46.7356336748415,5,kilometer,610.0,172956.0,38.0,37.0,35.0,36.0,146.0,chacara,05632-040,R  Inocencio Serafico,Jardim Monte Kemel,São Paulo,SP,1.253304347826087,0
458152,2022,-23.6121395246443,-46.7502893681823,5,kilometer,,,,,,,0.0,chacara,05743-240,R Dr Rabelo Do Amaral,Jardim Nadir,São Paulo,SP,,
458155,2022,-23.6003666710191,-46.7399026185153,5,kilometer,159.0,402295.0,,6.0,7.0,6.0,19.0,chacara,05633-040,R  Luis Araujo Faria,Jardim Monte Kemel,São Paulo,SP,2.91518115942029,2
458158,2022,-23.6037477620379,-46.7395756888781,5,kilometer,406.0,613562.0,12.0,15.0,16.0,15.0,58.0,chacara,05634-010,R Comen Francisco Pettinati,Jardim Monte Kemel,São Paulo,SP,4.446101449275362,2
458160,2022,-23.6007438371393,-46.7391802440271,5,kilometer,406.0,401383.0,20.0,13.0,20.0,15.0,68.0,chacara,05633-050,R Prof Dias Castejon,Jardim Monte Kemel,São Paulo,SP,2.908572463768116,2
458161,2022,-23.5993362085032,-46.7375417088948,5,kilometer,389.0,310605.0,15.0,25.0,14.0,18.0,72.0,chacara,05633-030,R  Jose Ferreira Da Rocha Filho,Jardim Monte Kemel,São Paulo,SP,2.2507608695652177,2
458162,2022,-23.6021219956174,-46.7360744470783,5,kilometer,427.0,340096.0,19.0,18.0,22.0,22.0,81.0,chacara,05632-070,R  Edmundo De Amicis,Jardim Monte Kemel,São Paulo,SP,2.4644637681159423,2
458163,2022,-23.6029359671273,-46.7369127638911,5,kilometer,322.0,378925.0,11.0,13.0,13.0,20.0,57.0,chacara,05633-000,Av  Claudio Franchi,Jardim Monte Kemel,São Paulo,SP,2.745833333333333,2
458164,2022,-23.6034622069437,-46.7374300686684,5,kilometer,351.0,517195.0,21.0,16.0,13.0,22.0,72.0,chacara,05634-060,R Min Heitor Bastos Tigre,Jardim Monte Kemel,São Paulo,SP,3.7477898550724635,2
458165,2022,-23.6066183519589,-46.7388271220886,5,kilometer,341.0,644068.0,7.0,9.0,19.0,17.0,52.0,chacara,05630-120,R  Luis Ramos Figueira,Vila Suzana,São Paulo,SP,4.667159420289855,2
458166,2022,-23.6025557513355,-46.7409959654371,5,kilometer,328.0,64230.0,8.0,13.0,14.0,21.0,56.0,chacara,05634-160,R  Francisco Marson,Jardim Monte Kemel,São Paulo,SP,4.654347826086957,2
458167,2022,-23.6019857383091,-46.7426280549816,5,kilometer,216.0,730207.0,8.0,9.0,7.0,9.0,33.0,chacara,05634-100,R  Francisco Santoro,Jardim Monte Kemel,São Paulo,SP,5.291355072463768,2
458175,2022,-23.6028155518996,-46.7338439169711,5,kilometer,511.0,26970.0,32.0,31.0,26.0,35.0,124.0,chacara,05632-010,R Min Rafael De Barros Monteiro,Jardim Monte Kemel,São Paulo,SP,1.9543478260869565,2
458176,2022,-23.6038686585768,-46.735172112734,5,kilometer,392.0,352282.0,18.0,20.0,21.0,16.0,75.0,chacara,05635-040,R Prof Alipio Dutra,Jardim Monte Kemel,São Paulo,SP,2.5527681159420292,2
458177,2022,-23.6098069043975,-46.7367782592456,5,kilometer,240.0,88463.0,9.0,8.0,12.0,9.0,38.0,chacara,05638-030,R Dr Martins De Oliveira,Jardim Londrina,São Paulo,SP,6.410362318840579,2
458178,2022,-23.6106694290767,-46.735747568991,5,kilometer,407.0,1544618.0,11.0,17.0,14.0,27.0,69.0,chacara,05630-090,R  Jose De Jesus,Vila Suzana,São Paulo,SP,11.192884057971014,1
458179,2022,-23.6102783640169,-46.734833958819,5,kilometer,226.0,1043634.0,9.0,10.0,20.0,16.0,55.0,chacara,05630-090,R  Jose De Jesus,Vila Suzana,São Paulo,SP,7.562565217391304,1
458180,2022,-23.6104591744071,-46.7399358677916,5,kilometer,177.0,970879.0,4.0,7.0,11.0,11.0,33.0,chacara,05639-170,R  Waldir Azevedo,Lar São Paulo,São Paulo,SP,7.035355072463768,1
458181,2022,-23.6098116193238,-46.7422078413092,5,kilometer,191.0,1163426.0,5.0,8.0,6.0,7.0,26.0,chacara,05640-001,Av Dr Guilherme Dumont Vilares,Jardim Londrina,São Paulo,SP,8.430623188405796,1
458182,2022,-23.6059306971501,-46.7444938936795,5,kilometer,359.0,812485.0,6.0,15.0,19.0,17.0,57.0,chacara,05638-000,R  Manuel De Santa Maria,Jardim Londrina,São Paulo,SP,5.887572463768116,2
458200,2022,-23.5960311014865,-46.7322279498949,5,kilometer,257.0,505334.0,6.0,9.0,11.0,9.0,35.0,chacara,05632-090,R  Dias Vieira,Vila Sônia,São Paulo,SP,3.661840579710145,2
458201,2022,-23.5989005215059,-46.7314172665461,5,kilometer,573.0,88792.0,23.0,28.0,26.0,22.0,99.0,chacara,05628-010,R  Nilza Medeiros Martins,Jardim Colombo,São Paulo,SP,6.434202898550725,0
458202,2022,-23.6000989218046,-46.731157415068,5,kilometer,486.0,934524.0,15.0,20.0,22.0,33.0,90.0,chacara,05625-900,R  Judith Passald Esteves,Vila Sônia,São Paulo,SP,6.771913043478261,1
458203,2022,-23.5994358542832,-46.7303240734462,5,kilometer,245.0,767405.0,4.0,4.0,8.0,6.0,22.0,chacara,05628-010,R  Nilza Medeiros Martins,Jardim Colombo,São Paulo,SP,5.56090579710145,2
458204,2022,-23.6004713075739,-46.7304966940513,5,kilometer,247.0,1066262.0,10.0,7.0,9.0,6.0,32.0,chacara,05625-030,R  Judith Passald Esteves,Vila Sônia,São Paulo,SP,7.726536231884059,1
458205,2022,-23.6038968881081,-46.730634518331,5,kilometer,378.0,516095.0,11.0,11.0,11.0,20.0,53.0,chacara,05629-010,R  Panonia,Jardim Colombo,São Paulo,SP,3.73981884057971,2
458206,2022,-23.6081269643384,-46.7267661412025,5,kilometer,420.0,1395094.0,13.0,25.0,27.0,19.0,84.0,chacara,05661-020,R  Antonio Julio Dos Santos,Fazenda Morumbi,São Paulo,SP,10.109376811594203,1
458207,2022,-23.6059493411202,-46.728600304857,5,kilometer,150.0,210538.0,8.0,13.0,14.0,14.0,49.0,chacara,05659-000,R  Clementine Brenne,Paraisópolis,São Paulo,SP,1.5256376811594203,2
458208,2022,-23.6061160183467,-46.7268330610772,5,kilometer,910.0,184768.0,60.0,69.0,71.0,87.0,287.0,chacara,05661-040,R Das Goiabeiras,Paraisópolis,São Paulo,SP,1.3388985507246378,0
458209,2022,-23.6070237175494,-46.7279015046213,5,kilometer,699.0,176742.0,41.0,62.0,59.0,55.0,217.0,chacara,05661-040,R Das Goiabeiras,Paraisópolis,São Paulo,SP,1.2807391304347826,0
458210,2022,-23.6074846315443,-46.7289398372726,5,kilometer,945.0,153939.0,61.0,72.0,82.0,88.0,303.0,chacara,05659-010,R  Joao Avelino Pinho Mellao,Fazenda Morumbi,São Paulo,SP,1.1155000000000002,0
458211,2022,-23.6079881004507,-46.7279644755623,5,kilometer,844.0,145067.0,59.0,71.0,60.0,46.0,236.0,chacara,05661-040,R Das Goiabeiras,Paraisópolis,São Paulo,SP,1.0512101449275364,0
458212,2022,-23.6079341103057,-46.7277801313736,5,kilometer,313.0,146679.0,33.0,33.0,27.0,26.0,119.0,chacara,05661-040,R Das Goiabeiras,Paraisópolis,São Paulo,SP,1.062891304347826,2
458213,2022,-23.6094953750185,-46.7278611188817,5,kilometer,1275.0,187415.0,94.0,101.0,120.0,98.0,413.0,chacara,05661-040,R Das Goiabeiras,Paraisópolis,São Paulo,SP,1.3580797101449276,0
458214,2022,-23.6110449974679,-46.7282779210382,5,kilometer,586.0,186898.0,40.0,51.0,31.0,59.0,181.0,chacara,05661-040,R Das Goiabeiras,Paraisópolis,São Paulo,SP,1.3543333333333334,0
458215,2022,-23.6109894379336,-46.7346289334086,5,kilometer,334.0,844616.0,11.0,13.0,17.0,12.0,53.0,chacara,05630-907,R Prof J. H. Meirelles Teixeira,Jardim Londrina,São Paulo,SP,6.12040579710145,1
458216,2022,-23.6112356059163,-46.7353253727764,5,kilometer,331.0,756871.0,6.0,13.0,19.0,21.0,59.0,chacara,05630-907,R Prof J. H. Meirelles Teixeira,Jardim Londrina,São Paulo,SP,5.484572463768116,2
458217,2022,-23.6133002585128,-46.7388291777651,5,kilometer,529.0,1460637.0,22.0,29.0,33.0,23.0,107.0,chacara,05630-100,R  Liberato Carvalho Leite,Vila Suzana,São Paulo,SP,10.584326086956523,1
458218,2022,-23.6100253681681,-46.737481713871,5,kilometer,552.0,1652815.0,27.0,50.0,51.0,44.0,172.0,chacara,05630-050,R  Custodio De Oliveira,Vila Suzana,São Paulo,SP,11.976920289855073,1
458219,2022,-23.6111495575928,-46.737251148164894,5,kilometer,486.0,1481384.0,33.0,36.0,39.0,31.0,139.0,chacara,05630-050,R  Custodio De Oliveira,Vila Suzana,São Paulo,SP,10.734666666666667,1
458220,2022,-23.6107317383487,-46.7374131658113,5,kilometer,209.0,122137.0,5.0,8.0,15.0,10.0,38.0,chacara,05630-050,R  Custodio De Oliveira,Vila Suzana,São Paulo,SP,8.850507246376813,2
458221,2022,-23.6120883001385,-46.7390360916,5,kilometer,198.0,1004131.0,4.0,3.0,4.0,12.0,23.0,chacara,05630-130,R Prof J. H. Meirelles Teixeira,Vila Suzana,São Paulo,SP,7.276311594202898,1
458222,2022,-23.61422761207,-46.7427023899316,5,kilometer,510.0,437702.0,15.0,13.0,19.0,24.0,71.0,chacara,05711-900,R Dr Luiz Migliano,Jardim Vazani,São Paulo,SP,3.171753623188406,2
458223,2022,-23.6153217970138,-46.7467438763734,5,kilometer,206.0,754651.0,8.0,14.0,8.0,4.0,34.0,chacara,05750-000,Av Mal Juarez Tavora,Super Quadra Morumbi,São Paulo,SP,5.468485507246377,2
458224,2022,-23.6107536083053,-46.7435727926616,5,kilometer,349.0,706788.0,7.0,4.0,17.0,17.0,45.0,chacara,05711-000,R Dr Luiz Migliano,Jardim Vazani,São Paulo,SP,5.121652173913043,2
458225,2022,-23.6103119120264,-46.744062120969,5,kilometer,383.0,623733.0,11.0,15.0,13.0,20.0,59.0,chacara,05711-000,R Dr Luiz Migliano,Jardim Vazani,São Paulo,SP,4.519804347826087,2
458226,2022,-23.6119775868874,-46.7425558121905,5,kilometer,314.0,882867.0,9.0,11.0,7.0,11.0,38.0,chacara,05711-001,R Dr Luiz Migliano,Jardim Caboré,São Paulo,SP,6.39758695652174,1
458227,2022,-23.6111385148711,-46.7473251687074,5,kilometer,248.0,666799.0,15.0,19.0,9.0,11.0,54.0,chacara,05741-220,R  Jose De Noronha,Jardim Morro Verde,São Paulo,SP,4.831876811594203,2
458264,2022,-23.595175548216,-46.7298974192346,5,kilometer,157.0,457451.0,6.0,7.0,5.0,12.0,30.0,chacara,05632-090,R  Dias Vieira,Vila Sônia,São Paulo,SP,3.31486231884058,2
458265,2022,-23.5949298116103,-46.7273127037512,5,kilometer,280.0,634512.0,4.0,9.0,12.0,13.0,38.0,chacara,05624-001,R  Manuel Jacinto,Vila Morse,São Paulo,SP,4.597913043478261,2
458267,2022,-23.5966942393578,-46.727360132346,5,kilometer,281.0,553019.0,10.0,12.0,16.0,15.0,53.0,chacara,05624-040,R  Goncalo Pires,Vila Morse,São Paulo,SP,4.007384057971014,2
458268,2022,-23.5986334680643,-46.7277892286471,5,kilometer,341.0,538665.0,10.0,18.0,8.0,13.0,49.0,chacara,05624-030,R  Bernardo De Quadros,Vila Morse,São Paulo,SP,3.903369565217391,2
458269,2022,-23.5980290793225,-46.7303650485937,5,kilometer,280.0,1854682.0,5.0,13.0,14.0,14.0,46.0,chacara,05623-010,R  Francisco Preto,Vila Morse,São Paulo,SP,13.43972463768116,1
458270,2022,-23.5991201693193,-46.729156494254,5,kilometer,469.0,1609831.0,16.0,26.0,26.0,32.0,100.0,chacara,05628-010,R  Nilza Medeiros Martins,Jardim Colombo,São Paulo,SP,11.665442028985506,1
458271,2022,-23.5997910813481,-46.7255653927198,5,kilometer,312.0,215106.0,12.0,26.0,27.0,13.0,78.0,chacara,05622-010,R  Corgie Assad Abdalla,Vila Sônia,São Paulo,SP,15.587391304347825,2
458272,2022,-23.6015050668534,-46.7256762925141,5,kilometer,176.0,1522571.0,10.0,11.0,11.0,6.0,38.0,chacara,05622-010,R  Corgie Assad Abdalla,Vila Sônia,São Paulo,SP,11.033123188405796,1
458273,2022,-23.5984806472996,-46.7256203070766,5,kilometer,545.0,679424.0,14.0,30.0,22.0,34.0,100.0,chacara,05623-000,R  Aurea Batista Dos Santos,Vila Morse,São Paulo,SP,4.92336231884058,0
458274,2022,-23.6160702326958,-46.7488270266992,5,kilometer,388.0,57969.0,13.0,16.0,18.0,19.0,66.0,chacara,05750-140,R Dom Paulo Rolim Loureiro,Super Quadra Morumbi,São Paulo,SP,4.200652173913043,2
458275,2022,-23.6106522600227,-46.7493724172858,5,kilometer,483.0,406431.0,12.0,12.0,19.0,22.0,65.0,chacara,05741-200,Av Eng Saraiva De Oliveira,Jardim Taboão,São Paulo,SP,2.9451521739130433,2
458277,2022,-23.5907429680279,-46.725689355077,5,kilometer,362.0,998047.0,6.0,17.0,15.0,15.0,53.0,chacara,05618-100,R  Alenquer,Vila Inah,São Paulo,SP,7.232224637681159,1
458278,2022,-23.596453725863,-46.7216191466433,5,kilometer,364.0,898589.0,11.0,17.0,19.0,20.0,67.0,chacara,05622-010,R  Corgie Assad Abdalla,Vila Sônia,São Paulo,SP,6.511514492753623,1
458279,2022,-23.5979898257107,-46.7240482993313,5,kilometer,386.0,1036218.0,22.0,15.0,11.0,18.0,66.0,chacara,05622-001,R Dr Jose Maria Whitaker,Vila Sônia,São Paulo,SP,7.508826086956522,1
458280,2022,-23.5983021071755,-46.7236673336357,5,kilometer,319.0,145739.0,18.0,18.0,15.0,16.0,67.0,chacara,05621-025,R Prof Lucio Martins Rodrigues,Jardim Leonor,São Paulo,SP,10.560797101449275,2
458287,2022,-23.5990256231068,-46.7357983341882,5,kilometer,151.0,301167.0,6.0,11.0,5.0,13.0,35.0,chacara,05632-040,R  Inocencio Serafico,Jardim Monte Kemel,São Paulo,SP,2.1823695652173916,2
458288,2022,-23.604357730732,-46.7262998054904,5,kilometer,240.0,1201169.0,11.0,10.0,19.0,18.0,58.0,chacara,05622-050,R Maest Torquato Amore,Jardim Leonor,São Paulo,SP,8.704123188405797,1
458290,2022,-23.6115044278134,-46.7292151501532,5,kilometer,689.0,164813.0,59.0,60.0,62.0,65.0,246.0,chacara,05662-070,R  Sebastiao Francisco,Paraisópolis,São Paulo,SP,1.1942971014492754,0
458299,2022,-23.6060356357255,-46.7348919136184,5,kilometer,872.0,211684.0,76.0,95.0,71.0,52.0,294.0,chacara,05635-050,Av  Jose Maria Da Silva Paranhos,Jardim Monte Kemel,São Paulo,SP,15.339420289855074,0
458300,2022,-23.6068237344866,-46.7357562220372,5,kilometer,648.0,2029488.0,64.0,73.0,48.0,28.0,213.0,chacara,05634-001,R  David Ben Gurion,Jardim Monte Kemel,São Paulo,SP,14.706434782608696,3
458301,2022,-23.6077930935263,-46.7351188338414,5,kilometer,648.0,2123077.0,46.0,58.0,54.0,37.0,195.0,chacara,05634-001,R  David Ben Gurion,Jardim Monte Kemel,São Paulo,SP,15.384615942028987,3
458302,2022,-23.6087962434308,-46.734521097824704,5,kilometer,634.0,1704156.0,32.0,55.0,55.0,43.0,185.0,chacara,05634-001,R  David Ben Gurion,Jardim Monte Kemel,São Paulo,SP,12.348956521739131,1
458303,2022,-23.6103046591661,-46.7330022141367,5,kilometer,481.0,1316276.0,37.0,29.0,42.0,23.0,131.0,chacara,05630-030,R  Cresilas,Vila Suzana,São Paulo,SP,9.538231884057971,1
458304,2022,-23.6087978693693,-46.7406174209959,5,kilometer,440.0,869338.0,22.0,15.0,17.0,23.0,77.0,chacara,05639-130,R  Angelo Vieira De Brito,Lar São Paulo,São Paulo,SP,6.2995507246376805,1
458305,2022,-23.6089467855748,-46.7387544968132,5,kilometer,398.0,1524102.0,25.0,36.0,25.0,13.0,99.0,chacara,05638-030,R Dr Martins De Oliveira,Jardim Londrina,São Paulo,SP,11.044217391304349,1
458315,2022,-23.6080716165646,-46.7272759209939,5,kilometer,373.0,695683.0,18.0,11.0,7.0,15.0,51.0,chacara,05661-020,R  Antonio Julio Dos Santos,Fazenda Morumbi,São Paulo,SP,5.04118115942029,2
458316,2022,-23.6061652780263,-46.7273593497291,5,kilometer,234.0,46962.0,9.0,22.0,21.0,12.0,64.0,chacara,05661-040,R Das Goiabeiras,Paraisópolis,São Paulo,SP,3.4030434782608694,2
458317,2022,-23.613148778628,-46.7381474091082,5,kilometer,245.0,1210227.0,12.0,8.0,5.0,9.0,34.0,chacara,05630-080,R  Joao Baldinato,Vila Suzana,São Paulo,SP,8.769760869565218,1
458318,2022,-23.6128075246015,-46.7370807678753,5,kilometer,391.0,138388.0,9.0,22.0,20.0,27.0,78.0,chacara,05630-130,R Prof J. H. Meirelles Teixeira,Vila Suzana,São Paulo,SP,10.028115942028984,2
458319,2022,-23.6005058039454,-46.7337410609117,5,kilometer,218.0,23619.0,8.0,16.0,15.0,13.0,52.0,chacara,05626-100,R  Valdo Paoliello Junior,Vila Sônia,São Paulo,SP,1.711521739130435,2
458320,2022,-23.6024066870571,-46.7322891506981,5,kilometer,429.0,949032.0,24.0,22.0,21.0,20.0,87.0,chacara,05625-001,R Dr Silvio Dante Bertacchi,Vila Sônia,São Paulo,SP,6.87704347826087,1
458321,2022,-23.6094862858264,-46.7425616642273,5,kilometer,273.0,867466.0,8.0,17.0,11.0,13.0,49.0,chacara,05639-100,R  Paulo Sergio De Macedo,Lar São Paulo,São Paulo,SP,6.285985507246377,2
458322,2022,-23.6090629320938,-46.7426322243477,5,kilometer,415.0,1022808.0,20.0,26.0,28.0,23.0,97.0,chacara,05639-110,R  Francisco Carvalho Henriques,Lar São Paulo,São Paulo,SP,7.411652173913043,1
458326,2022,-23.6100831691064,-46.7449323628761,5,kilometer,172.0,648646.0,6.0,13.0,6.0,6.0,31.0,chacara,05710-030,R  Franco Alfano,Jardim Vazani,São Paulo,SP,4.700333333333333,2
458327,2022,-23.6112828836593,-46.7430722759704,5,kilometer,420.0,882245.0,18.0,12.0,14.0,20.0,64.0,chacara,05711-001,R Dr Luiz Migliano,Jardim Caboré,São Paulo,SP,6.393079710144928,1
458328,2022,-23.6116892094057,-46.7427657882398,5,kilometer,139.0,468395.0,5.0,,4.0,6.0,15.0,chacara,05711-001,R Dr Luiz Migliano,Jardim Caboré,São Paulo,SP,3.3941666666666666,2
458329,2022,-23.6124571428045,-46.7421779417558,5,kilometer,750.0,1321592.0,43.0,70.0,47.0,46.0,206.0,chacara,05711-001,R Dr Luiz Migliano,Jardim Caboré,São Paulo,SP,9.576753623188406,0
458334,2022,-23.6132932914817,-46.7496442205979,5,kilometer,365.0,308638.0,18.0,20.0,35.0,26.0,99.0,chacara,05750-130,R  Diogo Pereira,Super Quadra Morumbi,São Paulo,SP,2.236507246376812,2
458335,2022,-23.6140776840762,-46.7484390954332,5,kilometer,601.0,207878.0,33.0,37.0,57.0,47.0,174.0,chacara,05750-130,R  Diogo Pereira,Super Quadra Morumbi,São Paulo,SP,1.50636231884058,0
458336,2022,-23.614636445384,-46.7475815821875,5,kilometer,152.0,852077.0,4.0,10.0,6.0,8.0,28.0,chacara,05750-130,R  Diogo Pereira,Super Quadra Morumbi,São Paulo,SP,6.174471014492754,2
458337,2022,-23.61484669976,-46.7470971572357,5,kilometer,157.0,181081.0,11.0,23.0,13.0,15.0,62.0,chacara,05750-130,R  Diogo Pereira,Super Quadra Morumbi,São Paulo,SP,1.31218115942029,2
458340,2022,-23.6116027610976,-46.7507940588377,5,kilometer,375.0,690418.0,33.0,21.0,18.0,8.0,80.0,chacara,05742-080,R Cel Junqueira Franco,Jardim Taboão,São Paulo,SP,5.003028985507247,2
458343,2022,-23.6019721989957,-46.733544415657,5,kilometer,457.0,237736.0,23.0,26.0,29.0,21.0,99.0,chacara,05632-000,R  Desiderio Ferreira,Jardim Monte Kemel,São Paulo,SP,1.7227246376811596,2
458344,2022,-23.6040409020955,-46.7324388537876,5,kilometer,114.0,15125.0,5.0,13.0,9.0,14.0,41.0,chacara,05632-010,R Min Rafael De Barros Monteiro,Jardim Monte Kemel,São Paulo,SP,1.0960144927536233,2
458345,2022,-23.6107440719285,-46.7288108563798,5,kilometer,758.0,154981.0,76.0,65.0,52.0,55.0,248.0,chacara,05662-060,R  Leandro Teixeira,Paraisópolis,São Paulo,SP,1.123050724637681,0
458346,2022,-23.6121290279513,-46.7295811111306,5,kilometer,237.0,1460648.0,8.0,11.0,8.0,9.0,36.0,chacara,05663-030,R  Afonso De Oliveira Santos,Paraisópolis,São Paulo,SP,10.584405797101448,1
458347,2022,-23.6122012659123,-46.7488049250312,5,kilometer,309.0,159233.0,11.0,26.0,22.0,36.0,95.0,chacara,05741-210,R  Francisco Fernandes,Jardim Morro Verde,São Paulo,SP,1.1538623188405797,2
458348,2022,-23.6129360037166,-46.7491491617082,5,kilometer,89.0,171848.0,6.0,11.0,6.0,8.0,31.0,chacara,05741-210,R  Francisco Fernandes,Jardim Morro Verde,São Paulo,SP,1.2452753623188406,2
458355,2022,-23.6089524774792,-46.7283543630267,5,kilometer,736.0,170952.0,52.0,65.0,70.0,56.0,243.0,chacara,05661-020,R  Antonio Julio Dos Santos,Fazenda Morumbi,São Paulo,SP,1.2387826086956522,0
458356,2022,-23.608893831656,-46.7289136544938,5,kilometer,464.0,161466.0,30.0,34.0,45.0,46.0,155.0,chacara,05661-020,R  Antonio Julio Dos Santos,Fazenda Morumbi,São Paulo,SP,1.1700434782608695,2
458357,2022,-23.6102492406087,-46.7310675132008,5,kilometer,103.0,1352895.0,8.0,3.0,,4.0,15.0,chacara,05662-060,R  Leandro Teixeira,Paraisópolis,São Paulo,SP,9.80358695652174,1
458358,2022,-23.6125323166954,-46.7305770317181,5,kilometer,38.0,104625.0,0.0,0.0,5.0,,5.0,chacara,05663-030,R  Afonso Dos Santos,Paraisópolis,São Paulo,SP,7.581521739130435,2
458359,2022,-23.6125864106461,-46.7324606174892,5,kilometer,284.0,1245101.0,14.0,11.0,11.0,13.0,49.0,chacara,05630-130,R Prof J. H. Meirelles Teixeira,Vila Suzana,São Paulo,SP,9.022471014492753,1
458361,2022,-23.5980008358566,-46.7240466496268,5,kilometer,327.0,1992397.0,13.0,20.0,28.0,16.0,77.0,chacara,05622-001,R Dr Jose Maria Whitaker,Vila Sônia,São Paulo,SP,14.437659420289856,3
458362,2022,-23.6022107983111,-46.7249669608303,5,kilometer,233.0,2374029.0,10.0,12.0,14.0,15.0,51.0,chacara,05658-000,R  Jandiro Joaquim Pereira,Jardim Leonor,São Paulo,SP,17.203108695652176,3
458366,2022,-23.6116199818179,-46.7469928549427,5,kilometer,372.0,601373.0,12.0,15.0,13.0,17.0,57.0,chacara,05741-220,R  Jose De Noronha,Jardim Morro Verde,São Paulo,SP,4.35777536231884,2
458367,2022,-23.6139797334765,-46.7479349293472,5,kilometer,522.0,239369.0,34.0,49.0,58.0,47.0,188.0,chacara,05750-130,R  Diogo Pereira,Super Quadra Morumbi,São Paulo,SP,1.7345579710144927,2
458368,2022,-23.6075096407333,-46.7495244896283,5,kilometer,352.0,621062.0,11.0,16.0,12.0,16.0,55.0,chacara,05711-160,R  Jose Novais,Jardim Taboão,São Paulo,SP,4.500449275362318,2
458369,2022,-23.6082742011301,-46.7483815613589,5,kilometer,567.0,1143422.0,51.0,41.0,20.0,29.0,141.0,chacara,05711-000,R Dr Luiz Migliano,Jardim Vazani,São Paulo,SP,8.285666666666666,1
458370,2022,-23.6089019681367,-46.7485365771346,5,kilometer,473.0,1298982.0,40.0,33.0,21.0,11.0,105.0,chacara,05741-240,R S Virgilio,Jardim Taboão,São Paulo,SP,9.41291304347826,1
458371,2022,-23.6081435028965,-46.733792442939,5,kilometer,326.0,188290.0,27.0,30.0,35.0,18.0,110.0,chacara,05634-001,R  David Ben Gurion,Jardim Monte Kemel,São Paulo,SP,13.644202898550725,2
458377,2022,-23.6128645615669,-46.7456241146807,5,kilometer,147.0,83830.0,3.0,8.0,5.0,12.0,28.0,chacara,05711-000,R Dr Luiz Migliano,Jardim Vazani,São Paulo,SP,6.0746376811594205,2
458379,2022,-23.6127869565107,-46.7401339232211,5,kilometer,456.0,1621835.0,12.0,20.0,24.0,29.0,85.0,chacara,05630-070,R  Elizabeth Barbegian Baldinato,Vila Suzana,São Paulo,SP,11.752427536231885,1
458383,2022,-23.6139178871518,-46.7399791234751,5,kilometer,349.0,141179.0,21.0,16.0,20.0,15.0,72.0,chacara,05640-020,R Dr Amando Franco Soares Caiuby,Parque Bairro Morumbi,São Paulo,SP,10.23036231884058,2
