id,ano,latitude_centro,longitude_centro,radius,distance_unit,populacao_total,renda_media,v01031_0_4anos,v01032_5_9anos,v01033_10_14anos,v01034_15_19anos,Total,unidade,CEP,Logradouro,Bairro,Cidade,UF
452185,2022,-23.633897097155,-46.70674742938751,5,kilometer,762.0,"R$ 28.266,39",35.0,79.0,66.0,63.0,243.0,morumbi,04719-905,R  Verbo Divino,Chácara Santo Antônio (Zona Sul),São Paulo,SP
455631,2022,-23.6316692413616,-46.7309391608338,5,kilometer,625.0,"R$ 24.194,58",69.0,54.0,39.0,25.0,187.0,morumbi,05717-250,R  Itajara,Vila Andrade,São Paulo,SP
455472,2022,-23.6315931534026,-46.729544825775,5,kilometer,491.0,"R$ 34.358,72",24.0,59.0,63.0,33.0,179.0,morumbi,05717-230,R  Fabio Lopes Dos Santos Luz,Vila Andrade,São Paulo,SP
452189,2022,-23.6341477796299,-46.714569142287296,5,kilometer,501.0,"R$ 39.839,35",40.0,54.0,39.0,39.0,172.0,morumbi,04726-220,R  Luis Correia De Melo,Vila Cruzeiro,São Paulo,SP
455541,2022,-23.62081030939,-46.741549439099295,5,kilometer,574.0,"R$ 28.157,71",58.0,44.0,46.0,23.0,171.0,morumbi,05709-040,R  Raimundo Simao De Souza,Vila Suzana,São Paulo,SP
441535,2022,-23.6195897418491,-46.698592694571104,5,kilometer,615.0,"R$ 25.051,17",49.0,31.0,48.0,37.0,165.0,morumbi,04583-909,Av Dr Chucri Zaidan,Vila Cordeiro,São Paulo,SP
447309,2022,-23.6025756821063,-46.6996354321454,5,kilometer,529.0,"R$ 30.590,30",22.0,40.0,51.0,34.0,147.0,morumbi,05679-050,R  Francisco Rebolo,Jardim Panorama D'Oeste,São Paulo,SP
441530,2022,-23.6209236746928,-46.695461372536,5,kilometer,338.0,"R$ 33.901,64",40.0,48.0,20.0,10.0,118.0,morumbi,04705-080,R Prof Jose Leite E Oiticica,Vila Gertrudes,São Paulo,SP
455486,2022,-23.6329840604765,-46.726761749588,5,kilometer,399.0,"R$ 34.812,50",22.0,18.0,42.0,33.0,115.0,morumbi,05707-001,R  Itapaiuna,Jardim Morumbi,São Paulo,SP
455415,2022,-23.6358132126261,-46.73084566351231,5,kilometer,325.0,"R$ 32.260,10",14.0,30.0,39.0,25.0,108.0,morumbi,05717-170,R  Alcantarilla,Vila Andrade,São Paulo,SP
455540,2022,-23.6212776072815,-46.7408372987808,5,kilometer,303.0,"R$ 34.652,59",32.0,32.0,20.0,15.0,99.0,morumbi,05709-040,R  Raimundo Simao De Souza,Vila Suzana,São Paulo,SP
455398,2022,-23.6286462185026,-46.7233653567805,5,kilometer,433.0,"R$ 32.901,46",15.0,22.0,28.0,31.0,96.0,morumbi,05706-290,R Dep Laercio Corte,Paraíso do Morumbi,São Paulo,SP
455457,2022,-23.632943400546,-46.734456395302495,5,kilometer,321.0,"R$ 32.376,41",11.0,18.0,30.0,36.0,95.0,morumbi,05716-120,R  Iuru,Vila Andrade,São Paulo,SP
455414,2022,-23.6362982225054,-46.7289427519023,5,kilometer,322.0,"R$ 29.951,60",7.0,19.0,30.0,37.0,93.0,morumbi,05707-001,R  Itapaiuna,Jardim Morumbi,São Paulo,SP
455658,2022,-23.6324529933953,-46.7306573931318,5,kilometer,289.0,"R$ 23.967,79",15.0,17.0,36.0,22.0,90.0,morumbi,05717-230,R  Fabio Lopes Dos Santos Luz,Vila Andrade,São Paulo,SP
452255,2022,-23.626078060135,-46.6968772432754,5,kilometer,302.0,"R$ 25.831,01",19.0,37.0,17.0,16.0,89.0,morumbi,04710-160,R  Chafic Maluf,Santo Amaro,São Paulo,SP
455417,2022,-23.6373778781735,-46.7315247611502,5,kilometer,299.0,"R$ 31.162,00",6.0,16.0,25.0,41.0,88.0,morumbi,05705-901,R  Itapaiuna,Jardim Morumbi,São Paulo,SP
455412,2022,-23.6356593448811,-46.7299926793596,5,kilometer,289.0,"R$ 34.125,23",14.0,19.0,28.0,23.0,84.0,morumbi,05717-210,R  Almansa,Vila Andrade,São Paulo,SP
455411,2022,-23.6294878506369,-46.719042284042,5,kilometer,357.0,"R$ 32.097,56",19.0,11.0,31.0,22.0,83.0,morumbi,05704-110,R  Forte William,Jardim Fonte do Morumbi,São Paulo,SP
455419,2022,-23.638331489443,-46.7301102881199,5,kilometer,277.0,"R$ 27.507,40",10.0,32.0,24.0,17.0,83.0,morumbi,05707-000,R  Itapaiuna,Parque do Morumbi,São Paulo,SP
455413,2022,-23.6356953810497,-46.72912768467489,5,kilometer,285.0,"R$ 31.688,39",11.0,20.0,27.0,23.0,81.0,morumbi,05717-180,R  Algeciras,Vila Andrade,São Paulo,SP
447270,2022,-23.5879815958341,-46.7109148470656,5,kilometer,352.0,"R$ 29.794,08",15.0,14.0,22.0,26.0,77.0,morumbi,05611-050,Av  Roberto Lorenz,Jardim Guedala,São Paulo,SP
447305,2022,-23.5915686336103,-46.7190349803006,5,kilometer,237.0,"R$ 26.093,76",13.0,16.0,20.0,24.0,73.0,morumbi,05616-011,R Dom Armando Lombardi,Vila Progredior,São Paulo,SP
441455,2022,-23.6071724528996,-46.6962340435143,5,kilometer,325.0,"R$ 26.852,01",22.0,23.0,16.0,11.0,72.0,morumbi,04578-000,Av Das Nacoes Unidas,Brooklin Paulista,São Paulo,SP
431371,2022,-23.5743992507879,-46.7330116858953,5,kilometer,289.0,"R$ 30.769,03",18.0,24.0,12.0,13.0,67.0,morumbi,05590-130,R  Monte Caseros,Vila Gomes,São Paulo,SP
441603,2022,-23.6098898207953,-46.6930348857032,5,kilometer,278.0,"R$ 39.611,20",13.0,22.0,13.0,18.0,66.0,morumbi,04562-080,R  Andre Ampere,Brooklin Paulista,São Paulo,SP
447298,2022,-23.6025206072875,-46.703803461102304,5,kilometer,357.0,"R$ 28.390,91",11.0,14.0,22.0,19.0,66.0,morumbi,05679-040,R  Tanhacu,Jardim Panorama D'Oeste,São Paulo,SP
447287,2022,-23.5907157623352,-46.713372718778096,5,kilometer,352.0,"R$ 36.138,63",5.0,31.0,16.0,13.0,65.0,morumbi,05613-030,R Desem Amorim Lima,Morumbi,São Paulo,SP
447258,2022,-23.5985304250261,-46.6988958497058,5,kilometer,266.0,"R$ 36.209,01",15.0,17.0,18.0,14.0,64.0,morumbi,05676-120,Av  Magalhaes De Castro,Cidade Jardim,São Paulo,SP
455397,2022,-23.6285433941786,-46.7220856856216,5,kilometer,259.0,"R$ 31.514,77",6.0,15.0,16.0,27.0,64.0,morumbi,05704-080,R  Domenico Perotti,Jardim Fonte do Morumbi,São Paulo,SP
455416,2022,-23.6364453635479,-46.731411544789296,5,kilometer,279.0,"R$ 34.796,51",,9.0,25.0,29.0,63.0,morumbi,05705-901,R  Itapaiuna,Jardim Morumbi,São Paulo,SP
455623,2022,-23.6302572149537,-46.7196506431946,5,kilometer,267.0,"R$ 29.036,36",12.0,11.0,26.0,13.0,62.0,morumbi,05704-130,R  Maria Antonia Ladalardo,Jardim Fonte do Morumbi,São Paulo,SP
447259,2022,-23.5983063468912,-46.697861609769,5,kilometer,285.0,"R$ 39.025,42",14.0,19.0,17.0,10.0,60.0,morumbi,05672-015,Av  Alcides Sangirardi,Cidade Jardim,São Paulo,SP
455420,2022,-23.6383632983486,-46.729196120124,5,kilometer,270.0,"R$ 23.830,74",9.0,13.0,25.0,12.0,59.0,morumbi,05707-000,R  Itapaiuna,Parque do Morumbi,São Paulo,SP
441585,2022,-23.611009309343,-46.693847514023695,5,kilometer,184.0,"R$ 36.884,35",14.0,17.0,17.0,10.0,58.0,morumbi,04562-030,R  Arandu,Brooklin Paulista,São Paulo,SP
447260,2022,-23.5993342301657,-46.69787882467031,5,kilometer,202.0,"R$ 33.625,12",5.0,8.0,23.0,19.0,55.0,morumbi,05676-900,Av  Magalhaes De Castro,Cidade Jardim,São Paulo,SP
455622,2022,-23.6301115129524,-46.7212902639424,5,kilometer,299.0,"R$ 38.322,45",20.0,6.0,14.0,14.0,54.0,morumbi,05704-150,Av  Carlos Queiroz Telles,Jardim Fonte do Morumbi,São Paulo,SP
441426,2022,-23.6029816639678,-46.6942273229008,5,kilometer,225.0,"R$ 24.095,04",23.0,12.0,13.0,5.0,53.0,morumbi,04561-004,R  Guararapes,Brooklin Paulista,São Paulo,SP
447222,2022,-23.5941266488141,-46.7105520198285,5,kilometer,268.0,"R$ 24.957,45",10.0,14.0,17.0,10.0,51.0,morumbi,05614-040,R Dr Serafico De Assis Carvalho,Jardim Leonor,São Paulo,SP
458252,2022,-23.5868724313653,-46.7401121750863,5,kilometer,279.0,"R$ 36.298,90",9.0,9.0,9.0,23.0,50.0,morumbi,05541-030,R  Trajano Reis,Jardim das Vertentes,São Paulo,SP
455396,2022,-23.6293114386284,-46.72206624869391,5,kilometer,236.0,"R$ 27.635,47",8.0,12.0,14.0,16.0,50.0,morumbi,05704-070,R  Diego De Castilho,Jardim Fonte do Morumbi,São Paulo,SP
447314,2022,-23.6016204341445,-46.706807511117695,5,kilometer,266.0,"R$ 26.389,88",5.0,12.0,8.0,22.0,47.0,morumbi,05683-050,R  Pascoal Leite,Paineiras do Morumbi,São Paulo,SP
455418,2022,-23.6379658713797,-46.7309309157845,5,kilometer,152.0,"R$ 29.725,76",,10.0,11.0,23.0,44.0,morumbi,05705-901,R  Itapaiuna,Jardim Morumbi,São Paulo,SP
447246,2022,-23.6059248353401,-46.707267218795295,5,kilometer,269.0,"R$ 26.464,02",3.0,9.0,14.0,17.0,43.0,morumbi,05685-090,R Br Santa Eulalia,Real Parque,São Paulo,SP
455429,2022,-23.6248231679775,-46.7317662967372,5,kilometer,201.0,"R$ 73.198,95",6.0,8.0,12.0,12.0,38.0,morumbi,05713-430,R  Ascencional,Jardim Ampliação,São Paulo,SP
452257,2022,-23.6296592440474,-46.6953380427808,5,kilometer,286.0,"R$ 33.056,51",8.0,12.0,9.0,9.0,38.0,morumbi,04708-001,R S Sebastiao,Santo Amaro,São Paulo,SP
447279,2022,-23.5940254366891,-46.704165651393104,5,kilometer,200.0,"R$ 26.238,12",8.0,6.0,4.0,11.0,29.0,morumbi,05678-020,R Dr Wilton Paes De Almeida,Cidade Jardim,São Paulo,SP
441557,2022,-23.6251537915594,-46.6886084728174,5,kilometer,319.0,"R$ 33.907,62",5.0,10.0,7.0,6.0,28.0,morumbi,04704-030,R Das Sempre-Vivas,Jardim das Acácias,São Paulo,SP
447247,2022,-23.6065935740077,-46.7066594808199,5,kilometer,193.0,"R$ 27.781,05",3.0,3.0,4.0,17.0,27.0,morumbi,05685-901,R Br Santa Eulalia,Real Parque,São Paulo,SP
447277,2022,-23.5838102715868,-46.7042361326187,5,kilometer,205.0,"R$ 26.124,55",3.0,4.0,9.0,11.0,27.0,morumbi,05603-001,Av  Lopes De Azevedo,Jardim Guedala,São Paulo,SP
455319,2022,-23.6201796802803,-46.7370824719652,5,kilometer,178.0,"R$ 25.049,27",7.0,6.0,5.0,9.0,27.0,morumbi,05641-010,R Dr Oscar Monteiro De Barros,Vila Suzana,São Paulo,SP
447281,2022,-23.5952637930235,-46.696203926430094,5,kilometer,153.0,"R$ 24.302,81",4.0,4.0,11.0,7.0,26.0,morumbi,05676-090,R Pde Jose Griecco,Cidade Jardim,São Paulo,SP
447282,2022,-23.5921011313398,-46.701562512038,5,kilometer,204.0,"R$ 24.384,49",,8.0,6.0,11.0,25.0,morumbi,05674-010,R Das Jabuticabeiras,Cidade Jardim,São Paulo,SP
447284,2022,-23.5886685882691,-46.6978956700323,5,kilometer,162.0,"R$ 31.177,78",,0.0,8.0,15.0,23.0,morumbi,05674-000,Av Das Magnolias,Cidade Jardim,São Paulo,SP
447285,2022,-23.591001236129,-46.6949932058112,5,kilometer,190.0,"R$ 25.539,47",4.0,3.0,8.0,7.0,22.0,morumbi,05672-000,Av Das Acacias,Cidade Jardim,São Paulo,SP
455487,2022,-23.6342294650082,-46.7250686178666,5,kilometer,293.0,"R$ 24.477,72",6.0,8.0,,3.0,17.0,morumbi,05706-290,R Dep Laercio Corte,Paraíso do Morumbi,São Paulo,SP
447271,2022,-23.5918691648679,-46.71011229144,5,kilometer,213.0,"R$ 23.781,71",,,9.0,,,morumbi,05612-000,R  Olegario Mariano,Jardim Guedala,São Paulo,SP
441456,2022,-23.6072668685673,-46.6959264161794,5,kilometer,309.0,"R$ 23.757,05",26.0,10.0,10.0,8.0,,morumbi,04578-000,Av Das Nacoes Unidas,Brooklin Paulista,São Paulo,SP
458362,2022,-23.6022107983111,-46.7249669608303,5,kilometer,233.0,"R$ 23.740,29",10.0,12.0,14.0,15.0,,morumbi,05658-000,R  Jandiro Joaquim Pereira,Jardim Leonor,São Paulo,SP
455401,2022,-23.6257996379984,-46.720642908339904,5,kilometer,293.0,"R$ 23.700,98",26.0,30.0,23.0,17.0,,morumbi,05705-170,R Dr Chibata Miyakoshi,Paraíso do Morumbi,São Paulo,SP
441484,2022,-23.6123126695787,-46.6915740308529,5,kilometer,427.0,"R$ 23.652,20",32.0,46.0,33.0,21.0,,morumbi,04567-002,R  Arizona,Cidade Monções,São Paulo,SP
441534,2022,-23.6201913221055,-46.6973635300256,5,kilometer,126.0,"R$ 23.545,92",,,,,,morumbi,04705-080,R Prof Jose Leite E Oiticica,Vila Gertrudes,São Paulo,SP
447301,2022,-23.5910377891918,-46.704610740754,5,kilometer,164.0,"R$ 23.500,09",,6.0,6.0,23.0,,morumbi,05605-000,R Dr Joao Neves Neto,Jardim Guedala,São Paulo,SP
452150,2022,-23.6342166489882,-46.7086235572076,5,kilometer,792.0,"R$ 23.468,64",37.0,53.0,50.0,49.0,,morumbi,04726-160,Av Prof Alceu Maynard Araujo,Vila Cruzeiro,São Paulo,SP
455498,2022,-23.6274779105843,-46.738472568913295,5,kilometer,237.0,"R$ 23.394,42",18.0,16.0,14.0,17.0,,morumbi,05727-240,R  Jose De Oliveira Coelho,Vila Andrade,São Paulo,SP
455488,2022,-23.6286060822561,-46.7203952552522,5,kilometer,702.0,"R$ 23.338,27",37.0,34.0,41.0,30.0,,morumbi,05704-140,R  Ventura Ladalardo,Jardim Fonte do Morumbi,São Paulo,SP
455621,2022,-23.6324117299104,-46.7234768789076,5,kilometer,209.0,"R$ 23.306,02",10.0,9.0,25.0,24.0,,morumbi,05706-290,R Dep Laercio Corte,Paraíso do Morumbi,São Paulo,SP
447283,2022,-23.5961269813356,-46.701992728059295,5,kilometer,174.0,"R$ 23.186,05",4.0,,7.0,10.0,,morumbi,05675-160,R Das Zinias,Cidade Jardim,São Paulo,SP
455410,2022,-23.6278617475644,-46.7186521947362,5,kilometer,319.0,"R$ 23.164,63",13.0,15.0,11.0,21.0,,morumbi,05704-140,R  Ventura Ladalardo,Jardim Fonte do Morumbi,São Paulo,SP
447172,2022,-23.5901904430389,-46.7073854524962,5,kilometer,250.0,"R$ 22.974,36",4.0,3.0,6.0,10.0,,morumbi,05612-060,R Pde Madureira,Jardim Guedala,São Paulo,SP
441452,2022,-23.6107175460334,-46.6903685652938,5,kilometer,173.0,"R$ 22.767,22",13.0,11.0,4.0,9.0,,morumbi,04565-902,R  Florida,Cidade Monções,São Paulo,SP
455409,2022,-23.6291831316125,-46.7198059900478,5,kilometer,197.0,"R$ 22.717,19",12.0,12.0,14.0,16.0,,morumbi,05704-110,R  Forte William,Jardim Fonte do Morumbi,São Paulo,SP
447308,2022,-23.6059529218509,-46.7006016887625,5,kilometer,635.0,"R$ 22.632,68",14.0,40.0,52.0,41.0,,morumbi,05684-011,R S Paulo Antigo,Real Parque,São Paulo,SP
447256,2022,-23.6050577937037,-46.7012901337342,5,kilometer,218.0,"R$ 22.498,46",13.0,11.0,7.0,3.0,,morumbi,05684-011,R S Paulo Antigo,Real Parque,São Paulo,SP
452324,2022,-23.6320248988818,-46.6951631546962,5,kilometer,505.0,"R$ 22.390,84",53.0,26.0,16.0,17.0,,morumbi,04709-901,R  Bela Vista,Santo Amaro,São Paulo,SP
447201,2022,-23.6124859223102,-46.7087311718121,5,kilometer,225.0,"R$ 22.290,00",6.0,14.0,9.0,13.0,,morumbi,05688-021,R  Joaquim C. De Azevedo Marques,Vila Morumbi,São Paulo,SP
447174,2022,-23.5846025137771,-46.7119055025998,5,kilometer,183.0,"R$ 22.270,51",5.0,6.0,,4.0,,morumbi,05610-060,R  Pirapo,Jardim Guedala,São Paulo,SP
452204,2022,-23.6260760279044,-46.7067063272768,5,kilometer,630.0,"R$ 22.089,24",50.0,64.0,44.0,27.0,,morumbi,04713-002,R Da Paz,Chácara Santo Antônio (Zona Sul),São Paulo,SP
452345,2022,-23.6341608531443,-46.70925978656,5,kilometer,325.0,"R$ 21.926,67",28.0,29.0,18.0,10.0,,morumbi,04719-080,R  Decio Pacheco Da Silveira,Chácara Santo Antônio (Zona Sul),São Paulo,SP
441611,2022,-23.6041500488323,-46.6949827939003,5,kilometer,212.0,"R$ 21.910,98",16.0,5.0,4.0,4.0,,morumbi,04571-090,R  Sansao Alves Dos Santos,Cidade Monções,São Paulo,SP
441617,2022,-23.6110992863616,-46.6897326999505,5,kilometer,159.0,"R$ 21.589,36",7.0,13.0,7.0,5.0,,morumbi,04565-001,R  Florida,Cidade Monções,São Paulo,SP
447278,2022,-23.5857801695329,-46.7006374585658,5,kilometer,152.0,"R$ 21.536,71",5.0,3.0,5.0,6.0,,morumbi,05604-000,R  Manuel De Gois,Jardim Guedala,São Paulo,SP
452205,2022,-23.6355038086886,-46.71574492665,5,kilometer,562.0,"R$ 21.530,96",40.0,58.0,35.0,26.0,,morumbi,04726-160,Av Prof Alceu Maynard Araujo,Vila Cruzeiro,São Paulo,SP
447177,2022,-23.5930176949565,-46.6987450421095,5,kilometer,198.0,"R$ 21.515,09",7.0,9.0,11.0,11.0,,morumbi,05674-020,R Das Avencas,Cidade Jardim,São Paulo,SP
458271,2022,-23.5997910813481,-46.7255653927198,5,kilometer,312.0,"R$ 21.510,60",12.0,26.0,27.0,13.0,,morumbi,05622-010,R  Corgie Assad Abdalla,Vila Sônia,São Paulo,SP
447221,2022,-23.6122475404393,-46.7116412339478,5,kilometer,219.0,"R$ 21.499,24",4.0,15.0,18.0,6.0,,morumbi,05688-050,R Band Sampaio Soares,Vila Morumbi,São Paulo,SP
458312,2022,-23.5889295986682,-46.74100028902409,5,kilometer,766.0,"R$ 21.492,27",36.0,65.0,74.0,62.0,,morumbi,05541-030,R  Trajano Reis,Jardim das Vertentes,São Paulo,SP
447272,2022,-23.5849639570509,-46.7080825330054,5,kilometer,191.0,"R$ 21.397,63",6.0,13.0,10.0,6.0,,morumbi,05609-000,R Dr Queiros Guimaraes,Jardim Guedala,São Paulo,SP
441529,2022,-23.6201987490179,-46.6949930296631,5,kilometer,238.0,"R$ 21.322,79",23.0,10.0,10.0,8.0,,morumbi,04705-010,R  Bacaetava,Vila Gertrudes,São Paulo,SP
455491,2022,-23.6184044053597,-46.742666951793,5,kilometer,272.0,"R$ 21.264,65",11.0,8.0,22.0,18.0,,morumbi,05709-010,R Dr Jose De Andrade Figueira,Vila Suzana,São Paulo,SP
452190,2022,-23.6345553469211,-46.7150273179438,5,kilometer,710.0,"R$ 21.262,66",44.0,64.0,78.0,40.0,,morumbi,04726-220,R  Luis Correia De Melo,Vila Cruzeiro,São Paulo,SP
458301,2022,-23.6077930935263,-46.7351188338414,5,kilometer,648.0,"R$ 21.230,77",46.0,58.0,54.0,37.0,,morumbi,05634-001,R  David Ben Gurion,Jardim Monte Kemel,São Paulo,SP
455399,2022,-23.6266384329663,-46.7237565799234,5,kilometer,173.0,"R$ 21.205,91",5.0,15.0,10.0,7.0,,morumbi,05706-290,R Dep Laercio Corte,Paraíso do Morumbi,São Paulo,SP
458299,2022,-23.6060356357255,-46.7348919136184,5,kilometer,872.0,"R$ 21.168,40",76.0,95.0,71.0,52.0,,morumbi,05635-050,Av  Jose Maria Da Silva Paranhos,Jardim Monte Kemel,São Paulo,SP
455302,2022,-23.6240074646516,-46.713059148955104,5,kilometer,104.0,"R$ 21.149,77",0.0,,0.0,0.0,,morumbi,05693-000,Av Maj Sylvio De Magalhaes Padilha,Jardim Morumbi,São Paulo,SP
441424,2022,-23.6026900614569,-46.695263963541,5,kilometer,203.0,"R$ 21.004,05",29.0,10.0,8.0,4.0,,morumbi,04561-004,R  Guararapes,Brooklin Paulista,São Paulo,SP
455473,2022,-23.6307853330525,-46.7318042523652,5,kilometer,284.0,"R$ 20.914,69",7.0,16.0,18.0,13.0,,morumbi,05715-030,R  Itapecoca,Vila Andrade,São Paulo,SP
450146,2022,-23.5877146262648,-46.76009633897431,5,kilometer,572.0,"R$ 20.817,24",32.0,24.0,27.0,37.0,,morumbi,05551-000,R  Benvenuto Di Giovani,Jardim Raposo Tavares,São Paulo,SP
455489,2022,-23.6275184240447,-46.71980098588711,5,kilometer,324.0,"R$ 20.722,13",33.0,23.0,15.0,13.0,,morumbi,05704-140,R  Ventura Ladalardo,Jardim Fonte do Morumbi,São Paulo,SP
441528,2022,-23.6217732801745,-46.696561961229904,5,kilometer,404.0,"R$ 20.685,65",40.0,29.0,16.0,19.0,,morumbi,04707-000,Av  Roque Petroni Junior,Jardim das Acácias,São Paulo,SP
452256,2022,-23.6265691931769,-46.6971692890972,5,kilometer,642.0,"R$ 20.657,49",68.0,59.0,56.0,37.0,,morumbi,04710-090,R Dr Jose Aureo Bustamante,Santo Amaro,São Paulo,SP
455358,2022,-23.6174739306088,-46.7387431793256,5,kilometer,364.0,"R$ 20.613,79",15.0,17.0,21.0,24.0,,morumbi,05641-030,R  Domingos Lopes Da Silva,Vila Suzana,São Paulo,SP
447227,2022,-23.6044300621227,-46.72365954447871,5,kilometer,353.0,"R$ 20.538,73",10.0,17.0,17.0,20.0,,morumbi,05658-010,R Dr Cristiano De Sousa,Jardim Leonor,São Paulo,SP
447252,2022,-23.611489826723,-46.7075240528234,5,kilometer,315.0,"R$ 20.505,31",9.0,12.0,9.0,14.0,,morumbi,05687-001,R Dom Paulo Pedrosa,Real Parque,São Paulo,SP
452333,2022,-23.6439790278105,-46.7215274485092,5,kilometer,422.0,"R$ 20.486,60",42.0,20.0,17.0,11.0,,morumbi,04724-003,Av  Joao Dias,Santo Amaro,São Paulo,SP
455301,2022,-23.6227582698923,-46.719969453135,5,kilometer,540.0,"R$ 20.341,66",16.0,28.0,21.0,27.0,,morumbi,05657-230,R Prof Alexandre Correia,Jardim Vitória Régia,São Paulo,SP
458300,2022,-23.6068237344866,-46.7357562220372,5,kilometer,648.0,"R$ 20.294,88",64.0,73.0,48.0,28.0,,morumbi,05634-001,R  David Ben Gurion,Jardim Monte Kemel,São Paulo,SP
455462,2022,-23.6228711268647,-46.739521228837695,5,kilometer,538.0,"R$ 20.218,61",46.0,50.0,41.0,22.0,,morumbi,05726-130,R  Jose Da Silva Ribeiro,Vila Andrade,São Paulo,SP
455469,2022,-23.6305809695388,-46.732694154274895,5,kilometer,396.0,"R$ 20.121,52",22.0,29.0,18.0,22.0,,morumbi,05715-040,R  Itatupa,Vila Andrade,São Paulo,SP
447244,2022,-23.6105935679975,-46.71000726278351,5,kilometer,265.0,"R$ 20.049,03",3.0,8.0,7.0,14.0,,morumbi,05688-021,R  Joaquim C. De Azevedo Marques,Vila Morumbi,São Paulo,SP
458361,2022,-23.5980008358566,-46.7240466496268,5,kilometer,327.0,"R$ 19.923,97",13.0,20.0,28.0,16.0,,morumbi,05622-001,R Dr Jose Maria Whitaker,Vila Sônia,São Paulo,SP
455395,2022,-23.6165079073854,-46.714026635159,5,kilometer,167.0,"R$ 19.914,29",,,5.0,7.0,,morumbi,05657-060,R  Omar Simao Racy,Fazenda Morumbi,São Paulo,SP
455355,2022,-23.618339586864,-46.7387790630407,5,kilometer,342.0,"R$ 19.897,74",17.0,10.0,27.0,29.0,,morumbi,05641-030,R  Domingos Lopes Da Silva,Vila Suzana,São Paulo,SP
441610,2022,-23.6038864987815,-46.6948781894226,5,kilometer,245.0,"R$ 19.894,86",9.0,11.0,12.0,6.0,,morumbi,04571-090,R  Sansao Alves Dos Santos,Cidade Monções,São Paulo,SP
447225,2022,-23.6077923573489,-46.7160186284704,5,kilometer,198.0,"R$ 19.877,17",4.0,8.0,4.0,7.0,,morumbi,05654-030,R Gal Euclides Figueiredo,Morumbi,São Paulo,SP
447216,2022,-23.6061775454882,-46.705059289886094,5,kilometer,396.0,"R$ 19.817,40",10.0,12.0,28.0,18.0,,morumbi,05684-000,Av Br De Campos Gerais,Real Parque,São Paulo,SP
447209,2022,-23.6107778885327,-46.7046069627903,5,kilometer,523.0,"R$ 19.810,64",9.0,12.0,20.0,20.0,,morumbi,05688-901,R  Americo Alves Pereira Filho,Vila Morumbi,São Paulo,SP
441425,2022,-23.6028383560391,-46.694747142360704,5,kilometer,292.0,"R$ 19.705,81",33.0,32.0,22.0,9.0,,morumbi,04561-004,R  Guararapes,Brooklin Paulista,São Paulo,SP
455421,2022,-23.6373333917184,-46.7292565926827,5,kilometer,272.0,"R$ 19.696,98",13.0,19.0,17.0,12.0,,morumbi,05705-901,R  Itapaiuna,Jardim Morumbi,São Paulo,SP
455453,2022,-23.6266877161267,-46.73429205989849,5,kilometer,450.0,"R$ 19.676,80",18.0,18.0,36.0,13.0,,morumbi,05716-080,R  Itamira,Vila Andrade,São Paulo,SP
441453,2022,-23.6099989495481,-46.6969612867422,5,kilometer,278.0,"R$ 19.671,96",15.0,18.0,6.0,12.0,,morumbi,04578-910,Av Das Nacoes Unidas,Brooklin Paulista,São Paulo,SP
452298,2022,-23.6525666706937,-46.7188223106034,5,kilometer,671.0,"R$ 19.598,58",79.0,52.0,45.0,28.0,,morumbi,04754-010,Av  Mario Lopes Leao,Santo Amaro,São Paulo,SP
455356,2022,-23.6189346916151,-46.7379196423918,5,kilometer,192.0,"R$ 19.595,09",7.0,8.0,8.0,14.0,,morumbi,05641-070,R Prof Hilario Veiga De Carvalho,Vila Suzana,São Paulo,SP
447306,2022,-23.5920184539901,-46.72006714603631,5,kilometer,389.0,"R$ 19.584,90",14.0,21.0,21.0,22.0,,morumbi,05617-901,R  Pedro Gomes Cardim,Vila Progredior,São Paulo,SP
447173,2022,-23.5964253450963,-46.7115089989975,5,kilometer,287.0,"R$ 19.470,30",6.0,15.0,15.0,12.0,,morumbi,05614-070,R Br De Pirapama,Jardim Leonor,São Paulo,SP
447194,2022,-23.6063671911893,-46.704305066316095,5,kilometer,162.0,"R$ 19.420,41",0.0,6.0,8.0,12.0,,morumbi,05684-000,Av Br De Campos Gerais,Real Parque,São Paulo,SP
455359,2022,-23.6185860255024,-46.7396032143364,5,kilometer,291.0,"R$ 19.371,63",9.0,16.0,19.0,15.0,,morumbi,05641-030,R  Domingos Lopes Da Silva,Vila Suzana,São Paulo,SP
455458,2022,-23.6314292701093,-46.7340928364142,5,kilometer,344.0,"R$ 19.341,99",18.0,16.0,41.0,27.0,,morumbi,05716-090,R  Itapimirum,Vila Andrade,São Paulo,SP
455368,2022,-23.6205538376343,-46.73674128303809,5,kilometer,167.0,"R$ 19.340,85",5.0,3.0,7.0,11.0,,morumbi,05642-001,Av  Jose Galante,Vila Suzana,São Paulo,SP
455638,2022,-23.6193674425829,-46.7372162901946,5,kilometer,357.0,"R$ 19.315,01",28.0,16.0,14.0,10.0,,morumbi,05641-010,R Dr Oscar Monteiro De Barros,Vila Suzana,São Paulo,SP
447185,2022,-23.5908682098369,-46.7175134657318,5,kilometer,299.0,"R$ 19.209,52",16.0,16.0,15.0,23.0,,morumbi,05616-073,R Dr Clovis De Oliveira,Vila Progredior,São Paulo,SP
455388,2022,-23.6348640619694,-46.7326677938702,5,kilometer,373.0,"R$ 19.179,59",11.0,12.0,10.0,16.0,,morumbi,05717-190,R  Algemesi,Vila Andrade,São Paulo,SP
447200,2022,-23.6108163985383,-46.7067022046353,5,kilometer,566.0,"R$ 19.172,98",9.0,21.0,27.0,27.0,,morumbi,05687-010,Av Br De Monte Mor,Real Parque,São Paulo,SP
455496,2022,-23.6283033644427,-46.7423993047898,5,kilometer,472.0,"R$ 19.142,86",30.0,48.0,61.0,33.0,,morumbi,05727-230,R  Francisco Pessoa,Vila Andrade,São Paulo,SP
455630,2022,-23.6326850737784,-46.7317749050054,5,kilometer,247.0,"R$ 19.061,80",5.0,12.0,17.0,17.0,,morumbi,05717-250,R  Itajara,Vila Andrade,São Paulo,SP
452198,2022,-23.6401673559529,-46.714511020394,5,kilometer,541.0,"R$ 19.016,10",42.0,50.0,46.0,35.0,,morumbi,04728-020,R Do Carreiro De Pedra,Jardim Caravelas,São Paulo,SP
447191,2022,-23.5807697355522,-46.7071982085308,5,kilometer,175.0,"R$ 18.995,06",,6.0,8.0,10.0,,morumbi,05609-010,R  Malvinas,Jardim Guedala,São Paulo,SP
455526,2022,-23.6381883882854,-46.7299586325248,5,kilometer,152.0,"R$ 18.989,89",,12.0,7.0,7.0,,morumbi,05707-000,R  Itapaiuna,Parque do Morumbi,São Paulo,SP
455639,2022,-23.6349053809358,-46.7262901997666,5,kilometer,632.0,"R$ 18.954,01",45.0,49.0,39.0,31.0,,morumbi,05707-400,Av Dona Helena Pereira De Moraes,Parque do Morumbi,São Paulo,SP
445685,2022,-23.6533240880602,-46.7486054115866,5,kilometer,340.0,"R$ 18.916,28",31.0,26.0,17.0,12.0,,morumbi,05847-500,R  Filipe Neri Teixeira,Jardim Iracema,São Paulo,SP
447211,2022,-23.6126691799992,-46.7057261648897,5,kilometer,322.0,"R$ 18.899,22",10.0,19.0,16.0,17.0,,morumbi,05687-002,R Dom Paulo Pedrosa,Real Parque,São Paulo,SP
455455,2022,-23.6315476884213,-46.733377385632494,5,kilometer,579.0,"R$ 18.843,26",16.0,20.0,37.0,39.0,,morumbi,05716-090,R  Itapimirum,Vila Andrade,São Paulo,SP
458371,2022,-23.6081435028965,-46.733792442939,5,kilometer,326.0,"R$ 18.829,00",27.0,30.0,35.0,18.0,,morumbi,05634-001,R  David Ben Gurion,Jardim Monte Kemel,São Paulo,SP
455424,2022,-23.6259346766437,-46.7301917795664,5,kilometer,391.0,"R$ 18.726,04",18.0,21.0,19.0,25.0,,morumbi,05713-520,R  Marie Nader Calfat,Jardim Ampliação,São Paulo,SP
441588,2022,-23.6105352186735,-46.69198952553511,5,kilometer,317.0,"R$ 18.617,33",23.0,25.0,13.0,20.0,,morumbi,04563-908,R  Conceicao De Monte Alegre,Cidade Monções,São Paulo,SP
447171,2022,-23.5925539242988,-46.713125770850894,5,kilometer,264.0,"R$ 18.605,23",5.0,18.0,12.0,16.0,,morumbi,05613-050,R Prof Luiz Oliani,Morumbi,São Paulo,SP
455320,2022,-23.6180096852873,-46.734019077857,5,kilometer,292.0,"R$ 18.595,80",8.0,16.0,28.0,17.0,,morumbi,05641-010,R Dr Oscar Monteiro De Barros,Vila Suzana,São Paulo,SP
458269,2022,-23.5980290793225,-46.7303650485937,5,kilometer,280.0,"R$ 18.546,82",5.0,13.0,14.0,14.0,,morumbi,05623-010,R  Francisco Preto,Vila Morse,São Paulo,SP
455390,2022,-23.6360165138105,-46.735611481738,5,kilometer,292.0,"R$ 18.542,17",12.0,21.0,20.0,22.0,,morumbi,05717-270,R  Jose Ramon Urtiza,Vila Andrade,São Paulo,SP
455456,2022,-23.63302637254,-46.7328762989617,5,kilometer,640.0,"R$ 18.533,34",19.0,29.0,58.0,56.0,,morumbi,05716-090,R  Itapimirum,Vila Andrade,São Paulo,SP
455449,2022,-23.6260250814183,-46.73274975681969,5,kilometer,466.0,"R$ 18.525,36",24.0,24.0,23.0,28.0,,morumbi,05713-420,R  Antonio Aggio,Jardim Ampliação,São Paulo,SP
447265,2022,-23.5868809822779,-46.7188194757355,5,kilometer,442.0,"R$ 18.515,83",31.0,32.0,25.0,22.0,,morumbi,05615-000,R  Jose Jannarelli,Vila Progredior,São Paulo,SP
441586,2022,-23.6116600433363,-46.6928097890924,5,kilometer,325.0,"R$ 18.470,52",27.0,12.0,8.0,6.0,,morumbi,04576-020,R  George Ohm,Cidade Monções,São Paulo,SP
441634,2022,-23.6239255765794,-46.690901433931,5,kilometer,166.0,"R$ 18.443,72",28.0,7.0,,4.0,,morumbi,04707-110,R Sto Arcadio,Jardim das Acácias,São Paulo,SP
455403,2022,-23.6271658934638,-46.7221027205178,5,kilometer,340.0,"R$ 18.374,37",7.0,11.0,15.0,12.0,,morumbi,05705-150,R  Alliston,Paraíso do Morumbi,São Paulo,SP
455408,2022,-23.630862265782,-46.7254914451046,5,kilometer,190.0,"R$ 18.370,36",6.0,11.0,20.0,11.0,,morumbi,05707-001,R  Itapaiuna,Jardim Morumbi,São Paulo,SP
458068,2022,-23.6016654355354,-46.741189885948096,5,kilometer,132.0,"R$ 18.358,61",3.0,3.0,6.0,7.0,,morumbi,05634-060,R Min Heitor Bastos Tigre,Jardim Monte Kemel,São Paulo,SP
447289,2022,-23.6028858306043,-46.71596900539431,5,kilometer,331.0,"R$ 18.319,26",10.0,20.0,18.0,15.0,,morumbi,05653-000,R Comen Elias Jafet,Jardim Leonor,São Paulo,SP
447180,2022,-23.6073260884694,-46.7102083481881,5,kilometer,366.0,"R$ 18.308,17",13.0,9.0,24.0,28.0,,morumbi,05688-025,R  Calim Eid,Vila Morumbi,São Paulo,SP
447178,2022,-23.6051771301316,-46.7042931374265,5,kilometer,549.0,"R$ 18.292,34",15.0,29.0,28.0,21.0,,morumbi,05684-010,R S Paulo Antigo,Real Parque,São Paulo,SP
455353,2022,-23.617450677403,-46.737305644247,5,kilometer,167.0,"R$ 18.224,59",,10.0,8.0,3.0,,morumbi,05641-030,R  Domingos Lopes Da Silva,Vila Suzana,São Paulo,SP
432788,2022,-23.6402747811481,-46.769783025029696,5,kilometer,265.0,"R$ 18.203,63",25.0,12.0,21.0,12.0,,morumbi,05794-400,R  Vicente Pinheiro,Jardim Helga,São Paulo,SP
447295,2022,-23.5860040420892,-46.7146851714044,5,kilometer,26.0,"R$ 18.133,50",,,0.0,0.0,,morumbi,05615-020,R  Joao Scaciotti,Vila Progredior,São Paulo,SP
447263,2022,-23.5908707560016,-46.7157096865634,5,kilometer,62.0,"R$ 18.064,58",3.0,,,3.0,,morumbi,05615-900,R  Jose Jannarelli,Vila Progredior,São Paulo,SP
455464,2022,-23.6237856940264,-46.73931405291351,5,kilometer,152.0,"R$ 18.058,93",5.0,6.0,5.0,13.0,,morumbi,05727-250,R  Jose Goncalves,Vila Andrade,São Paulo,SP
455428,2022,-23.6252483985252,-46.729209262689,5,kilometer,294.0,"R$ 17.948,67",17.0,21.0,18.0,11.0,,morumbi,05713-570,R Do Simbolo,Jardim Ampliação,São Paulo,SP
455404,2022,-23.6199183176693,-46.71857915934,5,kilometer,238.0,"R$ 17.841,71",12.0,19.0,13.0,15.0,,morumbi,05657-110,R  Pio Iv,Jardim Vitória Régia,São Paulo,SP
441447,2022,-23.6116743888777,-46.6884557643722,5,kilometer,267.0,"R$ 17.793,91",8.0,9.0,10.0,10.0,,morumbi,04565-000,R  Florida,Cidade Monções,São Paulo,SP
455616,2022,-23.6347140377297,-46.7301516193528,5,kilometer,435.0,"R$ 17.738,96",28.0,18.0,14.0,17.0,,morumbi,05717-210,R  Almansa,Vila Andrade,São Paulo,SP
441454,2022,-23.6105374795819,-46.6953990175726,5,kilometer,196.0,"R$ 17.675,25",6.0,4.0,,4.0,,morumbi,04571-000,Av Eng Luiz Carlos Berrini,Cidade Monções,São Paulo,SP
441533,2022,-23.6202803604655,-46.697050917529104,5,kilometer,134.0,"R$ 17.564,58",,4.0,,0.0,,morumbi,04705-080,R Prof Jose Leite E Oiticica,Vila Gertrudes,São Paulo,SP
452297,2022,-23.651720617128,-46.7193279247634,5,kilometer,518.0,"R$ 17.517,23",64.0,39.0,18.0,17.0,,morumbi,04757-020,Av Dr Mario Vilas Boas Rodrigues,Jardim Dom Bosco,São Paulo,SP
441633,2022,-23.6219369945746,-46.6884998417567,5,kilometer,257.0,"R$ 17.398,83",15.0,17.0,13.0,9.0,,morumbi,04703-002,Av  Morumbi,Santo Amaro,São Paulo,SP
441303,2022,-23.607842326505,-46.69287545691871,5,kilometer,299.0,"R$ 17.357,03",10.0,13.0,12.0,9.0,,morumbi,04570-900,Av  Nova Independencia,Brooklin Paulista,São Paulo,SP
455628,2022,-23.6203665310915,-46.738627203883695,5,kilometer,199.0,"R$ 17.325,57",6.0,10.0,12.0,6.0,,morumbi,05642-001,Av  Jose Galante,Vila Suzana,São Paulo,SP
447199,2022,-23.6079527487176,-46.7074459990822,5,kilometer,372.0,"R$ 17.318,59",13.0,18.0,14.0,19.0,,morumbi,05685-010,R Visc De Nacar,Real Parque,São Paulo,SP
447290,2022,-23.6015422436335,-46.7165315976372,5,kilometer,261.0,"R$ 17.295,93",7.0,5.0,0.0,7.0,,morumbi,05653-160,Av Pde Lebret,Jardim Leonor,São Paulo,SP
455313,2022,-23.6214834753873,-46.73706769144631,5,kilometer,123.0,"R$ 17.281,09",4.0,7.0,4.0,5.0,,morumbi,05642-001,Av  Jose Galante,Vila Suzana,São Paulo,SP
455406,2022,-23.6226269312149,-46.719366164704894,5,kilometer,486.0,"R$ 17.272,58",21.0,19.0,36.0,25.0,,morumbi,05657-230,R Prof Alexandre Correia,Jardim Vitória Régia,São Paulo,SP
447241,2022,-23.5926509910765,-46.7162269797581,5,kilometer,570.0,"R$ 17.210,36",17.0,22.0,29.0,33.0,,morumbi,05615-130,R  Jose Ferreira Guimaraes,Vila Progredior,São Paulo,SP
447243,2022,-23.6088957004101,-46.7078367233598,5,kilometer,482.0,"R$ 17.157,55",4.0,55.0,17.0,8.0,,morumbi,05684-030,Av Br De Melgaco,Real Parque,São Paulo,SP
455492,2022,-23.6162628519897,-46.7423103340994,5,kilometer,434.0,"R$ 17.110,69",32.0,27.0,17.0,16.0,,morumbi,05709-010,R Dr Jose De Andrade Figueira,Vila Suzana,São Paulo,SP
455524,2022,-23.6233337085453,-46.7214021248908,5,kilometer,697.0,"R$ 17.095,41",45.0,71.0,60.0,42.0,,morumbi,05705-270,R  Leonardo Cerveira Varandas,Paraíso do Morumbi,São Paulo,SP
441587,2022,-23.6112775665418,-46.6924506421437,5,kilometer,175.0,"R$ 17.061,22",4.0,6.0,,0.0,,morumbi,04563-060,R  Conceicao De Monte Alegre,Cidade Monções,São Paulo,SP
452211,2022,-23.638242608237,-46.701649235976895,5,kilometer,294.0,"R$ 17.051,99",11.0,13.0,12.0,20.0,,morumbi,04721-020,R S Mateus,Granja Julieta,São Paulo,SP
455523,2022,-23.6237119601017,-46.7201777285303,5,kilometer,705.0,"R$ 17.047,40",41.0,59.0,57.0,54.0,,morumbi,05657-230,R Prof Alexandre Correia,Jardim Vitória Régia,São Paulo,SP
458302,2022,-23.6087962434308,-46.734521097824704,5,kilometer,634.0,"R$ 17.041,56",32.0,55.0,55.0,43.0,,morumbi,05634-001,R  David Ben Gurion,Jardim Monte Kemel,São Paulo,SP
447248,2022,-23.6063362458759,-46.703290379476,5,kilometer,417.0,"R$ 16.978,37",16.0,17.0,34.0,33.0,,morumbi,05685-900,R  Cesar Vallejo,Real Parque,São Paulo,SP
455531,2022,-23.6315928445119,-46.7397276316874,5,kilometer,440.0,"R$ 16.950,69",36.0,29.0,19.0,14.0,,morumbi,05728-040,R  Castelhano,Vila Andrade,São Paulo,SP
455460,2022,-23.6281851404447,-46.74339367183671,5,kilometer,612.0,"R$ 16.945,65",44.0,65.0,59.0,25.0,,morumbi,05726-140,R  Nicola Rollo,Vila Andrade,São Paulo,SP
452140,2022,-23.6370525889957,-46.7040894784166,5,kilometer,518.0,"R$ 16.863,88",11.0,16.0,20.0,30.0,,morumbi,04716-010,R  Pires De Oliveira,Chácara Santo Antônio (Zona Sul),São Paulo,SP
452279,2022,-23.6382064458221,-46.7189783972076,5,kilometer,644.0,"R$ 16.838,46",64.0,82.0,31.0,15.0,,morumbi,04729-060,R  Castro Verde,Jardim Caravelas,São Paulo,SP
441513,2022,-23.6137695575533,-46.69102580319991,5,kilometer,233.0,"R$ 16.778,18",10.0,6.0,5.0,,,morumbi,04568-010,R  Castilho,Brooklin Paulista,São Paulo,SP
455463,2022,-23.6248821904826,-46.7405088687926,5,kilometer,630.0,"R$ 16.775,44",49.0,43.0,40.0,29.0,,morumbi,05726-130,R  Jose Da Silva Ribeiro,Vila Andrade,São Paulo,SP
432744,2022,-23.6135828331442,-46.753266847667696,5,kilometer,250.0,"R$ 16.685,38",5.0,9.0,11.0,23.0,,morumbi,05745-250,R  Antonio Carlos Salles Filho,Residencial Morumbi,São Paulo,SP
441512,2022,-23.6139491177479,-46.690801144472,5,kilometer,221.0,"R$ 16.667,41",7.0,,0.0,,,morumbi,04568-010,R  Castilho,Brooklin Paulista,São Paulo,SP
455369,2022,-23.6193391677755,-46.73555320447431,5,kilometer,410.0,"R$ 16.646,16",11.0,13.0,21.0,14.0,,morumbi,05641-010,R Dr Oscar Monteiro De Barros,Vila Suzana,São Paulo,SP
452249,2022,-23.6354123095397,-46.7073691266818,5,kilometer,291.0,"R$ 16.641,35",9.0,11.0,19.0,12.0,,morumbi,04716-090,Al  Calcuta,Chácara Santo Antônio (Zona Sul),São Paulo,SP
455422,2022,-23.6339198006928,-46.7299912893026,5,kilometer,178.0,"R$ 16.595,84",12.0,11.0,9.0,5.0,,morumbi,05717-210,R  Almansa,Vila Andrade,São Paulo,SP
458218,2022,-23.6100253681681,-46.737481713871,5,kilometer,552.0,"R$ 16.528,15",27.0,50.0,51.0,44.0,,morumbi,05630-050,R  Custodio De Oliveira,Vila Suzana,São Paulo,SP
447240,2022,-23.5925629268508,-46.7184917930336,5,kilometer,193.0,"R$ 16.508,44",8.0,8.0,10.0,6.0,,morumbi,05616-011,R Dom Armando Lombardi,Vila Progredior,São Paulo,SP
455374,2022,-23.622211850335,-46.7348520939628,5,kilometer,226.0,"R$ 16.505,83",3.0,8.0,13.0,13.0,,morumbi,05642-907,R  Marcus Pereira,Vila Suzana,São Paulo,SP
447203,2022,-23.6018087905526,-46.721037999738,5,kilometer,351.0,"R$ 16.475,01",9.0,20.0,17.0,16.0,,morumbi,05658-060,R Dr Erasmo Teixeira De Assuncao,Jardim Leonor,São Paulo,SP
455485,2022,-23.6355569609847,-46.7337019805817,5,kilometer,235.0,"R$ 16.471,20",18.0,11.0,11.0,12.0,,morumbi,05717-190,R  Algemesi,Vila Andrade,São Paulo,SP
455525,2022,-23.6357049555332,-46.732214340304495,5,kilometer,340.0,"R$ 16.422,67",11.0,11.0,21.0,17.0,,morumbi,05717-170,R  Alcantarilla,Vila Andrade,São Paulo,SP
455495,2022,-23.6276995996886,-46.7402559401344,5,kilometer,690.0,"R$ 16.382,16",28.0,58.0,62.0,62.0,,morumbi,05727-190,R  Clodion,Vila Andrade,São Paulo,SP
455363,2022,-23.6154602229507,-46.7328155057457,5,kilometer,190.0,"R$ 16.312,51",10.0,8.0,9.0,5.0,,morumbi,05641-021,R Dr James Ferraz Alvim,Vila Suzana,São Paulo,SP
447214,2022,-23.5988633412032,-46.6995218798373,5,kilometer,199.0,"R$ 16.293,84",5.0,14.0,20.0,14.0,,morumbi,05679-010,R  Armando Petrella,Jardim Panorama,São Paulo,SP
447223,2022,-23.5959870207729,-46.709780612770096,5,kilometer,128.0,"R$ 16.232,22",4.0,3.0,4.0,10.0,,morumbi,05614-000,R  Carlos Cyrillo Junior,Jardim Leonor,São Paulo,SP
458379,2022,-23.6127869565107,-46.7401339232211,5,kilometer,456.0,"R$ 16.218,35",12.0,20.0,24.0,29.0,,morumbi,05630-070,R  Elizabeth Barbegian Baldinato,Vila Suzana,São Paulo,SP
441543,2022,-23.6234512148434,-46.695092296473696,5,kilometer,253.0,"R$ 16.195,12",,,,3.0,,morumbi,04705-000,R  Jaceru,Vila Gertrudes,São Paulo,SP
455370,2022,-23.6190619906414,-46.734554932922094,5,kilometer,281.0,"R$ 16.184,76",13.0,7.0,24.0,20.0,,morumbi,05642-000,Av  Jose Galante,Vila Suzana,São Paulo,SP
458138,2022,-23.5975156502559,-46.7300758873401,5,kilometer,557.0,"R$ 16.153,07",17.0,23.0,24.0,44.0,,morumbi,05628-000,R  Theo Dutra,Jardim Colombo,São Paulo,SP
458270,2022,-23.5991201693193,-46.729156494254,5,kilometer,469.0,"R$ 16.098,31",16.0,26.0,26.0,32.0,,morumbi,05628-010,R  Nilza Medeiros Martins,Jardim Colombo,São Paulo,SP
452342,2022,-23.6268458882318,-46.6933875763908,5,kilometer,279.0,"R$ 16.048,62",28.0,19.0,9.0,8.0,,morumbi,04710-010,R  Diogo De Quadros,Santo Amaro,São Paulo,SP
447242,2022,-23.6116233523038,-46.714635859808496,5,kilometer,133.0,"R$ 15.994,88",3.0,4.0,5.0,9.0,,morumbi,05655-060,R Prof Miguel Calmon,Jardim Morumbi,São Paulo,SP
452212,2022,-23.6385673647295,-46.6991177756991,5,kilometer,370.0,"R$ 15.941,42",19.0,8.0,13.0,21.0,,morumbi,04738-900,R Mal Deodoro,Santo Amaro,São Paulo,SP
458109,2022,-23.6110632307841,-46.7323152863836,5,kilometer,353.0,"R$ 15.922,27",15.0,11.0,14.0,19.0,,morumbi,05630-902,R  Critios,Vila Suzana,São Paulo,SP
452280,2022,-23.6368117701241,-46.7143109707286,5,kilometer,279.0,"R$ 15.919,40",13.0,17.0,,12.0,,morumbi,04726-160,Av Prof Alceu Maynard Araujo,Vila Cruzeiro,São Paulo,SP
455466,2022,-23.6256761633508,-46.739710711358704,5,kilometer,625.0,"R$ 15.901,01",63.0,64.0,36.0,28.0,,morumbi,05727-250,R  Jose Goncalves,Vila Andrade,São Paulo,SP
447224,2022,-23.6066127775376,-46.7148628244947,5,kilometer,233.0,"R$ 15.865,62",4.0,5.0,14.0,17.0,,morumbi,05654-050,R Grum Sandoval Santos,Morumbi,São Paulo,SP
441421,2022,-23.608227021537,-46.6899895137286,5,kilometer,286.0,"R$ 15.858,17",6.0,12.0,17.0,17.0,,morumbi,04561-050,R  Ipurinas,Brooklin Paulista,São Paulo,SP
455636,2022,-23.6290838997998,-46.7325657524245,5,kilometer,463.0,"R$ 15.834,52",14.0,20.0,25.0,27.0,,morumbi,05715-040,R  Itatupa,Vila Andrade,São Paulo,SP
455539,2022,-23.6195629101576,-46.7413831901984,5,kilometer,334.0,"R$ 15.830,76",7.0,6.0,14.0,14.0,,morumbi,05709-050,R  Samia Haddad,Vila Suzana,São Paulo,SP
455508,2022,-23.621554847999,-46.7429294086371,5,kilometer,684.0,"R$ 15.819,69",56.0,47.0,53.0,38.0,,morumbi,05711-001,R Dr Luiz Migliano,Jardim Caboré,São Paulo,SP
447280,2022,-23.5968038412571,-46.706313011663,5,kilometer,186.0,"R$ 15.804,72",4.0,12.0,9.0,11.0,,morumbi,05678-070,R  Desembargador Ulisses Doria,Jardim Sílvia (Zona Oeste),São Paulo,SP
447250,2022,-23.6129959667133,-46.70796563842671,5,kilometer,203.0,"R$ 15.670,00",3.0,12.0,5.0,5.0,,morumbi,05688-090,R  Jose De Cristo Moreira,Vila Morumbi,São Paulo,SP
452307,2022,-23.641944619891,-46.7204511971875,5,kilometer,705.0,"R$ 15.649,11",64.0,53.0,32.0,25.0,,morumbi,04730-000,R Dr Rubens Gomes Bueno,Várzea de Baixo,São Paulo,SP
452369,2022,-23.6254904770238,-46.6960397489272,5,kilometer,433.0,"R$ 15.625,72",26.0,27.0,19.0,22.0,,morumbi,04710-130,R  Antonio Pacheco Valente,Santo Amaro,São Paulo,SP
447181,2022,-23.6049773197206,-46.7155666855138,5,kilometer,490.0,"R$ 15.586,94",22.0,20.0,21.0,27.0,,morumbi,05654-010,R  Luiz Galhanone,Jardim Viana,São Paulo,SP
455537,2022,-23.6285480127013,-46.738256434907,5,kilometer,381.0,"R$ 15.562,02",21.0,37.0,25.0,18.0,,morumbi,05727-160,R  Aureliano Guimaraes,Vila Andrade,São Paulo,SP
458178,2022,-23.6106694290767,-46.735747568991,5,kilometer,407.0,"R$ 15.446,18",11.0,17.0,14.0,27.0,,morumbi,05630-090,R  Jose De Jesus,Vila Suzana,São Paulo,SP
455328,2022,-23.6181174276946,-46.7079709487318,5,kilometer,197.0,"R$ 15.405,99",3.0,3.0,8.0,10.0,,morumbi,05692-030,R Dr Alberto Americano,Retiro Morumbi,São Paulo,SP
455315,2022,-23.6208199805329,-46.7048241592816,5,kilometer,221.0,"R$ 15.357,77",11.0,6.0,12.0,9.0,,morumbi,05692-050,R  Silvio Tramontano,Vila Tramontano,São Paulo,SP
447226,2022,-23.5999678114976,-46.7144734095852,5,kilometer,264.0,"R$ 15.356,10",6.0,8.0,8.0,20.0,,morumbi,05652-100,R  Combatentes Do Gueto,Jardim Leonor,São Paulo,SP
452317,2022,-23.6266214826515,-46.6932387337098,5,kilometer,267.0,"R$ 15.353,26",7.0,3.0,3.0,8.0,,morumbi,04707-061,R  Joaquim Guarani,Jardim das Acácias,São Paulo,SP
452278,2022,-23.6397937240664,-46.7185848271236,5,kilometer,437.0,"R$ 15.330,54",47.0,30.0,17.0,8.0,,morumbi,04727-002,R  Braganca Paulista,Vila Cruzeiro,São Paulo,SP
455483,2022,-23.624197574069,-46.731530140531696,5,kilometer,323.0,"R$ 15.309,01",15.0,16.0,16.0,7.0,,morumbi,05713-460,R  Frederico Guarinon,Jardim Ampliação,São Paulo,SP
458191,2022,-23.5872311694902,-46.75254245243929,5,kilometer,664.0,"R$ 15.308,05",35.0,47.0,46.0,53.0,,morumbi,05577-000,Via  Raposo Tavares,Jardim Adhemar de Barros,São Paulo,SP
455389,2022,-23.6340399057146,-46.7313381103852,5,kilometer,277.0,"R$ 15.275,23",17.0,9.0,11.0,16.0,,morumbi,05717-170,R  Alcantarilla,Vila Andrade,São Paulo,SP
455474,2022,-23.628200374536,-46.73006873479991,5,kilometer,393.0,"R$ 15.250,41",11.0,12.0,12.0,19.0,,morumbi,05713-410,R Do Angulo,Jardim Ampliação,São Paulo,SP
458305,2022,-23.6089467855748,-46.7387544968132,5,kilometer,398.0,"R$ 15.241,02",25.0,36.0,25.0,13.0,,morumbi,05638-030,R Dr Martins De Oliveira,Jardim Londrina,São Paulo,SP
458272,2022,-23.6015050668534,-46.725676292514095,5,kilometer,176.0,"R$ 15.225,71",10.0,11.0,11.0,6.0,,morumbi,05622-010,R  Corgie Assad Abdalla,Vila Sônia,São Paulo,SP
447213,2022,-23.6158014717043,-46.7091787572369,5,kilometer,350.0,"R$ 15.203,65",23.0,16.0,15.0,19.0,,morumbi,05691-010,R  Vicente Goes E Aranha,Vila Tramontano,São Paulo,SP
458313,2022,-23.5886559230602,-46.740289485440094,5,kilometer,438.0,"R$ 15.184,18",27.0,39.0,29.0,32.0,,morumbi,05541-030,R  Trajano Reis,Jardim das Vertentes,São Paulo,SP
452181,2022,-23.6394042376018,-46.7149568432886,5,kilometer,536.0,"R$ 15.141,71",38.0,70.0,49.0,21.0,,morumbi,04728-190,R  Tamiko Fuzioka,Chácara Japonesa,São Paulo,SP
452187,2022,-23.6292811925872,-46.693363701704,5,kilometer,678.0,"R$ 15.133,14",35.0,42.0,35.0,39.0,,morumbi,04708-010,R  Cancioneiro De Evora,Santo Amaro,São Paulo,SP
455502,2022,-23.6313343642712,-46.7415448073246,5,kilometer,89.0,"R$ 15.125,00",10.0,5.0,7.0,3.0,,morumbi,05728-050,R  Catarinenses,Vila Andrade,São Paulo,SP
452254,2022,-23.6268309964364,-46.6979241540918,5,kilometer,232.0,"R$ 15.102,44",10.0,7.0,6.0,3.0,,morumbi,04709-110,R  Henri Dunant,Santo Amaro,São Paulo,SP
455504,2022,-23.6403011265422,-46.7347556704217,5,kilometer,613.0,"R$ 15.081,76",60.0,42.0,38.0,31.0,,morumbi,05724-005,Av  Giovanni Gronchi,Vila Andrade,São Paulo,SP
455309,2022,-23.6257893705646,-46.73512902132551,5,kilometer,244.0,"R$ 15.035,71",8.0,7.0,12.0,14.0,,morumbi,05724-002,Av  Giovanni Gronchi,Vila Andrade,São Paulo,SP
458192,2022,-23.5884164628487,-46.7525657874516,5,kilometer,655.0,"R$ 14.978,97",43.0,59.0,76.0,35.0,,morumbi,05577-000,Via  Raposo Tavares,Jardim Adhemar de Barros,São Paulo,SP
455308,2022,-23.6303543887621,-46.735424073811295,5,kilometer,311.0,"R$ 14.955,12",7.0,16.0,12.0,10.0,,morumbi,05716-070,R  Itacaiuna,Vila Andrade,São Paulo,SP
452201,2022,-23.6272820582555,-46.69653294770311,5,kilometer,420.0,"R$ 14.946,78",19.0,23.0,18.0,31.0,,morumbi,04710-090,R Dr Jose Aureo Bustamante,Santo Amaro,São Paulo,SP
447220,2022,-23.6098860196994,-46.7053877632972,5,kilometer,528.0,"R$ 14.943,89",15.0,17.0,21.0,11.0,,morumbi,05684-060,Tv Br De Iguatemi,Real Parque,São Paulo,SP
455351,2022,-23.620346060255,-46.7402620202108,5,kilometer,67.0,"R$ 14.928,57",,0.0,3.0,0.0,,morumbi,05640-003,Av Dr Guilherme Dumont Vilares,Jardim Londrina,São Paulo,SP
455350,2022,-23.6216219835356,-46.7398288547827,5,kilometer,394.0,"R$ 14.917,92",12.0,19.0,29.0,26.0,,morumbi,05640-003,Av Dr Guilherme Dumont Vilares,Jardim Londrina,São Paulo,SP
455325,2022,-23.6163437848928,-46.741761813538496,5,kilometer,443.0,"R$ 14.877,28",18.0,25.0,24.0,41.0,,morumbi,05709-010,R Dr Jose De Andrade Figueira,Vila Suzana,São Paulo,SP
458219,2022,-23.6111495575928,-46.737251148164894,5,kilometer,486.0,"R$ 14.813,84",33.0,36.0,39.0,31.0,,morumbi,05630-050,R  Custodio De Oliveira,Vila Suzana,São Paulo,SP
455387,2022,-23.6332329243156,-46.7298946035158,5,kilometer,391.0,"R$ 14.789,63",14.0,11.0,13.0,16.0,,morumbi,05717-270,R  Jose Ramon Urtiza,Vila Andrade,São Paulo,SP
452206,2022,-23.6279071053975,-46.708767549548,5,kilometer,680.0,"R$ 14.707,05",52.0,56.0,50.0,33.0,,morumbi,04716-003,R  Fernandes Moreira,Chácara Santo Antônio (Zona Sul),São Paulo,SP
452295,2022,-23.6512780509528,-46.7186124214828,5,kilometer,554.0,"R$ 14.652,39",38.0,54.0,36.0,31.0,,morumbi,04757-050,R  Adele,Jardim Dom Bosco,São Paulo,SP
455297,2022,-23.6254671447323,-46.730832311095696,5,kilometer,409.0,"R$ 14.617,34",10.0,24.0,30.0,21.0,,morumbi,05713-520,R  Marie Nader Calfat,Jardim Ampliação,São Paulo,SP
458346,2022,-23.6121290279513,-46.7295811111306,5,kilometer,237.0,"R$ 14.606,48",8.0,11.0,8.0,9.0,,morumbi,05663-030,R  Afonso De Oliveira Santos,Paraisópolis,São Paulo,SP
458217,2022,-23.6133002585128,-46.73882917776511,5,kilometer,529.0,"R$ 14.606,37",22.0,29.0,33.0,23.0,,morumbi,05630-100,R  Liberato Carvalho Leite,Vila Suzana,São Paulo,SP
455312,2022,-23.6231163661212,-46.7357636590856,5,kilometer,259.0,"R$ 14.600,74",9.0,5.0,7.0,15.0,,morumbi,05642-020,R  Marcus Pereira,Vila Suzana,São Paulo,SP
458280,2022,-23.5983021071755,-46.723667333635696,5,kilometer,319.0,"R$ 14.573,90",18.0,18.0,15.0,16.0,,morumbi,05621-025,R Prof Lucio Martins Rodrigues,Jardim Leonor,São Paulo,SP
455377,2022,-23.6226796704871,-46.7369580699624,5,kilometer,140.0,"R$ 14.558,22",6.0,10.0,5.0,,,morumbi,05642-904,R  Charles Spencer Chaplin,Vila Andrade,São Paulo,SP
455361,2022,-23.6186873323985,-46.7369395050377,5,kilometer,185.0,"R$ 14.546,38",9.0,10.0,9.0,7.0,,morumbi,05641-110,R  Dankmar Adler,Vila Suzana,São Paulo,SP
452370,2022,-23.6263914055783,-46.695425535013,5,kilometer,269.0,"R$ 14.546,08",16.0,18.0,17.0,6.0,,morumbi,04710-110,R  Jose Floriano De Toledo,Santo Amaro,São Paulo,SP
441527,2022,-23.6175261708014,-46.6947922617162,5,kilometer,398.0,"R$ 14.544,77",21.0,10.0,15.0,5.0,,morumbi,04583-001,R  Nicolau Barreto,Vila Cordeiro,São Paulo,SP
447299,2022,-23.5968511910776,-46.7161765477152,5,kilometer,276.0,"R$ 14.533,53",4.0,8.0,7.0,9.0,,morumbi,05652-000,Av  Albert Einstein,Jardim Leonor,São Paulo,SP
455400,2022,-23.6254828435503,-46.7229737250827,5,kilometer,273.0,"R$ 14.484,41",10.0,6.0,11.0,10.0,,morumbi,05705-240,R  Itapacurai,Paraíso do Morumbi,São Paulo,SP
455503,2022,-23.6397195092354,-46.7354246500574,5,kilometer,626.0,"R$ 14.482,30",39.0,56.0,43.0,40.0,,morumbi,05724-005,Av  Giovanni Gronchi,Vila Andrade,São Paulo,SP
458374,2022,-23.5919680359287,-46.7382618556984,5,kilometer,490.0,"R$ 14.480,37",27.0,28.0,29.0,30.0,,morumbi,05533-000,Av  Eliseu De Almeida,Instituto de Previdência,São Paulo,SP
452337,2022,-23.6342741477484,-46.7006384189732,5,kilometer,343.0,"R$ 14.445,25",17.0,21.0,22.0,27.0,,morumbi,04717-001,R  Alexandre Dumas,Chácara Santo Antônio (Zona Sul),São Paulo,SP
455516,2022,-23.6227829126409,-46.7434845074956,5,kilometer,294.0,"R$ 14.444,56",30.0,28.0,19.0,17.0,,morumbi,05711-001,R Dr Luiz Migliano,Jardim Caboré,São Paulo,SP
452296,2022,-23.6521261811506,-46.7180891172092,5,kilometer,628.0,"R$ 14.438,28",74.0,44.0,43.0,20.0,,morumbi,04757-050,R  Adele,Jardim Dom Bosco,São Paulo,SP
447179,2022,-23.606430863851,-46.7066550290032,5,kilometer,258.0,"R$ 14.413,84",12.0,11.0,19.0,22.0,,morumbi,05685-901,R Br Santa Eulalia,Real Parque,São Paulo,SP
455454,2022,-23.6283843648231,-46.7342736072342,5,kilometer,560.0,"R$ 14.389,26",6.0,19.0,10.0,17.0,,morumbi,05716-110,R  Iubatinga,Vila Andrade,São Paulo,SP
447212,2022,-23.6141016522532,-46.7066133407804,5,kilometer,480.0,"R$ 14.296,04",14.0,15.0,22.0,19.0,,morumbi,05688-090,R  Jose De Cristo Moreira,Vila Morumbi,São Paulo,SP
455643,2022,-23.6241376452369,-46.7306705746426,5,kilometer,428.0,"R$ 14.187,69",21.0,7.0,9.0,11.0,,morumbi,05713-560,R  Nazira Carone,Jardim Ampliação,São Paulo,SP
455619,2022,-23.625016274859,-46.7208503909448,5,kilometer,166.0,"R$ 14.171,89",12.0,8.0,7.0,8.0,,morumbi,05705-270,R  Leonardo Cerveira Varandas,Paraíso do Morumbi,São Paulo,SP
458383,2022,-23.6139178871518,-46.7399791234751,5,kilometer,349.0,"R$ 14.117,90",21.0,16.0,20.0,15.0,,morumbi,05640-020,R Dr Amando Franco Soares Caiuby,Parque Bairro Morumbi,São Paulo,SP
441532,2022,-23.620212218931,-46.6954393791783,5,kilometer,233.0,"R$ 14.072,10",16.0,16.0,,4.0,,morumbi,04705-070,R Dr Paschoal Imperatriz,Vila Gertrudes,São Paulo,SP
441422,2022,-23.6027568496071,-46.6955433129091,5,kilometer,231.0,"R$ 14.043,73",6.0,8.0,6.0,5.0,,morumbi,04578-000,Av Das Nacoes Unidas,Brooklin Paulista,São Paulo,SP
455515,2022,-23.6231115919158,-46.7433159859002,5,kilometer,737.0,"R$ 14.016,77",75.0,57.0,43.0,30.0,,morumbi,05734-140,R  Joao Simoes De Souza,Parque Reboucas,São Paulo,SP
455648,2022,-23.6205072240927,-46.743619811287104,5,kilometer,454.0,"R$ 14.012,06",33.0,30.0,21.0,25.0,,morumbi,05750-260,R  Jose Arzao,Vila Praia,São Paulo,SP
455362,2022,-23.617398411796,-46.7353050402578,5,kilometer,420.0,"R$ 13.976,97",19.0,13.0,20.0,13.0,,morumbi,05641-030,R  Domingos Lopes Da Silva,Vila Suzana,São Paulo,SP
458206,2022,-23.6081269643384,-46.726766141202496,5,kilometer,420.0,"R$ 13.950,94",13.0,25.0,27.0,19.0,,morumbi,05661-020,R  Antonio Julio Dos Santos,Fazenda Morumbi,São Paulo,SP
447307,2022,-23.6066591191565,-46.7009763090398,5,kilometer,414.0,"R$ 13.890,78",,5.0,,,,morumbi,05684-011,R S Paulo Antigo,Real Parque,São Paulo,SP
455634,2022,-23.6268794255438,-46.73918533397391,5,kilometer,584.0,"R$ 13.874,43",35.0,54.0,21.0,6.0,,morumbi,05727-240,R  Jose De Oliveira Coelho,Vila Andrade,São Paulo,SP
452287,2022,-23.6260193525961,-46.7012015941563,5,kilometer,337.0,"R$ 13.858,78",15.0,3.0,3.0,7.0,,morumbi,04709-111,R  Henri Dunant,Santo Amaro,São Paulo,SP
458318,2022,-23.6128075246015,-46.7370807678753,5,kilometer,391.0,"R$ 13.838,80",9.0,22.0,20.0,27.0,,morumbi,05630-130,R Prof J. H. Meirelles Teixeira,Vila Suzana,São Paulo,SP
452303,2022,-23.6489324528284,-46.72122424714191,5,kilometer,507.0,"R$ 13.811,73",36.0,30.0,18.0,12.0,,morumbi,04757-000,R  Bento Branco De Andrade Filho,Jardim Dom Bosco,São Paulo,SP
455447,2022,-23.6284739858743,-46.741061994095695,5,kilometer,383.0,"R$ 13.747,47",21.0,28.0,36.0,20.0,,morumbi,05727-180,R  Cidade De Rio Pardo,Vila Andrade,São Paulo,SP
452151,2022,-23.6324983757258,-46.7005091528979,5,kilometer,502.0,"R$ 13.631,64",20.0,27.0,20.0,21.0,,morumbi,04715-003,R  Americo Brasiliense,Chácara Santo Antônio (Zona Sul),São Paulo,SP
455392,2022,-23.6339349054246,-46.7344263176034,5,kilometer,266.0,"R$ 13.627,67",6.0,11.0,10.0,19.0,,morumbi,05734-150,R  Nelson Gama De Oliveira,Vila Andrade,São Paulo,SP
452335,2022,-23.6405681789018,-46.7007326841788,5,kilometer,253.0,"R$ 13.581,52",9.0,6.0,9.0,10.0,,morumbi,04721-060,R Da Granja Julieta,Granja Julieta,São Paulo,SP
452366,2022,-23.6451477734436,-46.70273360081271,5,kilometer,316.0,"R$ 13.548,73",13.0,15.0,13.0,8.0,,morumbi,04739-000,R S Jose,Santo Amaro,São Paulo,SP
455333,2022,-23.6166746000009,-46.7411175212126,5,kilometer,192.0,"R$ 13.541,14",7.0,6.0,13.0,14.0,,morumbi,05640-900,Av Dr Guilherme Dumont Vilares,Jardim Londrina,São Paulo,SP
455423,2022,-23.627664977983,-46.72856394886831,5,kilometer,313.0,"R$ 13.537,21",7.0,8.0,14.0,18.0,,morumbi,05713-520,R  Marie Nader Calfat,Jardim Ampliação,São Paulo,SP
458357,2022,-23.6102492406087,-46.7310675132008,5,kilometer,103.0,"R$ 13.528,95",8.0,3.0,,4.0,,morumbi,05662-060,R  Leandro Teixeira,Paraisópolis,São Paulo,SP
455468,2022,-23.6277232941092,-46.7292809242086,5,kilometer,478.0,"R$ 13.528,92",13.0,10.0,10.0,8.0,,morumbi,05713-510,R  Lydia Damus Maksoud,Jardim Ampliação,São Paulo,SP
455644,2022,-23.6267004905576,-46.7290580489379,5,kilometer,256.0,"R$ 13.527,08",16.0,10.0,19.0,12.0,,morumbi,05713-520,R  Marie Nader Calfat,Jardim Ampliação,São Paulo,SP
458113,2022,-23.6157322493949,-46.735617669062,5,kilometer,320.0,"R$ 13.509,79",8.0,13.0,22.0,24.0,,morumbi,05641-000,R Mal Hastinfilo De Moura,Vila Suzana,São Paulo,SP
455627,2022,-23.6192847356721,-46.7385991301143,5,kilometer,425.0,"R$ 13.450,24",31.0,25.0,10.0,10.0,,morumbi,05641-030,R  Domingos Lopes Da Silva,Vila Suzana,São Paulo,SP
447253,2022,-23.6095991210592,-46.70861503462729,5,kilometer,513.0,"R$ 13.448,67",14.0,29.0,26.0,28.0,,morumbi,05687-010,Av Br De Monte Mor,Real Parque,São Paulo,SP
455391,2022,-23.6351149799068,-46.7344874514024,5,kilometer,431.0,"R$ 13.383,92",26.0,30.0,22.0,21.0,,morumbi,05717-270,R  Jose Ramon Urtiza,Vila Andrade,São Paulo,SP
455484,2022,-23.6369069909284,-46.7354015632878,5,kilometer,410.0,"R$ 13.360,06",8.0,16.0,13.0,18.0,,morumbi,05717-200,R  Almaden,Vila Andrade,São Paulo,SP
455326,2022,-23.6154227747934,-46.7410872234234,5,kilometer,207.0,"R$ 13.350,02",11.0,4.0,6.0,8.0,,morumbi,05640-003,Av Dr Guilherme Dumont Vilares,Jardim Londrina,São Paulo,SP
450805,2022,-23.5763381994038,-46.7456971580316,5,kilometer,245.0,"R$ 13.328,44",5.0,13.0,8.0,13.0,,morumbi,05363-902,Av  Otacilio Tomanik,Vila Polopoli,São Paulo,SP
447291,2022,-23.6016639972749,-46.7177427063942,5,kilometer,329.0,"R$ 13.274,49",6.0,3.0,,14.0,,morumbi,05653-160,Av Pde Lebret,Jardim Leonor,São Paulo,SP
458139,2022,-23.5996950205457,-46.7281599507034,5,kilometer,346.0,"R$ 13.268,76",13.0,10.0,15.0,32.0,,morumbi,05623-010,R  Francisco Preto,Vila Morse,São Paulo,SP
455656,2022,-23.6265908195894,-46.7419672841568,5,kilometer,784.0,"R$ 13.254,26",64.0,48.0,36.0,33.0,,morumbi,05726-100,R  Francisco Jose Da Silva,Vila Andrade,São Paulo,SP
450277,2022,-23.5856397431302,-46.7653565596254,5,kilometer,452.0,"R$ 13.238,80",19.0,46.0,44.0,24.0,,morumbi,05545-150,R  Rio Tinto,Jardim Lúcia,São Paulo,SP
452341,2022,-23.6317792474777,-46.706392228997295,5,kilometer,359.0,"R$ 13.220,27",19.0,14.0,14.0,10.0,,morumbi,04718-002,R Cap Otavio Machado,Chácara Santo Antônio (Zona Sul),São Paulo,SP
458329,2022,-23.6124571428045,-46.7421779417558,5,kilometer,750.0,"R$ 13.215,92",43.0,70.0,47.0,46.0,,morumbi,05711-001,R Dr Luiz Migliano,Jardim Caboré,São Paulo,SP
452334,2022,-23.6405190223887,-46.6995467493631,5,kilometer,362.0,"R$ 13.204,28",19.0,13.0,14.0,19.0,,morumbi,04721-050,R Madre Rita Amada De Jesus,Granja Julieta,São Paulo,SP
452178,2022,-23.6318861222501,-46.7053694891998,5,kilometer,439.0,"R$ 13.183,25",16.0,16.0,18.0,15.0,,morumbi,04717-004,R  Alexandre Dumas,Chácara Santo Antônio (Zona Sul),São Paulo,SP
455655,2022,-23.6274061403643,-46.7438838625972,5,kilometer,212.0,"R$ 13.174,24",5.0,,4.0,,,morumbi,05726-100,R  Francisco Jose Da Silva,Vila Andrade,São Paulo,SP
458303,2022,-23.6103046591661,-46.733002214136704,5,kilometer,481.0,"R$ 13.162,76",37.0,29.0,42.0,23.0,,morumbi,05630-030,R  Cresilas,Vila Suzana,São Paulo,SP
447182,2022,-23.5945545594844,-46.7186842381256,5,kilometer,251.0,"R$ 13.156,93",4.0,13.0,6.0,20.0,,morumbi,05651-020,R  Wagih Assad Abdalla,Morumbi,São Paulo,SP
447262,2022,-23.587061969772,-46.717429630850496,5,kilometer,374.0,"R$ 13.146,67",18.0,22.0,12.0,15.0,,morumbi,05616-090,R  Eugenio Bettarello,Vila Progredior,São Paulo,SP
458148,2022,-23.5937127168817,-46.7231333558317,5,kilometer,425.0,"R$ 13.097,16",8.0,13.0,16.0,20.0,,morumbi,05620-010,R  Piave,Vila Inah,São Paulo,SP
430915,2022,-23.5833953557336,-46.7227991812938,5,kilometer,278.0,"R$ 13.091,35",8.0,10.0,8.0,12.0,,morumbi,05517-030,R Ttavi Mota Lima,Caxingui,São Paulo,SP
441354,2022,-23.6058107432247,-46.6901364378576,5,kilometer,472.0,"R$ 13.090,07",21.0,22.0,25.0,11.0,,morumbi,04562-040,R  Grapecica,Brooklin Paulista,São Paulo,SP
458114,2022,-23.6115182074264,-46.7387636284249,5,kilometer,362.0,"R$ 13.083,47",22.0,23.0,12.0,12.0,,morumbi,05639-090,R  Francisco Marcondes Vieira,Lar São Paulo,São Paulo,SP
455538,2022,-23.6213488826892,-46.7189927487066,5,kilometer,127.0,"R$ 13.075,10",3.0,8.0,,10.0,,morumbi,05657-080,R  Pio Ii,Jardim Vitória Régia,São Paulo,SP
455296,2022,-23.6289730286731,-46.7303238795637,5,kilometer,507.0,"R$ 13.064,32",31.0,31.0,27.0,15.0,,morumbi,05713-420,R  Antonio Aggio,Jardim Ampliação,São Paulo,SP
455364,2022,-23.6162865258828,-46.7320827754408,5,kilometer,253.0,"R$ 13.039,60",8.0,9.0,8.0,13.0,,morumbi,05724-020,Av  Giovanni Gronchi,Vila Andrade,São Paulo,SP
447304,2022,-23.6077169898002,-46.7034372987055,5,kilometer,422.0,"R$ 13.009,04",17.0,15.0,26.0,26.0,,morumbi,05685-040,R Br De Castro Lima,Real Parque,São Paulo,SP
458370,2022,-23.6089019681367,-46.7485365771346,5,kilometer,473.0,"R$ 12.989,82",40.0,33.0,21.0,11.0,,morumbi,05741-240,R S Virgilio,Jardim Taboão,São Paulo,SP
455375,2022,-23.623643721959,-46.7352300545441,5,kilometer,176.0,"R$ 12.988,53",4.0,,,3.0,,morumbi,05642-010,R  Charles Spencer Chaplin,Vila Andrade,São Paulo,SP
455335,2022,-23.6177672902616,-46.742096494408095,5,kilometer,281.0,"R$ 12.985,60",7.0,13.0,20.0,19.0,,morumbi,05709-010,R Dr Jose De Andrade Figueira,Vila Suzana,São Paulo,SP
455407,2022,-23.6249405429286,-46.725964510042495,5,kilometer,299.0,"R$ 12.982,39",16.0,18.0,12.0,12.0,,morumbi,05706-290,R Dep Laercio Corte,Paraíso do Morumbi,São Paulo,SP
455490,2022,-23.6278687271719,-46.7186737088922,5,kilometer,296.0,"R$ 12.973,61",8.0,6.0,,7.0,,morumbi,05704-140,R  Ventura Ladalardo,Jardim Fonte do Morumbi,São Paulo,SP
447205,2022,-23.5869029191431,-46.7225514375932,5,kilometer,436.0,"R$ 12.963,36",9.0,11.0,9.0,17.0,,morumbi,05513-300,Av Prof Francisco Morato,Butantã,São Paulo,SP
455311,2022,-23.6209574967437,-46.7345844854286,5,kilometer,148.0,"R$ 12.963,17",7.0,5.0,6.0,5.0,,morumbi,05724-002,Av  Giovanni Gronchi,Vila Andrade,São Paulo,SP
447288,2022,-23.5888262898685,-46.7155615064562,5,kilometer,244.0,"R$ 12.954,66",8.0,5.0,4.0,3.0,,morumbi,05615-140,R  Morishigue Akagui,Vila Progredior,São Paulo,SP
455494,2022,-23.6190196520637,-46.7401599582514,5,kilometer,316.0,"R$ 12.908,57",11.0,7.0,9.0,9.0,,morumbi,05641-060,R Desem Dalmo Do Valle Nogueira,Vila Suzana,São Paulo,SP
455376,2022,-23.6223728415272,-46.7381688465515,5,kilometer,266.0,"R$ 12.895,85",9.0,9.0,18.0,17.0,,morumbi,05640-904,Av Dr Guilherme Dumont Vilares,Jardim Londrina,São Paulo,SP
447254,2022,-23.6091873190206,-46.7059147561326,5,kilometer,166.0,"R$ 12.894,24",10.0,3.0,10.0,5.0,,morumbi,05684-030,Av Br De Melgaco,Real Parque,São Paulo,SP
458111,2022,-23.613274293822,-46.7359123836339,5,kilometer,454.0,"R$ 12.848,35",26.0,21.0,27.0,22.0,,morumbi,05640-020,R Dr Amando Franco Soares Caiuby,Parque Bairro Morumbi,São Paulo,SP
452299,2022,-23.6520682676257,-46.7200902457314,5,kilometer,552.0,"R$ 12.812,76",41.0,22.0,14.0,16.0,,morumbi,04757-020,Av Dr Mario Vilas Boas Rodrigues,Jardim Dom Bosco,São Paulo,SP
455637,2022,-23.6273060803899,-46.7330798658282,5,kilometer,125.0,"R$ 12.794,67",,0.0,,,,morumbi,05715-010,R Dep Joao Sussumu Hirata,Vila Andrade,São Paulo,SP
455536,2022,-23.6283371038371,-46.74003336426031,5,kilometer,566.0,"R$ 12.779,97",35.0,29.0,25.0,24.0,,morumbi,05727-230,R  Francisco Pessoa,Vila Andrade,São Paulo,SP
458112,2022,-23.6154554053499,-46.737412121532,5,kilometer,499.0,"R$ 12.752,78",25.0,28.0,21.0,28.0,,morumbi,05641-900,R Mal Hastinfilo De Moura,Vila Suzana,São Paulo,SP
455357,2022,-23.6172019053026,-46.73987128061511,5,kilometer,160.0,"R$ 12.724,79",6.0,4.0,8.0,6.0,,morumbi,05641-060,R Desem Dalmo Do Valle Nogueira,Vila Suzana,São Paulo,SP
452147,2022,-23.6442826220346,-46.7103075283752,5,kilometer,439.0,"R$ 12.711,33",19.0,16.0,23.0,25.0,,morumbi,04724-903,Av  Joao Dias,Santo Amaro,São Paulo,SP
455657,2022,-23.6267488879719,-46.7403060919754,5,kilometer,138.0,"R$ 12.706,72",3.0,,10.0,4.0,,morumbi,05727-190,R  Clodion,Vila Andrade,São Paulo,SP
455532,2022,-23.6306981359262,-46.7398698111136,5,kilometer,385.0,"R$ 12.673,15",29.0,22.0,21.0,11.0,,morumbi,05728-030,R  Carvalho De Freitas,Vila Andrade,São Paulo,SP
452348,2022,-23.633734775652,-46.695454230051,5,kilometer,403.0,"R$ 12.633,45",15.0,9.0,9.0,7.0,,morumbi,04713-000,R Da Paz,Alto da Boa Vista,São Paulo,SP
455461,2022,-23.6267357851288,-46.743138917770096,5,kilometer,531.0,"R$ 12.562,25",37.0,25.0,19.0,12.0,,morumbi,05726-100,R  Francisco Jose Da Silva,Vila Andrade,São Paulo,SP
458259,2022,-23.5912680579062,-46.7291701689172,5,kilometer,396.0,"R$ 12.556,66",20.0,15.0,26.0,25.0,,morumbi,05625-160,R Prof Monjardino,Vila Sônia,São Paulo,SP
455660,2022,-23.6323505719461,-46.72923257366649,5,kilometer,269.0,"R$ 12.548,96",8.0,7.0,6.0,5.0,,morumbi,05717-230,R  Fabio Lopes Dos Santos Luz,Vila Andrade,São Paulo,SP
452203,2022,-23.640150922588,-46.7121205273227,5,kilometer,183.0,"R$ 12.541,54",6.0,16.0,10.0,6.0,,morumbi,04726-001,Av  Joao Carlos Da Silva Borges,Vila Cruzeiro,São Paulo,SP
455513,2022,-23.6240113446227,-46.7431888317596,5,kilometer,404.0,"R$ 12.538,19",22.0,23.0,18.0,8.0,,morumbi,05734-140,R  Joao Simoes De Souza,Parque Reboucas,São Paulo,SP
441451,2022,-23.6101764778866,-46.690833507630494,5,kilometer,248.0,"R$ 12.524,42",18.0,12.0,9.0,7.0,,morumbi,04563-061,R  Conceicao De Monte Alegre,Cidade Monções,São Paulo,SP
458156,2022,-23.5988493715171,-46.7405653152005,5,kilometer,526.0,"R$ 12.466,02",28.0,40.0,43.0,32.0,,morumbi,05633-090,R  David Matarasso,Jardim Monte Kemel,São Paulo,SP
458359,2022,-23.6125864106461,-46.7324606174892,5,kilometer,284.0,"R$ 12.451,01",14.0,11.0,11.0,13.0,,morumbi,05630-130,R Prof J. H. Meirelles Teixeira,Vila Suzana,São Paulo,SP
447264,2022,-23.5869063793688,-46.7193651812467,5,kilometer,203.0,"R$ 12.397,97",5.0,,6.0,6.0,,morumbi,05616-000,R Dr Clovis De Oliveira,Vila Progredior,São Paulo,SP
441483,2022,-23.6115455634683,-46.6908565487029,5,kilometer,231.0,"R$ 12.358,34",10.0,13.0,9.0,18.0,,morumbi,04566-002,R  Michigan,Cidade Monções,São Paulo,SP
455471,2022,-23.6303339479874,-46.73125325586,5,kilometer,262.0,"R$ 12.349,21",7.0,11.0,13.0,11.0,,morumbi,05715-030,R  Itapecoca,Vila Andrade,São Paulo,SP
455336,2022,-23.6180153481854,-46.7415209660853,5,kilometer,88.0,"R$ 12.310,00",,6.0,,6.0,,morumbi,05709-030,R  Karl Richter,Vila Suzana,São Paulo,SP
452233,2022,-23.6417163000085,-46.7042399924353,5,kilometer,345.0,"R$ 12.302,24",15.0,18.0,15.0,15.0,,morumbi,04725-010,R  Antonieta Revoredo,Vila Elvira,São Paulo,SP
441420,2022,-23.6067722491938,-46.6911200801126,5,kilometer,174.0,"R$ 12.291,10",8.0,8.0,7.0,4.0,,morumbi,04563-004,Av Pde Antonio Jose Dos Santos,Cidade Monções,São Paulo,SP
455343,2022,-23.6245780980235,-46.7364983115608,5,kilometer,316.0,"R$ 12.285,59",13.0,9.0,19.0,15.0,,morumbi,05725-030,R  Abdo Ambuba,Vila Andrade,São Paulo,SP
450677,2022,-23.5759496636641,-46.745401090826704,5,kilometer,221.0,"R$ 12.224,73",7.0,5.0,7.0,11.0,,morumbi,05363-000,Av  Otacilio Tomanik,Vila Polopoli,São Paulo,SP
458220,2022,-23.6107317383487,-46.7374131658113,5,kilometer,209.0,"R$ 12.213,70",5.0,8.0,15.0,10.0,,morumbi,05630-050,R  Custodio De Oliveira,Vila Suzana,São Paulo,SP
452371,2022,-23.6259159979873,-46.691734213597,5,kilometer,385.0,"R$ 12.207,05",30.0,20.0,17.0,16.0,,morumbi,04707-000,Av  Roque Petroni Junior,Jardim das Acácias,São Paulo,SP
455659,2022,-23.6324813639169,-46.7296394769936,5,kilometer,263.0,"R$ 12.139,15",10.0,3.0,5.0,7.0,,morumbi,05717-230,R  Fabio Lopes Dos Santos Luz,Vila Andrade,São Paulo,SP
458317,2022,-23.613148778628,-46.7381474091082,5,kilometer,245.0,"R$ 12.102,27",12.0,8.0,5.0,9.0,,morumbi,05630-080,R  Joao Baldinato,Vila Suzana,São Paulo,SP
430854,2022,-23.5824027364019,-46.7365290149596,5,kilometer,293.0,"R$ 12.060,18",7.0,17.0,14.0,13.0,,morumbi,05593-010,R Potsa Colombina,Jardim Bonfiglioli,São Paulo,SP
455310,2022,-23.6244115524951,-46.7344391243043,5,kilometer,193.0,"R$ 12.045,62",12.0,9.0,3.0,5.0,,morumbi,05724-002,Av  Giovanni Gronchi,Vila Andrade,São Paulo,SP
458288,2022,-23.604357730732,-46.7262998054904,5,kilometer,240.0,"R$ 12.011,69",11.0,10.0,19.0,18.0,,morumbi,05622-050,R Maest Torquato Amore,Jardim Leonor,São Paulo,SP
455470,2022,-23.6276353874481,-46.7333418216675,5,kilometer,164.0,"R$ 11.973,68",6.0,4.0,10.0,8.0,,morumbi,05716-080,R  Itamira,Vila Andrade,São Paulo,SP
432829,2022,-23.6203665101436,-46.760615503591104,5,kilometer,355.0,"R$ 11.947,29",15.0,19.0,23.0,26.0,,morumbi,05784-150,Es  Velha De Itapecerica,Parque Esmeralda,São Paulo,SP
430907,2022,-23.5799353269558,-46.7393230461866,5,kilometer,376.0,"R$ 11.909,86",9.0,16.0,15.0,21.0,,morumbi,05593-011,R Potsa Colombina,Jardim Bonfiglioli,São Paulo,SP
450288,2022,-23.5862638717363,-46.7640588122968,5,kilometer,442.0,"R$ 11.898,77",27.0,32.0,23.0,19.0,,morumbi,05577-300,Via  Raposo Tavares,Jardim Arpoador,São Paulo,SP
452323,2022,-23.630699951827,-46.6971843731089,5,kilometer,285.0,"R$ 11.893,29",9.0,,6.0,9.0,,morumbi,04709-110,R  Henri Dunant,Santo Amaro,São Paulo,SP
452209,2022,-23.6411677686451,-46.7024831731388,5,kilometer,350.0,"R$ 11.857,50",11.0,19.0,19.0,28.0,,morumbi,04722-000,R  Alves Pontual,Granja Julieta,São Paulo,SP
430838,2022,-23.5820023516515,-46.7301251082467,5,kilometer,170.0,"R$ 11.855,41",0.0,3.0,8.0,13.0,,morumbi,05535-050,R  Nibe Perobelli,Rolinópolis,São Paulo,SP
455651,2022,-23.6305616143323,-46.7385928586378,5,kilometer,328.0,"R$ 11.846,07",20.0,11.0,8.0,5.0,,morumbi,05734-150,R  Nelson Gama De Oliveira,Vila Andrade,São Paulo,SP
455448,2022,-23.6293117742911,-46.74081821722,5,kilometer,241.0,"R$ 11.844,56",7.0,13.0,8.0,14.0,,morumbi,05734-150,R  Nelson Gama De Oliveira,Vila Andrade,São Paulo,SP
441531,2022,-23.620509884848,-46.69554848418289,5,kilometer,196.0,"R$ 11.842,38",6.0,,3.0,8.0,,morumbi,04705-070,R Dr Paschoal Imperatriz,Vila Gertrudes,São Paulo,SP
458373,2022,-23.5916373598696,-46.7381325195471,5,kilometer,453.0,"R$ 11.833,50",21.0,23.0,22.0,17.0,,morumbi,05533-000,Av  Eliseu De Almeida,Instituto de Previdência,São Paulo,SP
431333,2022,-23.5827764287287,-46.7360165102679,5,kilometer,194.0,"R$ 11.826,59",5.0,8.0,11.0,15.0,,morumbi,05593-010,R Potsa Colombina,Jardim Bonfiglioli,São Paulo,SP
458250,2022,-23.5861790265515,-46.7391923643276,5,kilometer,348.0,"R$ 11.812,57",21.0,20.0,14.0,9.0,,morumbi,05538-020,R  Edson Bona,Jardim Peri Peri,São Paulo,SP
455629,2022,-23.62334342804,-46.7263065493774,5,kilometer,392.0,"R$ 11.790,69",12.0,21.0,14.0,11.0,,morumbi,05706-280,R Cel Francisco De Oliveira Simoes,Paraíso do Morumbi,São Paulo,SP
447217,2022,-23.6096951092362,-46.717345567256494,5,kilometer,132.0,"R$ 11.789,36",,11.0,9.0,5.0,,morumbi,05655-010,R Prof Luciano Gualberto,Jardim Morumbi,São Paulo,SP
458193,2022,-23.5880139971771,-46.7509588365798,5,kilometer,540.0,"R$ 11.754,71",31.0,34.0,42.0,19.0,,morumbi,05577-100,Via  Raposo Tavares,Jardim Arpoador,São Paulo,SP
452153,2022,-23.6276740640279,-46.6945692755715,5,kilometer,551.0,"R$ 11.744,35",23.0,24.0,21.0,15.0,,morumbi,04710-041,R  Thomas Deloney,Santo Amaro,São Paulo,SP
458253,2022,-23.5875922163629,-46.7401390588628,5,kilometer,241.0,"R$ 11.738,04",3.0,13.0,11.0,14.0,,morumbi,05541-030,R  Trajano Reis,Jardim das Vertentes,São Paulo,SP
447269,2022,-23.5890956017276,-46.7206646217884,5,kilometer,120.0,"R$ 11.732,55",3.0,,3.0,5.0,,morumbi,05616-901,R Eng Affonso Bauer,Jardim Namba,São Paulo,SP
455360,2022,-23.6181234875489,-46.7367353632479,5,kilometer,171.0,"R$ 11.731,45",5.0,7.0,11.0,7.0,,morumbi,05641-030,R  Domingos Lopes Da Silva,Vila Suzana,São Paulo,SP
455432,2022,-23.6144839318154,-46.7307633031788,5,kilometer,154.0,"R$ 11.727,66",6.0,5.0,6.0,16.0,,morumbi,05724-001,Av  Giovanni Gronchi,Vila Andrade,São Paulo,SP
455500,2022,-23.6299970611329,-46.7424164990086,5,kilometer,444.0,"R$ 11.708,25",43.0,26.0,12.0,13.0,,morumbi,05734-150,R  Nelson Gama De Oliveira,Vila Andrade,São Paulo,SP
458295,2022,-23.5980739037931,-46.742128599846,5,kilometer,553.0,"R$ 11.702,00",43.0,16.0,10.0,22.0,,morumbi,05520-200,Av Prof Francisco Morato,Vila Sônia,São Paulo,SP
458141,2022,-23.6128954744245,-46.7313987955962,5,kilometer,462.0,"R$ 11.694,59",14.0,18.0,22.0,13.0,,morumbi,05663-020,R  Manoel Antonio Pinto,Paraisópolis,São Paulo,SP
450276,2022,-23.5858455109968,-46.7646946873311,5,kilometer,437.0,"R$ 11.667,11",24.0,40.0,30.0,21.0,,morumbi,05577-300,Via  Raposo Tavares,Jardim Arpoador,São Paulo,SP
458307,2022,-23.5862496083949,-46.744601766116304,5,kilometer,630.0,"R$ 11.656,24",44.0,35.0,32.0,23.0,,morumbi,05541-000,Av  Albert Bartholome,Jardim das Vertentes,São Paulo,SP
458181,2022,-23.6098116193238,-46.7422078413092,5,kilometer,191.0,"R$ 11.634,26",5.0,8.0,6.0,7.0,,morumbi,05640-001,Av Dr Guilherme Dumont Vilares,Jardim Londrina,São Paulo,SP
447251,2022,-23.6119260168721,-46.7050571656752,5,kilometer,326.0,"R$ 11.620,31",17.0,15.0,11.0,9.0,,morumbi,05687-010,Av Br De Monte Mor,Real Parque,São Paulo,SP
455533,2022,-23.6300834998199,-46.7395481997306,5,kilometer,557.0,"R$ 11.599,54",46.0,47.0,24.0,25.0,,morumbi,05734-150,R  Nelson Gama De Oliveira,Vila Andrade,São Paulo,SP
452247,2022,-23.6356685561314,-46.7107975109452,5,kilometer,449.0,"R$ 11.564,02",23.0,12.0,16.0,12.0,,morumbi,04726-001,Av  Joao Carlos Da Silva Borges,Vila Cruzeiro,São Paulo,SP
455373,2022,-23.6225151474722,-46.7357848278627,5,kilometer,250.0,"R$ 11.534,31",10.0,15.0,12.0,9.0,,morumbi,05642-020,R  Marcus Pereira,Vila Suzana,São Paulo,SP
455618,2022,-23.6331076196806,-46.7383057931656,5,kilometer,273.0,"R$ 11.494,69",20.0,8.0,11.0,11.0,,morumbi,05729-090,R  Alexandre Benois,Vila Andrade,São Paulo,SP
452210,2022,-23.6430386384211,-46.7018305090766,5,kilometer,271.0,"R$ 11.480,74",8.0,11.0,15.0,11.0,,morumbi,04722-000,R  Alves Pontual,Granja Julieta,São Paulo,SP
452343,2022,-23.6257134089554,-46.6943142642608,5,kilometer,284.0,"R$ 11.476,97",15.0,10.0,11.0,3.0,,morumbi,04710-010,R  Diogo De Quadros,Santo Amaro,São Paulo,SP
455501,2022,-23.6295322280209,-46.743169914070094,5,kilometer,418.0,"R$ 11.454,63",38.0,17.0,18.0,13.0,,morumbi,05728-050,R  Catarinenses,Vila Andrade,São Paulo,SP
455652,2022,-23.6312084866701,-46.7388274786499,5,kilometer,324.0,"R$ 11.439,05",23.0,11.0,8.0,6.0,,morumbi,05728-040,R  Castelhano,Vila Andrade,São Paulo,SP
455342,2022,-23.6242038263292,-46.735730816551,5,kilometer,270.0,"R$ 11.437,33",11.0,9.0,16.0,12.0,,morumbi,05642-010,R  Charles Spencer Chaplin,Vila Andrade,São Paulo,SP
458369,2022,-23.6082742011301,-46.7483815613589,5,kilometer,567.0,"R$ 11.434,22",51.0,41.0,20.0,29.0,,morumbi,05711-000,R Dr Luiz Migliano,Jardim Vazani,São Paulo,SP
455427,2022,-23.6242332934375,-46.73308865090689,5,kilometer,321.0,"R$ 11.433,79",14.0,8.0,8.0,8.0,,morumbi,05713-500,R  Iupeba,Jardim Ampliação,São Paulo,SP
455366,2022,-23.6174074792569,-46.7330352751642,5,kilometer,182.0,"R$ 11.383,16",3.0,4.0,10.0,8.0,,morumbi,05641-020,R Dr James Ferraz Alvim,Vila Suzana,São Paulo,SP
452194,2022,-23.6408566243873,-46.6975971246809,5,kilometer,402.0,"R$ 11.368,74",18.0,23.0,16.0,21.0,,morumbi,04738-000,R Mal Deodoro,Santo Amaro,São Paulo,SP
455450,2022,-23.6285095417329,-46.7317511110032,5,kilometer,353.0,"R$ 11.290,63",13.0,17.0,18.0,14.0,,morumbi,05713-420,R  Antonio Aggio,Jardim Ampliação,São Paulo,SP
458298,2022,-23.5963662079109,-46.7403105738304,5,kilometer,360.0,"R$ 11.202,63",22.0,11.0,8.0,12.0,,morumbi,05520-200,Av Prof Francisco Morato,Vila Sônia,São Paulo,SP
447286,2022,-23.5862544603538,-46.718065725621,5,kilometer,72.0,"R$ 11.177,39",3.0,,,4.0,,morumbi,05616-100,R  Licio Marcondes Do Amaral,Vila Progredior,São Paulo,SP
455405,2022,-23.6227127324813,-46.7174081077694,5,kilometer,250.0,"R$ 11.157,10",9.0,11.0,21.0,12.0,,morumbi,05657-090,R  Pio Ix,Jardim Vitória Régia,São Paulo,SP
441604,2022,-23.6089656872192,-46.6914215728046,5,kilometer,323.0,"R$ 11.140,61",10.0,16.0,6.0,9.0,,morumbi,04565-001,R  Florida,Cidade Monções,São Paulo,SP
447188,2022,-23.5873454984164,-46.7177448702493,5,kilometer,295.0,"R$ 11.114,69",12.0,9.0,14.0,13.0,,morumbi,05616-090,R  Eugenio Bettarello,Vila Progredior,São Paulo,SP
452250,2022,-23.6319952098486,-46.7043284834236,5,kilometer,429.0,"R$ 11.101,04",10.0,10.0,15.0,20.0,,morumbi,04717-003,R  Alexandre Dumas,Chácara Santo Antônio (Zona Sul),São Paulo,SP
455476,2022,-23.6195960519686,-46.7324097093277,5,kilometer,347.0,"R$ 11.054,95",12.0,10.0,16.0,16.0,,morumbi,05724-003,Av  Giovanni Gronchi,Vila Andrade,São Paulo,SP
458309,2022,-23.5893906011361,-46.743302092404704,5,kilometer,625.0,"R$ 11.050,64",60.0,38.0,15.0,19.0,,morumbi,05541-000,Av  Albert Bartholome,Jardim das Vertentes,São Paulo,SP
430919,2022,-23.5820729066661,-46.73643988885151,5,kilometer,178.0,"R$ 11.046,84",7.0,6.0,6.0,11.0,,morumbi,05593-010,R Potsa Colombina,Jardim Bonfiglioli,São Paulo,SP
455331,2022,-23.6165573462114,-46.7431332658614,5,kilometer,293.0,"R$ 11.042,40",14.0,9.0,14.0,9.0,,morumbi,05750-230,R  Heitor De Souza Pinheiro,Super Quadra Morumbi,São Paulo,SP
447183,2022,-23.5909922940202,-46.7203240897322,5,kilometer,458.0,"R$ 11.040,68",18.0,17.0,8.0,7.0,,morumbi,05617-903,R  Salim Izar,Vila Progredior,São Paulo,SP
455339,2022,-23.6242662495511,-46.7386653320902,5,kilometer,487.0,"R$ 11.000,88",31.0,18.0,15.0,18.0,,morumbi,05727-240,R  Jose De Oliveira Coelho,Vila Andrade,São Paulo,SP
452321,2022,-23.6349205033924,-46.6936169851824,5,kilometer,448.0,"R$ 10.908,49",9.0,11.0,13.0,14.0,,morumbi,04701-000,Av Sto Amaro,Santo Amaro,São Paulo,SP
455514,2022,-23.6230425467285,-46.7416212838165,5,kilometer,432.0,"R$ 10.895,60",24.0,23.0,18.0,18.0,,morumbi,05726-110,R  Jose Coimbra,Vila Andrade,São Paulo,SP
458296,2022,-23.598577062366,-46.741547187191,5,kilometer,590.0,"R$ 10.888,89",43.0,21.0,13.0,12.0,,morumbi,05520-200,Av Prof Francisco Morato,Vila Sônia,São Paulo,SP
455642,2022,-23.6340386299873,-46.7355259613886,5,kilometer,463.0,"R$ 10.836,24",16.0,25.0,12.0,6.0,,morumbi,05718-310,R Del Moraes Novaes,Vila Andrade,São Paulo,SP
463827,2022,-23.6160453227697,-46.7784471346622,5,kilometer,635.0,"R$ 10.835,91",44.0,58.0,44.0,39.0,,morumbi,,,,,
450902,2022,-23.575155847502,-46.7446615979174,5,kilometer,378.0,"R$ 10.802,73",28.0,26.0,19.0,16.0,,morumbi,05363-010,R  Marinha De Moura Pimenta,Jardim Odete,São Paulo,SP
455475,2022,-23.6288625820057,-46.729570225308,5,kilometer,356.0,"R$ 10.683,49",13.0,16.0,4.0,6.0,,morumbi,05713-520,R  Marie Nader Calfat,Jardim Ampliação,São Paulo,SP
458262,2022,-23.5920122106983,-46.7288819862062,5,kilometer,277.0,"R$ 10.679,22",5.0,6.0,4.0,15.0,,morumbi,05625-060,R  Domingos Olimpio,Vila Sônia,São Paulo,SP
455321,2022,-23.6161210955937,-46.7338388908221,5,kilometer,126.0,"R$ 10.672,13",5.0,3.0,,9.0,,morumbi,05641-050,R  Joaquim Lopes,Vila Suzana,São Paulo,SP
455298,2022,-23.6237561243765,-46.7292556891222,5,kilometer,282.0,"R$ 10.663,08",12.0,11.0,15.0,19.0,,morumbi,05713-570,R Do Simbolo,Jardim Ampliação,São Paulo,SP
458204,2022,-23.6004713075739,-46.7304966940513,5,kilometer,247.0,"R$ 10.662,62",10.0,7.0,9.0,6.0,,morumbi,05625-030,R  Judith Passald Esteves,Vila Sônia,São Paulo,SP
431380,2022,-23.576001921027,-46.7408095004232,5,kilometer,328.0,"R$ 10.618,71",22.0,15.0,11.0,14.0,,morumbi,05588-010,R  Vicente Pelosi,Vila Gomes,São Paulo,SP
452274,2022,-23.6333695135079,-46.7160907372016,5,kilometer,264.0,"R$ 10.577,09",5.0,,,3.0,,morumbi,04726-220,R  Luis Correia De Melo,Vila Cruzeiro,São Paulo,SP
447239,2022,-23.5917528814984,-46.7212536152796,5,kilometer,272.0,"R$ 10.574,11",9.0,12.0,13.0,12.0,,morumbi,05617-000,R  Pedro Gomes Cardim,Vila Progredior,São Paulo,SP
452273,2022,-23.633219014296,-46.715464634178495,5,kilometer,275.0,"R$ 10.537,70",5.0,4.0,4.0,4.0,,morumbi,04726-200,R  Sousa Noschese,Vila Cruzeiro,São Paulo,SP
441423,2022,-23.6046586776953,-46.69596088282231,5,kilometer,267.0,"R$ 10.527,39",7.0,9.0,5.0,9.0,,morumbi,04571-160,R  Guilherme Barbosa De Melo,Cidade Monções,São Paulo,SP
452360,2022,-23.6367130453355,-46.718348642708094,5,kilometer,306.0,"R$ 10.511,45",20.0,11.0,9.0,4.0,,morumbi,04729-010,R  Carmo Do Rio Verde,Jardim Caravelas,São Paulo,SP
447190,2022,-23.5856860590861,-46.7165966691703,5,kilometer,452.0,"R$ 10.502,52",12.0,16.0,20.0,21.0,,morumbi,05615-040,R  Carlos Lima Morel,Vila Progredior,São Paulo,SP
455641,2022,-23.6351201293116,-46.735858275320304,5,kilometer,141.0,"R$ 10.497,14",4.0,,,,,morumbi,05718-300,R  Clarindo,Vila Andrade,São Paulo,SP
447207,2022,-23.5856534558692,-46.7194709865826,5,kilometer,539.0,"R$ 10.462,84",9.0,6.0,14.0,14.0,,morumbi,05513-901,Av Prof Francisco Morato,Butantã,São Paulo,SP
458358,2022,-23.6125323166954,-46.7305770317181,5,kilometer,38.0,"R$ 10.462,50",0.0,0.0,5.0,,,morumbi,05663-030,R  Afonso Dos Santos,Paraisópolis,São Paulo,SP
455617,2022,-23.632256585278,-46.739421634996,5,kilometer,328.0,"R$ 10.458,73",25.0,17.0,9.0,4.0,,morumbi,05730-170,R  Maria Jose Da Conceicao,Vila Andrade,São Paulo,SP
447235,2022,-23.6091874980408,-46.7212640612336,5,kilometer,222.0,"R$ 10.458,46",8.0,9.0,11.0,17.0,,morumbi,05662-080,R Br Do Rio Pardo,Jardim Morumbi,São Paulo,SP
458171,2022,-23.5941501455258,-46.7450282170832,5,kilometer,572.0,"R$ 10.436,76",27.0,21.0,24.0,36.0,,morumbi,05541-280,R  Domingos Portela,Jardim das Vertentes,São Paulo,SP
458179,2022,-23.6102783640169,-46.734833958819,5,kilometer,226.0,"R$ 10.436,34",9.0,10.0,20.0,16.0,,morumbi,05630-090,R  Jose De Jesus,Vila Suzana,São Paulo,SP
441457,2022,-23.6059065097338,-46.6939358459323,5,kilometer,339.0,"R$ 10.418,72",8.0,14.0,8.0,6.0,,morumbi,04571-150,Pc Gal Gentil Falcao,Cidade Monções,São Paulo,SP
450806,2022,-23.5768025343618,-46.7458269799447,5,kilometer,225.0,"R$ 10.418,30",3.0,6.0,3.0,12.0,,morumbi,05363-902,Av  Otacilio Tomanik,Vila Polopoli,São Paulo,SP
452156,2022,-23.6273779800834,-46.6904147732894,5,kilometer,437.0,"R$ 10.413,89",5.0,14.0,7.0,18.0,,morumbi,04707-903,R  Joaquim Guarani,Jardim das Acácias,São Paulo,SP
452137,2022,-23.6362053482092,-46.6968826125734,5,kilometer,571.0,"R$ 10.410,23",20.0,12.0,17.0,36.0,,morumbi,04717-000,R  Alexandre Dumas,Chácara Santo Antônio (Zona Sul),São Paulo,SP
441295,2022,-23.6071615370631,-46.6891335606092,5,kilometer,297.0,"R$ 10.395,05",14.0,8.0,5.0,8.0,,morumbi,04561-050,R  Ipurinas,Brooklin Paulista,São Paulo,SP
452251,2022,-23.6331307001486,-46.70437225229271,5,kilometer,195.0,"R$ 10.382,45",11.0,3.0,6.0,5.0,,morumbi,04718-002,R Cap Otavio Machado,Chácara Santo Antônio (Zona Sul),São Paulo,SP
431351,2022,-23.583650979086,-46.7198212944001,5,kilometer,241.0,"R$ 10.377,03",13.0,19.0,7.0,5.0,,morumbi,05516-090,R Min Alfredo Nasser,Caxingui,São Paulo,SP
458279,2022,-23.5979898257107,-46.724048299331294,5,kilometer,386.0,"R$ 10.362,18",22.0,15.0,11.0,18.0,,morumbi,05622-001,R Dr Jose Maria Whitaker,Vila Sônia,São Paulo,SP
455510,2022,-23.6251780133975,-46.742492466898895,5,kilometer,600.0,"R$ 10.347,88",41.0,35.0,22.0,23.0,,morumbi,05726-130,R  Jose Da Silva Ribeiro,Vila Andrade,São Paulo,SP
455402,2022,-23.6261683544485,-46.72111834780431,5,kilometer,105.0,"R$ 10.320,32",,6.0,4.0,,,morumbi,05705-260,R  Rafael Carrozzo,Paraíso do Morumbi,São Paulo,SP
455426,2022,-23.6219848647824,-46.7314346193536,5,kilometer,162.0,"R$ 10.286,97",6.0,6.0,7.0,4.0,,morumbi,05712-070,R Dr Jose Carlos De Toledo Piza,Jardim Parque Morumbi,São Paulo,SP
455465,2022,-23.6248916480945,-46.7396503471979,5,kilometer,498.0,"R$ 10.270,45",20.0,29.0,21.0,15.0,,morumbi,05727-250,R  Jose Goncalves,Vila Andrade,São Paulo,SP
455635,2022,-23.6243216217,-46.738299747837,5,kilometer,168.0,"R$ 10.263,44",8.0,8.0,,,,morumbi,05727-240,R  Jose De Oliveira Coelho,Vila Andrade,São Paulo,SP
455354,2022,-23.6165157544314,-46.7389297280938,5,kilometer,223.0,"R$ 10.232,41",7.0,5.0,10.0,7.0,,morumbi,05641-000,R Mal Hastinfilo De Moura,Vila Suzana,São Paulo,SP
458322,2022,-23.6090629320938,-46.742632224347695,5,kilometer,415.0,"R$ 10.228,08",20.0,26.0,28.0,23.0,,morumbi,05639-110,R  Francisco Carvalho Henriques,Lar São Paulo,São Paulo,SP
458310,2022,-23.5900329193468,-46.742572612143,5,kilometer,560.0,"R$ 10.223,55",47.0,34.0,23.0,17.0,,morumbi,05541-170,R  Antonio Ferreira Alvares,Jardim das Vertentes,São Paulo,SP
452351,2022,-23.6347938273125,-46.6962105573159,5,kilometer,205.0,"R$ 10.184,08",3.0,8.0,5.0,3.0,,morumbi,04715-002,R  Americo Brasiliense,Chácara Santo Antônio (Zona Sul),São Paulo,SP
455299,2022,-23.6214815363833,-46.7295669070841,5,kilometer,229.0,"R$ 10.157,45",14.0,15.0,10.0,13.0,,morumbi,05712-080,R Dr Jose Pedro De Carvalho Lima,Jardim Parque Morumbi,São Paulo,SP
455352,2022,-23.6171668252767,-46.7405168427501,5,kilometer,115.0,"R$ 10.137,25",,,3.0,9.0,,morumbi,05640-002,Av Dr Guilherme Dumont Vilares,Jardim Londrina,São Paulo,SP
447198,2022,-23.6084080030922,-46.70506208437791,5,kilometer,493.0,"R$ 10.132,05",11.0,28.0,30.0,18.0,,morumbi,05685-060,R  Mattia Filizzola,Real Parque,São Paulo,SP
441458,2022,-23.6055772026376,-46.6948102500692,5,kilometer,205.0,"R$ 10.131,64",0.0,7.0,3.0,7.0,,morumbi,04571-090,R  Sansao Alves Dos Santos,Cidade Monções,São Paulo,SP
432645,2022,-23.6154032388177,-46.75115672184769,5,kilometer,373.0,"R$ 10.099,42",7.0,10.0,29.0,16.0,,morumbi,05750-350,R  Renea Ferreira De Castilho,Super Quadra Morumbi,São Paulo,SP
447261,2022,-23.5901671444914,-46.7185277372528,5,kilometer,166.0,"R$ 10.086,86",5.0,,8.0,6.0,,morumbi,05616-072,R Dr Clovis De Oliveira,Vila Progredior,São Paulo,SP
441357,2022,-23.6207167234825,-46.69407304267791,5,kilometer,294.0,"R$ 10.072,27",11.0,9.0,8.0,6.0,,morumbi,04705-030,R  Alfredo Trindade Moreira,Vila Gertrudes,São Paulo,SP
458221,2022,-23.6120883001385,-46.7390360916,5,kilometer,198.0,"R$ 10.041,31",4.0,3.0,4.0,12.0,,morumbi,05630-130,R Prof J. H. Meirelles Teixeira,Vila Suzana,São Paulo,SP
458147,2022,-23.589802062061,-46.7236561445502,5,kilometer,362.0,"R$ 10.037,54",9.0,12.0,11.0,22.0,,morumbi,05618-010,R  Cabedelo,Vila Inah,São Paulo,SP
463382,2022,-23.6120070519648,-46.7653289894529,5,kilometer,374.0,"R$ 10.001,50",31.0,29.0,23.0,24.0,,morumbi,,,,,
430887,2022,-23.5813234616287,-46.7330346892257,5,kilometer,373.0,"R$ 9.994,75",20.0,17.0,17.0,8.0,,morumbi,05593-080,R  Antonio Vita,Jardim Bonfiglioli,São Paulo,SP
458277,2022,-23.5907429680279,-46.725689355077,5,kilometer,362.0,"R$ 9.980,47",6.0,17.0,15.0,15.0,,morumbi,05618-100,R  Alenquer,Vila Inah,São Paulo,SP
458157,2022,-23.5993171692305,-46.7408547263716,5,kilometer,533.0,"R$ 9.948,17",37.0,40.0,30.0,30.0,,morumbi,05521-200,Av Prof Francisco Morato,Vila Sônia,São Paulo,SP
445507,2022,-23.6564479349672,-46.736989559822,5,kilometer,558.0,"R$ 9.943,82",28.0,38.0,50.0,46.0,,morumbi,05805-040,R  Jorge Fares,Jardim São Luís,São Paulo,SP
447175,2022,-23.581871714684,-46.709660961347296,5,kilometer,147.0,"R$ 9.941,24",,0.0,,0.0,,morumbi,05609-020,R  Carangola,Jardim Guedala,São Paulo,SP
431381,2022,-23.5766883465864,-46.7406470028235,5,kilometer,334.0,"R$ 9.933,39",21.0,12.0,4.0,17.0,,morumbi,05588-000,Av Eng Heitor Antonio Eiras Garcia,Jardim Esmeralda,São Paulo,SP
452329,2022,-23.6283954881423,-46.7062266307941,5,kilometer,405.0,"R$ 9.923,55",7.0,15.0,11.0,7.0,,morumbi,04719-020,R  Joaquim De Andrade,Chácara Santo Antônio (Zona Sul),São Paulo,SP
452336,2022,-23.6339558099302,-46.7024478880376,5,kilometer,352.0,"R$ 9.887,25",10.0,6.0,12.0,17.0,,morumbi,04718-001,R Cap Otavio Machado,Chácara Santo Antônio (Zona Sul),São Paulo,SP
447204,2022,-23.5883570359437,-46.7210117951064,5,kilometer,500.0,"R$ 9.876,91",13.0,12.0,15.0,22.0,,morumbi,05616-120,R Prof Arnaldo Laurindo,Jardim Namba,São Paulo,SP
452188,2022,-23.6336502109599,-46.7139879835044,5,kilometer,272.0,"R$ 9.853,21",5.0,5.0,5.0,,,morumbi,04726-220,R  Luis Correia De Melo,Vila Cruzeiro,São Paulo,SP
455534,2022,-23.6314725695739,-46.7374103581402,5,kilometer,200.0,"R$ 9.774,05",9.0,8.0,9.0,9.0,,morumbi,05724-002,Av  Giovanni Gronchi,Vila Andrade,São Paulo,SP
447266,2022,-23.5870543093169,-46.7164939442639,5,kilometer,368.0,"R$ 9.757,32",8.0,9.0,4.0,5.0,,morumbi,05615-902,R Dos Tres Irmaos,Vila Progredior,São Paulo,SP
452275,2022,-23.6336821913213,-46.713515508856,5,kilometer,205.0,"R$ 9.749,46",,,0.0,,,morumbi,04726-220,R  Luis Correia De Melo,Vila Cruzeiro,São Paulo,SP
452361,2022,-23.6468780351522,-46.7132435636994,5,kilometer,209.0,"R$ 9.744,52",11.0,10.0,8.0,8.0,,morumbi,04755-050,R  Jupi,Santo Amaro,São Paulo,SP
452340,2022,-23.6296580467674,-46.7066189912395,5,kilometer,286.0,"R$ 9.739,20",10.0,9.0,8.0,6.0,,morumbi,04719-020,R  Joaquim De Andrade,Chácara Santo Antônio (Zona Sul),São Paulo,SP
458110,2022,-23.6151529833802,-46.7391267136828,5,kilometer,446.0,"R$ 9.737,97",18.0,19.0,20.0,30.0,,morumbi,05640-020,R Dr Amando Franco Soares Caiuby,Parque Bairro Morumbi,São Paulo,SP
458180,2022,-23.6104591744071,-46.7399358677916,5,kilometer,177.0,"R$ 9.708,79",4.0,7.0,11.0,11.0,,morumbi,05639-170,R  Waldir Azevedo,Lar São Paulo,São Paulo,SP
458311,2022,-23.5857096932751,-46.74453209077409,5,kilometer,119.0,"R$ 9.686,50",6.0,6.0,7.0,10.0,,morumbi,05541-000,Av  Albert Bartholome,Jardim das Vertentes,São Paulo,SP
430864,2022,-23.5804059409816,-46.7135590144029,5,kilometer,333.0,"R$ 9.671,39",10.0,11.0,13.0,26.0,,morumbi,05514-030,R  Haroldo Gurgel,Instituto de Previdência,São Paulo,SP
441510,2022,-23.6165896671387,-46.687697789565,5,kilometer,249.0,"R$ 9.667,93",9.0,18.0,11.0,3.0,,morumbi,04582-020,R  Brito Peixoto,Vila Cordeiro,São Paulo,SP
452139,2022,-23.6435296381673,-46.705235244012,5,kilometer,568.0,"R$ 9.655,00",28.0,32.0,17.0,19.0,,morumbi,04725-000,R Dr Vito Rolim De Freitas,Vila Elvira,São Paulo,SP
463826,2022,-23.6162759953653,-46.7791123594784,5,kilometer,646.0,"R$ 9.643,32",24.0,46.0,60.0,45.0,,morumbi,,,,,
432530,2022,-23.6424642200133,-46.7576765000942,5,kilometer,772.0,"R$ 9.574,64",39.0,43.0,56.0,54.0,,morumbi,05763-500,R  Jordao Gouvea,Jardim Piracuama,São Paulo,SP
455451,2022,-23.6227850195865,-46.7293171267758,5,kilometer,509.0,"R$ 9.516,45",27.0,34.0,25.0,25.0,,morumbi,05712-020,R Dr Carlos Aldrovandi,Jardim Parque Morumbi,São Paulo,SP
458320,2022,-23.6024066870571,-46.732289150698094,5,kilometer,429.0,"R$ 9.490,32",24.0,22.0,21.0,20.0,,morumbi,05625-001,R Dr Silvio Dante Bertacchi,Vila Sônia,São Paulo,SP
455305,2022,-23.6381311697889,-46.7341679804574,5,kilometer,377.0,"R$ 9.489,01",12.0,20.0,14.0,15.0,,morumbi,05724-902,Av  Giovanni Gronchi,Vila Andrade,São Paulo,SP
452327,2022,-23.6482923033203,-46.7064831683128,5,kilometer,302.0,"R$ 9.465,07",9.0,13.0,15.0,14.0,,morumbi,04750-060,R Dr Carlos Augusto De Campos,Santo Amaro,São Paulo,SP
431346,2022,-23.5811693281721,-46.7146906000918,5,kilometer,286.0,"R$ 9.441,67",10.0,12.0,16.0,13.0,,morumbi,05514-031,R  Haroldo Gurgel,Instituto de Previdência,São Paulo,SP
455346,2022,-23.6273629638473,-46.7360662604629,5,kilometer,271.0,"R$ 9.439,00",8.0,16.0,17.0,17.0,,morumbi,05640-004,Av Dr Guilherme Dumont Vilares,Jardim Londrina,São Paulo,SP
455372,2022,-23.621341214291,-46.7390158773722,5,kilometer,266.0,"R$ 9.431,85",6.0,19.0,17.0,11.0,,morumbi,05642-902,Av  Jose Galante,Vila Suzana,São Paulo,SP
431369,2022,-23.5749385383132,-46.7305069824379,5,kilometer,230.0,"R$ 9.410,42",9.0,8.0,16.0,12.0,,morumbi,05581-001,Av  Corifeu De Azevedo Marques,Butantã,São Paulo,SP
463911,2022,-23.6162364290437,-46.7697328703104,5,kilometer,639.0,"R$ 9.399,14",42.0,45.0,42.0,36.0,,morumbi,,,,,
455493,2022,-23.6159694243282,-46.7403272814858,5,kilometer,191.0,"R$ 9.391,14",4.0,9.0,11.0,9.0,,morumbi,05640-001,Av Dr Guilherme Dumont Vilares,Jardim Londrina,São Paulo,SP
455511,2022,-23.6193296469733,-46.7436652397806,5,kilometer,622.0,"R$ 9.384,08",44.0,32.0,30.0,24.0,,morumbi,05750-260,R  Jose Arzao,Vila Praia,São Paulo,SP
458202,2022,-23.6000989218046,-46.731157415068,5,kilometer,486.0,"R$ 9.345,24",15.0,20.0,22.0,33.0,,morumbi,05625-900,R  Judith Passald Esteves,Vila Sônia,São Paulo,SP
441635,2022,-23.6239313476903,-46.69008234283591,5,kilometer,383.0,"R$ 9.331,65",14.0,15.0,6.0,9.0,,morumbi,04704-080,R  Novo Cancioneiro,Jardim das Acácias,São Paulo,SP
455528,2022,-23.6337114888988,-46.738123154289696,5,kilometer,265.0,"R$ 9.329,58",9.0,23.0,13.0,8.0,,morumbi,05729-090,R  Alexandre Benois,Vila Andrade,São Paulo,SP
455434,2022,-23.6369290804513,-46.7374611223186,5,kilometer,541.0,"R$ 9.301,51",27.0,26.0,14.0,21.0,,morumbi,05729-120,R  Catuti,Vila Andrade,São Paulo,SP
463747,2022,-23.6084506449702,-46.765924526131,5,kilometer,911.0,"R$ 9.288,46",45.0,61.0,75.0,60.0,,morumbi,,,,,
447189,2022,-23.5867554390183,-46.7179344378614,5,kilometer,166.0,"R$ 9.285,54",6.0,,3.0,6.0,,morumbi,05616-090,R  Eugenio Bettarello,Vila Progredior,São Paulo,SP
452154,2022,-23.6279316154475,-46.6923992779862,5,kilometer,240.0,"R$ 9.255,31",6.0,9.0,6.0,6.0,,morumbi,04710-020,R  Caicara,Santo Amaro,São Paulo,SP
458184,2022,-23.6054151171749,-46.7484146364892,5,kilometer,342.0,"R$ 9.203,59",20.0,14.0,14.0,12.0,,morumbi,05525-900,R  Alfredo Mendes Da Silva,Jardim Jussara,São Paulo,SP
432533,2022,-23.6447806644828,-46.75990399996871,5,kilometer,168.0,"R$ 9.178,90",4.0,8.0,17.0,8.0,,morumbi,05763-911,R Nsra Do Bom Conselho,Chácara Nossa Senhora do Bom Conselho,São Paulo,SP
455654,2022,-23.6369820067158,-46.7386161769839,5,kilometer,252.0,"R$ 9.149,93",15.0,11.0,6.0,7.0,,morumbi,05729-090,R  Alexandre Benois,Vila Andrade,São Paulo,SP
441542,2022,-23.6221442932649,-46.69460178629009,5,kilometer,325.0,"R$ 9.141,43",10.0,13.0,10.0,7.0,,morumbi,04705-050,R  Max Klaussner,Vila Gertrudes,São Paulo,SP
455521,2022,-23.6222161906348,-46.7446988834948,5,kilometer,543.0,"R$ 9.108,87",24.0,37.0,27.0,28.0,,morumbi,05749-300,R  Jose Maria Pinto Zilli,Jardim das Palmas,São Paulo,SP
431334,2022,-23.5831256601838,-46.7355938707719,5,kilometer,169.0,"R$ 9.108,19",8.0,6.0,7.0,13.0,,morumbi,05593-010,R Potsa Colombina,Jardim Bonfiglioli,São Paulo,SP
458242,2022,-23.590263135194,-46.7483867315369,5,kilometer,401.0,"R$ 9.090,94",17.0,13.0,19.0,11.0,,morumbi,05542-120,R  Julieta Espirito S. Pinheiro,Jardim Olympia,São Paulo,SP
432718,2022,-23.6283875475671,-46.7450852322548,5,kilometer,392.0,"R$ 9.083,56",35.0,22.0,11.0,10.0,,morumbi,05734-110,R Do Chico Nunes,Vila Andrade,São Paulo,SP
455517,2022,-23.6264858534304,-46.74412174341089,5,kilometer,798.0,"R$ 9.082,44",65.0,48.0,48.0,36.0,,morumbi,05726-130,R  Jose Da Silva Ribeiro,Vila Andrade,São Paulo,SP
432872,2022,-23.6429738505003,-46.7553798553192,5,kilometer,191.0,"R$ 9.066,67",12.0,16.0,20.0,12.0,,morumbi,05763-450,R  Lira Cearense,Jardim Santa Efigênia,São Paulo,SP
441526,2022,-23.619947005349,-46.691284847953696,5,kilometer,328.0,"R$ 9.055,78",7.0,12.0,16.0,24.0,,morumbi,04583-000,R  Nicolau Barreto,Vila Cordeiro,São Paulo,SP
455479,2022,-23.6212432758277,-46.7314318940832,5,kilometer,733.0,"R$ 9.047,54",53.0,53.0,40.0,36.0,,morumbi,05712-070,R Dr Jose Carlos De Toledo Piza,Jardim Parque Morumbi,São Paulo,SP
452231,2022,-23.6381308587437,-46.70881728173031,5,kilometer,174.0,"R$ 9.041,69",5.0,6.0,11.0,11.0,,morumbi,04726-070,R  Joao Elias,Vila Cruzeiro,São Paulo,SP
455382,2022,-23.638381387151,-46.7346908711888,5,kilometer,386.0,"R$ 9.022,99",21.0,15.0,10.0,19.0,,morumbi,05724-902,Av  Giovanni Gronchi,Vila Andrade,São Paulo,SP
441525,2022,-23.6184212464715,-46.6934834593495,5,kilometer,329.0,"R$ 9.014,73",10.0,10.0,8.0,8.0,,morumbi,04583-030,R  Joao Amaro,Vila Cordeiro,São Paulo,SP
455512,2022,-23.619704518394,-46.7447418346044,5,kilometer,729.0,"R$ 9.008,13",57.0,31.0,35.0,30.0,,morumbi,05750-260,R  Jose Arzao,Vila Praia,São Paulo,SP
430816,2022,-23.5744518689011,-46.736812506555104,5,kilometer,388.0,"R$ 8.988,89",10.0,16.0,6.0,17.0,,morumbi,05588-000,Av Eng Heitor Antonio Eiras Garcia,Jardim Esmeralda,São Paulo,SP
458278,2022,-23.596453725863,-46.7216191466433,5,kilometer,364.0,"R$ 8.985,89",11.0,17.0,19.0,20.0,,morumbi,05622-010,R  Corgie Assad Abdalla,Vila Sônia,São Paulo,SP
455393,2022,-23.6349347511805,-46.7366465397156,5,kilometer,175.0,"R$ 8.954,12",11.0,3.0,9.0,4.0,,morumbi,05724-003,Av  Giovanni Gronchi,Vila Andrade,São Paulo,SP
458330,2022,-23.5971788170433,-46.7378335736576,5,kilometer,489.0,"R$ 8.943,80",36.0,22.0,14.0,14.0,,morumbi,05632-020,Av Prof Gioia Martins,Jardim Monte Kemel,São Paulo,SP
458089,2022,-23.6086334904287,-46.73676851470191,5,kilometer,455.0,"R$ 8.936,39",11.0,20.0,29.0,18.0,,morumbi,05630-010,R  Domingos Simoes,Vila Suzana,São Paulo,SP
463812,2022,-23.6119625251607,-46.765927521200496,5,kilometer,362.0,"R$ 8.932,53",37.0,29.0,25.0,17.0,,morumbi,,,,,
432929,2022,-23.6260844692759,-46.74642302926,5,kilometer,390.0,"R$ 8.929,77",32.0,25.0,23.0,20.0,,morumbi,05734-080,R  Celso Ramos,Vila Andrade,São Paulo,SP
458308,2022,-23.5872981712398,-46.7438316843038,5,kilometer,626.0,"R$ 8.904,96",53.0,41.0,33.0,22.0,,morumbi,05541-000,Av  Albert Bartholome,Jardim das Vertentes,São Paulo,SP
445676,2022,-23.6469971003469,-46.7481055895767,5,kilometer,942.0,"R$ 8.902,78",44.0,75.0,56.0,68.0,,morumbi,05835-002,Es De Itapecerica,Vila das Belezas,São Paulo,SP
452164,2022,-23.6303561307856,-46.7037347635092,5,kilometer,381.0,"R$ 8.900,37",17.0,24.0,14.0,19.0,,morumbi,04715-004,R  Americo Brasiliense,Chácara Santo Antônio (Zona Sul),São Paulo,SP
458201,2022,-23.5989005215059,-46.731417266546096,5,kilometer,573.0,"R$ 8.879,20",23.0,28.0,26.0,22.0,,morumbi,05628-010,R  Nilza Medeiros Martins,Jardim Colombo,São Paulo,SP
458153,2022,-23.5980470810073,-46.740057128809504,5,kilometer,304.0,"R$ 8.876,93",13.0,9.0,10.0,7.0,,morumbi,05633-080,R Dr Antonio Paulo De O. Ferreira,Jardim Monte Kemel,São Paulo,SP
431389,2022,-23.5764357007003,-46.7413063229475,5,kilometer,428.0,"R$ 8.871,38",25.0,16.0,12.0,12.0,,morumbi,05588-000,Av Eng Heitor Antonio Eiras Garcia,Jardim Esmeralda,São Paulo,SP
458263,2022,-23.5912756537105,-46.726888252815,5,kilometer,207.0,"R$ 8.867,43",6.0,5.0,5.0,7.0,,morumbi,05619-000,R  Eden,Vila Inah,São Paulo,SP
432932,2022,-23.628938271015,-46.7458574570437,5,kilometer,399.0,"R$ 8.851,47",49.0,19.0,13.0,6.0,,morumbi,05734-080,R  Celso Ramos,Vila Andrade,São Paulo,SP
458177,2022,-23.6098069043975,-46.7367782592456,5,kilometer,240.0,"R$ 8.846,30",9.0,8.0,12.0,9.0,,morumbi,05638-030,R Dr Martins De Oliveira,Jardim Londrina,São Paulo,SP
430850,2022,-23.5803644486014,-46.7212911112348,5,kilometer,330.0,"R$ 8.845,32",7.0,11.0,15.0,18.0,,morumbi,05533-000,Av  Eliseu De Almeida,Instituto de Previdência,São Paulo,SP
458226,2022,-23.6119775868874,-46.742555812190496,5,kilometer,314.0,"R$ 8.828,67",9.0,11.0,7.0,11.0,,morumbi,05711-001,R Dr Luiz Migliano,Jardim Caboré,São Paulo,SP
452182,2022,-23.6307559090931,-46.7009914413136,5,kilometer,194.0,"R$ 8.822,92",4.0,5.0,7.0,4.0,,morumbi,04714-001,R  Antonio Das Chagas,Chácara Santo Antônio (Zona Sul),São Paulo,SP
458327,2022,-23.6112828836593,-46.7430722759704,5,kilometer,420.0,"R$ 8.822,45",18.0,12.0,14.0,20.0,,morumbi,05711-001,R Dr Luiz Migliano,Jardim Caboré,São Paulo,SP
441323,2022,-23.6158211756485,-46.6970731999208,5,kilometer,407.0,"R$ 8.822,43",14.0,15.0,14.0,18.0,,morumbi,04583-115,R  Evandro Carlos De Andrade,Vila Cordeiro,São Paulo,SP
447267,2022,-23.5854040699007,-46.7186009401661,5,kilometer,340.0,"R$ 8.819,47",8.0,12.0,7.0,13.0,,morumbi,05615-190,R Dos Tres Irmaos,Vila Progredior,São Paulo,SP
452136,2022,-23.6371074711617,-46.6990236460976,5,kilometer,462.0,"R$ 8.813,96",11.0,20.0,23.0,24.0,,morumbi,04719-000,R  Verbo Divino,Chácara Santo Antônio (Zona Sul),São Paulo,SP
434082,2022,-23.6491251117801,-46.755674701469,5,kilometer,578.0,"R$ 8.807,29",25.0,25.0,38.0,46.0,,morumbi,05835-004,Es De Itapecerica,Vila Prel,São Paulo,SP
430809,2022,-23.575054446456,-46.7325977432052,5,kilometer,550.0,"R$ 8.790,69",17.0,21.0,20.0,18.0,,morumbi,05590-120,R Cel Camisao,Vila Gomes,São Paulo,SP
463748,2022,-23.6096318171924,-46.7659192992564,5,kilometer,613.0,"R$ 8.784,80",36.0,33.0,36.0,38.0,,morumbi,,,,,
452365,2022,-23.6458673822108,-46.7033576139229,5,kilometer,295.0,"R$ 8.779,45",3.0,8.0,8.0,4.0,,morumbi,04750-030,R Cel Luis Barroso,Santo Amaro,São Paulo,SP
455520,2022,-23.6238020351398,-46.7452896672739,5,kilometer,298.0,"R$ 8.761,01",32.0,12.0,8.0,11.0,,morumbi,05734-040,R  Cascado,Vila Andrade,São Paulo,SP
447202,2022,-23.6061995637848,-46.721088738114496,5,kilometer,45.0,"R$ 8.745,88",,,0.0,3.0,,morumbi,05659-900,R  Clementine Brenne,Paraisópolis,São Paulo,SP
455341,2022,-23.6233556030977,-46.73704543975369,5,kilometer,221.0,"R$ 8.739,80",18.0,6.0,8.0,9.0,,morumbi,05642-010,R  Charles Spencer Chaplin,Vila Andrade,São Paulo,SP
458103,2022,-23.6014880894499,-46.7293575618692,5,kilometer,445.0,"R$ 8.734,00",26.0,17.0,24.0,23.0,,morumbi,05625-100,R  Jorge Alves Ferreira,Jardim Colombo,São Paulo,SP
455518,2022,-23.6252493595885,-46.7432187857896,5,kilometer,516.0,"R$ 8.718,69",32.0,23.0,27.0,13.0,,morumbi,05734-140,R  Joao Simoes De Souza,Parque Reboucas,São Paulo,SP
455467,2022,-23.6272428022139,-46.7297293338476,5,kilometer,271.0,"R$ 8.711,97",12.0,13.0,3.0,8.0,,morumbi,05713-520,R  Marie Nader Calfat,Jardim Ampliação,São Paulo,SP
458304,2022,-23.6087978693693,-46.7406174209959,5,kilometer,440.0,"R$ 8.693,38",22.0,15.0,17.0,23.0,,morumbi,05639-130,R  Angelo Vieira De Brito,Lar São Paulo,São Paulo,SP
458321,2022,-23.6094862858264,-46.742561664227296,5,kilometer,273.0,"R$ 8.674,66",8.0,17.0,11.0,13.0,,morumbi,05639-100,R  Paulo Sergio De Macedo,Lar São Paulo,São Paulo,SP
434147,2022,-23.6488142141862,-46.7545549992933,5,kilometer,297.0,"R$ 8.664,80",15.0,15.0,20.0,19.0,,morumbi,05835-004,Es De Itapecerica,Vila Prel,São Paulo,SP
458285,2022,-23.5876407543693,-46.748292032207,5,kilometer,364.0,"R$ 8.651,88",13.0,12.0,11.0,18.0,,morumbi,05542-170,R  Nelson Frank,Jardim Olympia,São Paulo,SP
447208,2022,-23.5862396351791,-46.7197848237265,5,kilometer,291.0,"R$ 8.638,33",8.0,10.0,7.0,6.0,,morumbi,05616-130,R Dr Clovis De Oliveira,Vila Progredior,São Paulo,SP
441297,2022,-23.603962932909,-46.6933410595524,5,kilometer,95.0,"R$ 8.636,45",,,,5.0,,morumbi,04571-110,R  Alcides Lourenco Da Rocha,Cidade Monções,São Paulo,SP
455584,2022,-23.6138344852537,-46.7187203562342,5,kilometer,188.0,"R$ 8.632,94",12.0,8.0,7.0,7.0,,morumbi,05656-000,R Dr Oscar De Almeida,Fazenda Morumbi,São Paulo,SP
458376,2022,-23.5978938524268,-46.74426146921311,5,kilometer,502.0,"R$ 8.614,80",22.0,13.0,21.0,28.0,,morumbi,05524-020,R Sta Crescencia,Ferreira,São Paulo,SP
455477,2022,-23.6201628614552,-46.731556349346896,5,kilometer,730.0,"R$ 8.612,12",46.0,57.0,44.0,40.0,,morumbi,05665-010,R Dr Laerte Setubal,Vila Suzana,São Paulo,SP
452155,2022,-23.628111060289,-46.6912478851056,5,kilometer,477.0,"R$ 8.611,48",14.0,10.0,16.0,19.0,,morumbi,04707-070,R  Joao Rodrigues Machado,Jardim das Acácias,São Paulo,SP
452186,2022,-23.6321645968836,-46.7019326177542,5,kilometer,431.0,"R$ 8.549,01",12.0,9.0,8.0,10.0,,morumbi,04717-010,R  Pedroso De Camargo,Chácara Santo Antônio (Zona Sul),São Paulo,SP
455334,2022,-23.6173690100836,-46.7411680056864,5,kilometer,187.0,"R$ 8.547,62",6.0,7.0,11.0,5.0,,morumbi,05640-003,Av Dr Guilherme Dumont Vilares,Jardim Londrina,São Paulo,SP
455519,2022,-23.6245470571783,-46.743839727802,5,kilometer,386.0,"R$ 8.523,50",18.0,22.0,14.0,12.0,,morumbi,05734-140,R  Joao Simoes De Souza,Parque Reboucas,São Paulo,SP
458336,2022,-23.614636445384,-46.74758158218751,5,kilometer,152.0,"R$ 8.520,77",4.0,10.0,6.0,8.0,,morumbi,05750-130,R  Diogo Pereira,Super Quadra Morumbi,São Paulo,SP
431358,2022,-23.5820429832499,-46.7459533431832,5,kilometer,266.0,"R$ 8.505,80",10.0,11.0,8.0,10.0,,morumbi,05596-000,Av Mal Fiuza De Castro,Jardim Pinheiros,São Paulo,SP
455482,2022,-23.6237492340787,-46.7321381305226,5,kilometer,158.0,"R$ 8.499,44",3.0,,,3.0,,morumbi,05713-430,R  Ascencional,Jardim Ampliação,São Paulo,SP
458257,2022,-23.585927334768,-46.7401309133122,5,kilometer,293.0,"R$ 8.449,36",12.0,16.0,15.0,16.0,,morumbi,05541-100,R  Eugene Carriere,Jardim das Vertentes,São Paulo,SP
458215,2022,-23.6109894379336,-46.7346289334086,5,kilometer,334.0,"R$ 8.446,16",11.0,13.0,17.0,12.0,,morumbi,05630-907,R Prof J. H. Meirelles Teixeira,Jardim Londrina,São Paulo,SP
430865,2022,-23.5803750320762,-46.7164708807861,5,kilometer,335.0,"R$ 8.437,89",12.0,20.0,19.0,15.0,,morumbi,05516-030,R  Quitanduba,Caxingui,São Paulo,SP
430902,2022,-23.5781256094112,-46.7220836725455,5,kilometer,410.0,"R$ 8.437,72",15.0,20.0,25.0,29.0,,morumbi,05531-050,R  Geraldo Nogueira Cobra,Instituto de Previdência,São Paulo,SP
452332,2022,-23.6481130456301,-46.7237259788791,5,kilometer,189.0,"R$ 8.422,58",6.0,12.0,7.0,3.0,,morumbi,04757-000,R  Bento Branco De Andrade Filho,Jardim Dom Bosco,São Paulo,SP
455499,2022,-23.6299519485946,-46.741980443638894,5,kilometer,144.0,"R$ 8.418,33",5.0,4.0,,6.0,,morumbi,05728-030,R  Carvalho De Freitas,Vila Andrade,São Paulo,SP
463817,2022,-23.6155983196659,-46.7699161702788,5,kilometer,750.0,"R$ 8.397,19",49.0,66.0,68.0,39.0,,morumbi,,,,,
463604,2022,-23.6034691729716,-46.7729209227788,5,kilometer,373.0,"R$ 8.396,85",17.0,20.0,28.0,24.0,,morumbi,,,,,
458377,2022,-23.6128645615669,-46.7456241146807,5,kilometer,147.0,"R$ 8.383,00",3.0,8.0,5.0,12.0,,morumbi,05711-000,R Dr Luiz Migliano,Jardim Vazani,São Paulo,SP
455662,2022,-23.6254205053061,-46.74440336682711,5,kilometer,345.0,"R$ 8.381,83",26.0,19.0,16.0,16.0,,morumbi,05734-100,R Da Chibata,Vila Andrade,São Paulo,SP
447210,2022,-23.6128026689918,-46.7042589950037,5,kilometer,194.0,"R$ 8.357,93",6.0,9.0,5.0,5.0,,morumbi,05690-050,R Min Nelson Hungria,Vila Tramontano,São Paulo,SP
452346,2022,-23.630858792503,-46.6944165505243,5,kilometer,237.0,"R$ 8.357,19",,6.0,6.0,7.0,,morumbi,04709-040,R  Emilia Lopes Russo,Santo Amaro,São Paulo,SP
455380,2022,-23.639040060779,-46.735852365966494,5,kilometer,262.0,"R$ 8.345,43",8.0,7.0,9.0,7.0,,morumbi,05717-270,R  Jose Ramon Urtiza,Vila Andrade,São Paulo,SP
458246,2022,-23.5882083109603,-46.743927402666095,5,kilometer,235.0,"R$ 8.344,14",5.0,10.0,14.0,11.0,,morumbi,05541-000,Av  Albert Bartholome,Jardim das Vertentes,São Paulo,SP
431350,2022,-23.5825220797168,-46.71835906355111,5,kilometer,149.0,"R$ 8.342,67",5.0,7.0,,5.0,,morumbi,05516-040,R  Campos Do Jordao,Caxingui,São Paulo,SP
445654,2022,-23.6501112466545,-46.74617504891631,5,kilometer,935.0,"R$ 8.339,28",82.0,74.0,50.0,52.0,,morumbi,05842-070,R  Gregorio Allegri,Vila das Belezas,São Paulo,SP
455509,2022,-23.6248663403162,-46.7416951430668,5,kilometer,588.0,"R$ 8.317,47",43.0,27.0,18.0,18.0,,morumbi,05726-130,R  Jose Da Silva Ribeiro,Vila Andrade,São Paulo,SP
455481,2022,-23.6224243338043,-46.7327381399953,5,kilometer,341.0,"R$ 8.309,22",5.0,8.0,8.0,10.0,,morumbi,05713-460,R  Frederico Guarinon,Jardim Ampliação,São Paulo,SP
463795,2022,-23.6175179192369,-46.775788747868496,5,kilometer,179.0,"R$ 8.308,96",8.0,14.0,20.0,16.0,,morumbi,,,,,
458248,2022,-23.5873304582365,-46.7395812688634,5,kilometer,301.0,"R$ 8.298,74",10.0,15.0,13.0,7.0,,morumbi,05541-030,R  Trajano Reis,Jardim das Vertentes,São Paulo,SP
447184,2022,-23.5896926508541,-46.7194940509078,5,kilometer,338.0,"R$ 8.297,80",4.0,6.0,7.0,5.0,,morumbi,05616-011,R Dom Armando Lombardi,Vila Progredior,São Paulo,SP
432931,2022,-23.6280505208267,-46.7469002051013,5,kilometer,356.0,"R$ 8.293,02",25.0,14.0,26.0,6.0,,morumbi,05734-080,R  Celso Ramos,Vila Andrade,São Paulo,SP
441584,2022,-23.6072716253681,-46.6944703165984,5,kilometer,44.0,"R$ 8.256,57",,0.0,3.0,3.0,,morumbi,04565-001,R  Florida,Cidade Monções,São Paulo,SP
455386,2022,-23.6376910799187,-46.734607241034,5,kilometer,172.0,"R$ 8.252,30",9.0,6.0,4.0,9.0,,morumbi,05724-902,Av  Giovanni Gronchi,Vila Andrade,São Paulo,SP
463745,2022,-23.6094375328005,-46.7670459822302,5,kilometer,585.0,"R$ 8.246,79",32.0,43.0,38.0,44.0,,morumbi,,,,,
447257,2022,-23.5901583157031,-46.7210650205666,5,kilometer,222.0,"R$ 8.218,77",4.0,7.0,,4.0,,morumbi,05617-020,R Prof Oswaldo Teixeira,Vila Progredior,São Paulo,SP
447186,2022,-23.5887615271499,-46.7180242796764,5,kilometer,379.0,"R$ 8.206,25",6.0,7.0,8.0,14.0,,morumbi,05615-000,R  Jose Jannarelli,Vila Progredior,São Paulo,SP
455478,2022,-23.6204715125547,-46.730897129293695,5,kilometer,774.0,"R$ 8.201,51",67.0,71.0,39.0,50.0,,morumbi,05712-070,R Dr Jose Carlos De Toledo Piza,Jardim Parque Morumbi,São Paulo,SP
455306,2022,-23.6375172796575,-46.73506552814271,5,kilometer,439.0,"R$ 8.194,86",18.0,28.0,13.0,22.0,,morumbi,05717-200,R  Almaden,Vila Andrade,São Paulo,SP
458091,2022,-23.6046260491822,-46.74304705618231,5,kilometer,420.0,"R$ 8.190,93",15.0,17.0,27.0,18.0,,morumbi,05638-010,Av Gal Cavalcanti De Albuquerque,Jardim Londrina,São Paulo,SP
431386,2022,-23.5832621811912,-46.7171005697187,5,kilometer,388.0,"R$ 8.156,23",18.0,17.0,7.0,6.0,,morumbi,05516-000,R Comen Elias Assi,Caxingui,São Paulo,SP
455480,2022,-23.6208077765738,-46.7318572567062,5,kilometer,756.0,"R$ 8.152,03",56.0,51.0,47.0,47.0,,morumbi,05665-010,R Dr Laerte Setubal,Vila Suzana,São Paulo,SP
463799,2022,-23.6114952768345,-46.7688963153754,5,kilometer,487.0,"R$ 8.135,68",32.0,35.0,37.0,22.0,,morumbi,,,,,
458182,2022,-23.6059306971501,-46.744493893679504,5,kilometer,359.0,"R$ 8.124,85",6.0,15.0,19.0,17.0,,morumbi,05638-000,R  Manuel De Santa Maria,Jardim Londrina,São Paulo,SP
430868,2022,-23.5795837490222,-46.743426446985104,5,kilometer,656.0,"R$ 8.124,07",26.0,29.0,28.0,28.0,,morumbi,05595-000,R  Moacir Miguel Da Silva,Jardim Bonfiglioli,São Paulo,SP
458197,2022,-23.5885208024464,-46.73984605341,5,kilometer,309.0,"R$ 8.113,73",15.0,12.0,10.0,21.0,,morumbi,05541-030,R  Trajano Reis,Jardim das Vertentes,São Paulo,SP
463909,2022,-23.6177409081485,-46.7695658837973,5,kilometer,401.0,"R$ 8.080,90",27.0,42.0,21.0,23.0,,morumbi,,,,,
430841,2022,-23.5787613228954,-46.7377409536168,5,kilometer,389.0,"R$ 8.076,22",11.0,19.0,17.0,16.0,,morumbi,05592-080,R Dr Antonio Mendes De Almeida,Jardim Bonfiglioli,São Paulo,SP
432605,2022,-23.6386204926382,-46.759396062491,5,kilometer,98.0,"R$ 8.076,13",6.0,9.0,6.0,3.0,,morumbi,05763-901,R  Lira Cearense,Chácara Nossa Senhora do Bom Conselho,São Paulo,SP
431385,2022,-23.5812026918709,-46.717386196642096,5,kilometer,211.0,"R$ 8.073,40",10.0,5.0,6.0,11.0,,morumbi,05516-000,R Comen Elias Assi,Caxingui,São Paulo,SP
447236,2022,-23.6108986007902,-46.7211911107574,5,kilometer,182.0,"R$ 8.044,70",5.0,5.0,,9.0,,morumbi,05662-000,R Sen Otavio Mangabeira,Jardim Morumbi,São Paulo,SP
430866,2022,-23.5815616916307,-46.7183795877344,5,kilometer,254.0,"R$ 8.029,72",5.0,13.0,16.0,8.0,,morumbi,05516-005,Tv  Jacob Aguiar,Caxingui,São Paulo,SP
458125,2022,-23.5906509378566,-46.7473869339442,5,kilometer,186.0,"R$ 8.018,43",6.0,9.0,6.0,8.0,,morumbi,05542-120,R  Julieta Espirito S. Pinheiro,Jardim Olympia,São Paulo,SP
450819,2022,-23.5846453832437,-46.763467993343696,5,kilometer,328.0,"R$ 7.944,65",14.0,10.0,11.0,19.0,,morumbi,05372-050,R  Henrique Chaves,Jardim Ester,São Paulo,SP
441449,2022,-23.6095755419039,-46.6899687098721,5,kilometer,298.0,"R$ 7.929,26",14.0,4.0,5.0,10.0,,morumbi,04564-003,R  Pensilvania,Cidade Monções,São Paulo,SP
455394,2022,-23.6180688530279,-46.716699874543295,5,kilometer,313.0,"R$ 7.918,21",10.0,14.0,14.0,31.0,,morumbi,05657-010,R  David Pimentel,Fazenda Morumbi,São Paulo,SP
452347,2022,-23.6317958555934,-46.6928513063264,5,kilometer,306.0,"R$ 7.906,35",6.0,7.0,5.0,19.0,,morumbi,04709-011,R Do Estilo Barroco,Santo Amaro,São Paulo,SP
430823,2022,-23.5801658459956,-46.7321449590578,5,kilometer,431.0,"R$ 7.904,36",13.0,18.0,13.0,20.0,,morumbi,05591-090,R S Dario,Jardim Bonfiglioli,São Paulo,SP
452344,2022,-23.6334010933582,-46.70896732187,5,kilometer,213.0,"R$ 7.901,15",5.0,13.0,11.0,3.0,,morumbi,04719-060,R  Booker Pittman,Chácara Santo Antônio (Zona Sul),São Paulo,SP
458243,2022,-23.5861283904318,-46.74600660874911,5,kilometer,241.0,"R$ 7.900,59",8.0,12.0,5.0,10.0,,morumbi,05541-000,Av  Albert Bartholome,Jardim das Vertentes,São Paulo,SP
463832,2022,-23.6036423327166,-46.761823031118894,5,kilometer,495.0,"R$ 7.893,37",20.0,28.0,30.0,31.0,,morumbi,,,,,
458090,2022,-23.607427133502,-46.7428364169464,5,kilometer,342.0,"R$ 7.886,64",7.0,18.0,10.0,23.0,,morumbi,05639-000,R  Jose Renato Pantoja,Lar São Paulo,São Paulo,SP
463818,2022,-23.6175453680165,-46.7703941479474,5,kilometer,654.0,"R$ 7.874,57",38.0,51.0,44.0,48.0,,morumbi,,,,,
432715,2022,-23.6266134141071,-46.7469236699248,5,kilometer,443.0,"R$ 7.864,14",30.0,26.0,20.0,22.0,,morumbi,05734-080,R  Celso Ramos,Vila Andrade,São Paulo,SP
463459,2022,-23.6116285222072,-46.76808188114,5,kilometer,888.0,"R$ 7.859,70",54.0,77.0,61.0,59.0,,morumbi,,,,,
455626,2022,-23.6168123156102,-46.7313004806958,5,kilometer,305.0,"R$ 7.831,82",10.0,7.0,4.0,8.0,,morumbi,05724-003,Av  Giovanni Gronchi,Vila Andrade,São Paulo,SP
458149,2022,-23.5988576781437,-46.7226317693562,5,kilometer,232.0,"R$ 7.826,37",7.0,6.0,10.0,17.0,,morumbi,05622-040,R Dr Afonso Pena Junior,Vila Sônia,São Paulo,SP
458249,2022,-23.5865973659965,-46.7394154069138,5,kilometer,151.0,"R$ 7.816,37",4.0,7.0,12.0,8.0,,morumbi,05541-030,R  Trajano Reis,Jardim das Vertentes,São Paulo,SP
455340,2022,-23.6258191832075,-46.73785165581489,5,kilometer,176.0,"R$ 7.814,31",10.0,12.0,7.0,9.0,,morumbi,05727-240,R  Jose De Oliveira Coelho,Vila Andrade,São Paulo,SP
430914,2022,-23.5766207023351,-46.71857662536831,5,kilometer,339.0,"R$ 7.808,55",15.0,10.0,13.0,17.0,,morumbi,05530-080,R  Canaburi,Instituto de Previdência,São Paulo,SP
430916,2022,-23.5847812600098,-46.7346030710106,5,kilometer,414.0,"R$ 7.806,38",16.0,18.0,19.0,32.0,,morumbi,05537-120,R  Agenor De Lima Franco,Jardim Peri Peri,São Paulo,SP
455349,2022,-23.6298828928549,-46.7384142026239,5,kilometer,230.0,"R$ 7.805,99",5.0,5.0,5.0,9.0,,morumbi,05734-150,R  Nelson Gama De Oliveira,Vila Andrade,São Paulo,SP
452226,2022,-23.6350916325901,-46.698895113201694,5,kilometer,305.0,"R$ 7.804,83",10.0,12.0,16.0,25.0,,morumbi,04717-001,R  Alexandre Dumas,Chácara Santo Antônio (Zona Sul),São Paulo,SP
447228,2022,-23.6067593037382,-46.7243716156631,5,kilometer,457.0,"R$ 7.800,14",11.0,19.0,23.0,20.0,,morumbi,05659-000,R  Clementine Brenne,Paraisópolis,São Paulo,SP
431372,2022,-23.5743850927638,-46.7334738803508,5,kilometer,418.0,"R$ 7.798,85",22.0,20.0,19.0,19.0,,morumbi,05590-140,R  Paulo Ribeiro Da Luz,Vila Gomes,São Paulo,SP
463465,2022,-23.61179050802,-46.766759996689,5,kilometer,527.0,"R$ 7.788,39",21.0,31.0,52.0,27.0,,morumbi,,,,,
430853,2022,-23.5834255807278,-46.737134644927295,5,kilometer,325.0,"R$ 7.772,78",14.0,12.0,17.0,18.0,,morumbi,05593-010,R Potsa Colombina,Jardim Bonfiglioli,São Paulo,SP
455452,2022,-23.6223286404237,-46.730152504267295,5,kilometer,312.0,"R$ 7.767,16",27.0,11.0,20.0,13.0,,morumbi,05712-020,R Dr Carlos Aldrovandi,Jardim Parque Morumbi,São Paulo,SP
441296,2022,-23.6043245065288,-46.6916860329107,5,kilometer,242.0,"R$ 7.763,33",4.0,7.0,3.0,8.0,,morumbi,04561-070,R  Jose Rodrigues,Brooklin Paulista,São Paulo,SP
452276,2022,-23.634022077224,-46.7138488549232,5,kilometer,245.0,"R$ 7.762,01",0.0,5.0,7.0,7.0,,morumbi,04726-220,R  Luis Correia De Melo,Vila Cruzeiro,São Paulo,SP
458372,2022,-23.5930780176417,-46.7377540532104,5,kilometer,272.0,"R$ 7.753,36",9.0,11.0,15.0,11.0,,morumbi,05522-030,R Dr Adolfo Melo Junior,Ferreira,São Paulo,SP
430903,2022,-23.5834579788494,-46.730038735505694,5,kilometer,321.0,"R$ 7.735,87",13.0,20.0,18.0,18.0,,morumbi,05535-040,R  Maria Luisa Altenfelder Silva,Jardim Peri Peri,São Paulo,SP
447237,2022,-23.6087785608791,-46.722780448223,5,kilometer,142.0,"R$ 7.729,68",7.0,7.0,7.0,9.0,,morumbi,05661-020,R  Antonio Julio Dos Santos,Fazenda Morumbi,São Paulo,SP
441326,2022,-23.6190515760699,-46.688224843255696,5,kilometer,465.0,"R$ 7.720,68",20.0,23.0,19.0,20.0,,morumbi,04581-060,R  Pascoal Pais,Vila Cordeiro,São Paulo,SP
430874,2022,-23.5758131704736,-46.73310550466351,5,kilometer,398.0,"R$ 7.713,46",18.0,10.0,16.0,19.0,,morumbi,05590-120,R Cel Camisao,Vila Gomes,São Paulo,SP
452325,2022,-23.6330207526289,-46.693970055506,5,kilometer,229.0,"R$ 7.693,36",10.0,11.0,8.0,6.0,,morumbi,04709-080,R Pde Paulo Guffanti,Vila São Francisco (Zona Sul),São Paulo,SP
455527,2022,-23.6345235878321,-46.738945117033296,5,kilometer,249.0,"R$ 7.678,75",17.0,13.0,12.0,15.0,,morumbi,05728-030,R  Carvalho De Freitas,Vila Andrade,São Paulo,SP
458203,2022,-23.5994358542832,-46.7303240734462,5,kilometer,245.0,"R$ 7.674,05",4.0,4.0,8.0,6.0,,morumbi,05628-010,R  Nilza Medeiros Martins,Jardim Colombo,São Paulo,SP
430863,2022,-23.5789842505616,-46.712646520575,5,kilometer,449.0,"R$ 7.672,69",22.0,16.0,20.0,16.0,,morumbi,05514-030,R  Haroldo Gurgel,Instituto de Previdência,São Paulo,SP
432717,2022,-23.627455337416,-46.7461891820499,5,kilometer,552.0,"R$ 7.643,32",47.0,37.0,26.0,13.0,,morumbi,05734-090,R  Chapada De Minas,Parque Reboucas,São Paulo,SP
458104,2022,-23.6030674675994,-46.72774937989431,5,kilometer,300.0,"R$ 7.642,09",13.0,17.0,14.0,8.0,,morumbi,05629-010,R  Panonia,Jardim Colombo,São Paulo,SP
441541,2022,-23.6228421822821,-46.6923843336296,5,kilometer,251.0,"R$ 7.635,12",10.0,6.0,14.0,12.0,,morumbi,04703-040,R  Carlos Buzzi,Jardim das Acácias,São Paulo,SP
458266,2022,-23.5944297101207,-46.727184759900304,5,kilometer,231.0,"R$ 7.633,11",6.0,5.0,8.0,7.0,,morumbi,05619-010,R  Mandicununga,Vila Inah,São Paulo,SP
447294,2022,-23.5855176867573,-46.713997985076496,5,kilometer,167.0,"R$ 7.624,48",5.0,0.0,7.0,3.0,,morumbi,05611-050,Av  Roberto Lorenz,Jardim Guedala,São Paulo,SP
455522,2022,-23.622613850304,-46.745766819535504,5,kilometer,679.0,"R$ 7.614,97",41.0,39.0,36.0,36.0,,morumbi,05749-350,R  Matriz De Camaragibe,Jardim das Palmas,São Paulo,SP
431368,2022,-23.5760528557218,-46.7312914489811,5,kilometer,417.0,"R$ 7.595,10",14.0,21.0,13.0,18.0,,morumbi,05590-120,R Cel Camisao,Vila Gomes,São Paulo,SP
455332,2022,-23.6160818756316,-46.7410980641398,5,kilometer,198.0,"R$ 7.584,11",14.0,5.0,7.0,9.0,,morumbi,05640-900,Av Dr Guilherme Dumont Vilares,Jardim Londrina,São Paulo,SP
452282,2022,-23.6316926883765,-46.71268117578671,5,kilometer,101.0,"R$ 7.581,52",6.0,,,,,morumbi,04726-180,R Prof Jamil Anderaos,Vila Cruzeiro,São Paulo,SP
458254,2022,-23.5859046706538,-46.739747571082,5,kilometer,271.0,"R$ 7.574,44",16.0,14.0,11.0,10.0,,morumbi,05541-100,R  Eugene Carriere,Jardim das Vertentes,São Paulo,SP
458216,2022,-23.6112356059163,-46.7353253727764,5,kilometer,331.0,"R$ 7.568,71",6.0,13.0,19.0,21.0,,morumbi,05630-907,R Prof J. H. Meirelles Teixeira,Jardim Londrina,São Paulo,SP
432862,2022,-23.6273684377299,-46.745306926761,5,kilometer,336.0,"R$ 7.567,45",28.0,17.0,10.0,12.0,,morumbi,05734-090,R  Chapada De Minas,Parque Reboucas,São Paulo,SP
431337,2022,-23.5786488560402,-46.7436237667547,5,kilometer,507.0,"R$ 7.566,00",16.0,14.0,25.0,25.0,,morumbi,05595-040,R  Alberto Nascimento Junior,Jardim Bonfiglioli,São Paulo,SP
441524,2022,-23.618286733903,-46.69080082469191,5,kilometer,378.0,"R$ 7.563,42",15.0,10.0,17.0,15.0,,morumbi,04581-051,R  Roque Petrella,Vila Cordeiro,São Paulo,SP
458223,2022,-23.6153217970138,-46.7467438763734,5,kilometer,206.0,"R$ 7.546,51",8.0,14.0,8.0,4.0,,morumbi,05750-000,Av Mal Juarez Tavora,Super Quadra Morumbi,São Paulo,SP
463908,2022,-23.6178395377442,-46.7698438249903,5,kilometer,372.0,"R$ 7.545,87",17.0,33.0,27.0,21.0,,morumbi,,,,,
430876,2022,-23.5732598551516,-46.7306044035334,5,kilometer,405.0,"R$ 7.524,41",14.0,10.0,7.0,17.0,,morumbi,05587-150,R  Julia Della Nina,Jardim Rizzo,São Paulo,SP
452202,2022,-23.6321094796647,-46.70328980144951,5,kilometer,306.0,"R$ 7.501,09",8.0,5.0,15.0,11.0,,morumbi,04716-002,R  Fernandes Moreira,Chácara Santo Antônio (Zona Sul),São Paulo,SP
430821,2022,-23.5771292667631,-46.727505329301,5,kilometer,318.0,"R$ 7.489,61",13.0,7.0,15.0,3.0,,morumbi,05540-120,R  Antonio De Castro M. Furtado,Conjunto Residencial Butantã,São Paulo,SP
455425,2022,-23.6254272513741,-46.7278532084922,5,kilometer,539.0,"R$ 7.480,62",50.0,37.0,29.0,31.0,,morumbi,05713-530,Cm  Morumbi,Jardim Ampliação,São Paulo,SP
455529,2022,-23.6327026686674,-46.73872405024031,5,kilometer,174.0,"R$ 7.473,63",6.0,,4.0,4.0,,morumbi,05730-170,R  Maria Jose Da Conceicao,Vila Andrade,São Paulo,SP
430837,2022,-23.5831265717342,-46.7281603062985,5,kilometer,451.0,"R$ 7.470,88",19.0,13.0,25.0,18.0,,morumbi,05535-010,R  Joao Della Manna,Rolinópolis,São Paulo,SP
430836,2022,-23.5802414509263,-46.7258978953356,5,kilometer,438.0,"R$ 7.461,69",9.0,21.0,21.0,22.0,,morumbi,05531-000,R  Francisco Perroti,Instituto de Previdência,São Paulo,SP
452259,2022,-23.629776550523,-46.69209139728071,5,kilometer,293.0,"R$ 7.458,33",6.0,8.0,8.0,6.0,,morumbi,04709-011,R Do Estilo Barroco,Santo Amaro,São Paulo,SP
441540,2022,-23.6220105460389,-46.6893776898292,5,kilometer,325.0,"R$ 7.447,39",3.0,10.0,6.0,11.0,,morumbi,04707-110,R Sto Arcadio,Jardim das Acácias,São Paulo,SP
430849,2022,-23.5776550799685,-46.7170605123796,5,kilometer,251.0,"R$ 7.431,40",7.0,9.0,7.0,9.0,,morumbi,05530-050,R  Mario Maglio,Instituto de Previdência,São Paulo,SP
458076,2022,-23.6068603015713,-46.740017369958096,5,kilometer,256.0,"R$ 7.427,31",3.0,12.0,13.0,9.0,,morumbi,05638-070,R  Lehel Silimon,Jardim Londrina,São Paulo,SP
463603,2022,-23.6009726529349,-46.7712178666695,5,kilometer,153.0,"R$ 7.426,97",,,10.0,5.0,,morumbi,05547-030,Av  Diogo Gomes Carneiro,Jardim Rosa Maria,São Paulo,SP
452246,2022,-23.6400888948094,-46.7133741117779,5,kilometer,327.0,"R$ 7.426,96",7.0,12.0,9.0,15.0,,morumbi,04728-170,R  Angelo Pariz Fornaza,Jardim Caravelas,São Paulo,SP
430840,2022,-23.5811348546748,-46.7374935544922,5,kilometer,453.0,"R$ 7.424,08",13.0,18.0,17.0,22.0,,morumbi,05594-050,R  Tapejara,Jardim Bonfiglioli,São Paulo,SP
455347,2022,-23.6284413414984,-46.7367443589352,5,kilometer,149.0,"R$ 7.422,07",7.0,6.0,10.0,3.0,,morumbi,05727-220,R Eng Antonio Jovino,Vila Andrade,São Paulo,SP
463910,2022,-23.6166942115989,-46.76973619040751,5,kilometer,365.0,"R$ 7.406,94",20.0,32.0,29.0,16.0,,morumbi,,,,,
432874,2022,-23.6167014588384,-46.759280692598495,5,kilometer,552.0,"R$ 7.401,33",37.0,28.0,49.0,35.0,,morumbi,05787-902,Es Do Campo Limpo,Pirajussara,São Paulo,SP
441480,2022,-23.613492175095,-46.68924593564,5,kilometer,247.0,"R$ 7.396,81",11.0,6.0,11.0,11.0,,morumbi,04567-070,R  Manguata,Cidade Monções,São Paulo,SP
455307,2022,-23.6390485533342,-46.7343673976095,5,kilometer,240.0,"R$ 7.392,56",10.0,15.0,6.0,7.0,,morumbi,05724-902,Av  Giovanni Gronchi,Vila Andrade,São Paulo,SP
441583,2022,-23.6060017263826,-46.6959963025556,5,kilometer,235.0,"R$ 7.375,23",12.0,8.0,7.0,11.0,,morumbi,04578-911,Av Das Nacoes Unidas,Brooklin Paulista,São Paulo,SP
455381,2022,-23.6382721661286,-46.7353619359022,5,kilometer,393.0,"R$ 7.356,36",17.0,19.0,13.0,17.0,,morumbi,05724-902,Av  Giovanni Gronchi,Vila Andrade,São Paulo,SP
452253,2022,-23.6301359385768,-46.7002725915892,5,kilometer,303.0,"R$ 7.355,98",7.0,14.0,11.0,21.0,,morumbi,04711-000,R Eng Mesquita Sampaio,Vila São Francisco (Zona Sul),São Paulo,SP
463797,2022,-23.6177401525548,-46.774416818267504,5,kilometer,466.0,"R$ 7.343,24",36.0,35.0,33.0,27.0,,morumbi,,,,,
458075,2022,-23.6060675832678,-46.7383458803043,5,kilometer,383.0,"R$ 7.336,20",13.0,10.0,18.0,14.0,,morumbi,05634-020,R  Osiris Magalhaes De Almeida,Jardim Monte Kemel,São Paulo,SP
430906,2022,-23.5799601407246,-46.7357194918563,5,kilometer,309.0,"R$ 7.333,14",7.0,10.0,12.0,17.0,,morumbi,05592-050,Pc  Antonio Manuel Do E. Santo,Jardim Bonfiglioli,São Paulo,SP
455371,2022,-23.6215757839098,-46.737924337819294,5,kilometer,254.0,"R$ 7.316,25",9.0,16.0,20.0,7.0,,morumbi,05642-900,Av  Jose Galante,Vila Suzana,São Paulo,SP
458245,2022,-23.5878347443379,-46.744247193728,5,kilometer,232.0,"R$ 7.302,49",8.0,9.0,,8.0,,morumbi,05541-000,Av  Albert Bartholome,Jardim das Vertentes,São Paulo,SP
458167,2022,-23.6019857383091,-46.7426280549816,5,kilometer,216.0,"R$ 7.302,07",8.0,9.0,7.0,9.0,,morumbi,05634-100,R  Francisco Santoro,Jardim Monte Kemel,São Paulo,SP
455345,2022,-23.626122400406,-46.735647750759,5,kilometer,120.0,"R$ 7.292,21",,,0.0,4.0,,morumbi,05725-060,R Frei Duarte Jorge De Mendonca,Vila Andrade,São Paulo,SP
452309,2022,-23.6330206841231,-46.71406039124351,5,kilometer,508.0,"R$ 7.286,32",17.0,18.0,20.0,21.0,,morumbi,04726-170,Av  Alfredo Egidio De Souza Aranha,Vila Cruzeiro,São Paulo,SP
431388,2022,-23.5763511257705,-46.7397982985878,5,kilometer,506.0,"R$ 7.272,17",12.0,19.0,28.0,25.0,,morumbi,05588-010,R  Vicente Pelosi,Vila Gomes,São Paulo,SP
430839,2022,-23.5839895987869,-46.73196582266711,5,kilometer,200.0,"R$ 7.268,72",,9.0,6.0,5.0,,morumbi,05535-010,R  Joao Della Manna,Rolinópolis,São Paulo,SP
458074,2022,-23.6050862337605,-46.7380007898874,5,kilometer,406.0,"R$ 7.263,81",16.0,25.0,20.0,23.0,,morumbi,05634-000,R  David Ben Gurion,Jardim Monte Kemel,São Paulo,SP
458260,2022,-23.5909536889143,-46.7297073135771,5,kilometer,166.0,"R$ 7.261,87",3.0,5.0,6.0,5.0,,morumbi,05625-020,R  Ibiapaba,Vila Sônia,São Paulo,SP
463452,2022,-23.6065501923813,-46.772870734559,5,kilometer,723.0,"R$ 7.256,39",26.0,37.0,39.0,51.0,,morumbi,,,,,
455646,2022,-23.6239334236575,-46.744294518211,5,kilometer,384.0,"R$ 7.246,30",20.0,18.0,16.0,17.0,,morumbi,05734-140,R  Joao Simoes De Souza,Parque Reboucas,São Paulo,SP
441479,2022,-23.6128696139503,-46.6900371282168,5,kilometer,211.0,"R$ 7.241,67",7.0,7.0,6.0,6.0,,morumbi,04567-080,R  Munduba,Cidade Monções,São Paulo,SP
463573,2022,-23.6286551452294,-46.7731169592167,5,kilometer,601.0,"R$ 7.235,85",28.0,40.0,32.0,33.0,,morumbi,05788-420,R  Ivar Beckman,Jardim Campo Limpo,São Paulo,SP
458276,2022,-23.5867251475943,-46.727608926457904,5,kilometer,366.0,"R$ 7.229,37",7.0,3.0,17.0,13.0,,morumbi,05518-000,R Sta Albina,Jardim Trussardi,São Paulo,SP
463820,2022,-23.6178904899145,-46.77174163813729,5,kilometer,802.0,"R$ 7.227,63",54.0,69.0,46.0,35.0,,morumbi,,,,,
455653,2022,-23.6362312932745,-46.7382043411174,5,kilometer,311.0,"R$ 7.206,51",14.0,22.0,16.0,13.0,,morumbi,05729-090,R  Alexandre Benois,Vila Andrade,São Paulo,SP
447268,2022,-23.5855396095193,-46.7201730640786,5,kilometer,257.0,"R$ 7.189,14",11.0,5.0,3.0,5.0,,morumbi,05513-901,Av Prof Francisco Morato,Butantã,São Paulo,SP
452359,2022,-23.6366855523232,-46.7178421101818,5,kilometer,750.0,"R$ 7.184,79",20.0,15.0,10.0,17.0,,morumbi,04729-010,R  Carmo Do Rio Verde,Jardim Caravelas,São Paulo,SP
463800,2022,-23.6110120349894,-46.7684193047746,5,kilometer,603.0,"R$ 7.140,87",38.0,47.0,45.0,40.0,,morumbi,,,,,
452234,2022,-23.6457174846134,-46.706335366689,5,kilometer,133.0,"R$ 7.109,67",5.0,6.0,,4.0,,morumbi,04724-010,R Eng Francisco De Godoi,Santo Amaro,São Paulo,SP
463612,2022,-23.6025385106586,-46.7676101821622,5,kilometer,482.0,"R$ 7.106,26",39.0,29.0,26.0,27.0,,morumbi,,,,,
430871,2022,-23.5791936569428,-46.7488445638749,5,kilometer,394.0,"R$ 7.095,55",16.0,15.0,19.0,16.0,,morumbi,05596-010,R  Heitor De Gusmao Uchoa,Cidade dos Bandeirantes,São Paulo,SP
431336,2022,-23.5797692196713,-46.7427930583996,5,kilometer,363.0,"R$ 7.075,41",12.0,13.0,18.0,17.0,,morumbi,05595-000,R  Moacir Miguel Da Silva,Jardim Bonfiglioli,São Paulo,SP
455367,2022,-23.6196752816463,-46.7363984149078,5,kilometer,116.0,"R$ 7.075,25",5.0,5.0,5.0,6.0,,morumbi,05641-010,R Dr Oscar Monteiro De Barros,Vila Suzana,São Paulo,SP
458224,2022,-23.6107536083053,-46.7435727926616,5,kilometer,349.0,"R$ 7.067,88",7.0,4.0,17.0,17.0,,morumbi,05711-000,R Dr Luiz Migliano,Jardim Vazani,São Paulo,SP
432930,2022,-23.627265465006,-46.7473999252364,5,kilometer,335.0,"R$ 7.056,90",25.0,19.0,10.0,7.0,,morumbi,05734-080,R  Celso Ramos,Vila Andrade,São Paulo,SP
431348,2022,-23.5809199968997,-46.7164976736815,5,kilometer,256.0,"R$ 7.050,74",3.0,9.0,7.0,10.0,,morumbi,05516-030,R  Quitanduba,Caxingui,São Paulo,SP
458144,2022,-23.6100136179726,-46.7501049881609,5,kilometer,224.0,"R$ 7.049,21",6.0,5.0,9.0,9.0,,morumbi,05742-080,R Cel Junqueira Franco,Jardim Taboão,São Paulo,SP
463798,2022,-23.6181544899001,-46.77493239471151,5,kilometer,510.0,"R$ 7.028,09",35.0,39.0,38.0,30.0,,morumbi,,,,,
458256,2022,-23.5859255216803,-46.740456348819,5,kilometer,314.0,"R$ 7.023,12",19.0,14.0,9.0,12.0,,morumbi,05541-060,R  Kaoru Oda,Jardim das Vertentes,São Paulo,SP
458128,2022,-23.587415376321,-46.7448739941386,5,kilometer,238.0,"R$ 7.012,55",7.0,6.0,10.0,9.0,,morumbi,05573-900,Via  Raposo Tavares,Jardim Olympia,São Paulo,SP
445447,2022,-23.6515419525473,-46.7455764762261,5,kilometer,894.0,"R$ 6.994,29",65.0,61.0,64.0,47.0,,morumbi,05842-070,R  Gregorio Allegri,Vila das Belezas,São Paulo,SP
458127,2022,-23.5863712167905,-46.745666377059294,5,kilometer,309.0,"R$ 6.984,64",15.0,8.0,11.0,11.0,,morumbi,05541-000,Av  Albert Bartholome,Jardim das Vertentes,São Paulo,SP
432900,2022,-23.6197245286865,-46.7561726239665,5,kilometer,382.0,"R$ 6.983,29",24.0,15.0,20.0,21.0,,morumbi,05754-050,R  Flama,Umarizal,São Paulo,SP
447238,2022,-23.6094531227425,-46.7230787044268,5,kilometer,165.0,"R$ 6.965,40",12.0,7.0,13.0,8.0,,morumbi,05659-020,R  Ernest Renan,Paraisópolis,São Paulo,SP
458315,2022,-23.6080716165646,-46.727275920993904,5,kilometer,373.0,"R$ 6.956,83",18.0,11.0,7.0,15.0,,morumbi,05661-020,R  Antonio Julio Dos Santos,Fazenda Morumbi,São Paulo,SP
431363,2022,-23.5797040651808,-46.7487753869578,5,kilometer,368.0,"R$ 6.953,44",12.0,23.0,13.0,29.0,,morumbi,05596-010,R  Heitor De Gusmao Uchoa,Cidade dos Bandeirantes,São Paulo,SP
452225,2022,-23.6333552045203,-46.6981485542752,5,kilometer,245.0,"R$ 6.928,72",7.0,4.0,8.0,9.0,,morumbi,04715-002,R  Americo Brasiliense,Chácara Santo Antônio (Zona Sul),São Paulo,SP
458132,2022,-23.5903216547699,-46.7290510544435,5,kilometer,297.0,"R$ 6.922,11",14.0,8.0,,7.0,,morumbi,05624-080,R Pde Luis Roth,Vila Morse,São Paulo,SP
447206,2022,-23.5861407584829,-46.7207219410584,5,kilometer,265.0,"R$ 6.917,65",,6.0,,,,morumbi,05616-060,R Dom Tito Marchese,Vila Progredior,São Paulo,SP
458247,2022,-23.5873427242927,-46.7420785205191,5,kilometer,428.0,"R$ 6.907,08",9.0,19.0,17.0,21.0,,morumbi,05541-050,R  Heitor Ariente,Jardim das Vertentes,São Paulo,SP
458340,2022,-23.6116027610976,-46.7507940588377,5,kilometer,375.0,"R$ 6.904,18",33.0,21.0,18.0,8.0,,morumbi,05742-080,R Cel Junqueira Franco,Jardim Taboão,São Paulo,SP
463611,2022,-23.6022876507184,-46.7680206563916,5,kilometer,471.0,"R$ 6.890,20",36.0,22.0,32.0,31.0,,morumbi,05549-000,R  Avelino Nogueira Do Prado,Jardim das Esmeraldas,São Paulo,SP
458251,2022,-23.5856765589484,-46.7390032924432,5,kilometer,333.0,"R$ 6.872,97",21.0,22.0,12.0,11.0,,morumbi,05538-010,R  Julio Rebollo Perez,Jardim Peri Peri,São Paulo,SP
431356,2022,-23.582785049221,-46.744512969762894,5,kilometer,354.0,"R$ 6.872,11",18.0,16.0,17.0,12.0,,morumbi,05596-000,Av Mal Fiuza De Castro,Jardim Pinheiros,São Paulo,SP
458129,2022,-23.5856949145686,-46.7422710880856,5,kilometer,282.0,"R$ 6.851,30",8.0,11.0,18.0,15.0,,morumbi,05541-080,R  Aristhea Rosa Amaral,Jardim das Vertentes,São Paulo,SP
463610,2022,-23.6020790688855,-46.768305582675104,5,kilometer,472.0,"R$ 6.834,85",44.0,30.0,28.0,19.0,,morumbi,05549-000,R  Avelino Nogueira Do Prado,Jardim das Esmeraldas,São Paulo,SP
458273,2022,-23.5984806472996,-46.7256203070766,5,kilometer,545.0,"R$ 6.794,24",14.0,30.0,22.0,34.0,,morumbi,05623-000,R  Aurea Batista Dos Santos,Vila Morse,São Paulo,SP
441481,2022,-23.6149584887497,-46.688575523824895,5,kilometer,98.0,"R$ 6.785,86",4.0,6.0,,5.0,,morumbi,04567-060,R  Pitu,Cidade Monções,São Paulo,SP
455624,2022,-23.6226756251554,-46.7298283720072,5,kilometer,334.0,"R$ 6.776,19",31.0,17.0,12.0,18.0,,morumbi,05712-020,R Dr Carlos Aldrovandi,Jardim Parque Morumbi,São Paulo,SP
452286,2022,-23.6258140821986,-46.6994630637192,5,kilometer,332.0,"R$ 6.767,58",6.0,5.0,10.0,10.0,,morumbi,04710-220,R  Domingos Antonio Ciccone,Santo Amaro,São Paulo,SP
458173,2022,-23.5912390740009,-46.734468937936,5,kilometer,362.0,"R$ 6.750,92",5.0,12.0,10.0,19.0,,morumbi,05512-000,Av Prof Francisco Morato,Butantã,São Paulo,SP
458255,2022,-23.5873217711632,-46.7405176148863,5,kilometer,388.0,"R$ 6.739,17",12.0,14.0,21.0,22.0,,morumbi,05541-030,R  Trajano Reis,Jardim das Vertentes,São Paulo,SP
463816,2022,-23.6151161973014,-46.7695504946491,5,kilometer,383.0,"R$ 6.690,48",26.0,37.0,27.0,19.0,,morumbi,,,,,
431384,2022,-23.5809996674723,-46.7460789405062,5,kilometer,82.0,"R$ 6.679,16",,,,4.0,,morumbi,05596-080,R  Tomaz Da Mota,Jardim Pinheiros,São Paulo,SP
430822,2022,-23.5789465406609,-46.729445959942495,5,kilometer,69.0,"R$ 6.679,00",,,4.0,4.0,,morumbi,05539-080,R  Jose Alvares Maciel,Jardim Adhemar de Barros,São Paulo,SP
434083,2022,-23.649540290374,-46.757252505970094,5,kilometer,596.0,"R$ 6.675,83",15.0,23.0,25.0,23.0,,morumbi,05777-970,Es Do Campo Limpo,Vila Prel,São Paulo,SP
458227,2022,-23.6111385148711,-46.7473251687074,5,kilometer,248.0,"R$ 6.667,99",15.0,19.0,9.0,11.0,,morumbi,05741-220,R  Jose De Noronha,Jardim Morro Verde,São Paulo,SP
431360,2022,-23.5812214615945,-46.745522241840895,5,kilometer,149.0,"R$ 6.654,61",6.0,9.0,6.0,5.0,,morumbi,05596-000,Av Mal Fiuza De Castro,Jardim Pinheiros,São Paulo,SP
463834,2022,-23.6028551566314,-46.760544315972496,5,kilometer,406.0,"R$ 6.652,19",27.0,36.0,20.0,24.0,,morumbi,,,,,
430888,2022,-23.5777177278237,-46.737105219626,5,kilometer,388.0,"R$ 6.635,71",9.0,17.0,14.0,20.0,,morumbi,05592-000,R  Joao Gomes Junior,Jardim Bonfiglioli,São Paulo,SP
432828,2022,-23.6197490407784,-46.7612336895031,5,kilometer,773.0,"R$ 6.632,10",38.0,56.0,57.0,66.0,,morumbi,05784-060,R  Celidonio,Parque Esmeralda,São Paulo,SP
445615,2022,-23.6449085062425,-46.744683402379295,5,kilometer,250.0,"R$ 6.631,25",12.0,8.0,7.0,8.0,,morumbi,05835-000,Es De Itapecerica,Vila das Belezas,São Paulo,SP
431361,2022,-23.5815562582935,-46.7461773242178,5,kilometer,126.0,"R$ 6.630,57",3.0,5.0,7.0,9.0,,morumbi,05596-000,Av Mal Fiuza De Castro,Jardim Pinheiros,São Paulo,SP
445448,2022,-23.6517913643394,-46.7447554292331,5,kilometer,608.0,"R$ 6.624,83",32.0,24.0,39.0,45.0,,morumbi,05842-070,R  Gregorio Allegri,Vila das Belezas,São Paulo,SP
430905,2022,-23.5821748435694,-46.7349655006594,5,kilometer,253.0,"R$ 6.618,08",9.0,17.0,8.0,18.0,,morumbi,05593-060,R  Antonio Devisate,Jardim Bonfiglioli,São Paulo,SP
430875,2022,-23.5742504889942,-46.7317343577004,5,kilometer,222.0,"R$ 6.615,62",6.0,5.0,6.0,6.0,,morumbi,05590-130,R  Monte Caseros,Vila Gomes,São Paulo,SP
441392,2022,-23.601226757574,-46.690382735581,5,kilometer,243.0,"R$ 6.599,15",3.0,15.0,11.0,14.0,,morumbi,04571-220,R  Macambara,Cidade Monções,São Paulo,SP
458131,2022,-23.5877776537355,-46.7296703882517,5,kilometer,360.0,"R$ 6.592,96",6.0,9.0,16.0,17.0,,morumbi,05519-120,R  Rio Azul,Jardim Trussardi,São Paulo,SP
432825,2022,-23.6174773810144,-46.760325486462,5,kilometer,599.0,"R$ 6.580,93",41.0,29.0,27.0,37.0,,morumbi,05787-000,Es Do Campo Limpo,Pirajussara,São Paulo,SP
458244,2022,-23.5867184414455,-46.7453015895942,5,kilometer,259.0,"R$ 6.574,22",9.0,9.0,11.0,9.0,,morumbi,05573-900,Via  Raposo Tavares,Jardim Olympia,São Paulo,SP
463629,2022,-23.6118168144539,-46.76026265587,5,kilometer,262.0,"R$ 6.572,75",15.0,17.0,11.0,9.0,,morumbi,,,,,
458261,2022,-23.5925792674429,-46.72880342323791,5,kilometer,227.0,"R$ 6.567,20",6.0,10.0,6.0,6.0,,morumbi,05625-060,R  Domingos Olimpio,Vila Sônia,São Paulo,SP
463887,2022,-23.6069173506311,-46.7697802574447,5,kilometer,353.0,"R$ 6.555,98",21.0,25.0,31.0,28.0,,morumbi,,,,,
458130,2022,-23.5865235675373,-46.73934678375151,5,kilometer,277.0,"R$ 6.555,14",9.0,4.0,7.0,22.0,,morumbi,05541-030,R  Trajano Reis,Jardim das Vertentes,São Paulo,SP
445686,2022,-23.653483851818,-46.74785916372431,5,kilometer,236.0,"R$ 6.537,50",9.0,13.0,12.0,13.0,,morumbi,05846-270,Av  Fim De Semana,Jardim Casablanca,São Paulo,SP
455344,2022,-23.6258265688231,-46.736412251587694,5,kilometer,190.0,"R$ 6.535,29",4.0,3.0,5.0,9.0,,morumbi,05640-004,Av Dr Guilherme Dumont Vilares,Jardim Londrina,São Paulo,SP
455304,2022,-23.6383688067872,-46.7361068238125,5,kilometer,357.0,"R$ 6.533,63",15.0,16.0,13.0,19.0,,morumbi,05717-270,R  Jose Ramon Urtiza,Vila Andrade,São Paulo,SP
447187,2022,-23.5889390537475,-46.7166660961468,5,kilometer,99.0,"R$ 6.499,88",0.0,,,,,morumbi,05615-180,R  Valdemar Blakauskas,Vila Progredior,São Paulo,SP
432826,2022,-23.6179207080646,-46.760188657671904,5,kilometer,283.0,"R$ 6.498,12",13.0,21.0,15.0,7.0,,morumbi,05787-000,Es Do Campo Limpo,Pirajussara,São Paulo,SP
430814,2022,-23.5763306231868,-46.7357366649645,5,kilometer,377.0,"R$ 6.494,87",19.0,19.0,25.0,25.0,,morumbi,05590-100,R  Maria Jose De Morais,Vila Gomes,São Paulo,SP
458326,2022,-23.6100831691064,-46.7449323628761,5,kilometer,172.0,"R$ 6.486,46",6.0,13.0,6.0,6.0,,morumbi,05710-030,R  Franco Alfano,Jardim Vazani,São Paulo,SP
463749,2022,-23.6107940017223,-46.765838889195294,5,kilometer,588.0,"R$ 6.482,52",33.0,32.0,36.0,46.0,,morumbi,,,,,
452207,2022,-23.6442826236113,-46.7010365483476,5,kilometer,260.0,"R$ 6.480,80",18.0,14.0,9.0,4.0,,morumbi,04750-001,R Dr Antonio Bento,Santo Amaro,São Paulo,SP
447230,2022,-23.6095632008339,-46.7243598834436,5,kilometer,478.0,"R$ 6.465,40",21.0,17.0,19.0,18.0,,morumbi,05661-020,R  Antonio Julio Dos Santos,Fazenda Morumbi,São Paulo,SP
447245,2022,-23.6161663234425,-46.702711538024495,5,kilometer,171.0,"R$ 6.458,61",5.0,6.0,7.0,8.0,,morumbi,05690-010,R Prof Santiago Dantas,Vila Tramontano,São Paulo,SP
458165,2022,-23.6066183519589,-46.7388271220886,5,kilometer,341.0,"R$ 6.440,68",7.0,9.0,19.0,17.0,,morumbi,05630-120,R  Luis Ramos Figueira,Vila Suzana,São Paulo,SP
458166,2022,-23.6025557513355,-46.7409959654371,5,kilometer,328.0,"R$ 6.423,00",8.0,13.0,14.0,21.0,,morumbi,05634-160,R  Francisco Marson,Jardim Monte Kemel,São Paulo,SP
441418,2022,-23.6091283243582,-46.6886681782922,5,kilometer,225.0,"R$ 6.382,94",11.0,8.0,9.0,6.0,,morumbi,04563-013,Av Pde Antonio Jose Dos Santos,Cidade Monções,São Paulo,SP
431359,2022,-23.5814806837124,-46.7456413653378,5,kilometer,118.0,"R$ 6.379,88",,,4.0,5.0,,morumbi,05596-000,Av Mal Fiuza De Castro,Jardim Pinheiros,São Paulo,SP
452358,2022,-23.636080506366,-46.7161939323448,5,kilometer,11.0,"R$ 6.375,00",0.0,0.0,0.0,0.0,,morumbi,04729-080,R  Luiz Seraphico Junior,Jardim Caravelas,São Paulo,SP
430867,2022,-23.5817440760799,-46.7415481373088,5,kilometer,557.0,"R$ 6.357,60",16.0,21.0,20.0,34.0,,morumbi,05595-010,R  Sebastiao Martins,Jardim Bonfiglioli,São Paulo,SP
432861,2022,-23.6418884270104,-46.7594692520452,5,kilometer,546.0,"R$ 6.349,87",23.0,31.0,40.0,33.0,,morumbi,05763-460,Tv  Luz Da Natureza,Chácara Nossa Senhora do Bom Conselho,São Paulo,SP
458078,2022,-23.6027409255337,-46.7419385135497,5,kilometer,257.0,"R$ 6.349,32",8.0,11.0,8.0,11.0,,morumbi,05634-050,R  Karlina Reiman Wandabeg,Jardim Monte Kemel,São Paulo,SP
458364,2022,-23.59562453241,-46.750684402811,5,kilometer,361.0,"R$ 6.348,62",10.0,22.0,28.0,26.0,,morumbi,05529-060,R  Bonifacio Veronese,Jardim Jaqueline,São Paulo,SP
441523,2022,-23.6167685772112,-46.6906426032416,5,kilometer,364.0,"R$ 6.347,32",8.0,17.0,15.0,12.0,,morumbi,04581-001,R  Francisco Dias Velho,Vila Cordeiro,São Paulo,SP
458265,2022,-23.5949298116103,-46.7273127037512,5,kilometer,280.0,"R$ 6.345,12",4.0,9.0,12.0,13.0,,morumbi,05624-001,R  Manuel Jacinto,Vila Morse,São Paulo,SP
458365,2022,-23.5959755033643,-46.749728689336,5,kilometer,524.0,"R$ 6.338,68",29.0,45.0,40.0,26.0,,morumbi,05529-060,R  Bonifacio Veronese,Jardim Jaqueline,São Paulo,SP
463821,2022,-23.6180767375259,-46.7723009140424,5,kilometer,717.0,"R$ 6.336,57",60.0,52.0,47.0,41.0,,morumbi,,,,,
458378,2022,-23.6002028708248,-46.74149516445991,5,kilometer,286.0,"R$ 6.305,38",9.0,13.0,11.0,14.0,,morumbi,05633-070,R  Maria Duduch,Jardim Monte Kemel,São Paulo,SP
458196,2022,-23.5883578731358,-46.73945595855071,5,kilometer,321.0,"R$ 6.296,45",16.0,15.0,15.0,17.0,,morumbi,05541-030,R  Trajano Reis,Jardim das Vertentes,São Paulo,SP
452349,2022,-23.6342332955433,-46.6946349637944,5,kilometer,98.0,"R$ 6.285,58",,3.0,,5.0,,morumbi,04709-010,R Do Estilo Barroco,Chácara Santo Antônio (Zona Sul),São Paulo,SP
445620,2022,-23.6475372865211,-46.740373239793,5,kilometer,531.0,"R$ 6.244,48",39.0,25.0,33.0,35.0,,morumbi,05840-020,R  Aristodemo Gazzotti,Vila das Belezas,São Paulo,SP
452272,2022,-23.6318098513269,-46.7155407426761,5,kilometer,71.0,"R$ 6.242,92",3.0,4.0,4.0,5.0,,morumbi,04794-000,Av Das Nacoes Unidas,Vila Gertrudes,São Paulo,SP
458225,2022,-23.6103119120264,-46.744062120969,5,kilometer,383.0,"R$ 6.237,33",11.0,15.0,13.0,20.0,,morumbi,05711-000,R Dr Luiz Migliano,Jardim Vazani,São Paulo,SP
450684,2022,-23.5846406330124,-46.76113776588431,5,kilometer,302.0,"R$ 6.230,83",9.0,17.0,13.0,20.0,,morumbi,05372-170,R  Luis Tosta Nunes,Jardim Ester,São Paulo,SP
463744,2022,-23.6084130222526,-46.7672237762925,5,kilometer,916.0,"R$ 6.210,74",28.0,63.0,74.0,59.0,,morumbi,,,,,
458368,2022,-23.6075096407333,-46.74952448962831,5,kilometer,352.0,"R$ 6.210,62",11.0,16.0,12.0,16.0,,morumbi,05711-160,R  Jose Novais,Jardim Taboão,São Paulo,SP
455323,2022,-23.6167671779434,-46.747219916418,5,kilometer,680.0,"R$ 6.201,98",41.0,38.0,26.0,32.0,,morumbi,05750-110,R  Custodio Soares,Super Quadra Morumbi,São Paulo,SP
463627,2022,-23.6109248794928,-46.757224406688,5,kilometer,311.0,"R$ 6.188,81",11.0,13.0,11.0,14.0,,morumbi,05743-190,R Dr Francisco Salles Gomes Junior,Jardim Nadir,São Paulo,SP
432527,2022,-23.6439615797808,-46.7559364761473,5,kilometer,681.0,"R$ 6.186,86",30.0,36.0,43.0,37.0,,morumbi,05763-906,R  Lira Cearense,Chácara Nossa Senhora do Bom Conselho,São Paulo,SP
452148,2022,-23.6417544979346,-46.711687356045694,5,kilometer,615.0,"R$ 6.186,84",25.0,34.0,36.0,24.0,,morumbi,04726-000,Av  Joao Carlos Da Silva Borges,Vila Cruzeiro,São Paulo,SP
463630,2022,-23.6118446503393,-46.7598954799821,5,kilometer,259.0,"R$ 6.177,14",17.0,21.0,16.0,13.0,,morumbi,,,,,
458146,2022,-23.5849224689082,-46.725797861069104,5,kilometer,507.0,"R$ 6.173,99",9.0,11.0,20.0,19.0,,morumbi,05518-150,R Dr Alexandre Marcondes Filho,Jardim Trussardi,São Paulo,SP
432887,2022,-23.6243380497092,-46.7580567461883,5,kilometer,385.0,"R$ 6.153,25",19.0,23.0,18.0,23.0,,morumbi,05757-150,R  Ester Akerman,Jardim Ana Maria,São Paulo,SP
463628,2022,-23.6106769169703,-46.7564136810313,5,kilometer,396.0,"R$ 6.151,60",10.0,11.0,19.0,19.0,,morumbi,05743-190,R Dr Francisco Salles Gomes Junior,Jardim Nadir,São Paulo,SP
441511,2022,-23.6154821882134,-46.6914133098167,5,kilometer,360.0,"R$ 6.139,98",15.0,19.0,16.0,30.0,,morumbi,04583-030,R  Joao Amaro,Vila Cordeiro,São Paulo,SP
458158,2022,-23.6037477620379,-46.7395756888781,5,kilometer,406.0,"R$ 6.135,62",12.0,15.0,16.0,15.0,,morumbi,05634-010,R Comen Francisco Pettinati,Jardim Monte Kemel,São Paulo,SP
455542,2022,-23.6207868331042,-46.7475335466592,5,kilometer,454.0,"R$ 6.124,93",38.0,25.0,18.0,27.0,,morumbi,05749-290,R  Joaquim Roseira,Jardim Novo Taboão,São Paulo,SP
458115,2022,-23.6080511657382,-46.745894669176494,5,kilometer,227.0,"R$ 6.123,00",9.0,10.0,10.0,11.0,,morumbi,05710-070,R  Jose Luna,Jardim Caboré,São Paulo,SP
445837,2022,-23.6441573876494,-46.7368128678768,5,kilometer,601.0,"R$ 6.117,52",18.0,26.0,27.0,45.0,,morumbi,05836-220,R  Goncalo Pinto,Jardim Monte Azul,São Paulo,SP
430880,2022,-23.5768216561451,-46.7356219266926,5,kilometer,318.0,"R$ 6.101,03",6.0,14.0,26.0,12.0,,morumbi,05590-080,R  Jose Alves Dantas,Vila Gomes,São Paulo,SP
450214,2022,-23.5866074196157,-46.7656533559137,5,kilometer,111.0,"R$ 6.076,47",6.0,7.0,9.0,7.0,,morumbi,05545-010,R  Bazilio Da Silva,Jardim Monte Alegre,São Paulo,SP
463669,2022,-23.6044351963827,-46.7517572777304,5,kilometer,359.0,"R$ 6.073,41",20.0,27.0,20.0,20.0,,morumbi,05525-060,Av  Intercontinental,Jardim Jussara,São Paulo,SP
432824,2022,-23.6170580475385,-46.7602857740488,5,kilometer,466.0,"R$ 6.070,21",26.0,39.0,24.0,20.0,,morumbi,05787-000,Es Do Campo Limpo,Pirajussara,São Paulo,SP
463886,2022,-23.6045737828458,-46.7750307812686,5,kilometer,337.0,"R$ 6.055,57",14.0,14.0,21.0,32.0,,morumbi,,,,,
458092,2022,-23.6037114881175,-46.7463602562187,5,kilometer,276.0,"R$ 6.052,34",6.0,9.0,9.0,14.0,,morumbi,05525-000,R  Alfredo Mendes Da Silva,Jardim Jussara,São Paulo,SP
463746,2022,-23.6090611203136,-46.7665605730298,5,kilometer,642.0,"R$ 6.051,37",31.0,49.0,50.0,55.0,,morumbi,,,,,
441356,2022,-23.6187501592204,-46.6950727358804,5,kilometer,302.0,"R$ 6.048,31",11.0,12.0,14.0,12.0,,morumbi,04583-020,R  Baltazar Fernandes,Vila Cordeiro,São Paulo,SP
432830,2022,-23.6157877138954,-46.75613751529031,5,kilometer,360.0,"R$ 6.045,18",22.0,27.0,13.0,15.0,,morumbi,05777-001,Es Do Campo Limpo,Vila Prel,São Paulo,SP
431357,2022,-23.5821007928335,-46.746769570786,5,kilometer,313.0,"R$ 6.030,79",10.0,15.0,16.0,11.0,,morumbi,05596-150,R  Lourenco Prado,Cidade dos Bandeirantes,São Paulo,SP
455433,2022,-23.6123223226752,-46.7278125919548,5,kilometer,90.0,"R$ 6.019,48",5.0,,3.0,9.0,,morumbi,05661-040,R Das Goiabeiras,Paraisópolis,São Paulo,SP
450838,2022,-23.574788952985,-46.7399621602168,5,kilometer,341.0,"R$ 6.019,05",7.0,11.0,13.0,16.0,,morumbi,05588-000,Av Eng Heitor Antonio Eiras Garcia,Jardim Esmeralda,São Paulo,SP
458366,2022,-23.6116199818179,-46.746992854942704,5,kilometer,372.0,"R$ 6.013,73",12.0,15.0,13.0,17.0,,morumbi,05741-220,R  Jose De Noronha,Jardim Morro Verde,São Paulo,SP
458234,2022,-23.5946596791896,-46.7576138117486,5,kilometer,341.0,"R$ 6.005,28",12.0,22.0,16.0,22.0,,morumbi,05528-150,R  Maria Silveira Camargo,Jardim Alvorada (Zona Oeste),São Paulo,SP
430886,2022,-23.5785039885862,-46.729797202789904,5,kilometer,496.0,"R$ 5.994,61",8.0,26.0,24.0,24.0,,morumbi,05539-080,R  Jose Alvares Maciel,Jardim Adhemar de Barros,São Paulo,SP
432936,2022,-23.6180576839204,-46.75909302822689,5,kilometer,294.0,"R$ 5.926,79",13.0,19.0,16.0,24.0,,morumbi,05777-001,Es Do Campo Limpo,Vila Prel,São Paulo,SP
455441,2022,-23.6136720364868,-46.7295415389364,5,kilometer,287.0,"R$ 5.896,46",16.0,13.0,16.0,8.0,,morumbi,05663-020,R  Manoel Antonio Pinto,Paraisópolis,São Paulo,SP
455530,2022,-23.6321689450854,-46.7383095232294,5,kilometer,247.0,"R$ 5.895,10",15.0,14.0,11.0,12.0,,morumbi,05729-090,R  Alexandre Benois,Vila Andrade,São Paulo,SP
458134,2022,-23.5942519251695,-46.7284555817701,5,kilometer,227.0,"R$ 5.881,81",6.0,6.0,8.0,7.0,,morumbi,05625-070,R Dr Antonio Barbosa Bueno,Vila Sônia,São Paulo,SP
452362,2022,-23.6479256608689,-46.7136534107887,5,kilometer,334.0,"R$ 5.878,25",9.0,18.0,14.0,6.0,,morumbi,04754-080,R  Placido Vieira,Santo Amaro,São Paulo,SP
458188,2022,-23.5991448482036,-46.7515294241908,5,kilometer,364.0,"R$ 5.852,91",12.0,19.0,25.0,21.0,,morumbi,05527-000,R  Natal Pigassi,Jardim Celeste,São Paulo,SP
432625,2022,-23.6477660093487,-46.7608419520596,5,kilometer,715.0,"R$ 5.846,36",26.0,35.0,31.0,61.0,,morumbi,05763-330,R  Estevao Sanviti,Jardim Piracuama,São Paulo,SP
450657,2022,-23.5766016909477,-46.7461659363508,5,kilometer,329.0,"R$ 5.844,44",14.0,15.0,13.0,10.0,,morumbi,05363-902,Av  Otacilio Tomanik,Vila Polopoli,São Paulo,SP
430815,2022,-23.574885343914,-46.73657993956751,5,kilometer,657.0,"R$ 5.844,37",20.0,22.0,22.0,26.0,,morumbi,05590-180,R  Vicenta Domingues Ayres,Vila Gomes,São Paulo,SP
432843,2022,-23.6468345232757,-46.7579632866815,5,kilometer,450.0,"R$ 5.831,33",20.0,28.0,33.0,38.0,,morumbi,05777-001,Es Do Campo Limpo,Vila Prel,São Paulo,SP
432465,2022,-23.6394333064007,-46.7589865206733,5,kilometer,270.0,"R$ 5.826,36",16.0,7.0,19.0,17.0,,morumbi,05763-450,R  Lira Cearense,Jardim Santa Efigênia,São Paulo,SP
455330,2022,-23.6167701080826,-46.7437550100611,5,kilometer,355.0,"R$ 5.817,95",14.0,17.0,8.0,13.0,,morumbi,05750-330,R Prof Raul Votta,Vila Suzana,São Paulo,SP
432832,2022,-23.6170889494703,-46.7559856747128,5,kilometer,408.0,"R$ 5.808,61",37.0,23.0,24.0,14.0,,morumbi,05754-070,R  Jaracatia,Jardim Umarizal,São Paulo,SP
452284,2022,-23.624928705256,-46.6975643836723,5,kilometer,42.0,"R$ 5.805,32",0.0,0.0,0.0,,,morumbi,04710-180,R  Francisco Romeiro Sobrinho,Santo Amaro,São Paulo,SP
431383,2022,-23.5823633010484,-46.7453920406362,5,kilometer,376.0,"R$ 5.801,63",25.0,23.0,20.0,20.0,,morumbi,05596-000,Av Mal Fiuza De Castro,Jardim Pinheiros,São Paulo,SP
458274,2022,-23.6160702326958,-46.7488270266992,5,kilometer,388.0,"R$ 5.796,90",13.0,16.0,18.0,19.0,,morumbi,05750-140,R Dom Paulo Rolim Loureiro,Super Quadra Morumbi,São Paulo,SP
452163,2022,-23.6332109750903,-46.710723293987,5,kilometer,300.0,"R$ 5.781,47",7.0,11.0,11.0,8.0,,morumbi,04719-917,R Prof Manoelito De Ornellas,Chácara Santo Antônio (Zona Sul),São Paulo,SP
445624,2022,-23.6439328109397,-46.738951220189904,5,kilometer,449.0,"R$ 5.778,38",9.0,16.0,17.0,27.0,,morumbi,05836-180,R  Francisco Xavier De Abreu,Jardim Monte Azul,São Paulo,SP
463634,2022,-23.6205053967042,-46.7653878739124,5,kilometer,456.0,"R$ 5.773,95",20.0,34.0,29.0,29.0,,morumbi,05785-070,R  Cidreira,Jardim São Mateus,São Paulo,SP
452248,2022,-23.6372407736931,-46.710632573926894,5,kilometer,349.0,"R$ 5.759,24",10.0,9.0,16.0,17.0,,morumbi,04726-090,R  Antonio Xavier Gouveia,Chácara Japonesa,São Paulo,SP
430842,2022,-23.5780171829764,-46.74099784079471,5,kilometer,409.0,"R$ 5.759,22",14.0,20.0,14.0,20.0,,morumbi,05593-001,Av Comen Alberto Bonfiglioli,Jardim Bonfiglioli,São Paulo,SP
463666,2022,-23.6045242399262,-46.75898349671351,5,kilometer,509.0,"R$ 5.752,50",33.0,22.0,31.0,19.0,,morumbi,,,,,
450870,2022,-23.5753099531678,-46.7439465016796,5,kilometer,433.0,"R$ 5.751,61",18.0,16.0,25.0,22.0,,morumbi,05363-030,R  Moises Anaute,Jardim Odete,São Paulo,SP
455348,2022,-23.6277300017814,-46.73664549541591,5,kilometer,301.0,"R$ 5.726,49",12.0,13.0,8.0,15.0,,morumbi,05640-004,Av Dr Guilherme Dumont Vilares,Jardim Londrina,São Paulo,SP
432935,2022,-23.6266777877491,-46.7567267458264,5,kilometer,345.0,"R$ 5.725,41",31.0,20.0,20.0,14.0,,morumbi,05757-120,R  Diogo Martins,Jardim Ana Maria,São Paulo,SP
458126,2022,-23.5858174229618,-46.746444770919695,5,kilometer,222.0,"R$ 5.717,15",3.0,10.0,8.0,9.0,,morumbi,05596-000,Av Mal Fiuza De Castro,Jardim Pinheiros,São Paulo,SP
432842,2022,-23.6462351708974,-46.758670756917,5,kilometer,583.0,"R$ 5.715,81",24.0,27.0,27.0,36.0,,morumbi,05763-470,R Nsra Do Bom Conselho,Chácara Nossa Senhora do Bom Conselho,São Paulo,SP
452326,2022,-23.6470241191956,-46.70665651377311,5,kilometer,345.0,"R$ 5.709,45",11.0,14.0,13.0,8.0,,morumbi,04750-060,R Dr Carlos Augusto De Campos,Santo Amaro,São Paulo,SP
452252,2022,-23.6288377328201,-46.69897556022151,5,kilometer,289.0,"R$ 5.698,64",10.0,13.0,12.0,12.0,,morumbi,04711-060,R  Despraiado,Vila São Francisco (Zona Sul),São Paulo,SP
458145,2022,-23.5863325609752,-46.7293105416702,5,kilometer,320.0,"R$ 5.694,99",7.0,28.0,20.0,15.0,,morumbi,05519-130,R  Tavares Vilela,Jardim Trussardi,São Paulo,SP
430879,2022,-23.5788029340428,-46.73283326585351,5,kilometer,253.0,"R$ 5.680,10",4.0,19.0,20.0,10.0,,morumbi,05591-045,R Prof Campos Almeida,Jardim Bonfiglioli,São Paulo,SP
463605,2022,-23.6049009046132,-46.77181173544791,5,kilometer,787.0,"R$ 5.677,41",30.0,51.0,30.0,40.0,,morumbi,,,,,
463807,2022,-23.6101929375428,-46.76791039226529,5,kilometer,491.0,"R$ 5.671,78",30.0,20.0,33.0,27.0,,morumbi,,,,,
445683,2022,-23.651702643054,-46.747151240772304,5,kilometer,187.0,"R$ 5.658,60",24.0,9.0,10.0,4.0,,morumbi,05846-390,R  Mapore,Jardim Casablanca,São Paulo,SP
463796,2022,-23.6173016468221,-46.77502473168249,5,kilometer,439.0,"R$ 5.649,01",28.0,33.0,31.0,31.0,,morumbi,,,,,
432782,2022,-23.6428283429693,-46.7677013796968,5,kilometer,712.0,"R$ 5.646,62",41.0,42.0,37.0,31.0,,morumbi,05783-180,R  Odemis,Jardim Umuarama,São Paulo,SP
458232,2022,-23.5928282237532,-46.75748308946471,5,kilometer,309.0,"R$ 5.625,00",23.0,18.0,24.0,23.0,,morumbi,05528-200,R  Bartolomeo Bon,Jardim Dracena,São Paulo,SP
463458,2022,-23.6111485121893,-46.7672154148076,5,kilometer,519.0,"R$ 5.621,51",30.0,43.0,32.0,35.0,,morumbi,,,,,
450154,2022,-23.5901176379503,-46.7703767642314,5,kilometer,263.0,"R$ 5.620,48",4.0,10.0,6.0,13.0,,morumbi,05564-100,Av Eng Heitor Antonio Eiras Garcia,Jardim Esmeralda,São Paulo,SP
458258,2022,-23.5893659406962,-46.7312069993164,5,kilometer,442.0,"R$ 5.580,33",16.0,13.0,12.0,18.0,,morumbi,05519-050,R Comen Yamamoto,Jardim Trussardi,São Paulo,SP
463433,2022,-23.6057681501856,-46.750674586618096,5,kilometer,436.0,"R$ 5.568,17",15.0,19.0,22.0,28.0,,morumbi,05520-400,Av Prof Francisco Morato,Vila Sônia,São Paulo,SP
452294,2022,-23.6510495913344,-46.7174003554866,5,kilometer,375.0,"R$ 5.545,47",7.0,14.0,7.0,12.0,,morumbi,04757-120,R  Paula Cruz,Jardim Dom Bosco,São Paulo,SP
445446,2022,-23.6518720326642,-46.7494552273854,5,kilometer,633.0,"R$ 5.536,09",30.0,28.0,36.0,38.0,,morumbi,05847-500,R  Filipe Neri Teixeira,Jardim Iracema,São Paulo,SP
432528,2022,-23.6451577487148,-46.7566130891255,5,kilometer,721.0,"R$ 5.532,24",25.0,37.0,50.0,57.0,,morumbi,05763-907,R  Lira Cearense,Chácara Nossa Senhora do Bom Conselho,São Paulo,SP
458267,2022,-23.5966942393578,-46.727360132346,5,kilometer,281.0,"R$ 5.530,19",10.0,12.0,16.0,15.0,,morumbi,05624-040,R  Goncalo Pires,Vila Morse,São Paulo,SP
432896,2022,-23.6183234779714,-46.756284911487,5,kilometer,204.0,"R$ 5.526,87",9.0,13.0,11.0,13.0,,morumbi,05755-090,Av  Anace,,,
430855,2022,-23.580727789701,-46.7408025979092,5,kilometer,206.0,"R$ 5.524,38",6.0,4.0,7.0,12.0,,morumbi,05594-110,R  Geraldo Amorim,Jardim Bonfiglioli,São Paulo,SP
458172,2022,-23.5951974631535,-46.74219512371111,5,kilometer,179.0,"R$ 5.519,42",3.0,5.0,6.0,13.0,,morumbi,05524-160,R Pde Antonio Link,Ferreira,São Paulo,SP
450215,2022,-23.5912354083325,-46.7641098923085,5,kilometer,400.0,"R$ 5.518,33",22.0,20.0,14.0,17.0,,morumbi,05525-901,Es Do Jaguare,Jardim Jussara,São Paulo,SP
430870,2022,-23.5826982765692,-46.7484684257161,5,kilometer,430.0,"R$ 5.517,58",9.0,19.0,19.0,31.0,,morumbi,05596-150,R  Lourenco Prado,Cidade dos Bandeirantes,São Paulo,SP
463609,2022,-23.6020039709144,-46.768737537887695,5,kilometer,505.0,"R$ 5.516,13",40.0,32.0,36.0,33.0,,morumbi,05547-030,Av  Diogo Gomes Carneiro,Jardim Rosa Maria,São Paulo,SP
450701,2022,-23.583129655114,-46.7521973501649,5,kilometer,314.0,"R$ 5.489,35",9.0,14.0,21.0,15.0,,morumbi,05366-000,Av Prof Jose Maria Alkmin,Jardim Ester,São Paulo,SP
452301,2022,-23.6468626578924,-46.7204405261783,5,kilometer,572.0,"R$ 5.489,06",21.0,14.0,11.0,17.0,,morumbi,04756-100,R  Canto E Melo,Santo Amaro,São Paulo,SP
463810,2022,-23.6102569553145,-46.767049415466495,5,kilometer,481.0,"R$ 5.469,66",33.0,33.0,24.0,26.0,,morumbi,,,,,
452363,2022,-23.6470393402965,-46.7120097496164,5,kilometer,212.0,"R$ 5.468,93",12.0,5.0,11.0,8.0,,morumbi,04755-050,R  Jupi,Santo Amaro,São Paulo,SP
463626,2022,-23.6103140629131,-46.7573908214805,5,kilometer,481.0,"R$ 5.468,85",16.0,13.0,18.0,28.0,,morumbi,05743-190,R Dr Francisco Salles Gomes Junior,Jardim Nadir,São Paulo,SP
458140,2022,-23.6008990308215,-46.7268765466872,5,kilometer,590.0,"R$ 5.442,63",28.0,30.0,30.0,27.0,,morumbi,05623-020,R  Ordenacoes Filipinas,Vila Morse,São Paulo,SP
431335,2022,-23.581566026599,-46.7397130738984,5,kilometer,397.0,"R$ 5.435,90",15.0,18.0,19.0,17.0,,morumbi,05594-110,R  Geraldo Amorim,Jardim Bonfiglioli,São Paulo,SP
432696,2022,-23.6289264121526,-46.7492753849506,5,kilometer,503.0,"R$ 5.429,98",36.0,27.0,29.0,19.0,,morumbi,05735-090,R  Clemente Rocha,Parque Reboucas,São Paulo,SP
450662,2022,-23.5796993953064,-46.759488729678,5,kilometer,426.0,"R$ 5.423,54",12.0,20.0,20.0,22.0,,morumbi,05374-070,R  Joaquina Da Lapa,Jardim Ester Yolanda,São Paulo,SP
463457,2022,-23.6201572407064,-46.7659439407019,5,kilometer,497.0,"R$ 5.417,58",20.0,43.0,41.0,28.0,,morumbi,05785-070,R  Cidreira,Jardim São Mateus,São Paulo,SP
463806,2022,-23.6134533681172,-46.7676124743306,5,kilometer,477.0,"R$ 5.388,83",26.0,25.0,32.0,21.0,,morumbi,,,,,
458268,2022,-23.5986334680643,-46.727789228647104,5,kilometer,341.0,"R$ 5.386,65",10.0,18.0,8.0,13.0,,morumbi,05624-030,R  Bernardo De Quadros,Vila Morse,São Paulo,SP
432531,2022,-23.6413846942602,-46.7588615454066,5,kilometer,487.0,"R$ 5.385,99",31.0,36.0,40.0,30.0,,morumbi,05763-470,R Nsra Do Bom Conselho,Chácara Nossa Senhora do Bom Conselho,São Paulo,SP
432846,2022,-23.6173997418258,-46.75558751922431,5,kilometer,401.0,"R$ 5.382,49",39.0,25.0,18.0,21.0,,morumbi,05754-070,R  Jaracatia,Jardim Umarizal,São Paulo,SP
432946,2022,-23.6163840812189,-46.7527295342857,5,kilometer,712.0,"R$ 5.379,45",29.0,37.0,34.0,28.0,,morumbi,05752-001,Es Dos Mirandas,Jardim Maria Duarte,São Paulo,SP
441313,2022,-23.6127798547655,-46.6933974001074,5,kilometer,318.0,"R$ 5.379,17",12.0,15.0,24.0,19.0,,morumbi,04563-060,R  Conceicao De Monte Alegre,Cidade Monções,São Paulo,SP
458116,2022,-23.6099888674101,-46.7471619304143,5,kilometer,353.0,"R$ 5.377,55",10.0,11.0,14.0,15.0,,morumbi,05741-240,R S Virgilio,Jardim Taboão,São Paulo,SP
450212,2022,-23.5871125899592,-46.76554131994551,5,kilometer,249.0,"R$ 5.372,16",20.0,11.0,10.0,20.0,,morumbi,05545-010,R  Bazilio Da Silva,Jardim Monte Alegre,São Paulo,SP
430878,2022,-23.5760973775172,-46.7293408025154,5,kilometer,245.0,"R$ 5.363,53",7.0,8.0,13.0,7.0,,morumbi,05539-020,R  Augusto Perroni,Conjunto Residencial Butantã,São Paulo,SP
458142,2022,-23.6143747847191,-46.74952590013,5,kilometer,245.0,"R$ 5.352,48",6.0,11.0,8.0,10.0,,morumbi,05750-220,R  Francisco Viana,Super Quadra Morumbi,São Paulo,SP
432513,2022,-23.6230100143563,-46.7584217971382,5,kilometer,588.0,"R$ 5.351,77",25.0,28.0,35.0,38.0,,morumbi,05756-450,R  Rony,Jardim Umarizal,São Paulo,SP
458231,2022,-23.593391622412,-46.7568822778422,5,kilometer,364.0,"R$ 5.337,96",18.0,21.0,15.0,25.0,,morumbi,05528-120,R  Adelina Martins Piedade,Jardim Alvorada (Zona Oeste),São Paulo,SP
450839,2022,-23.5731816993966,-46.741825371259296,5,kilometer,312.0,"R$ 5.330,04",9.0,10.0,13.0,15.0,,morumbi,05359-000,Av Nsra Da Assuncao,Vila Butantã,São Paulo,SP
432899,2022,-23.6191446988981,-46.7562962942936,5,kilometer,435.0,"R$ 5.327,35",26.0,22.0,18.0,24.0,,morumbi,05754-040,R  Ecauna,Umarizal,São Paulo,SP
430813,2022,-23.5773873380936,-46.7326678538107,5,kilometer,905.0,"R$ 5.317,39",33.0,48.0,46.0,51.0,,morumbi,05590-030,R  Tomas Goncalves,Vila Gomes,São Paulo,SP
455365,2022,-23.6177616464968,-46.732470867507296,5,kilometer,157.0,"R$ 5.310,76",3.0,10.0,8.0,3.0,,morumbi,05642-909,Av  Jose Galante,Vila Suzana,São Paulo,SP
430904,2022,-23.5862660143345,-46.73285530948991,5,kilometer,398.0,"R$ 5.296,26",12.0,19.0,15.0,21.0,,morumbi,05537-140,R  Kohey Yokoyama,Jardim Peri Peri,São Paulo,SP
452364,2022,-23.6473790352401,-46.7130983056743,5,kilometer,345.0,"R$ 5.285,35",15.0,14.0,10.0,17.0,,morumbi,04754-080,R  Placido Vieira,Santo Amaro,São Paulo,SP
458187,2022,-23.5990513973367,-46.7524245184439,5,kilometer,348.0,"R$ 5.274,85",18.0,19.0,15.0,11.0,,morumbi,05527-080,R  Jose Alves De Almeida,Jardim Celeste,São Paulo,SP
445675,2022,-23.6472298376698,-46.748801905548895,5,kilometer,400.0,"R$ 5.274,31",29.0,20.0,10.0,14.0,,morumbi,05835-004,Es De Itapecerica,Vila Prel,São Paulo,SP
432532,2022,-23.6421666440922,-46.759277592976,5,kilometer,391.0,"R$ 5.269,01",28.0,23.0,37.0,19.0,,morumbi,05763-460,Tv  Luz Da Natureza,Chácara Nossa Senhora do Bom Conselho,São Paulo,SP
432626,2022,-23.647779706657,-46.7587253558343,5,kilometer,507.0,"R$ 5.264,85",17.0,30.0,26.0,38.0,,morumbi,05777-901,Es Do Campo Limpo,Vila Prel,São Paulo,SP
432831,2022,-23.617065791667,-46.754271186431,5,kilometer,700.0,"R$ 5.256,50",56.0,49.0,26.0,35.0,,morumbi,05752-001,Es Dos Mirandas,Jardim Maria Duarte,São Paulo,SP
432881,2022,-23.6217453175206,-46.7514011845434,5,kilometer,436.0,"R$ 5.238,75",20.0,21.0,26.0,26.0,,morumbi,05752-540,R  Jose Laborim,Jardim Maria Duarte,São Paulo,SP
430901,2022,-23.5766866120665,-46.7236863505605,5,kilometer,246.0,"R$ 5.233,45",8.0,10.0,12.0,10.0,,morumbi,05540-030,R  Alberto Tanganelli Neto,Conjunto Residencial Butantã,São Paulo,SP
463803,2022,-23.6118280530539,-46.7675140699072,5,kilometer,435.0,"R$ 5.225,56",40.0,39.0,21.0,27.0,,morumbi,,,,,
463743,2022,-23.6012520476009,-46.7625951745079,5,kilometer,395.0,"R$ 5.223,50",17.0,17.0,22.0,34.0,,morumbi,,,,,
463635,2022,-23.6207607709261,-46.7657393274216,5,kilometer,514.0,"R$ 5.220,57",30.0,44.0,42.0,34.0,,morumbi,05785-070,R  Cidreira,Jardim São Mateus,São Paulo,SP
458183,2022,-23.605457637078,-46.749421081756,5,kilometer,312.0,"R$ 5.216,08",8.0,17.0,15.0,17.0,,morumbi,05525-900,R  Alfredo Mendes Da Silva,Jardim Jussara,São Paulo,SP
463899,2022,-23.6174768334514,-46.7731244301105,5,kilometer,381.0,"R$ 5.206,34",21.0,26.0,24.0,23.0,,morumbi,,,,,
463809,2022,-23.6106738067452,-46.767584603935,5,kilometer,521.0,"R$ 5.204,46",38.0,46.0,45.0,27.0,,morumbi,,,,,
463462,2022,-23.60973049931,-46.7682434284343,5,kilometer,491.0,"R$ 5.202,87",30.0,32.0,25.0,26.0,,morumbi,,,,,
450275,2022,-23.5867543779132,-46.7638476310064,5,kilometer,573.0,"R$ 5.201,84",15.0,25.0,40.0,37.0,,morumbi,05551-250,R  Estreano Augusto Escalera,Jardim Raposo Tavares,São Paulo,SP
458143,2022,-23.6114596873117,-46.7487735879018,5,kilometer,63.0,"R$ 5.200,55",7.0,,5.0,7.0,,morumbi,05742-140,R  Vicente Cesar,Jardim Taboão,São Paulo,SP
458306,2022,-23.5910894824375,-46.7431848861032,5,kilometer,628.0,"R$ 5.192,76",28.0,40.0,34.0,44.0,,morumbi,05541-140,R  Helena Maria Vita Roso,Jardim das Vertentes,São Paulo,SP
458135,2022,-23.5956297619339,-46.726299331704304,5,kilometer,573.0,"R$ 5.179,67",16.0,27.0,30.0,29.0,,morumbi,05624-020,R  Ascenso Ribeiro,Vila Morse,São Paulo,SP
458164,2022,-23.6034622069437,-46.7374300686684,5,kilometer,351.0,"R$ 5.171,95",21.0,16.0,13.0,22.0,,morumbi,05634-060,R Min Heitor Bastos Tigre,Jardim Monte Kemel,São Paulo,SP
430835,2022,-23.5753336016901,-46.7246947715486,5,kilometer,197.0,"R$ 5.171,24",12.0,6.0,4.0,8.0,,morumbi,05532-040,Av  Benjamim Mansur,Instituto de Previdência,São Paulo,SP
458199,2022,-23.5932663887449,-46.730424274684495,5,kilometer,250.0,"R$ 5.165,97",6.0,5.0,11.0,12.0,,morumbi,05626-020,R  Grauca,Vila Sônia,São Paulo,SP
463461,2022,-23.6090007612506,-46.7686365747576,5,kilometer,498.0,"R$ 5.165,52",27.0,37.0,35.0,31.0,,morumbi,,,,,
458205,2022,-23.6038968881081,-46.730634518331,5,kilometer,378.0,"R$ 5.160,95",11.0,11.0,11.0,20.0,,morumbi,05629-010,R  Panonia,Jardim Colombo,São Paulo,SP
432916,2022,-23.6163189058685,-46.755461845221,5,kilometer,367.0,"R$ 5.160,62",22.0,28.0,13.0,20.0,,morumbi,05752-590,Es Dos Mirandas,Jardim Maria Duarte,São Paulo,SP
452173,2022,-23.6458948815604,-46.718962099549,5,kilometer,511.0,"R$ 5.150,77",9.0,15.0,20.0,24.0,,morumbi,04756-050,R Dr Jose De Sa,Santo Amaro,São Paulo,SP
452174,2022,-23.6264125925793,-46.708715173287,5,kilometer,362.0,"R$ 5.149,90",23.0,7.0,16.0,17.0,,morumbi,04714-002,R  Antonio Das Chagas,Chácara Santo Antônio (Zona Sul),São Paulo,SP
430873,2022,-23.585518404312,-46.752578079739294,5,kilometer,1154.0,"R$ 5.130,68",64.0,71.0,57.0,48.0,,morumbi,05576-000,Via  Raposo Tavares,Conjunto Residencial Butantã,São Paulo,SP
463721,2022,-23.6077422786149,-46.7746683854202,5,kilometer,453.0,"R$ 5.120,95",19.0,27.0,25.0,32.0,,morumbi,,,,,
463411,2022,-23.6111948174622,-46.7632932002274,5,kilometer,571.0,"R$ 5.112,81",20.0,29.0,31.0,33.0,,morumbi,,,,,
463898,2022,-23.617831613011,-46.7729416963058,5,kilometer,390.0,"R$ 5.109,79",22.0,24.0,28.0,18.0,,morumbi,,,,,
450786,2022,-23.5820512702696,-46.7603579663292,5,kilometer,480.0,"R$ 5.103,60",19.0,14.0,21.0,28.0,,morumbi,05372-040,R  Jose Filipe Da Silva,Jardim Ester,São Paulo,SP
458093,2022,-23.6016217443643,-46.7484169865844,5,kilometer,147.0,"R$ 5.098,07",4.0,,7.0,5.0,,morumbi,05534-000,Av  Pirajussara,Instituto de Previdência,São Paulo,SP
432694,2022,-23.6298572774406,-46.7492797127805,5,kilometer,521.0,"R$ 5.095,36",27.0,28.0,26.0,31.0,,morumbi,05735-030,R  Carlos Magalhaes,Parque Reboucas,São Paulo,SP
445682,2022,-23.650481236803,-46.74708944308951,5,kilometer,309.0,"R$ 5.092,96",25.0,14.0,7.0,16.0,,morumbi,05846-050,R  Amancio Pedro De Oliveira,Vila Maracanã,São Paulo,SP
463446,2022,-23.6204201538947,-46.766174964290094,5,kilometer,483.0,"R$ 5.084,79",16.0,23.0,39.0,43.0,,morumbi,05785-070,R  Cidreira,Jardim São Mateus,São Paulo,SP
458098,2022,-23.5952779276536,-46.7334828126542,5,kilometer,428.0,"R$ 5.078,55",17.0,13.0,12.0,16.0,,morumbi,05627-020,R Pde Pacheco,Vila Sônia,São Paulo,SP
445463,2022,-23.6462492551565,-46.7456450900938,5,kilometer,937.0,"R$ 5.067,65",34.0,46.0,55.0,54.0,,morumbi,05835-003,Es De Itapecerica,Vila das Belezas,São Paulo,SP
463606,2022,-23.6056295167207,-46.77014007817991,5,kilometer,533.0,"R$ 5.061,33",20.0,20.0,28.0,34.0,,morumbi,,,,,
463805,2022,-23.6128096537802,-46.7672839229628,5,kilometer,475.0,"R$ 5.058,94",35.0,35.0,25.0,18.0,,morumbi,,,,,
458083,2022,-23.5949839995446,-46.741782790019,5,kilometer,788.0,"R$ 5.053,45",22.0,14.0,14.0,19.0,,morumbi,05524-160,R Pde Antonio Link,Ferreira,São Paulo,SP
458200,2022,-23.5960311014865,-46.7322279498949,5,kilometer,257.0,"R$ 5.053,34",6.0,9.0,11.0,9.0,,morumbi,05632-090,R  Dias Vieira,Vila Sônia,São Paulo,SP
430852,2022,-23.5852871944272,-46.7351937267479,5,kilometer,393.0,"R$ 5.042,49",20.0,17.0,18.0,25.0,,morumbi,05537-110,R  Republica Do Togo,Jardim Peri Peri,São Paulo,SP
463653,2022,-23.6011571693445,-46.7674988680597,5,kilometer,306.0,"R$ 5.028,85",14.0,16.0,13.0,18.0,,morumbi,05549-000,R  Avelino Nogueira Do Prado,Jardim das Esmeraldas,São Paulo,SP
452331,2022,-23.6433842190841,-46.7229952879004,5,kilometer,316.0,"R$ 4.994,38",12.0,13.0,13.0,16.0,,morumbi,04730-060,R  Gutenberg D'Avila,Várzea de Baixo,São Paulo,SP
430917,2022,-23.5860674478992,-46.736291155622496,5,kilometer,404.0,"R$ 4.976,59",9.0,20.0,23.0,22.0,,morumbi,05537-100,R  Geremia Lunardelli,Jardim Peri Peri,São Paulo,SP
432572,2022,-23.6307489573315,-46.76004878988631,5,kilometer,509.0,"R$ 4.968,15",29.0,28.0,34.0,25.0,,morumbi,05767-901,R Profa Nina Stocco,Jardim Catanduva,São Paulo,SP
463906,2022,-23.6212730122266,-46.76654120849209,5,kilometer,299.0,"R$ 4.962,87",22.0,35.0,22.0,18.0,,morumbi,05785-050,R  Caquemon,Vila América,São Paulo,SP
452184,2022,-23.6413139931097,-46.7134370078275,5,kilometer,463.0,"R$ 4.962,33",26.0,22.0,28.0,24.0,,morumbi,04727-030,R  Albino Boldasso Gabril,Vila Cruzeiro,São Paulo,SP
463804,2022,-23.6123233213736,-46.76707459342111,5,kilometer,472.0,"R$ 4.961,56",32.0,21.0,29.0,22.0,,morumbi,,,,,
430884,2022,-23.5763773281348,-46.727441995663,5,kilometer,273.0,"R$ 4.949,32",9.0,13.0,6.0,10.0,,morumbi,05539-040,R Dr Ernani Da Gama Correa,Conjunto Residencial Butantã,São Paulo,SP
452149,2022,-23.6386466989101,-46.7119277926108,5,kilometer,590.0,"R$ 4.942,92",16.0,19.0,25.0,16.0,,morumbi,04726-001,Av  Joao Carlos Da Silva Borges,Vila Cruzeiro,São Paulo,SP
452375,2022,-23.6387335770825,-46.714139743191,5,kilometer,333.0,"R$ 4.941,22",16.0,13.0,12.0,14.0,,morumbi,04728-190,R  Tamiko Fuzioka,Chácara Japonesa,São Paulo,SP
463464,2022,-23.6107244480169,-46.7645643934073,5,kilometer,432.0,"R$ 4.937,81",24.0,36.0,39.0,33.0,,morumbi,,,,,
463381,2022,-23.617947213956,-46.771119164149695,5,kilometer,707.0,"R$ 4.936,53",30.0,49.0,36.0,36.0,,morumbi,,,,,
458314,2022,-23.5899826944126,-46.739873353522,5,kilometer,191.0,"R$ 4.925,31",3.0,6.0,5.0,15.0,,morumbi,05536-900,R  Carlos Lisdegno Carlucci,Jardim Peri Peri,São Paulo,SP
450700,2022,-23.5818085343626,-46.7507040904354,5,kilometer,422.0,"R$ 4.915,28",8.0,25.0,22.0,21.0,,morumbi,05588-001,Av Eng Heitor Antonio Eiras Garcia,Jardim Esmeralda,São Paulo,SP
432841,2022,-23.6190271675009,-46.760000729718094,5,kilometer,291.0,"R$ 4.909,26",14.0,14.0,13.0,15.0,,morumbi,05784-150,Es  Velha De Itapecerica,Parque Esmeralda,São Paulo,SP
458067,2022,-23.597478509246,-46.7391509266036,5,kilometer,231.0,"R$ 4.904,47",11.0,7.0,11.0,20.0,,morumbi,05633-010,R Dr Mario De Moura E Albuquerque,Jardim Monte Kemel,São Paulo,SP
432590,2022,-23.6197186262873,-46.752920173514,5,kilometer,314.0,"R$ 4.904,14",12.0,11.0,18.0,6.0,,morumbi,05752-460,R  Chico Mana,Vila Analia,São Paulo,SP
450353,2022,-23.5995110459093,-46.7793976364932,5,kilometer,583.0,"R$ 4.903,51",32.0,35.0,43.0,55.0,,morumbi,,,,,
452165,2022,-23.6286089784369,-46.7031578631434,5,kilometer,447.0,"R$ 4.900,89",11.0,19.0,13.0,13.0,,morumbi,04713-002,R Da Paz,Chácara Santo Antônio (Zona Sul),São Paulo,SP
458339,2022,-23.611190194243,-46.7510289273856,5,kilometer,367.0,"R$ 4.900,88",30.0,15.0,21.0,13.0,,morumbi,05742-070,Av  Antonio De Salles Penteado,Jardim Taboão,São Paulo,SP
432456,2022,-23.6324882943906,-46.77029516862471,5,kilometer,646.0,"R$ 4.897,99",28.0,33.0,45.0,36.0,,morumbi,05786-120,R  Jacaratinga,Vila Pirajussara,São Paulo,SP
432798,2022,-23.6315028672246,-46.76112547015649,5,kilometer,704.0,"R$ 4.891,68",69.0,52.0,40.0,22.0,,morumbi,05767-490,R  Miguel Camargo,Jardim Catanduva,São Paulo,SP
452146,2022,-23.6462506108505,-46.71368895579391,5,kilometer,348.0,"R$ 4.872,04",13.0,19.0,14.0,18.0,,morumbi,04755-050,R  Jupi,Santo Amaro,São Paulo,SP
463915,2022,-23.6129088054501,-46.7744752564142,5,kilometer,228.0,"R$ 4.870,36",8.0,16.0,10.0,12.0,,morumbi,,,,,
463808,2022,-23.6096991859819,-46.767506744016494,5,kilometer,501.0,"R$ 4.868,73",20.0,33.0,35.0,34.0,,morumbi,,,,,
432844,2022,-23.6179293202913,-46.7547599560426,5,kilometer,439.0,"R$ 4.836,78",16.0,19.0,21.0,21.0,,morumbi,05752-520,R  Joaquim De Magalhaes,Jardim Maria Duarte,São Paulo,SP
445466,2022,-23.6499281986542,-46.7366723676436,5,kilometer,481.0,"R$ 4.833,29",23.0,32.0,31.0,30.0,,morumbi,05843-300,R  Joao Meimberg,Jardim São Luís,São Paulo,SP
458133,2022,-23.5914373740719,-46.7276368941021,5,kilometer,257.0,"R$ 4.830,03",,11.0,15.0,13.0,,morumbi,05619-010,R  Mandicununga,Vila Inah,São Paulo,SP
463896,2022,-23.6185240765185,-46.7730003596714,5,kilometer,381.0,"R$ 4.827,44",23.0,13.0,26.0,24.0,,morumbi,,,,,
455543,2022,-23.6216136006054,-46.747142776499,5,kilometer,473.0,"R$ 4.823,61",37.0,24.0,31.0,23.0,,morumbi,05749-290,R  Joaquim Roseira,Jardim Novo Taboão,São Paulo,SP
432827,2022,-23.618184003465,-46.7606510995901,5,kilometer,280.0,"R$ 4.819,07",18.0,6.0,17.0,20.0,,morumbi,05784-150,Es  Velha De Itapecerica,Parque Esmeralda,São Paulo,SP
452350,2022,-23.6327927658313,-46.696447283957696,5,kilometer,159.0,"R$ 4.818,07",,6.0,3.0,8.0,,morumbi,04713-000,R Da Paz,Alto da Boa Vista,São Paulo,SP
447233,2022,-23.6111373079889,-46.7242528861729,5,kilometer,228.0,"R$ 4.817,39",9.0,16.0,16.0,14.0,,morumbi,05659-020,R  Ernest Renan,Paraisópolis,São Paulo,SP
432554,2022,-23.6201417478448,-46.7523904727502,5,kilometer,346.0,"R$ 4.816,11",8.0,24.0,18.0,20.0,,morumbi,05752-570,R  Luisa Beck Silva,Jardim Maria Duarte,São Paulo,SP
450660,2022,-23.5802039572993,-46.7552233579438,5,kilometer,574.0,"R$ 4.810,83",15.0,34.0,33.0,41.0,,morumbi,05366-150,R Dr Joao Vieira Neves,Jardim Esmeralda,São Paulo,SP
430812,2022,-23.5763710273491,-46.730022816023,5,kilometer,338.0,"R$ 4.807,65",12.0,16.0,10.0,6.0,,morumbi,05539-080,R  Jose Alvares Maciel,Jardim Adhemar de Barros,São Paulo,SP
458323,2022,-23.5886427495819,-46.7493688698638,5,kilometer,398.0,"R$ 4.806,43",23.0,20.0,19.0,26.0,,morumbi,05542-020,R  Joao Jose Dos Santos,Jardim Olympia,São Paulo,SP
463422,2022,-23.6062889430635,-46.753270444627,5,kilometer,295.0,"R$ 4.798,08",13.0,16.0,12.0,19.0,,morumbi,05520-400,Av Prof Francisco Morato,Vila Sônia,São Paulo,SP
445470,2022,-23.6448778611815,-46.740245840286896,5,kilometer,638.0,"R$ 4.791,38",19.0,27.0,30.0,38.0,,morumbi,05840-020,R  Aristodemo Gazzotti,Vila das Belezas,São Paulo,SP
450781,2022,-23.5808966603789,-46.7595638417482,5,kilometer,410.0,"R$ 4.776,33",20.0,27.0,16.0,22.0,,morumbi,05374-060,R  Olimpio Nogueira,Jardim Ester Yolanda,São Paulo,SP
432895,2022,-23.6176806587369,-46.7590311543047,5,kilometer,242.0,"R$ 4.762,86",16.0,9.0,4.0,16.0,,morumbi,05777-001,Es Do Campo Limpo,Vila Prel,São Paulo,SP
445413,2022,-23.6559053601162,-46.7427285712037,5,kilometer,634.0,"R$ 4.758,47",29.0,33.0,48.0,56.0,,morumbi,05844-040,R  Campos Dos Goitacazes,Jardim São Luís,São Paulo,SP
463802,2022,-23.6124943089556,-46.767815118703,5,kilometer,480.0,"R$ 4.735,84",35.0,23.0,30.0,25.0,,morumbi,,,,,
458077,2022,-23.6038229452214,-46.7406420376894,5,kilometer,396.0,"R$ 4.735,05",19.0,15.0,18.0,20.0,,morumbi,05634-150,R  Rubens Grisolia,Jardim Monte Kemel,São Paulo,SP
430883,2022,-23.5758727372559,-46.727549323483,5,kilometer,251.0,"R$ 4.728,38",8.0,11.0,10.0,14.0,,morumbi,05539-040,R Dr Ernani Da Gama Correa,Conjunto Residencial Butantã,São Paulo,SP
450213,2022,-23.5867768349309,-46.7654535391298,5,kilometer,188.0,"R$ 4.723,33",9.0,9.0,7.0,7.0,,morumbi,05545-010,R  Bazilio Da Silva,Jardim Monte Alegre,São Paulo,SP
450813,2022,-23.5838858804008,-46.763021212801,5,kilometer,351.0,"R$ 4.720,90",12.0,16.0,9.0,10.0,,morumbi,05372-060,R  Maria Goncalves Seleiros,Jardim Ester,São Paulo,SP
452308,2022,-23.6325960459759,-46.7145706840997,5,kilometer,157.0,"R$ 4.718,27",6.0,9.0,5.0,6.0,,morumbi,04726-230,R Cap Fonseca Rosa,Vila Cruzeiro,São Paulo,SP
455649,2022,-23.6328958121603,-46.7409524142082,5,kilometer,371.0,"R$ 4.714,10",24.0,24.0,14.0,16.0,,morumbi,05728-020,R  Cantori,Vila Andrade,São Paulo,SP
432787,2022,-23.6399765984203,-46.770609186228896,5,kilometer,613.0,"R$ 4.704,70",49.0,33.0,31.0,21.0,,morumbi,05794-400,R  Vicente Pinheiro,Jardim Helga,São Paulo,SP
432556,2022,-23.6205348729728,-46.7525701394239,5,kilometer,311.0,"R$ 4.702,47",14.0,13.0,14.0,18.0,,morumbi,05754-071,R  Jaracatia,Jardim Umarizal,São Paulo,SP
432738,2022,-23.6233078272966,-46.7607956328597,5,kilometer,645.0,"R$ 4.699,76",17.0,20.0,44.0,45.0,,morumbi,05757-110,R  Clementino Cunha,Pirajussara,São Paulo,SP
458316,2022,-23.6061652780263,-46.72735934972911,5,kilometer,234.0,"R$ 4.696,20",9.0,22.0,21.0,12.0,,morumbi,05661-040,R Das Goiabeiras,Paraisópolis,São Paulo,SP
455535,2022,-23.6355489099909,-46.7398068542916,5,kilometer,470.0,"R$ 4.692,92",38.0,39.0,26.0,29.0,,morumbi,05729-080,R  Alexandre Archipenko,Vila Andrade,São Paulo,SP
450699,2022,-23.5784562285739,-46.7461000159869,5,kilometer,247.0,"R$ 4.684,42",9.0,10.0,9.0,11.0,,morumbi,05365-150,Av  Jose Xavier De Araujo,Jardim São Gilberto,São Paulo,SP
458328,2022,-23.6116892094057,-46.7427657882398,5,kilometer,139.0,"R$ 4.683,95",5.0,,4.0,6.0,,morumbi,05711-001,R Dr Luiz Migliano,Jardim Caboré,São Paulo,SP
452160,2022,-23.6537261345606,-46.7125669734271,5,kilometer,443.0,"R$ 4.683,18",19.0,15.0,21.0,19.0,,morumbi,04752-030,Tv  Jurci Soares Sebastiao,Santo Amaro,São Paulo,SP
458338,2022,-23.6096781751608,-46.7513356186742,5,kilometer,46.0,"R$ 4.681,11",,,0.0,3.0,,morumbi,05742-070,Av  Antonio De Salles Penteado,Jardim Taboão,São Paulo,SP
430885,2022,-23.577531581283,-46.7266695861894,5,kilometer,425.0,"R$ 4.676,21",21.0,22.0,16.0,21.0,,morumbi,05540-020,R Dr Alfredo Di Vernieri,Conjunto Residencial Butantã,São Paulo,SP
458294,2022,-23.5961415847299,-46.74392337248391,5,kilometer,246.0,"R$ 4.674,18",9.0,8.0,10.0,6.0,,morumbi,05524-120,R Dr Ivo De Campos Marques,Ferreira,São Paulo,SP
458289,2022,-23.5938749840044,-46.7593229977168,5,kilometer,47.0,"R$ 4.673,89",0.0,,,,,morumbi,05528-200,R  Bartolomeo Bon,Jardim Dracena,São Paulo,SP
445471,2022,-23.6482214961695,-46.735832300632495,5,kilometer,379.0,"R$ 4.670,25",14.0,19.0,20.0,21.0,,morumbi,05836-130,Tv  Andrea Cima,Jardim Monte Azul,São Paulo,SP
430820,2022,-23.575113494135,-46.727687291391,5,kilometer,274.0,"R$ 4.669,42",4.0,17.0,14.0,7.0,,morumbi,05539-000,R  Nicolau Pereira Lima,Conjunto Residencial Butantã,São Paulo,SP
452242,2022,-23.6490772428669,-46.7084939522077,5,kilometer,167.0,"R$ 4.659,44",9.0,6.0,9.0,10.0,,morumbi,04753-020,R Eng Joaquim Tome Filho,Santo Amaro,São Paulo,SP
458096,2022,-23.5882964547478,-46.7372968699248,5,kilometer,250.0,"R$ 4.658,06",9.0,11.0,9.0,12.0,,morumbi,05538-010,R  Julio Rebollo Perez,Jardim Peri Peri,São Paulo,SP
445625,2022,-23.6466834649904,-46.7384862984468,5,kilometer,451.0,"R$ 4.651,65",21.0,20.0,27.0,27.0,,morumbi,05836-350,Av  Tomas De Sousa,Jardim Monte Azul,São Paulo,SP
432617,2022,-23.632838013146,-46.75628406489911,5,kilometer,331.0,"R$ 4.645,24",13.0,17.0,11.0,29.0,,morumbi,05766-290,R  Cardoso Moreira,Jardim Olinda,São Paulo,SP
463948,2022,-23.6016417460232,-46.7691420864258,5,kilometer,597.0,"R$ 4.638,32",34.0,45.0,27.0,13.0,,morumbi,05547-030,Av  Diogo Gomes Carneiro,Jardim Rosa Maria,São Paulo,SP
431364,2022,-23.5844609818103,-46.7480162625734,5,kilometer,357.0,"R$ 4.631,68",19.0,25.0,18.0,17.0,,morumbi,05596-140,R Pde Lamberto Martin,Jardim Pinheiros,São Paulo,SP
458229,2022,-23.5964274802839,-46.75703209982991,5,kilometer,569.0,"R$ 4.631,11",24.0,42.0,36.0,34.0,,morumbi,05528-060,R  Domingos Rodrigues Leal,Jardim Alvorada (Zona Oeste),São Paulo,SP
432889,2022,-23.6165146516514,-46.7567783799093,5,kilometer,371.0,"R$ 4.619,10",23.0,25.0,17.0,15.0,,morumbi,05755-090,Av  Anace,,,
458117,2022,-23.609185388616,-46.7506234487281,5,kilometer,169.0,"R$ 4.615,71",4.0,5.0,9.0,10.0,,morumbi,05742-130,R  Pinto Serva,Jardim Taboão,São Paulo,SP
431374,2022,-23.5844641327524,-46.7421762916506,5,kilometer,166.0,"R$ 4.611,67",7.0,9.0,5.0,8.0,,morumbi,05594-020,R  Roberto Valentino De Camargo,Jardim Bonfiglioli,São Paulo,SP
450125,2022,-23.5941146824252,-46.761872696912896,5,kilometer,453.0,"R$ 4.611,02",21.0,25.0,26.0,24.0,,morumbi,05528-290,R  Capivari-Mirim,Jardim Dracena,São Paulo,SP
447229,2022,-23.6087552074472,-46.7248797135484,5,kilometer,441.0,"R$ 4.610,61",18.0,19.0,30.0,21.0,,morumbi,05661-020,R  Antonio Julio Dos Santos,Fazenda Morumbi,São Paulo,SP
455324,2022,-23.6159512274165,-46.7443202676868,5,kilometer,355.0,"R$ 4.601,23",10.0,17.0,18.0,18.0,,morumbi,05750-290,R Dr Jose Pinto Antunes,Vila Suzana,São Paulo,SP
463608,2022,-23.6030411444419,-46.7683292350651,5,kilometer,374.0,"R$ 4.595,08",18.0,24.0,20.0,16.0,,morumbi,,,,,
450774,2022,-23.5773067290112,-46.7442923811723,5,kilometer,305.0,"R$ 4.587,07",8.0,18.0,12.0,17.0,,morumbi,05365-000,R  Herachydes D'Avila Prado,Vila Polopoli,São Paulo,SP
458079,2022,-23.6038049156721,-46.742066109760096,5,kilometer,345.0,"R$ 4.576,77",7.0,13.0,21.0,20.0,,morumbi,05634-020,R  Osiris Magalhaes De Almeida,Jardim Monte Kemel,São Paulo,SP
432692,2022,-23.6188434239619,-46.7616561888928,5,kilometer,634.0,"R$ 4.576,59",33.0,48.0,47.0,25.0,,morumbi,05784-040,R  Carubinha,Parque Esmeralda,São Paulo,SP
458264,2022,-23.595175548216,-46.7298974192346,5,kilometer,157.0,"R$ 4.574,51",6.0,7.0,5.0,12.0,,morumbi,05632-090,R  Dias Vieira,Vila Sônia,São Paulo,SP
450182,2022,-23.5934986050343,-46.7678058223148,5,kilometer,685.0,"R$ 4.567,28",44.0,49.0,45.0,41.0,,morumbi,05544-150,R  Conrado Mazzeo,Jardim Luísa,São Paulo,SP
452277,2022,-23.6372598263123,-46.7141528523502,5,kilometer,378.0,"R$ 4.565,12",18.0,9.0,5.0,16.0,,morumbi,04728-090,R Dona Aurora Alegretti,Jardim Caravelas,São Paulo,SP
445469,2022,-23.6427968261686,-46.746061737115696,5,kilometer,715.0,"R$ 4.545,64",32.0,41.0,39.0,36.0,,morumbi,05777-030,R  Afonso Mendes De Estrada,Vila Nova das Belezas,São Paulo,SP
450855,2022,-23.5733227992576,-46.7394430736455,5,kilometer,473.0,"R$ 4.541,89",15.0,17.0,18.0,33.0,,morumbi,05588-000,Av Eng Heitor Antonio Eiras Garcia,Jardim Esmeralda,São Paulo,SP
463880,2022,-23.6074211830291,-46.7760916557868,5,kilometer,583.0,"R$ 4.541,32",14.0,25.0,28.0,41.0,,morumbi,,,,,
463897,2022,-23.6181239271999,-46.7731650727508,5,kilometer,425.0,"R$ 4.534,67",19.0,19.0,31.0,29.0,,morumbi,,,,,
463632,2022,-23.6141487529875,-46.75960714617511,5,kilometer,65.0,"R$ 4.503,88",3.0,3.0,3.0,4.0,,morumbi,05787-000,Es Do Campo Limpo,Pirajussara,São Paulo,SP
455620,2022,-23.621957109853,-46.7233473530884,5,kilometer,1292.0,"R$ 4.500,65",82.0,71.0,45.0,54.0,,morumbi,05706-290,R Dep Laercio Corte,Paraíso do Morumbi,São Paulo,SP
458168,2022,-23.6002197355408,-46.74984335214,5,kilometer,312.0,"R$ 4.496,22",12.0,21.0,19.0,22.0,,morumbi,05525-110,R Frei Antonio Da Piedade,Jardim Jussara,São Paulo,SP
430825,2022,-23.5751586768364,-46.7382777106321,5,kilometer,324.0,"R$ 4.491,90",7.0,13.0,8.0,14.0,,morumbi,05589-040,R  Dacio Aguiar De Moraes,Vila Gomes,São Paulo,SP
458136,2022,-23.5959247446831,-46.7286810397148,5,kilometer,180.0,"R$ 4.491,66",8.0,7.0,9.0,11.0,,morumbi,05624-001,R  Manuel Jacinto,Vila Morse,São Paulo,SP
432882,2022,-23.6210294393658,-46.7518500497626,5,kilometer,420.0,"R$ 4.489,11",16.0,18.0,19.0,25.0,,morumbi,05752-400,R  Capanezinho,Jardim Maria Duarte,São Paulo,SP
432780,2022,-23.6232826971566,-46.7491375329668,5,kilometer,690.0,"R$ 4.484,53",66.0,41.0,42.0,30.0,,morumbi,05756-420,R  Manicoba,Jardim Umarizal,São Paulo,SP
430918,2022,-23.5839572978772,-46.7397357461225,5,kilometer,548.0,"R$ 4.474,15",19.0,19.0,26.0,28.0,,morumbi,05594-001,R  Augusto Farina,Jardim Bonfiglioli,São Paulo,SP
432954,2022,-23.629069258756,-46.7504724317692,5,kilometer,396.0,"R$ 4.459,44",35.0,20.0,13.0,14.0,,morumbi,05735-120,R  Clodomiro De Oliveira,Parque Reboucas,São Paulo,SP
432838,2022,-23.6298466622793,-46.7607440319037,5,kilometer,624.0,"R$ 4.457,22",54.0,47.0,36.0,35.0,,morumbi,05758-130,R  Heitor Gouvea,Jardim Catanduva,São Paulo,SP
445681,2022,-23.650992048499,-46.7476915563356,5,kilometer,471.0,"R$ 4.456,30",42.0,27.0,27.0,27.0,,morumbi,05846-410,R Sta Archelia,Jardim Casablanca,São Paulo,SP
463811,2022,-23.6107938996816,-46.7667796587435,5,kilometer,486.0,"R$ 4.455,18",31.0,43.0,35.0,20.0,,morumbi,,,,,
463833,2022,-23.6024799366072,-46.7626333874465,5,kilometer,303.0,"R$ 4.449,52",11.0,14.0,9.0,17.0,,morumbi,,,,,
445673,2022,-23.6472037086636,-46.750182289376895,5,kilometer,694.0,"R$ 4.448,80",26.0,34.0,42.0,42.0,,morumbi,05780-320,R  Josefina Grassini,Vila Prel,São Paulo,SP
458174,2022,-23.5957604480278,-46.734979886763,5,kilometer,322.0,"R$ 4.437,17",10.0,10.0,15.0,17.0,,morumbi,05627-020,R Pde Pacheco,Vila Sônia,São Paulo,SP
455661,2022,-23.6247202316908,-46.7450660450996,5,kilometer,578.0,"R$ 4.432,37",44.0,22.0,21.0,28.0,,morumbi,05734-130,R  Domingos Ataide,Parque Reboucas,São Paulo,SP
432781,2022,-23.6423894207505,-46.7692000399598,5,kilometer,579.0,"R$ 4.426,72",18.0,31.0,33.0,51.0,,morumbi,05794-300,R  Januario Zingaro,Jardim Paris,São Paulo,SP
463879,2022,-23.6069714286621,-46.7775518375426,5,kilometer,279.0,"R$ 4.405,65",7.0,14.0,17.0,13.0,,morumbi,,,,,
463907,2022,-23.6212938822603,-46.7663173608338,5,kilometer,299.0,"R$ 4.400,77",20.0,16.0,23.0,16.0,,morumbi,05785-050,R  Caquemon,Vila América,São Paulo,SP
463670,2022,-23.606510623414,-46.7553287630051,5,kilometer,106.0,"R$ 4.378,79",3.0,5.0,0.0,3.0,,morumbi,,,,,
458222,2022,-23.61422761207,-46.7427023899316,5,kilometer,510.0,"R$ 4.377,02",15.0,13.0,19.0,24.0,,morumbi,05711-900,R Dr Luiz Migliano,Jardim Vazani,São Paulo,SP
458198,2022,-23.5942380660125,-46.7323190980803,5,kilometer,248.0,"R$ 4.372,22",3.0,10.0,7.0,15.0,,morumbi,05626-020,R  Grauca,Vila Sônia,São Paulo,SP
452193,2022,-23.6439057686404,-46.713564903179694,5,kilometer,640.0,"R$ 4.361,49",23.0,28.0,24.0,33.0,,morumbi,04727-150,R  Joaquim Dos Reis,Vila Cruzeiro,São Paulo,SP
455650,2022,-23.6334175427183,-46.7407870727633,5,kilometer,565.0,"R$ 4.352,31",35.0,33.0,31.0,20.0,,morumbi,05728-050,R  Catarinenses,Vila Andrade,São Paulo,SP
463463,2022,-23.6090622229652,-46.767828458471904,5,kilometer,500.0,"R$ 4.341,02",21.0,33.0,44.0,33.0,,morumbi,,,,,
463654,2022,-23.600934882713,-46.7668879195968,5,kilometer,452.0,"R$ 4.338,75",21.0,25.0,29.0,27.0,,morumbi,05549-000,R  Avelino Nogueira Do Prado,Jardim das Esmeraldas,São Paulo,SP
432789,2022,-23.6407897372709,-46.7691462159198,5,kilometer,605.0,"R$ 4.336,06",45.0,47.0,36.0,25.0,,morumbi,05794-900,R  Raul Dos Santos Machado,Jardim Paris,São Paulo,SP
450083,2022,-23.5926833614444,-46.7714047167835,5,kilometer,445.0,"R$ 4.331,99",12.0,15.0,24.0,22.0,,morumbi,05547-050,R  Jose Casas Garcia,Jardim Rosa Maria,São Paulo,SP
458119,2022,-23.5950240651496,-46.756515220387,5,kilometer,314.0,"R$ 4.318,98",17.0,11.0,15.0,19.0,,morumbi,05528-090,R  David Cox,Jardim Dracena,São Paulo,SP
463905,2022,-23.6214360249002,-46.7668915964755,5,kilometer,327.0,"R$ 4.316,37",25.0,28.0,18.0,23.0,,morumbi,05785-050,R  Caquemon,Vila América,São Paulo,SP
463456,2022,-23.6198798887574,-46.76620212490951,5,kilometer,489.0,"R$ 4.315,26",25.0,27.0,36.0,33.0,,morumbi,05785-070,R  Cidreira,Jardim São Mateus,São Paulo,SP
430833,2022,-23.5746948364965,-46.7221907193544,5,kilometer,138.0,"R$ 4.298,98",3.0,4.0,,4.0,,morumbi,05540-080,R Desem Teodomiro Dias,Conjunto Residencial Butantã,São Paulo,SP
432743,2022,-23.6415056424871,-46.7550127532069,5,kilometer,686.0,"R$ 4.283,00",36.0,44.0,38.0,37.0,,morumbi,05772-040,R  James Ensor,Parque Regina,São Paulo,SP
445618,2022,-23.6441090278891,-46.7423937064872,5,kilometer,304.0,"R$ 4.273,98",13.0,7.0,12.0,15.0,,morumbi,05841-100,R Dr Andre Brenha Ribeiro,Vila das Belezas,São Paulo,SP
432463,2022,-23.6315560742221,-46.7605924987922,5,kilometer,570.0,"R$ 4.258,63",37.0,36.0,36.0,47.0,,morumbi,05767-470,R  Manuel Bicudo,Jardim Catanduva,São Paulo,SP
452306,2022,-23.6435925675772,-46.7169080863634,5,kilometer,267.0,"R$ 4.254,91",11.0,11.0,12.0,13.0,,morumbi,04729-000,R  Missionarios,Jardim Caravelas,São Paulo,SP
432583,2022,-23.6377259457012,-46.751641393833104,5,kilometer,410.0,"R$ 4.252,03",18.0,19.0,25.0,24.0,,morumbi,05775-320,R  Antonio Domingues Galera,Parque Regina,São Paulo,SP
463602,2022,-23.6015769930951,-46.7729574734334,5,kilometer,448.0,"R$ 4.249,22",14.0,24.0,34.0,22.0,,morumbi,,,,,
432790,2022,-23.6413038719055,-46.7687757673348,5,kilometer,361.0,"R$ 4.246,06",15.0,26.0,25.0,14.0,,morumbi,05794-300,R  Januario Zingaro,Jardim Paris,São Paulo,SP
430877,2022,-23.5739751012163,-46.728887335786496,5,kilometer,237.0,"R$ 4.244,47",5.0,8.0,4.0,16.0,,morumbi,05586-000,R  Iquiririm,Vila Indiana,São Paulo,SP
458333,2022,-23.5936143371122,-46.74641676388529,5,kilometer,379.0,"R$ 4.242,86",15.0,19.0,21.0,19.0,,morumbi,05541-260,R  Canindezinho,Jardim das Vertentes,São Paulo,SP
463613,2022,-23.6024976261911,-46.7670361498832,5,kilometer,427.0,"R$ 4.232,48",20.0,24.0,33.0,32.0,,morumbi,,,,,
433421,2022,-23.6413960848905,-46.76271668834951,5,kilometer,532.0,"R$ 4.220,10",30.0,39.0,58.0,45.0,,morumbi,05762-070,R  Francisco Barriga De Souza,Parque Ipê,São Paulo,SP
432953,2022,-23.6293303271139,-46.7507024848984,5,kilometer,422.0,"R$ 4.215,03",32.0,25.0,22.0,16.0,,morumbi,05735-120,R  Clodomiro De Oliveira,Parque Reboucas,São Paulo,SP
431390,2022,-23.5815162747911,-46.74865863299591,5,kilometer,263.0,"R$ 4.209,99",15.0,9.0,10.0,7.0,,morumbi,05596-150,R  Lourenco Prado,Cidade dos Bandeirantes,São Paulo,SP
463607,2022,-23.6055148124832,-46.7669877463936,5,kilometer,177.0,"R$ 4.202,95",0.0,12.0,4.0,14.0,,morumbi,,,,,
432890,2022,-23.6168046375371,-46.7563602001688,5,kilometer,382.0,"R$ 4.187,26",14.0,33.0,19.0,19.0,,morumbi,05755-090,Av  Anace,,,
458072,2022,-23.6014114144163,-46.7383425610985,5,kilometer,259.0,"R$ 4.181,39",10.0,5.0,9.0,14.0,,morumbi,05632-030,R  Jose Pedro Do Amaral,Jardim Monte Kemel,São Paulo,SP
432845,2022,-23.6186861367703,-46.7543244657474,5,kilometer,541.0,"R$ 4.173,65",12.0,24.0,29.0,28.0,,morumbi,05752-520,R  Joaquim De Magalhaes,Jardim Maria Duarte,São Paulo,SP
463665,2022,-23.605047825999,-46.7620037660456,5,kilometer,255.0,"R$ 4.161,96",14.0,9.0,13.0,10.0,,morumbi,,,,,
431376,2022,-23.5836768455672,-46.7431573237435,5,kilometer,645.0,"R$ 4.153,03",22.0,30.0,32.0,40.0,,morumbi,05594-020,R  Roberto Valentino De Camargo,Jardim Bonfiglioli,São Paulo,SP
458286,2022,-23.6015390300148,-46.7509907865622,5,kilometer,232.0,"R$ 4.150,02",7.0,12.0,12.0,14.0,,morumbi,05534-030,R Sarg Estanislau Custodio,Instituto de Previdência,São Paulo,SP
452245,2022,-23.6481467735633,-46.7104850499784,5,kilometer,826.0,"R$ 4.137,98",31.0,30.0,30.0,42.0,,morumbi,04753-001,R Br Do Rio Branco,Santo Amaro,São Paulo,SP
463564,2022,-23.6160444632839,-46.7665632731086,5,kilometer,493.0,"R$ 4.132,44",22.0,30.0,27.0,27.0,,morumbi,,,,,
432840,2022,-23.6186041652808,-46.759501187046,5,kilometer,275.0,"R$ 4.122,23",11.0,18.0,9.0,16.0,,morumbi,05787-901,Es Do Campo Limpo,Pirajussara,São Paulo,SP
458332,2022,-23.5923031825468,-46.7444852514394,5,kilometer,643.0,"R$ 4.115,28",28.0,32.0,28.0,39.0,,morumbi,05541-300,R  Jacinto Ribeiro,Jardim das Vertentes,São Paulo,SP
463957,2022,-23.6081492265109,-46.7567044810947,5,kilometer,507.0,"R$ 4.103,85",19.0,13.0,10.0,19.0,,morumbi,,,,,
450635,2022,-23.5778946461398,-46.7548343025908,5,kilometer,850.0,"R$ 4.096,63",28.0,41.0,40.0,54.0,,morumbi,05367-260,R Dr Jose De Martini,Vila Tiradentes,São Paulo,SP
445412,2022,-23.6549467615221,-46.7483998565018,5,kilometer,436.0,"R$ 4.095,11",21.0,25.0,31.0,32.0,,morumbi,05847-000,Av  Jacobus Baldi,Jardim Iracema,São Paulo,SP
432571,2022,-23.6326875505398,-46.7746649228913,5,kilometer,777.0,"R$ 4.075,92",43.0,49.0,31.0,47.0,,morumbi,05788-360,R Prof Conrado De Deo,Jardim Bom Refúgio,São Paulo,SP
458275,2022,-23.6106522600227,-46.7493724172858,5,kilometer,483.0,"R$ 4.064,31",12.0,12.0,19.0,22.0,,morumbi,05741-200,Av Eng Saraiva De Oliveira,Jardim Taboão,São Paulo,SP
432888,2022,-23.6251792799272,-46.7578182840632,5,kilometer,385.0,"R$ 4.060,81",16.0,16.0,19.0,30.0,,morumbi,05757-080,R  Caracui,Jardim Ana Maria,São Paulo,SP
432449,2022,-23.629184717233,-46.766855933105,5,kilometer,240.0,"R$ 4.056,43",8.0,8.0,6.0,13.0,,morumbi,05759-280,R  Roberto Sampaio Penna,Jardim Martinica,São Paulo,SP
463814,2022,-23.6090713488256,-46.764642171517,5,kilometer,9.0,"R$ 4.056,25",0.0,0.0,0.0,0.0,,morumbi,,,,,
445454,2022,-23.6491893004303,-46.7452182400334,5,kilometer,716.0,"R$ 4.052,53",29.0,45.0,42.0,40.0,,morumbi,05842-100,R  Manoel Froes,Jardim Casablanca,São Paulo,SP
458190,2022,-23.5965374276777,-46.7549241151358,5,kilometer,415.0,"R$ 4.042,24",13.0,18.0,22.0,18.0,,morumbi,05528-020,R  Joaquim Jose Do Amaral,Jardim Alvorada (Zona Oeste),São Paulo,SP
432947,2022,-23.6205529676124,-46.7592019066064,5,kilometer,526.0,"R$ 4.037,74",16.0,21.0,19.0,26.0,,morumbi,05787-000,Es Do Campo Limpo,Pirajussara,São Paulo,SP
463950,2022,-23.6178799787047,-46.773785465413,5,kilometer,250.0,"R$ 4.036,93",9.0,15.0,17.0,21.0,,morumbi,,,,,
463668,2022,-23.6047260199602,-46.75152228619631,5,kilometer,396.0,"R$ 4.033,72",17.0,24.0,21.0,26.0,,morumbi,05525-060,Av  Intercontinental,Jardim Jussara,São Paulo,SP
463742,2022,-23.599838440668,-46.7611268296546,5,kilometer,667.0,"R$ 4.029,10",40.0,34.0,41.0,44.0,,morumbi,05525-080,Es Do Jaguare,Jardim Jussara,São Paulo,SP
445623,2022,-23.6419946582182,-46.74273352087791,5,kilometer,160.0,"R$ 4.026,53",5.0,6.0,3.0,5.0,,morumbi,05731-250,Av Das Belezas,Vila Plana,São Paulo,SP
458155,2022,-23.6003666710191,-46.739902618515295,5,kilometer,159.0,"R$ 4.022,95",,6.0,7.0,6.0,,morumbi,05633-040,R  Luis Araujo Faria,Jardim Monte Kemel,São Paulo,SP
458120,2022,-23.5955516505222,-46.759559721227,5,kilometer,453.0,"R$ 4.017,49",17.0,26.0,25.0,20.0,,morumbi,05527-010,R  Daniele Crespi,Jardim Celeste,São Paulo,SP
463703,2022,-23.6036813440494,-46.7561874678588,5,kilometer,457.0,"R$ 4.014,32",26.0,26.0,25.0,34.0,,morumbi,,,,,
458160,2022,-23.6007438371393,-46.739180244027104,5,kilometer,406.0,"R$ 4.013,83",20.0,13.0,20.0,15.0,,morumbi,05633-050,R Prof Dias Castejon,Jardim Monte Kemel,São Paulo,SP
452162,2022,-23.6416875880885,-46.7157264812,5,kilometer,409.0,"R$ 4.011,60",13.0,11.0,14.0,21.0,,morumbi,04727-001,R  Braganca Paulista,Vila Cruzeiro,São Paulo,SP
432948,2022,-23.6192533284997,-46.7591281065964,5,kilometer,376.0,"R$ 4.005,67",24.0,20.0,23.0,18.0,,morumbi,05784-150,Es  Velha De Itapecerica,Parque Esmeralda,São Paulo,SP
450082,2022,-23.5910178568149,-46.7704183237544,5,kilometer,481.0,"R$ 4.005,24",20.0,25.0,21.0,27.0,,morumbi,05547-080,R  Joao Vieira Filho,Jardim Rosa Maria,São Paulo,SP
445465,2022,-23.6467448883763,-46.7372061127363,5,kilometer,374.0,"R$ 3.999,08",8.0,14.0,23.0,16.0,,morumbi,05836-350,Av  Tomas De Sousa,Jardim Monte Azul,São Paulo,SP
463722,2022,-23.6077816079415,-46.77219162646271,5,kilometer,299.0,"R$ 3.994,11",11.0,9.0,16.0,25.0,,morumbi,,,,,
458154,2022,-23.6001135836793,-46.7403844085358,5,kilometer,165.0,"R$ 3.989,85",3.0,3.0,3.0,5.0,,morumbi,05633-020,R Maj Luis Da Fonseca,Jardim Monte Kemel,São Paulo,SP
430900,2022,-23.5755709959322,-46.7199377639882,5,kilometer,215.0,"R$ 3.987,56",5.0,3.0,3.0,9.0,,morumbi,05540-000,R  Martinho Claro,Conjunto Residencial Butantã,São Paulo,SP
463633,2022,-23.6115191574484,-46.7591290145026,5,kilometer,268.0,"R$ 3.985,70",7.0,14.0,15.0,16.0,,morumbi,,,,,
447231,2022,-23.6102659848013,-46.725320468415696,5,kilometer,392.0,"R$ 3.984,64",15.0,17.0,24.0,24.0,,morumbi,05660-000,R  Pasquale Gallupi,Paraisópolis,São Paulo,SP
452304,2022,-23.6410139546187,-46.721187004712,5,kilometer,167.0,"R$ 3.973,29",4.0,6.0,8.0,10.0,,morumbi,04730-030,R  Caiara,Várzea de Baixo,São Paulo,SP
432926,2022,-23.6303829276933,-46.747933077767,5,kilometer,607.0,"R$ 3.971,20",40.0,47.0,29.0,32.0,,morumbi,05735-030,R  Carlos Magalhaes,Parque Reboucas,São Paulo,SP
463671,2022,-23.6078609152172,-46.7549808225236,5,kilometer,303.0,"R$ 3.969,97",10.0,6.0,13.0,12.0,,morumbi,,,,,
458194,2022,-23.5965986982644,-46.7502759314378,5,kilometer,256.0,"R$ 3.961,05",12.0,15.0,24.0,8.0,,morumbi,05528-000,R  Edvard Carmilo,Jardim Celeste,São Paulo,SP
463699,2022,-23.6005787676963,-46.7595510840907,5,kilometer,476.0,"R$ 3.960,35",24.0,30.0,23.0,26.0,,morumbi,05525-080,Es Do Jaguare,Jardim Jussara,São Paulo,SP
452328,2022,-23.6276429441154,-46.705736500059295,5,kilometer,104.0,"R$ 3.959,66",4.0,,4.0,7.0,,morumbi,04713-002,R Da Paz,Chácara Santo Antônio (Zona Sul),São Paulo,SP
450776,2022,-23.5766502289621,-46.748056532002494,5,kilometer,501.0,"R$ 3.946,37",19.0,29.0,22.0,33.0,,morumbi,05365-060,R  Prado Valadares,Vila Polopoli,São Paulo,SP
431391,2022,-23.5819488369061,-46.7468061533382,5,kilometer,345.0,"R$ 3.933,50",13.0,16.0,14.0,22.0,,morumbi,05596-150,R  Lourenco Prado,Cidade dos Bandeirantes,São Paulo,SP
458071,2022,-23.6005868347227,-46.7364222193036,5,kilometer,526.0,"R$ 3.932,29",29.0,31.0,34.0,33.0,,morumbi,05635-010,R Eng Camargo Fidelis,Jardim Monte Kemel,São Paulo,SP
450681,2022,-23.5833995925638,-46.754915641629,5,kilometer,472.0,"R$ 3.930,44",20.0,25.0,23.0,34.0,,morumbi,05371-060,R  Antonio Jose Do Amaral,Jardim Maria Luiza,São Paulo,SP
432897,2022,-23.6200424305976,-46.757431742730304,5,kilometer,165.0,"R$ 3.930,00",3.0,4.0,,6.0,,morumbi,05787-000,Es Do Campo Limpo,Pirajussara,São Paulo,SP
463949,2022,-23.6184475491179,-46.773761945815295,5,kilometer,484.0,"R$ 3.924,79",16.0,23.0,25.0,33.0,,morumbi,,,,,
432631,2022,-23.6234351855459,-46.754719421890094,5,kilometer,378.0,"R$ 3.899,94",19.0,20.0,22.0,18.0,,morumbi,05756-340,R  Coatinga,Jardim Umarizal,São Paulo,SP
445494,2022,-23.652390636286,-46.7405353978323,5,kilometer,608.0,"R$ 3.897,54",30.0,30.0,40.0,29.0,,morumbi,05843-230,R  Geraldo Pires Dos S. Goncalves,Jardim São Luís,São Paulo,SP
432903,2022,-23.6438986817912,-46.767618254863,5,kilometer,402.0,"R$ 3.897,04",10.0,16.0,29.0,25.0,,morumbi,05783-180,R  Odemis,Jardim Umuarama,São Paulo,SP
458137,2022,-23.5977094712012,-46.72719122498391,5,kilometer,250.0,"R$ 3.893,64",5.0,13.0,6.0,15.0,,morumbi,05624-100,R  Rui Pinto,Vila Morse,São Paulo,SP
455663,2022,-23.640094383562,-46.7393377894683,5,kilometer,1691.0,"R$ 3.883,02",111.0,95.0,97.0,74.0,,morumbi,05731-370,R  Joaquim Nunes Teixeira,Vila Plana,São Paulo,SP
430851,2022,-23.5883480160037,-46.7350355531977,5,kilometer,183.0,"R$ 3.879,97",9.0,,7.0,12.0,,morumbi,05537-070,Av  Junta Mizumoto,Jardim Peri Peri,São Paulo,SP
432884,2022,-23.6191124031596,-46.7532475323471,5,kilometer,324.0,"R$ 3.870,58",7.0,13.0,11.0,15.0,,morumbi,05752-000,R Sarg Jose Andre Da Mota,Jardim Maria Duarte,São Paulo,SP
458230,2022,-23.594632496715,-46.7586987465636,5,kilometer,262.0,"R$ 3.854,43",5.0,14.0,15.0,13.0,,morumbi,05528-170,R  Berlinghieri,Jardim Dracena,São Paulo,SP
458102,2022,-23.6016728796059,-46.7313825904078,5,kilometer,398.0,"R$ 3.854,35",16.0,26.0,19.0,15.0,,morumbi,05628-080,R  Jose Capobianco,Jardim Colombo,São Paulo,SP
458088,2022,-23.6030764398915,-46.7344211784906,5,kilometer,393.0,"R$ 3.852,89",23.0,30.0,28.0,23.0,,morumbi,05632-070,R  Edmundo De Amicis,Jardim Monte Kemel,São Paulo,SP
463615,2022,-23.6097186847153,-46.7545338313806,5,kilometer,149.0,"R$ 3.852,48",,6.0,3.0,10.0,,morumbi,05743-180,R  Francisco Jose Sales,Jardim Nadir,São Paulo,SP
463885,2022,-23.6056581943675,-46.776385357052,5,kilometer,421.0,"R$ 3.846,89",14.0,25.0,25.0,26.0,,morumbi,,,,,
458070,2022,-23.5985468798495,-46.738314539366094,5,kilometer,295.0,"R$ 3.812,81",14.0,15.0,13.0,12.0,,morumbi,05633-040,R  Luis Araujo Faria,Jardim Monte Kemel,São Paulo,SP
458189,2022,-23.6001003894647,-46.7527262027034,5,kilometer,471.0,"R$ 3.801,13",14.0,30.0,23.0,26.0,,morumbi,05527-000,R  Natal Pigassi,Jardim Celeste,São Paulo,SP
450745,2022,-23.5780829112512,-46.749938308647295,5,kilometer,201.0,"R$ 3.800,19",8.0,12.0,12.0,9.0,,morumbi,05368-090,R  Antonio Santiago,Vila Alba,São Paulo,SP
458163,2022,-23.6029359671273,-46.73691276389111,5,kilometer,322.0,"R$ 3.789,25",11.0,13.0,13.0,20.0,,morumbi,05633-000,Av  Claudio Franchi,Jardim Monte Kemel,São Paulo,SP
434085,2022,-23.651130692042,-46.753524187066894,5,kilometer,514.0,"R$ 3.777,75",32.0,22.0,18.0,21.0,,morumbi,05849-330,R  Geraldo Beting,Jardim Germânia,São Paulo,SP
432630,2022,-23.6210266819657,-46.755652191330704,5,kilometer,614.0,"R$ 3.774,11",24.0,29.0,34.0,32.0,,morumbi,05755-140,R  Itamanduaba,Jardim Umarizal,São Paulo,SP
458186,2022,-23.6033116975504,-46.7489471723437,5,kilometer,288.0,"R$ 3.771,53",10.0,8.0,10.0,11.0,,morumbi,05534-000,Av  Pirajussara,Instituto de Previdência,São Paulo,SP
430869,2022,-23.5798986819639,-46.74561675435729,5,kilometer,658.0,"R$ 3.767,51",34.0,27.0,23.0,38.0,,morumbi,05596-000,Av Mal Fiuza De Castro,Jardim Pinheiros,São Paulo,SP
463700,2022,-23.6011150056016,-46.7570092241786,5,kilometer,579.0,"R$ 3.766,49",27.0,39.0,36.0,37.0,,morumbi,05525-080,Es Do Jaguare,Jardim Jussara,São Paulo,SP
458073,2022,-23.603589387189,-46.7380932237513,5,kilometer,334.0,"R$ 3.765,06",15.0,15.0,18.0,13.0,,morumbi,05634-110,R  Joana Lentini,Jardim Monte Kemel,São Paulo,SP
434086,2022,-23.6508215748913,-46.754205290151695,5,kilometer,229.0,"R$ 3.753,71",14.0,8.0,7.0,10.0,,morumbi,05849-480,R  Silvestre Rodrigues,Jardim Germânia,São Paulo,SP
450286,2022,-23.5923080998265,-46.7693204889141,5,kilometer,576.0,"R$ 3.744,33",25.0,27.0,28.0,27.0,,morumbi,05547-100,R  Pascoal Zullino,Jardim Rosa Maria,São Paulo,SP
458086,2022,-23.5981239998457,-46.734608322628496,5,kilometer,383.0,"R$ 3.737,56",19.0,23.0,20.0,15.0,,morumbi,05626-001,R  Andre Saraiva,Vila Sônia,São Paulo,SP
458094,2022,-23.5949374396271,-46.750824717223,5,kilometer,315.0,"R$ 3.735,50",13.0,14.0,16.0,18.0,,morumbi,05529-060,R  Bonifacio Veronese,Jardim Jaqueline,São Paulo,SP
432918,2022,-23.6436826170503,-46.7628210764858,5,kilometer,345.0,"R$ 3.731,34",13.0,20.0,24.0,25.0,,morumbi,05763-320,R  Domingos Luis Grou,Jardim Piracuama,São Paulo,SP
463698,2022,-23.5990855799422,-46.7602474516246,5,kilometer,396.0,"R$ 3.726,44",17.0,14.0,25.0,28.0,,morumbi,05525-080,Es Do Jaguare,Jardim Jussara,São Paulo,SP
445453,2022,-23.6502392521872,-46.7501893279067,5,kilometer,689.0,"R$ 3.718,79",26.0,19.0,47.0,42.0,,morumbi,05835-010,Tv  Amedeo Modigliani,Vila Maracanã,São Paulo,SP
458097,2022,-23.5926411969042,-46.732363426204095,5,kilometer,119.0,"R$ 3.715,74",5.0,5.0,7.0,7.0,,morumbi,05521-100,Av Prof Francisco Morato,Vila Sônia,São Paulo,SP
432712,2022,-23.6391253172649,-46.7630288376654,5,kilometer,363.0,"R$ 3.715,54",15.0,24.0,24.0,29.0,,morumbi,05762-220,R  Natalicio Costa Frazao,Parque Ipê,São Paulo,SP
450160,2022,-23.5925450227263,-46.770023447597694,5,kilometer,443.0,"R$ 3.715,09",13.0,15.0,21.0,23.0,,morumbi,05547-000,R Prof Julio Do Amaral Carvalho,Jardim Rosa Maria,São Paulo,SP
452161,2022,-23.6513882055361,-46.7110384528966,5,kilometer,399.0,"R$ 3.714,15",12.0,18.0,19.0,23.0,,morumbi,04754-010,Av  Mario Lopes Leao,Santo Amaro,São Paulo,SP
430856,2022,-23.5784623294197,-46.742869640706495,5,kilometer,150.0,"R$ 3.711,00",,,5.0,8.0,,morumbi,05595-040,R  Alberto Nascimento Junior,Jardim Bonfiglioli,São Paulo,SP
450773,2022,-23.5753808225988,-46.74821930493631,5,kilometer,355.0,"R$ 3.705,05",23.0,14.0,18.0,21.0,,morumbi,05365-110,R  Clara De Miranda,Vila Polopoli,São Paulo,SP
463410,2022,-23.6114746586836,-46.762796851112704,5,kilometer,458.0,"R$ 3.699,71",19.0,11.0,20.0,31.0,,morumbi,,,,,
445414,2022,-23.6552192141497,-46.7431131106455,5,kilometer,565.0,"R$ 3.699,41",35.0,27.0,36.0,40.0,,morumbi,05845-240,R  Antonio De Souza Lobo,Jardim Brasília,São Paulo,SP
455445,2022,-23.6212904328713,-46.7463389397957,5,kilometer,407.0,"R$ 3.688,25",23.0,27.0,22.0,27.0,,morumbi,05749-300,R  Jose Maria Pinto Zilli,Jardim das Palmas,São Paulo,SP
432450,2022,-23.6113806744245,-46.7524117439723,5,kilometer,573.0,"R$ 3.682,89",20.0,24.0,29.0,42.0,,morumbi,05743-230,R Prof Indalecio De Melo,Jardim Jamaica,São Paulo,SP
463813,2022,-23.6111004314109,-46.764527651758,5,kilometer,142.0,"R$ 3.679,97",8.0,7.0,10.0,6.0,,morumbi,,,,,
432511,2022,-23.6218662756214,-46.76084328251871,5,kilometer,846.0,"R$ 3.679,77",27.0,48.0,40.0,42.0,,morumbi,05784-020,R  Campoeiro,Parque Esmeralda,São Paulo,SP
458101,2022,-23.6001755750033,-46.732453417888,5,kilometer,260.0,"R$ 3.674,56",8.0,10.0,7.0,13.0,,morumbi,05628-040,R Dr Joao Jose De Carvalho,Vila Sônia,São Paulo,SP
452285,2022,-23.6275067289772,-46.7013313838268,5,kilometer,77.0,"R$ 3.665,69",3.0,,3.0,3.0,,morumbi,04711-030,R  Enxovia,Vila São Francisco (Zona Sul),São Paulo,SP
452152,2022,-23.6314771928309,-46.698985649568,5,kilometer,298.0,"R$ 3.649,84",6.0,14.0,7.0,24.0,,morumbi,04713-001,R Da Paz,Chácara Santo Antônio (Zona Sul),São Paulo,SP
458380,2022,-23.5972519922985,-46.7527771192452,5,kilometer,571.0,"R$ 3.639,77",32.0,30.0,32.0,26.0,,morumbi,05528-000,R  Edvard Carmilo,Jardim Celeste,São Paulo,SP
450811,2022,-23.583942598009,-46.75939346642711,5,kilometer,376.0,"R$ 3.638,11",25.0,22.0,23.0,19.0,,morumbi,05373-020,R  Joana Vicente De Jesus,Jardim Ester,São Paulo,SP
430824,2022,-23.5779455803244,-46.7346937509026,5,kilometer,570.0,"R$ 3.638,07",18.0,35.0,50.0,36.0,,morumbi,05591-020,R Cel Serafim Leme Da Silva,Jardim Bonfiglioli,São Paulo,SP
430872,2022,-23.5799629736114,-46.747523562602304,5,kilometer,476.0,"R$ 3.638,00",20.0,27.0,20.0,21.0,,morumbi,05596-050,R Prof Ennio Chiesa,Cidade dos Bandeirantes,São Paulo,SP
432943,2022,-23.6348439306632,-46.7459217790684,5,kilometer,414.0,"R$ 3.628,12",21.0,22.0,28.0,25.0,,morumbi,05736-010,R  Adolfo Meyer,Jardim São Roque,São Paulo,SP
450810,2022,-23.5836940617934,-46.756976853152096,5,kilometer,147.0,"R$ 3.626,00",6.0,6.0,11.0,11.0,,morumbi,05373-120,R  Maria Rita Balbino,Jardim Ester,São Paulo,SP
432659,2022,-23.6333426108929,-46.7670969629788,5,kilometer,33.0,"R$ 3.623,08",,,,,,morumbi,05760-160,R  Onesio Garcia,Jardim Faria Lima,São Paulo,SP
463432,2022,-23.5992333269932,-46.7631737830535,5,kilometer,771.0,"R$ 3.622,78",39.0,42.0,41.0,40.0,,morumbi,05549-210,Av  Francisco Mont'Alverne,Jardim das Esmeraldas,São Paulo,SP
463566,2022,-23.6173520876176,-46.7638173414801,5,kilometer,530.0,"R$ 3.622,35",20.0,27.0,37.0,41.0,,morumbi,05784-090,R  Clemente Argolo,Parque Esmeralda,São Paulo,SP
463702,2022,-23.6025167664984,-46.757322840289504,5,kilometer,458.0,"R$ 3.619,19",14.0,26.0,26.0,31.0,,morumbi,,,,,
458084,2022,-23.5938104641261,-46.7407035699416,5,kilometer,466.0,"R$ 3.618,83",18.0,24.0,17.0,31.0,,morumbi,05523-050,R  Raul Fonseca,Ferreira,São Paulo,SP
445621,2022,-23.6468618281837,-46.7393561540087,5,kilometer,272.0,"R$ 3.615,66",14.0,12.0,11.0,6.0,,morumbi,05836-180,R  Francisco Xavier De Abreu,Jardim Monte Azul,São Paulo,SP
458159,2022,-23.5973916030405,-46.74119380156591,5,kilometer,282.0,"R$ 3.613,17",7.0,15.0,8.0,13.0,,morumbi,05524-080,R  Joao Lucio Viana,Ferreira,São Paulo,SP
441287,2022,-23.5987850391115,-46.6932387771018,5,kilometer,56.0,"R$ 3.609,32",,,,,,morumbi,04578-000,Av Das Nacoes Unidas,Brooklin Paulista,São Paulo,SP
445617,2022,-23.6437875747223,-46.7410616500575,5,kilometer,275.0,"R$ 3.609,08",12.0,16.0,12.0,19.0,,morumbi,05841-130,R Cel Luis Schimidt,Vila das Belezas,São Paulo,SP
432883,2022,-23.6194350602468,-46.7536641290583,5,kilometer,325.0,"R$ 3.600,07",17.0,17.0,14.0,20.0,,morumbi,05754-030,R  Cibauma,Umarizal,São Paulo,SP
450698,2022,-23.5756324965659,-46.742192448698894,5,kilometer,215.0,"R$ 3.592,00",7.0,7.0,7.0,9.0,,morumbi,05363-010,R  Marinha De Moura Pimenta,Jardim Odete,São Paulo,SP
463460,2022,-23.6173391040435,-46.773825359809294,5,kilometer,509.0,"R$ 3.591,01",33.0,36.0,23.0,25.0,,morumbi,,,,,
455459,2022,-23.6396992853123,-46.74296656040711,5,kilometer,426.0,"R$ 3.576,25",13.0,14.0,19.0,20.0,,morumbi,05731-320,R  Francisco Xavier Cabral,Vila Ernesto,São Paulo,SP
450187,2022,-23.5996804162431,-46.7689269934012,5,kilometer,417.0,"R$ 3.575,34",21.0,17.0,15.0,18.0,,morumbi,05549-000,R  Avelino Nogueira Do Prado,Jardim das Esmeraldas,São Paulo,SP
432446,2022,-23.6319978892282,-46.76921434258671,5,kilometer,168.0,"R$ 3.570,38",7.0,8.0,6.0,11.0,,morumbi,05786-010,R  Americo Falcao,Vila Pirajussara,São Paulo,SP
458080,2022,-23.5993732359169,-46.746898461143296,5,kilometer,507.0,"R$ 3.555,90",14.0,26.0,31.0,29.0,,morumbi,05534-000,Av  Pirajussara,Instituto de Previdência,São Paulo,SP
432739,2022,-23.624693564983,-46.759627215012095,5,kilometer,686.0,"R$ 3.552,00",48.0,50.0,32.0,40.0,,morumbi,05756-240,R  Catiara,Jardim Umarizal,São Paulo,SP
432731,2022,-23.6261185129382,-46.7544435450276,5,kilometer,656.0,"R$ 3.538,21",31.0,53.0,64.0,42.0,,morumbi,05756-310,R  Citrolandia,Jardim Umarizal,São Paulo,SP
458176,2022,-23.6038686585768,-46.735172112734,5,kilometer,392.0,"R$ 3.522,82",18.0,20.0,21.0,16.0,,morumbi,05635-040,R Prof Alipio Dutra,Jardim Monte Kemel,São Paulo,SP
458381,2022,-23.5970161917534,-46.7535022894654,5,kilometer,565.0,"R$ 3.511,94",32.0,34.0,24.0,30.0,,morumbi,05528-010,R  Manuel Dias De Oliveira,Jardim Alvorada (Zona Oeste),São Paulo,SP
432684,2022,-23.6363991476667,-46.74570947661471,5,kilometer,214.0,"R$ 3.508,30",11.0,12.0,23.0,11.0,,morumbi,05776-340,R  Camasati,Vila Franca,São Paulo,SP
458085,2022,-23.5958521098326,-46.7364004844556,5,kilometer,320.0,"R$ 3.502,47",3.0,9.0,11.0,12.0,,morumbi,05626-001,R  Andre Saraiva,Vila Sônia,São Paulo,SP
432542,2022,-23.6243377969102,-46.752832330932,5,kilometer,812.0,"R$ 3.498,15",45.0,43.0,45.0,55.0,,morumbi,05756-220,R  Caranapatuba,Jardim Umarizal,São Paulo,SP
432457,2022,-23.6298732645068,-46.7718490621356,5,kilometer,479.0,"R$ 3.495,09",29.0,20.0,17.0,34.0,,morumbi,05777-001,Es Do Campo Limpo,Vila Prel,São Paulo,SP
432555,2022,-23.6184784321263,-46.7523079386668,5,kilometer,740.0,"R$ 3.493,82",22.0,32.0,40.0,39.0,,morumbi,05752-460,R  Chico Mana,Vila Analia,São Paulo,SP
463773,2022,-23.6297705808811,-46.7758298345731,5,kilometer,600.0,"R$ 3.482,46",36.0,62.0,35.0,44.0,,morumbi,05788-320,R  Lira Paulista,Jardim Bom Refúgio,São Paulo,SP
445674,2022,-23.6451115650461,-46.7479285055092,5,kilometer,228.0,"R$ 3.482,34",18.0,9.0,13.0,14.0,,morumbi,05835-002,Es De Itapecerica,Vila das Belezas,São Paulo,SP
432540,2022,-23.6225065292887,-46.75530657766031,5,kilometer,437.0,"R$ 3.473,77",11.0,23.0,22.0,29.0,,morumbi,05756-350,Av Das Colmeias,Jardim Umarizal,São Paulo,SP
463652,2022,-23.6004212936714,-46.7681819335462,5,kilometer,246.0,"R$ 3.471,49",9.0,13.0,14.0,19.0,,morumbi,05549-000,R  Avelino Nogueira Do Prado,Jardim das Esmeraldas,São Paulo,SP
458363,2022,-23.5985163907973,-46.75258086064191,5,kilometer,543.0,"R$ 3.467,65",25.0,29.0,32.0,42.0,,morumbi,05527-060,R  Elias Acras,Jardim Celeste,São Paulo,SP
452355,2022,-23.6500409726781,-46.71521230898671,5,kilometer,577.0,"R$ 3.458,88",20.0,25.0,22.0,34.0,,morumbi,04755-000,R  Ada Negri,Santo Amaro,São Paulo,SP
432598,2022,-23.6317429371239,-46.7682927005149,5,kilometer,482.0,"R$ 3.452,44",14.0,34.0,27.0,33.0,,morumbi,05760-070,R  Francisco Bayeu,Vila Rica,São Paulo,SP
463701,2022,-23.6010511844936,-46.755893740663694,5,kilometer,372.0,"R$ 3.445,19",14.0,22.0,18.0,23.0,,morumbi,05525-080,Es Do Jaguare,Jardim Jussara,São Paulo,SP
445616,2022,-23.6462573359881,-46.7433959800111,5,kilometer,605.0,"R$ 3.438,99",30.0,31.0,44.0,40.0,,morumbi,05841-080,R  Alaor Klein,Vila das Belezas,São Paulo,SP
458082,2022,-23.5927926325619,-46.7420885732462,5,kilometer,512.0,"R$ 3.431,68",17.0,28.0,29.0,38.0,,morumbi,05541-120,R  Bernard De Soissons,Jardim das Vertentes,São Paulo,SP
463662,2022,-23.6026359007907,-46.7657098599216,5,kilometer,486.0,"R$ 3.413,25",11.0,18.0,22.0,24.0,,morumbi,,,,,
458162,2022,-23.6021219956174,-46.7360744470783,5,kilometer,427.0,"R$ 3.400,96",19.0,18.0,22.0,22.0,,morumbi,05632-070,R  Edmundo De Amicis,Jardim Monte Kemel,São Paulo,SP
463563,2022,-23.6152073858589,-46.764584772587,5,kilometer,304.0,"R$ 3.393,10",18.0,18.0,22.0,14.0,,morumbi,,,,,
432653,2022,-23.6369517185711,-46.7543867322448,5,kilometer,151.0,"R$ 3.382,41",8.0,8.0,9.0,17.0,,morumbi,05773-020,R  Bernardo Correia Leitao,Parque Regina,São Paulo,SP
455443,2022,-23.6181595956081,-46.7458290518542,5,kilometer,695.0,"R$ 3.380,61",41.0,39.0,44.0,42.0,,morumbi,05749-330,R  Miguel Masi Neto,Jardim das Palmas,São Paulo,SP
432885,2022,-23.6331640649743,-46.754560403341294,5,kilometer,172.0,"R$ 3.379,76",9.0,10.0,13.0,14.0,,morumbi,05766-290,R  Cardoso Moreira,Jardim Olinda,São Paulo,SP
455645,2022,-23.6189621473325,-46.7453342561814,5,kilometer,440.0,"R$ 3.372,98",24.0,16.0,30.0,25.0,,morumbi,05750-260,R  Jose Arzao,Vila Praia,São Paulo,SP
463947,2022,-23.6030630559288,-46.7690764518479,5,kilometer,798.0,"R$ 3.371,77",33.0,55.0,41.0,57.0,,morumbi,,,,,
463561,2022,-23.6089927179346,-46.7625512617001,5,kilometer,584.0,"R$ 3.359,19",16.0,28.0,34.0,27.0,,morumbi,,,,,
432901,2022,-23.6184656485762,-46.758950758983694,5,kilometer,146.0,"R$ 3.357,26",8.0,6.0,6.0,9.0,,morumbi,05777-001,Es Do Campo Limpo,Vila Prel,São Paulo,SP
458095,2022,-23.5884339470001,-46.75436342100151,5,kilometer,597.0,"R$ 3.353,92",34.0,39.0,37.0,32.0,,morumbi,05543-030,R  Basilio Levi,Vila Albano,São Paulo,SP
432460,2022,-23.6289558867977,-46.763910201858494,5,kilometer,649.0,"R$ 3.346,57",29.0,32.0,28.0,21.0,,morumbi,05758-060,R Desem Alceu Cordeiro Fernandes,Jardim Pirajussara,São Paulo,SP
432972,2022,-23.6444493589125,-46.7500030114442,5,kilometer,80.0,"R$ 3.341,52",4.0,,,,,morumbi,05778-280,R Pde Joaquim Correia De Almeida,Parque Arariba,São Paulo,SP
445603,2022,-23.6507718821882,-46.7433797176702,5,kilometer,788.0,"R$ 3.340,06",56.0,48.0,50.0,60.0,,morumbi,05842-050,R Dr Luis Tavares Da Cunha,Jardim Casablanca,São Paulo,SP
463562,2022,-23.6152524617246,-46.765703121632704,5,kilometer,495.0,"R$ 3.327,62",27.0,19.0,28.0,42.0,,morumbi,,,,,
445835,2022,-23.6489382620383,-46.7478356824072,5,kilometer,278.0,"R$ 3.319,45",9.0,18.0,8.0,8.0,,morumbi,05846-050,R  Amancio Pedro De Oliveira,Vila Maracanã,São Paulo,SP
432461,2022,-23.6285108849725,-46.762609406452,5,kilometer,840.0,"R$ 3.314,31",45.0,43.0,49.0,52.0,,morumbi,05758-090,R  Eliane Araujo Neves,Jardim Catanduva,São Paulo,SP
450086,2022,-23.5978271195209,-46.775383859348096,5,kilometer,292.0,"R$ 3.311,51",12.0,23.0,16.0,15.0,,morumbi,,,,,
445456,2022,-23.6512612693154,-46.737423084322494,5,kilometer,839.0,"R$ 3.308,75",46.0,47.0,50.0,65.0,,morumbi,05843-220,R  Geraldo Antonio Coelho,Jardim São Luís,São Paulo,SP
432721,2022,-23.6351336621611,-46.7665774664499,5,kilometer,398.0,"R$ 3.298,95",22.0,26.0,23.0,27.0,,morumbi,05761-370,R  Joao Brasilino Dos Santos,Jardim Maria Virginia,São Paulo,SP
463667,2022,-23.6054496531686,-46.7569546223222,5,kilometer,302.0,"R$ 3.297,84",16.0,22.0,20.0,23.0,,morumbi,,,,,
432623,2022,-23.6218410523844,-46.7638553676834,5,kilometer,380.0,"R$ 3.294,31",15.0,24.0,18.0,17.0,,morumbi,05785-180,R  Martinho Lutero,Jardim Campo Limpo,São Paulo,SP
450266,2022,-23.5900143828323,-46.7604845924336,5,kilometer,92.0,"R$ 3.279,68",3.0,5.0,10.0,4.0,,morumbi,05551-050,R  Jacinto De Oliveira,Jardim Raposo Tavares,São Paulo,SP
463706,2022,-23.6029754274736,-46.7530392037238,5,kilometer,379.0,"R$ 3.277,99",21.0,23.0,20.0,36.0,,morumbi,05525-060,Av  Intercontinental,Jardim Jussara,São Paulo,SP
458331,2022,-23.5959040935997,-46.7387450506684,5,kilometer,238.0,"R$ 3.275,51",10.0,9.0,15.0,12.0,,morumbi,05521-200,Av Prof Francisco Morato,Vila Sônia,São Paulo,SP
458297,2022,-23.5965326402117,-46.7421181194467,5,kilometer,148.0,"R$ 3.273,45",6.0,4.0,6.0,6.0,,morumbi,05524-000,R  Caminho Do Engenho,Ferreira,São Paulo,SP
447232,2022,-23.6112313077548,-46.72586064729649,5,kilometer,358.0,"R$ 3.272,78",16.0,24.0,17.0,29.0,,morumbi,05660-000,R  Pasquale Gallupi,Paraisópolis,São Paulo,SP
445575,2022,-23.654232544966,-46.7465894023196,5,kilometer,683.0,"R$ 3.270,84",28.0,41.0,45.0,42.0,,morumbi,05846-130,Ve  Sem Denominacao,Jardim Casablanca,São Paulo,SP
432611,2022,-23.6263875376019,-46.764935669237296,5,kilometer,170.0,"R$ 3.266,82",4.0,4.0,8.0,10.0,,morumbi,05758-090,R  Eliane Araujo Neves,Jardim Catanduva,São Paulo,SP
432553,2022,-23.6126885817621,-46.7554604138126,5,kilometer,634.0,"R$ 3.264,16",31.0,34.0,49.0,53.0,,morumbi,05743-200,R Dr Nelson De Souza Campos,Jardim Nadir,São Paulo,SP
450777,2022,-23.5765587811924,-46.749780520219,5,kilometer,364.0,"R$ 3.263,60",24.0,19.0,21.0,30.0,,morumbi,05365-140,R  Luiz Lopes Coelho,Jardim Centenário,São Paulo,SP
463705,2022,-23.6024755127647,-46.7540465842053,5,kilometer,444.0,"R$ 3.257,13",28.0,23.0,25.0,27.0,,morumbi,05525-080,Es Do Jaguare,Jardim Jussara,São Paulo,SP
445741,2022,-23.6457709634137,-46.7340361480746,5,kilometer,619.0,"R$ 3.256,26",28.0,31.0,31.0,22.0,,morumbi,05801-060,R  Mahamed Aguil,Jardim Mirante,São Paulo,SP
432952,2022,-23.6304959295882,-46.7489202402868,5,kilometer,710.0,"R$ 3.249,06",37.0,55.0,42.0,45.0,,morumbi,05735-030,R  Carlos Magalhaes,Parque Reboucas,São Paulo,SP
432512,2022,-23.6242022759328,-46.7620654508432,5,kilometer,494.0,"R$ 3.240,43",21.0,21.0,35.0,31.0,,morumbi,05757-230,R  Maria Isabel De Medeiros,Jardim Santa Emília,São Paulo,SP
432693,2022,-23.6189437242302,-46.7617230880878,5,kilometer,270.0,"R$ 3.236,07",12.0,22.0,19.0,12.0,,morumbi,05784-040,R  Carubinha,Parque Esmeralda,São Paulo,SP
458081,2022,-23.5975316643583,-46.7491146856557,5,kilometer,368.0,"R$ 3.224,32",13.0,13.0,21.0,25.0,,morumbi,05527-100,R  Herbert Smith,Jardim Celeste,São Paulo,SP
463409,2022,-23.6046287559101,-46.764617565067695,5,kilometer,527.0,"R$ 3.217,36",18.0,27.0,34.0,22.0,,morumbi,,,,,
450809,2022,-23.5851475212049,-46.7562810061112,5,kilometer,459.0,"R$ 3.215,64",19.0,25.0,23.0,27.0,,morumbi,05371-010,R Dr Sampaio Freire,Jardim Maria Luiza,São Paulo,SP
458170,2022,-23.5983856111563,-46.7507299980604,5,kilometer,420.0,"R$ 3.185,53",18.0,15.0,16.0,25.0,,morumbi,05527-080,R  Jose Alves De Almeida,Jardim Celeste,São Paulo,SP
432452,2022,-23.6350613293079,-46.7601507453766,5,kilometer,589.0,"R$ 3.177,34",30.0,38.0,57.0,35.0,,morumbi,05767-300,R  Antonio Caldas,Jardim Catanduva,São Paulo,SP
455647,2022,-23.6220652419116,-46.7439980237266,5,kilometer,60.0,"R$ 3.169,60",0.0,3.0,3.0,4.0,,morumbi,05734-140,R  Joao Simoes De Souza,Parque Reboucas,São Paulo,SP
445461,2022,-23.6483670460455,-46.7519445629456,5,kilometer,599.0,"R$ 3.162,03",15.0,24.0,19.0,21.0,,morumbi,05780-210,R  Adelino De Magalhaes,Vila Prel,São Paulo,SP
463695,2022,-23.5975032489929,-46.7608836696294,5,kilometer,476.0,"R$ 3.154,92",25.0,19.0,26.0,28.0,,morumbi,05549-280,R  Inacio Do Rego Pessoa,Jardim das Esmeraldas,São Paulo,SP
450658,2022,-23.5765424035875,-46.751687959694095,5,kilometer,309.0,"R$ 3.149,39",8.0,11.0,19.0,16.0,,morumbi,05368-010,R Dr Nelson Cayres De Britto,Vila Tiradentes,São Paulo,SP
445614,2022,-23.6465048709303,-46.7525033247076,5,kilometer,459.0,"R$ 3.138,09",15.0,23.0,18.0,23.0,,morumbi,05780-340,R  Miguel Melo,Vila Prel,São Paulo,SP
432591,2022,-23.636479249025,-46.743036218713,5,kilometer,640.0,"R$ 3.132,13",25.0,37.0,37.0,38.0,,morumbi,05730-170,R  Maria Jose Da Conceicao,Vila Andrade,São Paulo,SP
463694,2022,-23.5967411162669,-46.7614514127164,5,kilometer,487.0,"R$ 3.129,48",20.0,27.0,36.0,28.0,,morumbi,05549-290,R  Silvestre Ventura,Jardim das Esmeraldas,São Paulo,SP
463663,2022,-23.6010064793923,-46.7652785511234,5,kilometer,169.0,"R$ 3.122,64",10.0,12.0,13.0,12.0,,morumbi,05549-210,Av  Francisco Mont'Alverne,Jardim das Esmeraldas,São Paulo,SP
463664,2022,-23.6000496270085,-46.7639844788936,5,kilometer,652.0,"R$ 3.112,59",29.0,43.0,42.0,55.0,,morumbi,05549-210,Av  Francisco Mont'Alverne,Jardim das Esmeraldas,São Paulo,SP
463707,2022,-23.6032157499714,-46.75179313859631,5,kilometer,407.0,"R$ 3.111,58",16.0,24.0,28.0,21.0,,morumbi,05525-060,Av  Intercontinental,Jardim Jussara,São Paulo,SP
445580,2022,-23.656541296783,-46.7388805367338,5,kilometer,438.0,"R$ 3.109,26",22.0,27.0,31.0,30.0,,morumbi,05844-060,R  Durval De Almeida Santana,Jardim São Luís,São Paulo,SP
458161,2022,-23.5993362085032,-46.7375417088948,5,kilometer,389.0,"R$ 3.106,05",15.0,25.0,14.0,18.0,,morumbi,05633-030,R  Jose Ferreira Da Rocha Filho,Jardim Monte Kemel,São Paulo,SP
445626,2022,-23.6484395334621,-46.737859293589,5,kilometer,554.0,"R$ 3.104,69",23.0,36.0,22.0,40.0,,morumbi,05836-160,R  Domingos Marques,Jardim Monte Azul,São Paulo,SP
445415,2022,-23.6566066718898,-46.741213441411,5,kilometer,414.0,"R$ 3.100,32",13.0,21.0,14.0,32.0,,morumbi,05844-010,R  Antonio Esper,Jardim São Luís,São Paulo,SP
463398,2022,-23.6105307067755,-46.777586177362,5,kilometer,609.0,"R$ 3.089,40",33.0,36.0,34.0,42.0,,morumbi,,,,,
458118,2022,-23.5981140279726,-46.756266285396094,5,kilometer,499.0,"R$ 3.089,35",23.0,24.0,29.0,34.0,,morumbi,05527-000,R  Natal Pigassi,Jardim Celeste,São Paulo,SP
455322,2022,-23.6406847289333,-46.744301078519904,5,kilometer,637.0,"R$ 3.088,28",19.0,35.0,30.0,38.0,,morumbi,05731-262,Tv  Joaquim Tenreiro,Jardim Bronzato,São Paulo,SP
458334,2022,-23.6132932914817,-46.7496442205979,5,kilometer,365.0,"R$ 3.086,38",18.0,20.0,35.0,26.0,,morumbi,05750-130,R  Diogo Pereira,Super Quadra Morumbi,São Paulo,SP
450147,2022,-23.5884737657738,-46.7618571111711,5,kilometer,339.0,"R$ 3.084,51",10.0,18.0,22.0,20.0,,morumbi,05551-200,R  Estevao Rovira,Jardim Raposo Tavares,São Paulo,SP
432906,2022,-23.6234937650858,-46.76483212559911,5,kilometer,396.0,"R$ 3.071,86",10.0,26.0,34.0,23.0,,morumbi,05785-190,R Mons Luis Gonzaga De Almeida,Jardim Campo Limpo,São Paulo,SP
445432,2022,-23.6543343125533,-46.74224111006,5,kilometer,613.0,"R$ 3.060,26",29.0,39.0,26.0,26.0,,morumbi,05845-250,R  Antonio Duarte Meira,Jardim Brasília,São Paulo,SP
445627,2022,-23.6493932910976,-46.737929951104896,5,kilometer,272.0,"R$ 3.057,23",9.0,13.0,14.0,15.0,,morumbi,05836-300,R  Mauricio Pacheco Tavares,Jardim Monte Azul,São Paulo,SP
432448,2022,-23.6304469751307,-46.7673009794637,5,kilometer,387.0,"R$ 3.054,35",16.0,25.0,15.0,18.0,,morumbi,05759-220,R  Celso Mesquita Leite,Jardim Martinica,São Paulo,SP
458353,2022,-23.5895416791704,-46.7523314299844,5,kilometer,245.0,"R$ 3.052,75",19.0,9.0,15.0,13.0,,morumbi,05543-110,R  Sergio Camargo,Vila Albano,São Paulo,SP
463696,2022,-23.5984387095004,-46.762334838817,5,kilometer,494.0,"R$ 3.046,31",23.0,33.0,36.0,40.0,,morumbi,05549-270,R  Serafim Maia,Jardim das Esmeraldas,São Paulo,SP
432970,2022,-23.6427926934053,-46.747989747894,5,kilometer,178.0,"R$ 3.038,10",11.0,6.0,12.0,8.0,,morumbi,05777-180,R  Vilar De Figos,Vila Nova das Belezas,São Paulo,SP
445804,2022,-23.6512283413304,-46.7310914139514,5,kilometer,402.0,"R$ 3.037,48",20.0,18.0,20.0,20.0,,morumbi,05805-030,R  Guimaraes Tavares,Jardim São Luís,São Paulo,SP
463412,2022,-23.6131633678638,-46.7623095700925,5,kilometer,522.0,"R$ 3.032,72",20.0,19.0,25.0,32.0,,morumbi,,,,,
432720,2022,-23.6349226856827,-46.7669301575914,5,kilometer,539.0,"R$ 3.025,16",33.0,28.0,34.0,29.0,,morumbi,05761-190,R Dr Celso Charuri,Jardim Maria Virginia,São Paulo,SP
463400,2022,-23.614525754602,-46.76304643296511,5,kilometer,519.0,"R$ 3.022,83",18.0,31.0,31.0,23.0,,morumbi,,,,,
463917,2022,-23.611433270155,-46.78121240663209,5,kilometer,366.0,"R$ 3.015,00",16.0,26.0,23.0,18.0,,morumbi,,,,,
450159,2022,-23.5880011551234,-46.7690593572734,5,kilometer,583.0,"R$ 3.014,64",30.0,42.0,40.0,26.0,,morumbi,05546-000,R Gal Teixeira De Campos,Jardim Cláudia,São Paulo,SP
458287,2022,-23.5990256231068,-46.7357983341882,5,kilometer,151.0,"R$ 3.011,67",6.0,11.0,5.0,13.0,,morumbi,05632-040,R  Inocencio Serafico,Jardim Monte Kemel,São Paulo,SP
458100,2022,-23.5987073106375,-46.7326319256538,5,kilometer,169.0,"R$ 3.010,46",4.0,7.0,8.0,7.0,,morumbi,05628-030,R  Salomao Wainberg,Jardim Colombo,São Paulo,SP
432865,2022,-23.6432090407755,-46.75013756201511,5,kilometer,413.0,"R$ 2.995,81",16.0,14.0,32.0,29.0,,morumbi,05778-110,R  Balbina Maria Gomes,Parque Arariba,São Paulo,SP
432729,2022,-23.6256637280483,-46.7542205839903,5,kilometer,324.0,"R$ 2.993,43",18.0,11.0,20.0,18.0,,morumbi,05756-280,R  Caxinava,Jardim Umarizal,São Paulo,SP
432761,2022,-23.6470047915604,-46.759744653219,5,kilometer,477.0,"R$ 2.993,34",30.0,34.0,22.0,19.0,,morumbi,05763-300,R  Domenico Baleti,Jardim Piracuama,São Paulo,SP
450355,2022,-23.5851235713457,-46.767905630862096,5,kilometer,162.0,"R$ 2.987,14",6.0,4.0,9.0,8.0,,morumbi,05545-160,R  Jose Silvano Filho,Jardim Lúcia,São Paulo,SP
445460,2022,-23.6530072899046,-46.731778410082704,5,kilometer,608.0,"R$ 2.987,06",51.0,41.0,30.0,36.0,,morumbi,05813-060,R  Nazareno Pedroso De Oliveira,Jardim São Luís,São Paulo,SP
432459,2022,-23.629071760433,-46.7650705122245,5,kilometer,778.0,"R$ 2.975,77",28.0,39.0,34.0,43.0,,morumbi,05758-160,R  Nestor Homem De Melo,Jardim Catanduva,São Paulo,SP
432557,2022,-23.6343669642276,-46.7474425006945,5,kilometer,764.0,"R$ 2.972,59",70.0,42.0,33.0,49.0,,morumbi,05776-430,R  Jose Pereira Bueno,Vila Franca,São Paulo,SP
463704,2022,-23.6023887806416,-46.7551047310117,5,kilometer,586.0,"R$ 2.971,46",34.0,39.0,38.0,42.0,,morumbi,05525-080,Es Do Jaguare,Jardim Jussara,São Paulo,SP
432911,2022,-23.6410809210836,-46.7524122501613,5,kilometer,383.0,"R$ 2.970,33",11.0,31.0,23.0,24.0,,morumbi,05778-210,R  Isaias Tarandach,Parque Arariba,São Paulo,SP
463614,2022,-23.6097020324818,-46.7597045335926,5,kilometer,205.0,"R$ 2.968,52",3.0,5.0,8.0,15.0,,morumbi,,,,,
463823,2022,-23.6131987913733,-46.76882191816191,5,kilometer,333.0,"R$ 2.966,44",7.0,17.0,16.0,36.0,,morumbi,,,,,
450179,2022,-23.5871047477205,-46.7666960871572,5,kilometer,300.0,"R$ 2.964,26",8.0,19.0,17.0,18.0,,morumbi,05545-030,R  Ruy Rodrigues De Moraes,Jardim Cláudia,São Paulo,SP
445455,2022,-23.6495478032794,-46.740472955528,5,kilometer,600.0,"R$ 2.957,37",28.0,20.0,19.0,29.0,,morumbi,05843-300,R  Joao Meimberg,Jardim São Luís,São Paulo,SP
455444,2022,-23.6181445426477,-46.747243942628,5,kilometer,568.0,"R$ 2.954,97",39.0,44.0,41.0,23.0,,morumbi,05749-330,R  Miguel Masi Neto,Jardim das Palmas,São Paulo,SP
432612,2022,-23.6268347803607,-46.76258469167271,5,kilometer,513.0,"R$ 2.951,50",21.0,26.0,25.0,25.0,,morumbi,05767-000,R Profa Nina Stocco,Jardim Catanduva,São Paulo,SP
432541,2022,-23.6220523428378,-46.7527173231391,5,kilometer,768.0,"R$ 2.948,85",39.0,43.0,40.0,47.0,,morumbi,05754-010,R  Calogeras,Umarizal,São Paulo,SP
463963,2022,-23.6189366998615,-46.7638700837308,5,kilometer,349.0,"R$ 2.942,03",19.0,11.0,14.0,25.0,,morumbi,05784-120,R Pde Jose Antonio Romano,Parque Esmeralda,São Paulo,SP
455667,2022,-23.6375816144624,-46.7429455152533,5,kilometer,905.0,"R$ 2.940,59",49.0,60.0,59.0,57.0,,morumbi,05730-160,R  Chico Gomes,Vila Andrade,São Paulo,SP
450682,2022,-23.5822920594139,-46.758466939444496,5,kilometer,453.0,"R$ 2.939,13",16.0,20.0,31.0,27.0,,morumbi,05373-000,R  Rosaria Ana Barbosa,Jardim Ester,São Paulo,SP
441341,2022,-23.6133721478169,-46.6949295903357,5,kilometer,449.0,"R$ 2.938,05",16.0,28.0,32.0,36.0,,morumbi,04576-010,Av Jorn Roberto Marinho,Cidade Monções,São Paulo,SP
432454,2022,-23.6365377028971,-46.7715080914578,5,kilometer,499.0,"R$ 2.936,60",18.0,20.0,21.0,27.0,,morumbi,05786-020,R  Antonio Antunes,Vila Pirajussara,São Paulo,SP
450184,2022,-23.5958502630619,-46.7620877297664,5,kilometer,324.0,"R$ 2.935,13",12.0,11.0,18.0,28.0,,morumbi,05549-300,R  Gervasio Goncalves,Jardim das Esmeraldas,São Paulo,SP
463519,2022,-23.6170586049458,-46.7775535069512,5,kilometer,311.0,"R$ 2.934,90",19.0,18.0,16.0,24.0,,morumbi,,,,,
445433,2022,-23.6548658031388,-46.7399289683642,5,kilometer,557.0,"R$ 2.932,45",17.0,16.0,27.0,28.0,,morumbi,05844-110,R  Jose Rodrigues Gomes,Jardim São Luís,São Paulo,SP
447249,2022,-23.6072467091552,-46.7019732158206,5,kilometer,814.0,"R$ 2.927,66",52.0,73.0,86.0,84.0,,morumbi,05686-030,R Cd De Itaguai,Real Parque,São Paulo,SP
463518,2022,-23.619109463281,-46.77859179246391,5,kilometer,472.0,"R$ 2.913,74",23.0,27.0,35.0,23.0,,morumbi,,,,,
445449,2022,-23.6518828864282,-46.74225933002791,5,kilometer,673.0,"R$ 2.906,99",48.0,38.0,41.0,50.0,,morumbi,05845-290,R Gov Ayres De Saldanha,Jardim Brasília,São Paulo,SP
432603,2022,-23.6359782484312,-46.7691029742175,5,kilometer,226.0,"R$ 2.906,03",8.0,15.0,12.0,13.0,,morumbi,05777-000,Es Do Campo Limpo,Vila Prel,São Paulo,SP
432654,2022,-23.6434947850403,-46.761723579251,5,kilometer,149.0,"R$ 2.904,00",10.0,11.0,17.0,15.0,,morumbi,05763-380,R  Francisco Gonzaga,Jardim Piracuama,São Paulo,SP
450124,2022,-23.5928899086801,-46.7623741696004,5,kilometer,445.0,"R$ 2.903,74",15.0,25.0,24.0,18.0,,morumbi,05528-300,R  Joao Francisco Moreira,Jardim Dracena,São Paulo,SP
458069,2022,-23.5934405306821,-46.73949456008671,5,kilometer,215.0,"R$ 2.901,74",12.0,6.0,8.0,12.0,,morumbi,05523-010,R Comen Francisco Chinnici,Ferreira,São Paulo,SP
463891,2022,-23.6004194100696,-46.758565030993296,5,kilometer,602.0,"R$ 2.899,64",28.0,37.0,31.0,42.0,,morumbi,05525-080,Es Do Jaguare,Jardim Jussara,São Paulo,SP
432559,2022,-23.6382656245528,-46.7484386884203,5,kilometer,844.0,"R$ 2.898,53",55.0,36.0,33.0,39.0,,morumbi,05776-500,R  Ricardina Campello F.Rodrigues,Vila Franca,São Paulo,SP
432907,2022,-23.6240277548266,-46.766693111656,5,kilometer,544.0,"R$ 2.888,68",32.0,25.0,28.0,29.0,,morumbi,05785-180,R  Martinho Lutero,Jardim Campo Limpo,São Paulo,SP
463892,2022,-23.6021316333916,-46.7592829671784,5,kilometer,443.0,"R$ 2.875,69",18.0,30.0,19.0,29.0,,morumbi,,,,,
432567,2022,-23.6327962763584,-46.7675309537378,5,kilometer,643.0,"R$ 2.869,40",23.0,39.0,26.0,35.0,,morumbi,05760-160,R  Onesio Garcia,Jardim Faria Lima,São Paulo,SP
432714,2022,-23.6253475048552,-46.7481497252148,5,kilometer,811.0,"R$ 2.869,28",42.0,40.0,63.0,71.0,,morumbi,05734-090,R  Chapada De Minas,Parque Reboucas,São Paulo,SP
450087,2022,-23.5994009308061,-46.7747303731875,5,kilometer,253.0,"R$ 2.859,07",10.0,19.0,13.0,12.0,,morumbi,,,,,
463637,2022,-23.6203638266105,-46.7673390450556,5,kilometer,551.0,"R$ 2.856,44",23.0,28.0,36.0,34.0,,morumbi,05785-070,R  Cidreira,Jardim São Mateus,São Paulo,SP
433856,2022,-23.6515009394034,-46.7549483350595,5,kilometer,181.0,"R$ 2.853,19",4.0,6.0,4.0,4.0,,morumbi,05849-210,Tv  Carlos Gois,Jardim Germânia,São Paulo,SP
432479,2022,-23.6252768738219,-46.7637254196499,5,kilometer,280.0,"R$ 2.852,66",8.0,13.0,10.0,11.0,,morumbi,05757-200,R  Lourenco Saporito,Jardim Ana Maria,São Paulo,SP
445606,2022,-23.6485063739877,-46.7445045574596,5,kilometer,408.0,"R$ 2.850,61",22.0,23.0,24.0,19.0,,morumbi,05842-090,R  Jose Geniolli,Jardim Casablanca,São Paulo,SP
463918,2022,-23.6203986499124,-46.77046330660311,5,kilometer,584.0,"R$ 2.849,16",28.0,33.0,39.0,35.0,,morumbi,,,,,
432584,2022,-23.6390899249155,-46.7513109057962,5,kilometer,185.0,"R$ 2.844,07",7.0,11.0,11.0,8.0,,morumbi,05778-290,R  Eurico De Azevedo Marques,Parque Arariba,São Paulo,SP
432685,2022,-23.6362106836001,-46.7464156142056,5,kilometer,216.0,"R$ 2.843,96",12.0,11.0,23.0,11.0,,morumbi,05776-450,R  Manuel Moreira De Sa,Vila Franca,São Paulo,SP
445610,2022,-23.6516224662337,-46.7334118376082,5,kilometer,206.0,"R$ 2.843,16",12.0,13.0,13.0,6.0,,morumbi,05813-090,R  Sebastiao Amancio Pinto,Jardim São Luís,São Paulo,SP
432510,2022,-23.6208227914345,-46.763062894903,5,kilometer,532.0,"R$ 2.842,68",20.0,28.0,26.0,25.0,,morumbi,05784-080,R  Christophe Allegrain,Parque Esmeralda,São Paulo,SP
450779,2022,-23.5822576043282,-46.75582606091911,5,kilometer,625.0,"R$ 2.837,97",26.0,39.0,39.0,45.0,,morumbi,05366-190,R  Calixto Garcia,Jardim Ester,São Paulo,SP
463736,2022,-23.6181099219468,-46.766005823713,5,kilometer,307.0,"R$ 2.837,63",21.0,11.0,13.0,17.0,,morumbi,,,,,
445434,2022,-23.6542942946508,-46.7390434128548,5,kilometer,563.0,"R$ 2.834,86",36.0,23.0,29.0,30.0,,morumbi,05844-180,R Dr Octacilio De Carvalho Lopes,Jardim São Luís,São Paulo,SP
445430,2022,-23.6545671185694,-46.7451366887073,5,kilometer,666.0,"R$ 2.834,11",23.0,36.0,38.0,45.0,,morumbi,05847-000,Av  Jacobus Baldi,Jardim Iracema,São Paulo,SP
450216,2022,-23.5924554775012,-46.7603362195275,5,kilometer,486.0,"R$ 2.832,89",19.0,27.0,19.0,32.0,,morumbi,05528-260,R  Domingos Machado,Jardim Dracena,São Paulo,SP
463567,2022,-23.6253433550511,-46.7703678613349,5,kilometer,921.0,"R$ 2.832,27",51.0,63.0,50.0,52.0,,morumbi,05785-110,R  Giovanni Boccati,Jardim Campo Limpo,São Paulo,SP
432699,2022,-23.6351641612107,-46.7521336723104,5,kilometer,161.0,"R$ 2.828,64",6.0,8.0,4.0,9.0,,morumbi,05775-190,R  Goncalo Da Costa Temudo,Parque Regina,São Paulo,SP
450183,2022,-23.594095424885,-46.764521477500494,5,kilometer,665.0,"R$ 2.819,09",23.0,44.0,49.0,45.0,,morumbi,05544-240,R Dr Candido De Moraes Leme Junior,Jardim Luísa,São Paulo,SP
455446,2022,-23.6195920222833,-46.7477079445891,5,kilometer,388.0,"R$ 2.819,02",23.0,23.0,28.0,28.0,,morumbi,05749-340,R  Silvio Delmar Hollenbach,Jardim das Palmas,São Paulo,SP
463559,2022,-23.6098678576028,-46.7744473942846,5,kilometer,487.0,"R$ 2.813,02",23.0,37.0,26.0,27.0,,morumbi,,,,,
463565,2022,-23.6167013408339,-46.765255831068494,5,kilometer,901.0,"R$ 2.806,34",51.0,66.0,53.0,60.0,,morumbi,,,,,
458121,2022,-23.5943443741404,-46.756332108410895,5,kilometer,218.0,"R$ 2.801,99",11.0,13.0,9.0,11.0,,morumbi,05528-110,R  Anis Chakur,Jardim Alvorada (Zona Oeste),São Paulo,SP
445338,2022,-23.6460947928095,-46.73204463092551,5,kilometer,315.0,"R$ 2.799,62",13.0,20.0,16.0,20.0,,morumbi,05801-120,Tv  Sal Gema,Jardim Mirante,São Paulo,SP
463535,2022,-23.6122806103763,-46.7731419002623,5,kilometer,292.0,"R$ 2.795,20",13.0,21.0,21.0,11.0,,morumbi,,,,,
432993,2022,-23.6404500699414,-46.7631848935812,5,kilometer,406.0,"R$ 2.793,25",19.0,28.0,23.0,25.0,,morumbi,05762-200,R  Marujada,Parque Ipê,São Paulo,SP
450122,2022,-23.5918941038012,-46.7618722821844,5,kilometer,150.0,"R$ 2.789,00",10.0,6.0,7.0,10.0,,morumbi,05528-250,R  Domingos Nogueira,Jardim Dracena,São Paulo,SP
432886,2022,-23.6330115697436,-46.7539344234734,5,kilometer,284.0,"R$ 2.787,89",11.0,15.0,26.0,27.0,,morumbi,05773-010,Av  Andrea Pisano,Parque Regina,São Paulo,SP
432444,2022,-23.6358658432893,-46.7646754949702,5,kilometer,643.0,"R$ 2.783,26",40.0,26.0,36.0,38.0,,morumbi,05761-240,R  Geraldo Leite Dos Santos,Jardim Maria Virginia,São Paulo,SP
450267,2022,-23.5906558726828,-46.762563443217104,5,kilometer,155.0,"R$ 2.781,76",8.0,7.0,9.0,9.0,,morumbi,05551-150,R  Samuel Raven,Jardim Raposo Tavares,São Paulo,SP
463916,2022,-23.6131037260723,-46.7716160389426,5,kilometer,385.0,"R$ 2.781,49",10.0,25.0,19.0,24.0,,morumbi,,,,,
432700,2022,-23.633957969983,-46.7505497796579,5,kilometer,487.0,"R$ 2.774,44",22.0,35.0,34.0,28.0,,morumbi,05774-200,R  Andrea Appiani,Parque Regina,São Paulo,SP
432484,2022,-23.630592888924,-46.754877958982895,5,kilometer,808.0,"R$ 2.771,67",49.0,53.0,49.0,45.0,,morumbi,05766-280,R  Carandazinho,Jardim Olinda,São Paulo,SP
463484,2022,-23.6247647352537,-46.7746222155202,5,kilometer,674.0,"R$ 2.770,73",44.0,60.0,32.0,41.0,,morumbi,,,,,
432915,2022,-23.6398945292263,-46.7607361623062,5,kilometer,292.0,"R$ 2.766,57",16.0,18.0,26.0,21.0,,morumbi,05762-080,R  Francisco Duarte Malha,Parque Ipê,São Paulo,SP
463601,2022,-23.6076897418514,-46.7784891434923,5,kilometer,570.0,"R$ 2.766,54",27.0,41.0,44.0,33.0,,morumbi,,,,,
432451,2022,-23.6339885409956,-46.7610693702056,5,kilometer,774.0,"R$ 2.760,91",29.0,36.0,42.0,54.0,,morumbi,05767-360,R  Francisco Martins Bonilha,Jardim Catanduva,São Paulo,SP
463449,2022,-23.6272969274116,-46.771808538747294,5,kilometer,540.0,"R$ 2.759,89",39.0,27.0,33.0,24.0,,morumbi,05788-420,R  Ivar Beckman,Jardim Campo Limpo,São Paulo,SP
450683,2022,-23.5847508013764,-46.7584869653358,5,kilometer,649.0,"R$ 2.756,81",36.0,37.0,46.0,53.0,,morumbi,05373-080,R  Joao Millam,Jardim Ester,São Paulo,SP
432776,2022,-23.6376606687602,-46.74778375452591,5,kilometer,222.0,"R$ 2.754,96",6.0,8.0,10.0,17.0,,morumbi,05776-460,R  Manuel Pinto,Jardim Eliza,São Paulo,SP
432570,2022,-23.6381768485939,-46.77017023990231,5,kilometer,139.0,"R$ 2.751,84",8.0,5.0,6.0,4.0,,morumbi,05794-360,R  Osvaldo De Arruda Reis,Jardim Paris,São Paulo,SP
432467,2022,-23.642419609517,-46.7646798360708,5,kilometer,590.0,"R$ 2.751,67",29.0,32.0,32.0,37.0,,morumbi,05762-070,R  Francisco Barriga De Souza,Parque Ipê,São Paulo,SP
432477,2022,-23.6258671789303,-46.76665203755449,5,kilometer,522.0,"R$ 2.739,50",20.0,21.0,18.0,32.0,,morumbi,05785-190,R Mons Luis Gonzaga De Almeida,Jardim Campo Limpo,São Paulo,SP
432569,2022,-23.6362287326388,-46.7614466860276,5,kilometer,783.0,"R$ 2.737,48",44.0,46.0,33.0,47.0,,morumbi,05767-330,R  Berco Udler,Jardim Catanduva,São Paulo,SP
432796,2022,-23.6329371061824,-46.7630673960299,5,kilometer,749.0,"R$ 2.735,68",44.0,40.0,70.0,63.0,,morumbi,05760-020,R  Benedita Da Silva Pinto,Jardim Faria Lima,São Paulo,SP
445435,2022,-23.6536053909143,-46.7380674770774,5,kilometer,582.0,"R$ 2.733,90",28.0,36.0,37.0,36.0,,morumbi,05844-170,R  Manoel Batista,Jardim São Luís,São Paulo,SP
432732,2022,-23.6405481957747,-46.7485888024384,5,kilometer,378.0,"R$ 2.723,28",22.0,16.0,17.0,14.0,,morumbi,05778-090,R  Adolfo Campos De Araujo,Parque Arariba,São Paulo,SP
450186,2022,-23.5963480301512,-46.7664654036769,5,kilometer,553.0,"R$ 2.722,51",28.0,25.0,33.0,45.0,,morumbi,05549-280,R  Inacio Do Rego Pessoa,Jardim das Esmeraldas,São Paulo,SP
463888,2022,-23.606164898034,-46.7688015546726,5,kilometer,439.0,"R$ 2.722,27",23.0,27.0,28.0,26.0,,morumbi,,,,,
463793,2022,-23.6143813785459,-46.7786340417268,5,kilometer,273.0,"R$ 2.711,05",12.0,11.0,12.0,16.0,,morumbi,,,,,
463737,2022,-23.6032975887472,-46.7785338817289,5,kilometer,634.0,"R$ 2.710,97",33.0,41.0,35.0,59.0,,morumbi,05563-100,R  Joel Jose De Carvalho,Jardim Raposo Tavares,São Paulo,SP
432573,2022,-23.6423214061671,-46.7628222620613,5,kilometer,645.0,"R$ 2.709,72",30.0,39.0,46.0,38.0,,morumbi,05762-070,R  Francisco Barriga De Souza,Parque Ipê,São Paulo,SP
432534,2022,-23.646686156096,-46.7615679603569,5,kilometer,281.0,"R$ 2.702,28",14.0,15.0,19.0,16.0,,morumbi,05763-440,R  Joao Rodrigues De Moura,Jardim Piracuama,São Paulo,SP
458175,2022,-23.6028155518996,-46.733843916971104,5,kilometer,511.0,"R$ 2.697,00",32.0,31.0,26.0,35.0,,morumbi,05632-010,R Min Rafael De Barros Monteiro,Jardim Monte Kemel,São Paulo,SP
432964,2022,-23.6329306683387,-46.752679107631,5,kilometer,72.0,"R$ 2.695,56",3.0,4.0,,3.0,,morumbi,05773-040,R  Eugenio Ribeiro,Parque Regina,São Paulo,SP
432632,2022,-23.6287749937562,-46.747207972702704,5,kilometer,723.0,"R$ 2.693,25",29.0,47.0,46.0,52.0,,morumbi,05734-110,R Do Chico Nunes,Vila Andrade,São Paulo,SP
463787,2022,-23.609362357027,-46.778662681826304,5,kilometer,561.0,"R$ 2.692,48",27.0,38.0,41.0,47.0,,morumbi,,,,,
432585,2022,-23.6421696225845,-46.7519265388625,5,kilometer,903.0,"R$ 2.689,11",40.0,59.0,59.0,59.0,,morumbi,05778-240,R  Leopoldino Jose De Camargo,Parque Arariba,São Paulo,SP
450105,2022,-23.5978995888793,-46.7687775921999,5,kilometer,702.0,"R$ 2.685,26",30.0,41.0,41.0,42.0,,morumbi,05549-100,R  Agostinho Xapian,Jardim das Esmeraldas,São Paulo,SP
432458,2022,-23.6271031859821,-46.7681310411233,5,kilometer,671.0,"R$ 2.682,66",26.0,42.0,25.0,44.0,,morumbi,05785-030,R  Artur Goulart,Jardim Campo Limpo,São Paulo,SP
445619,2022,-23.6456774699222,-46.742121330919,5,kilometer,387.0,"R$ 2.679,62",20.0,15.0,17.0,13.0,,morumbi,05841-150,R Tte Isaias Branco De Araujo,Vila das Belezas,São Paulo,SP
458099,2022,-23.5978032936426,-46.7327311256648,5,kilometer,511.0,"R$ 2.676,65",17.0,29.0,36.0,22.0,,morumbi,05625-150,R  Maranguape,Vila Sônia,São Paulo,SP
432649,2022,-23.637215882342,-46.7690414928658,5,kilometer,288.0,"R$ 2.673,60",14.0,23.0,13.0,29.0,,morumbi,05794-340,R  Manuel Pedro De Almeida,Jardim Paris,São Paulo,SP
450218,2022,-23.5938494272384,-46.761786822087,5,kilometer,462.0,"R$ 2.672,03",24.0,31.0,20.0,33.0,,morumbi,05528-240,R  Joao Guilherme,Jardim Alvorada (Zona Oeste),São Paulo,SP
463544,2022,-23.6214898578309,-46.7764509840106,5,kilometer,86.0,"R$ 2.670,41",,6.0,9.0,4.0,,morumbi,,,,,
445462,2022,-23.6472223357272,-46.7439488318546,5,kilometer,858.0,"R$ 2.669,72",36.0,54.0,45.0,50.0,,morumbi,05841-190,R  Manuel De Toledo,Vila das Belezas,São Paulo,SP
432979,2022,-23.6304746901612,-46.7462182347638,5,kilometer,23.0,"R$ 2.666,67",6.0,0.0,,,,morumbi,05736-110,R  Clara Aurora,Jardim Ingá,São Paulo,SP
458341,2022,-23.5944015954043,-46.7526794240164,5,kilometer,527.0,"R$ 2.666,54",23.0,38.0,44.0,36.0,,morumbi,05529-100,R  Bartolomeu Rabelo,Jardim Jaqueline,São Paulo,SP
450807,2022,-23.5794346883349,-46.75061728755711,5,kilometer,476.0,"R$ 2.665,36",34.0,31.0,12.0,28.0,,morumbi,05368-120,R Dr Armando De Alcantara,Vila Tiradentes,São Paulo,SP
432597,2022,-23.637445571078,-46.7650149037013,5,kilometer,533.0,"R$ 2.662,46",27.0,27.0,31.0,29.0,,morumbi,05761-250,R  Henrique Coube,Jardim Maria Virginia,São Paulo,SP
432518,2022,-23.6307081602307,-46.75149241346951,5,kilometer,629.0,"R$ 2.659,74",30.0,32.0,47.0,37.0,,morumbi,05775-120,R  Antonio Jose Bastos,Parque Regina,São Paulo,SP
455588,2022,-23.6421994603133,-46.7315091010494,5,kilometer,613.0,"R$ 2.659,65",28.0,36.0,27.0,43.0,,morumbi,05723-380,R  Joao De Araujo Cabral,Jardim Santo Antônio,São Paulo,SP
432519,2022,-23.6345972781601,-46.75485739789831,5,kilometer,959.0,"R$ 2.652,92",51.0,65.0,61.0,68.0,,morumbi,05775-230,R  Melo Coutinho,Parque Regina,São Paulo,SP
463485,2022,-23.6261557196882,-46.774192929266,5,kilometer,706.0,"R$ 2.651,36",29.0,44.0,40.0,50.0,,morumbi,,,,,
455625,2022,-23.6165217208085,-46.730568365396095,5,kilometer,529.0,"R$ 2.647,77",30.0,36.0,48.0,49.0,,morumbi,05665-010,R Dr Laerte Setubal,Vila Suzana,São Paulo,SP
432441,2022,-23.6350357986498,-46.76817833995489,5,kilometer,591.0,"R$ 2.641,91",36.0,30.0,37.0,26.0,,morumbi,05761-290,R  Jorge Jubran,Jardim Maria Virginia,São Paulo,SP
450680,2022,-23.5822108397419,-46.753443799687,5,kilometer,571.0,"R$ 2.641,28",24.0,34.0,31.0,36.0,,morumbi,05371-150,R  Guido Oreggia,Jardim Nelly,São Paulo,SP
445451,2022,-23.6525340242287,-46.7363551652862,5,kilometer,756.0,"R$ 2.631,62",40.0,39.0,54.0,47.0,,morumbi,05843-140,R  Arraial Dos Couros,Jardim São Luís,São Paulo,SP
432466,2022,-23.6396036579678,-46.7626482437076,5,kilometer,564.0,"R$ 2.627,32",30.0,29.0,31.0,44.0,,morumbi,05762-250,R  Sebastiao Jacinto De Lima,Parque Ipê,São Paulo,SP
450775,2022,-23.5776391086374,-46.7484747619658,5,kilometer,256.0,"R$ 2.617,44",14.0,11.0,16.0,20.0,,morumbi,05365-180,R  Amadeu Pagnanelli,Jardim Centenário,São Paulo,SP
450778,2022,-23.5775937580044,-46.751135989685295,5,kilometer,321.0,"R$ 2.614,95",15.0,17.0,20.0,17.0,,morumbi,05368-060,R Prof Jonatas Silveira Serrano,Vila Tiradentes,São Paulo,SP
450181,2022,-23.5922834853942,-46.76654938650911,5,kilometer,413.0,"R$ 2.611,11",18.0,24.0,32.0,21.0,,morumbi,05544-110,R  Cecilia Furtado,Jardim Luísa,São Paulo,SP
432988,2022,-23.6345420110542,-46.75291691470871,5,kilometer,253.0,"R$ 2.610,66",19.0,22.0,23.0,21.0,,morumbi,05775-120,R  Antonio Jose Bastos,Parque Regina,São Paulo,SP
463572,2022,-23.6275437205127,-46.7729850750255,5,kilometer,383.0,"R$ 2.610,50",15.0,27.0,20.0,39.0,,morumbi,05788-420,R  Ivar Beckman,Jardim Campo Limpo,São Paulo,SP
463697,2022,-23.596809364251,-46.76003454784409,5,kilometer,566.0,"R$ 2.606,04",30.0,50.0,27.0,37.0,,morumbi,05525-080,Es Do Jaguare,Jardim Jussara,São Paulo,SP
432651,2022,-23.6313810586333,-46.7531027251807,5,kilometer,240.0,"R$ 2.603,26",7.0,18.0,10.0,15.0,,morumbi,05766-340,R  Ceresopolis,Jardim Olinda,São Paulo,SP
432599,2022,-23.6307483060148,-46.76467947496111,5,kilometer,576.0,"R$ 2.602,59",27.0,31.0,26.0,34.0,,morumbi,05759-000,R  Tomas Mazzoni,Jardim Samara,São Paulo,SP
450185,2022,-23.5972824411747,-46.764031369170304,5,kilometer,1124.0,"R$ 2.598,31",55.0,79.0,48.0,81.0,,morumbi,05549-210,Av  Francisco Mont'Alverne,Jardim das Esmeraldas,São Paulo,SP
432639,2022,-23.6376454769803,-46.7462549784702,5,kilometer,757.0,"R$ 2.589,85",77.0,42.0,20.0,15.0,,morumbi,05776-450,R  Manuel Moreira De Sa,Vila Franca,São Paulo,SP
450265,2022,-23.5940628896363,-46.7656049967296,5,kilometer,169.0,"R$ 2.579,89",3.0,7.0,11.0,9.0,,morumbi,05544-140,R  Braz Da Costa,Jardim Guarau,São Paulo,SP
450098,2022,-23.5884710661744,-46.7676644986282,5,kilometer,100.0,"R$ 2.576,85",7.0,4.0,6.0,3.0,,morumbi,05545-110,R  Joao Nascimento,Jardim Monte Alegre,São Paulo,SP
463448,2022,-23.6214862658004,-46.771954034508894,5,kilometer,459.0,"R$ 2.566,91",19.0,19.0,31.0,28.0,,morumbi,,,,,
450881,2022,-23.5803133428247,-46.75680392151511,5,kilometer,513.0,"R$ 2.561,06",38.0,33.0,45.0,39.0,,morumbi,05373-120,R  Maria Rita Balbino,Jardim Ester,São Paulo,SP
432792,2022,-23.6330460808386,-46.7637760443286,5,kilometer,526.0,"R$ 2.560,97",28.0,22.0,33.0,42.0,,morumbi,05760-020,R  Benedita Da Silva Pinto,Jardim Faria Lima,São Paulo,SP
463568,2022,-23.6242519536004,-46.768558149406,5,kilometer,740.0,"R$ 2.559,37",34.0,48.0,36.0,56.0,,morumbi,05785-140,R  Joao De Almada,Jardim Campo Limpo,São Paulo,SP
450285,2022,-23.5970429622493,-46.7692913101652,5,kilometer,185.0,"R$ 2.555,38",12.0,13.0,10.0,17.0,,morumbi,05549-080,R  Vitoriano Da Silva,Jardim das Esmeraldas,São Paulo,SP
463531,2022,-23.627413520957,-46.778407095941,5,kilometer,488.0,"R$ 2.554,64",37.0,32.0,21.0,35.0,,morumbi,,,,,
441342,2022,-23.6137091369097,-46.6936100901546,5,kilometer,300.0,"R$ 2.550,83",19.0,24.0,20.0,23.0,,morumbi,04563-060,R  Conceicao De Monte Alegre,Cidade Monções,São Paulo,SP
432596,2022,-23.6339862850853,-46.7669150224192,5,kilometer,481.0,"R$ 2.540,70",28.0,26.0,23.0,27.0,,morumbi,05761-280,R  Joao Baptista De Camargo,Jardim Maria Virginia,São Paulo,SP
445622,2022,-23.6431494991723,-46.7438610413198,5,kilometer,508.0,"R$ 2.539,97",26.0,26.0,26.0,22.0,,morumbi,05777-100,R  Manuel De Oliveira Falcao,Vila Nova das Belezas,São Paulo,SP
445684,2022,-23.6528850560135,-46.750048860965,5,kilometer,733.0,"R$ 2.530,68",46.0,42.0,46.0,45.0,,morumbi,05847-620,R  Yoshimara Minamoto,Jardim Brasília,São Paulo,SP
450746,2022,-23.5792312790488,-46.75324711670049,5,kilometer,659.0,"R$ 2.527,19",31.0,38.0,32.0,46.0,,morumbi,05368-140,R  Vilar Da Veiga,Vila São Domingos,São Paulo,SP
450808,2022,-23.5837683010756,-46.752717152321296,5,kilometer,452.0,"R$ 2.526,97",14.0,24.0,14.0,20.0,,morumbi,05371-140,R  Clorino De Oliveira Caje,Jardim Nelly,São Paulo,SP
432774,2022,-23.6367203653298,-46.74765472901289,5,kilometer,917.0,"R$ 2.526,16",78.0,61.0,31.0,35.0,,morumbi,05776-430,R  Jose Pereira Bueno,Vila Franca,São Paulo,SP
463399,2022,-23.6132953658704,-46.765645220072095,5,kilometer,781.0,"R$ 2.525,54",36.0,54.0,51.0,56.0,,morumbi,,,,,
432514,2022,-23.6251332442012,-46.756056495532896,5,kilometer,653.0,"R$ 2.522,43",28.0,41.0,39.0,44.0,,morumbi,05756-400,R  Juacema,Jardim Umarizal,São Paulo,SP
455546,2022,-23.6417093883016,-46.7331868957172,5,kilometer,297.0,"R$ 2.519,78",19.0,25.0,19.0,22.0,,morumbi,05723-400,R  Manuel Homem De Andrade,Jardim Santo Antônio,São Paulo,SP
432650,2022,-23.6346640059208,-46.7583424396499,5,kilometer,129.0,"R$ 2.515,14",3.0,5.0,16.0,8.0,,morumbi,05778-181,R  Caio Graco Da Silva Prado,Parque Arariba,São Paulo,SP
445602,2022,-23.6503132591579,-46.744329714794304,5,kilometer,196.0,"R$ 2.515,08",8.0,5.0,13.0,21.0,,morumbi,05842-050,R Dr Luis Tavares Da Cunha,Jardim Casablanca,São Paulo,SP
432543,2022,-23.625594243242,-46.7498951337066,5,kilometer,778.0,"R$ 2.512,93",60.0,60.0,45.0,56.0,,morumbi,05735-050,R  Castanho Mirim,Parque Reboucas,São Paulo,SP
463738,2022,-23.6047040582786,-46.7786858742885,5,kilometer,843.0,"R$ 2.512,06",41.0,48.0,61.0,56.0,,morumbi,05563-110,R  Carlos Faria,Jardim Raposo Tavares,São Paulo,SP
432443,2022,-23.6334890637778,-46.7648040469253,5,kilometer,845.0,"R$ 2.507,68",41.0,47.0,40.0,58.0,,morumbi,05760-120,R  Luiza De Castro Nascimento,Jardim Faria Lima,São Paulo,SP
463815,2022,-23.6161850207372,-46.768481304831,5,kilometer,520.0,"R$ 2.500,06",19.0,27.0,34.0,40.0,,morumbi,,,,,
432708,2022,-23.6361237225168,-46.7552153173239,5,kilometer,515.0,"R$ 2.492,55",29.0,23.0,29.0,30.0,,morumbi,05775-180,R  Francisco Jeronimo,Parque Regina,São Paulo,SP
432688,2022,-23.6205010974087,-46.7506964423824,5,kilometer,559.0,"R$ 2.480,47",36.0,28.0,38.0,38.0,,morumbi,05752-540,R  Jose Laborim,Jardim Maria Duarte,São Paulo,SP
432568,2022,-23.6364530252772,-46.7662244701592,5,kilometer,570.0,"R$ 2.479,06",31.0,42.0,31.0,42.0,,morumbi,05761-300,R  Jose Miguel Castello,Jardim Maria Virginia,São Paulo,SP
432912,2022,-23.6317401508743,-46.7462631510866,5,kilometer,266.0,"R$ 2.476,01",17.0,18.0,21.0,20.0,,morumbi,05736-020,R  Ageladas,Jardim Ingá,São Paulo,SP
445467,2022,-23.6487839555976,-46.73495614018751,5,kilometer,776.0,"R$ 2.472,29",42.0,37.0,51.0,49.0,,morumbi,05801-050,R  Luiz Grassmann,Jardim Mirante,São Paulo,SP
450896,2022,-23.5788692793229,-46.75823644739351,5,kilometer,480.0,"R$ 2.469,28",41.0,30.0,24.0,27.0,,morumbi,05374-040,R  Celso Lagar,Jardim Ester Yolanda,São Paulo,SP
455548,2022,-23.6207261043226,-46.7289338882371,5,kilometer,153.0,"R$ 2.468,56",13.0,11.0,13.0,17.0,,morumbi,05712-040,R Dr Jose Augusto De Souza E Silva,Jardim Parque Morumbi,São Paulo,SP
445607,2022,-23.6491389731765,-46.7419719158622,5,kilometer,505.0,"R$ 2.467,07",25.0,34.0,31.0,43.0,,morumbi,05842-020,R  Arthur Bliss,Jardim Casablanca,São Paulo,SP
445458,2022,-23.6516530737516,-46.7343052941298,5,kilometer,491.0,"R$ 2.466,95",16.0,25.0,28.0,33.0,,morumbi,05843-180,R  Aurelio Duarte De Oliveira,Jardim São Luís,São Paulo,SP
432492,2022,-23.6377963423558,-46.757101309290704,5,kilometer,743.0,"R$ 2.466,77",34.0,31.0,50.0,61.0,,morumbi,05778-181,R  Caio Graco Da Silva Prado,Parque Arariba,São Paulo,SP
432580,2022,-23.6283162944134,-46.7535228314268,5,kilometer,1050.0,"R$ 2.466,47",59.0,69.0,75.0,86.0,,morumbi,05757-900,R  Diogo Martins,Jardim Ana Maria,São Paulo,SP
432689,2022,-23.6195628296585,-46.7501397325895,5,kilometer,363.0,"R$ 2.465,12",11.0,21.0,26.0,24.0,,morumbi,05752-400,R  Capanezinho,Jardim Maria Duarte,São Paulo,SP
432658,2022,-23.6285286324941,-46.75198332206791,5,kilometer,486.0,"R$ 2.460,01",30.0,37.0,28.0,32.0,,morumbi,05766-260,R  Alexandre Biagio,Jardim Olinda,São Paulo,SP
432575,2022,-23.6322522400018,-46.7552031858144,5,kilometer,800.0,"R$ 2.458,09",52.0,51.0,63.0,58.0,,morumbi,05766-310,R  Catarina Guimaraes,Jardim Olinda,São Paulo,SP
432493,2022,-23.6409516102906,-46.7605469390361,5,kilometer,553.0,"R$ 2.457,23",28.0,35.0,46.0,40.0,,morumbi,05763-450,R  Lira Cearense,Jardim Santa Efigênia,São Paulo,SP
432852,2022,-23.626804700314,-46.7584976902611,5,kilometer,370.0,"R$ 2.456,29",14.0,25.0,20.0,26.0,,morumbi,05757-120,R  Diogo Martins,Jardim Ana Maria,São Paulo,SP
432614,2022,-23.6316553067266,-46.756684720284,5,kilometer,373.0,"R$ 2.455,13",19.0,23.0,20.0,27.0,,morumbi,05766-280,R  Carandazinho,Jardim Olinda,São Paulo,SP
445436,2022,-23.6560468724124,-46.7345797199179,5,kilometer,970.0,"R$ 2.454,82",46.0,41.0,47.0,53.0,,morumbi,05812-000,R  Frederico Marcicano,Jardim São Luís,São Paulo,SP
455549,2022,-23.6206495431049,-46.728049656874894,5,kilometer,319.0,"R$ 2.453,97",16.0,25.0,36.0,36.0,,morumbi,05712-030,R Dr Jeronimo De Campos Freire,Jardim Parque Morumbi,São Paulo,SP
445605,2022,-23.655854445647,-46.73261911490209,5,kilometer,699.0,"R$ 2.450,65",29.0,43.0,41.0,36.0,,morumbi,05812-000,R  Frederico Marcicano,Jardim São Luís,São Paulo,SP
450161,2022,-23.5953561304402,-46.7668300982719,5,kilometer,683.0,"R$ 2.448,16",35.0,41.0,37.0,46.0,,morumbi,05544-200,R Rev Jorge Bertolaso Stella,Jardim Guarau,São Paulo,SP
445786,2022,-23.6536303841908,-46.730148995670895,5,kilometer,35.0,"R$ 2.448,00",,,3.0,4.0,,morumbi,05813-050,R  Maria Jose De Carvalho,Jardim São Luís,São Paulo,SP
455545,2022,-23.6176624644802,-46.7220585317946,5,kilometer,597.0,"R$ 2.446,14",42.0,41.0,40.0,60.0,,morumbi,05664-015,R Da Independencia,Paraisópolis,São Paulo,SP
432660,2022,-23.6333813836966,-46.766513458400304,5,kilometer,244.0,"R$ 2.444,16",20.0,31.0,15.0,21.0,,morumbi,05760-090,R Frei Jeronimo Da Graca,Jardim Faria Lima,São Paulo,SP
458087,2022,-23.5990552902917,-46.7361821708608,5,kilometer,265.0,"R$ 2.440,65",11.0,12.0,19.0,19.0,,morumbi,05632-040,R  Inocencio Serafico,Jardim Monte Kemel,São Paulo,SP
450269,2022,-23.5991962698214,-46.775749868380494,5,kilometer,210.0,"R$ 2.438,49",12.0,6.0,6.0,15.0,,morumbi,,,,,
432669,2022,-23.6356375749787,-46.753299663946,5,kilometer,170.0,"R$ 2.431,58",4.0,16.0,11.0,12.0,,morumbi,05775-200,R Prof Leitao Da Cunha,Parque Regina,São Paulo,SP
450104,2022,-23.5982632413982,-46.7679657460764,5,kilometer,441.0,"R$ 2.429,42",14.0,24.0,29.0,23.0,,morumbi,05549-080,R  Vitoriano Da Silva,Jardim das Esmeraldas,São Paulo,SP
433855,2022,-23.6503846892475,-46.7552210163278,5,kilometer,473.0,"R$ 2.416,25",14.0,25.0,19.0,39.0,,morumbi,05849-200,Tv  Capelinha,Jardim Germânia,São Paulo,SP
432442,2022,-23.6324061478518,-46.7663533495476,5,kilometer,353.0,"R$ 2.401,88",17.0,15.0,24.0,20.0,,morumbi,05760-110,R  Lendas Do Sul,Jardim Faria Lima,São Paulo,SP
455384,2022,-23.6187769877566,-46.7227254945752,5,kilometer,359.0,"R$ 2.401,88",14.0,36.0,36.0,32.0,,morumbi,05665-120,R  Paraisopolis,Paraisópolis,São Paulo,SP
450659,2022,-23.5785761170075,-46.751831795261694,5,kilometer,688.0,"R$ 2.399,44",43.0,44.0,39.0,50.0,,morumbi,05368-050,R Eng Willy Fischer,Vila Tiradentes,São Paulo,SP
432677,2022,-23.6387182136479,-46.770918925411294,5,kilometer,338.0,"R$ 2.397,43",17.0,18.0,21.0,28.0,,morumbi,05794-340,R  Manuel Pedro De Almeida,Jardim Paris,São Paulo,SP
432839,2022,-23.6324438798697,-46.7595528992907,5,kilometer,426.0,"R$ 2.394,39",31.0,27.0,23.0,38.0,,morumbi,05767-470,R  Manuel Bicudo,Jardim Catanduva,São Paulo,SP
458367,2022,-23.6139797334765,-46.7479349293472,5,kilometer,522.0,"R$ 2.393,69",34.0,49.0,58.0,47.0,,morumbi,05750-130,R  Diogo Pereira,Super Quadra Morumbi,São Paulo,SP
432698,2022,-23.6323330810074,-46.7485611129716,5,kilometer,260.0,"R$ 2.392,90",16.0,10.0,20.0,17.0,,morumbi,05736-160,R  Mario Linhares,Jardim Ingá,São Paulo,SP
432486,2022,-23.6315502005726,-46.7517919544588,5,kilometer,305.0,"R$ 2.390,72",13.0,14.0,15.0,17.0,,morumbi,05775-120,R  Antonio Jose Bastos,Parque Regina,São Paulo,SP
432925,2022,-23.6283435334915,-46.7570613864204,5,kilometer,289.0,"R$ 2.389,56",22.0,26.0,27.0,22.0,,morumbi,05756-370,R Dr Hugo Lacorte Vitale,Jardim Umarizal,São Paulo,SP
463375,2022,-23.6247544949203,-46.7783971750918,5,kilometer,261.0,"R$ 2.388,00",19.0,11.0,17.0,21.0,,morumbi,,,,,
445609,2022,-23.6506176943338,-46.7387871445052,5,kilometer,315.0,"R$ 2.387,20",9.0,19.0,16.0,14.0,,morumbi,05843-310,R  Joaquim Odorico Teixeira,Jardim São Luís,São Paulo,SP
432563,2022,-23.6346340820162,-46.7432884900421,5,kilometer,705.0,"R$ 2.386,45",37.0,61.0,48.0,52.0,,morumbi,05736-200,R Comed Zacarias,Jardim São Roque,São Paulo,SP
447303,2022,-23.6078359771016,-46.7027582598866,5,kilometer,506.0,"R$ 2.383,25",36.0,28.0,45.0,60.0,,morumbi,05685-040,R Br De Castro Lima,Real Parque,São Paulo,SP
432772,2022,-23.6284870467876,-46.7554136815558,5,kilometer,268.0,"R$ 2.381,96",12.0,10.0,16.0,24.0,,morumbi,05765-240,R  Ituna,Jardim Olinda,São Paulo,SP
463631,2022,-23.6138301138082,-46.7611255732383,5,kilometer,443.0,"R$ 2.379,29",15.0,21.0,21.0,24.0,,morumbi,05787-000,Es Do Campo Limpo,Pirajussara,São Paulo,SP
432558,2022,-23.6357303185445,-46.7470640733299,5,kilometer,505.0,"R$ 2.377,42",31.0,33.0,28.0,36.0,,morumbi,05776-340,R  Camasati,Vila Franca,São Paulo,SP
458343,2022,-23.6019721989957,-46.733544415657,5,kilometer,457.0,"R$ 2.377,36",23.0,26.0,29.0,21.0,,morumbi,05632-000,R  Desiderio Ferreira,Jardim Monte Kemel,São Paulo,SP
432521,2022,-23.6380818590003,-46.7557000840832,5,kilometer,63.0,"R$ 2.372,08",5.0,3.0,,3.0,,morumbi,05773-110,R  Nelson Brissac,Parque Regina,São Paulo,SP
458228,2022,-23.5998801455555,-46.755109292786095,5,kilometer,504.0,"R$ 2.370,90",30.0,35.0,40.0,33.0,,morumbi,05525-080,Es Do Jaguare,Jardim Jussara,São Paulo,SP
458324,2022,-23.5935837667915,-46.75121229654209,5,kilometer,594.0,"R$ 2.365,05",33.0,44.0,32.0,42.0,,morumbi,05529-030,R  Clevelandia Do Norte,Jardim Jaqueline,São Paulo,SP
458319,2022,-23.6005058039454,-46.7337410609117,5,kilometer,218.0,"R$ 2.361,90",8.0,16.0,15.0,13.0,,morumbi,05626-100,R  Valdo Paoliello Junior,Vila Sônia,São Paulo,SP
432496,2022,-23.6465169337738,-46.76311312353489,5,kilometer,489.0,"R$ 2.360,76",12.0,28.0,24.0,27.0,,morumbi,05763-390,R  Gaspar Coqueiro,Jardim Piracuama,São Paulo,SP
447292,2022,-23.607997677347,-46.7010288570976,5,kilometer,422.0,"R$ 2.360,76",27.0,33.0,44.0,37.0,,morumbi,05686-050,R  Paulo Bourroul,Real Parque,São Paulo,SP
432994,2022,-23.6405811084388,-46.7626119204202,5,kilometer,181.0,"R$ 2.359,41",22.0,14.0,13.0,18.0,,morumbi,05762-140,R  Joaquim Xavier Curado,Parque Ipê,São Paulo,SP
432618,2022,-23.6428048315953,-46.761352771424704,5,kilometer,409.0,"R$ 2.356,82",13.0,13.0,19.0,23.0,,morumbi,05763-380,R  Francisco Gonzaga,Jardim Piracuama,São Paulo,SP
450167,2022,-23.6001069105324,-46.774464645957,5,kilometer,228.0,"R$ 2.352,97",8.0,7.0,8.0,12.0,,morumbi,,,,,
445611,2022,-23.6538260493806,-46.7320210294762,5,kilometer,600.0,"R$ 2.350,37",32.0,35.0,35.0,39.0,,morumbi,05813-090,R  Sebastiao Amancio Pinto,Jardim São Luís,São Paulo,SP
455506,2022,-23.6409957506307,-46.7304017474874,5,kilometer,867.0,"R$ 2.349,29",44.0,54.0,56.0,77.0,,morumbi,05707-001,R  Itapaiuna,Jardim Morumbi,São Paulo,SP
431367,2022,-23.5878884432172,-46.7324785737987,5,kilometer,84.0,"R$ 2.342,87",3.0,11.0,9.0,8.0,,morumbi,05537-060,R  Balbino De Miranda,Jardim Peri Peri,São Paulo,SP
432837,2022,-23.6276077187153,-46.761614404456,5,kilometer,125.0,"R$ 2.340,02",10.0,13.0,6.0,4.0,,morumbi,05767-000,R Profa Nina Stocco,Jardim Catanduva,São Paulo,SP
432520,2022,-23.6368140269788,-46.752462332558494,5,kilometer,384.0,"R$ 2.338,78",19.0,17.0,27.0,26.0,,morumbi,05775-160,R  Dias Diniz,Parque Regina,São Paulo,SP
432582,2022,-23.6315065251812,-46.7499886788246,5,kilometer,542.0,"R$ 2.334,44",28.0,32.0,38.0,32.0,,morumbi,05774-280,R  Constantino De Oliveira Ledo,Parque Regina,São Paulo,SP
432447,2022,-23.6356728265195,-46.7685602609154,5,kilometer,436.0,"R$ 2.332,10",30.0,31.0,27.0,34.0,,morumbi,05761-290,R  Jorge Jubran,Jardim Maria Virginia,São Paulo,SP
432919,2022,-23.6450200770499,-46.7626613805062,5,kilometer,337.0,"R$ 2.328,32",16.0,25.0,22.0,20.0,,morumbi,05763-390,R  Gaspar Coqueiro,Jardim Piracuama,São Paulo,SP
432783,2022,-23.6403747670707,-46.772161749408,5,kilometer,668.0,"R$ 2.325,85",34.0,52.0,41.0,46.0,,morumbi,05794-360,R  Osvaldo De Arruda Reis,Jardim Paris,São Paulo,SP
432987,2022,-23.6329294195684,-46.751473840596496,5,kilometer,479.0,"R$ 2.324,61",17.0,31.0,26.0,38.0,,morumbi,05775-120,R  Antonio Jose Bastos,Parque Regina,São Paulo,SP
432576,2022,-23.633429800963,-46.755291773222,5,kilometer,812.0,"R$ 2.323,15",52.0,54.0,58.0,61.0,,morumbi,05773-010,Av  Andrea Pisano,Parque Regina,São Paulo,SP
432975,2022,-23.6298571309685,-46.758663527131,5,kilometer,31.0,"R$ 2.316,00",0.0,,,0.0,,morumbi,05766-290,R  Cardoso Moreira,Jardim Olinda,São Paulo,SP
432670,2022,-23.6383417573907,-46.7540116456908,5,kilometer,233.0,"R$ 2.314,07",17.0,13.0,12.0,9.0,,morumbi,05773-020,R  Bernardo Correia Leitao,Parque Regina,São Paulo,SP
432697,2022,-23.632718498259,-46.7492380009268,5,kilometer,375.0,"R$ 2.313,42",22.0,23.0,20.0,17.0,,morumbi,05774-220,R  Catauara,Parque Regina,São Paulo,SP
432483,2022,-23.6305474366392,-46.7580909792362,5,kilometer,311.0,"R$ 2.311,20",17.0,24.0,10.0,24.0,,morumbi,05765-140,R  Alessandro Algardi,Jardim Olinda,São Paulo,SP
432740,2022,-23.63209166042,-46.7473301451623,5,kilometer,488.0,"R$ 2.303,86",23.0,25.0,30.0,20.0,,morumbi,05736-160,R  Mario Linhares,Jardim Ingá,São Paulo,SP
445608,2022,-23.6508188065189,-46.7404687879964,5,kilometer,639.0,"R$ 2.301,90",35.0,47.0,28.0,50.0,,morumbi,05843-330,R  Jovino Mouzinho De Pontes,Jardim São Luís,São Paulo,SP
432600,2022,-23.6372749793863,-46.7626283302719,5,kilometer,285.0,"R$ 2.300,02",20.0,21.0,11.0,13.0,,morumbi,05767-450,R  Jorge Ozi,Jardim Catanduva,São Paulo,SP
432980,2022,-23.6442548873807,-46.7507722029926,5,kilometer,276.0,"R$ 2.299,15",12.0,18.0,16.0,21.0,,morumbi,05778-280,R Pde Joaquim Correia De Almeida,Parque Arariba,São Paulo,SP
432716,2022,-23.6268231913655,-46.74821693431871,5,kilometer,408.0,"R$ 2.298,99",22.0,21.0,26.0,34.0,,morumbi,05735-050,R  Castanho Mirim,Parque Reboucas,São Paulo,SP
432526,2022,-23.6435238491711,-46.75332566307689,5,kilometer,710.0,"R$ 2.297,19",41.0,37.0,49.0,46.0,,morumbi,05778-140,R  Dario Mecatti,Parque Arariba,São Paulo,SP
445468,2022,-23.6488657841349,-46.73403937619951,5,kilometer,725.0,"R$ 2.294,82",39.0,48.0,40.0,63.0,,morumbi,05843-340,R  Lazaro Rodrigues,Jardim São Luís,São Paulo,SP
450099,2022,-23.5927748265765,-46.767302838205694,5,kilometer,728.0,"R$ 2.293,26",28.0,39.0,41.0,46.0,,morumbi,05544-100,R  Manuel Henriques,Jardim Guarau,São Paulo,SP
455556,2022,-23.6205764802251,-46.7246181285927,5,kilometer,646.0,"R$ 2.292,74",31.0,43.0,50.0,44.0,,morumbi,05659-020,R  Ernest Renan,Paraisópolis,São Paulo,SP
463483,2022,-23.6237069256713,-46.7723116505738,5,kilometer,1064.0,"R$ 2.289,24",63.0,76.0,64.0,66.0,,morumbi,,,,,
450180,2022,-23.5902991080345,-46.766264125786094,5,kilometer,368.0,"R$ 2.283,62",18.0,19.0,11.0,23.0,,morumbi,05544-030,R  Francisco Procopio,Educandário,São Paulo,SP
445613,2022,-23.6473749191986,-46.7557749626746,5,kilometer,382.0,"R$ 2.280,41",11.0,17.0,27.0,24.0,,morumbi,05777-000,Es Do Campo Limpo,Vila Prel,São Paulo,SP
432971,2022,-23.6429729340405,-46.7487461949783,5,kilometer,91.0,"R$ 2.279,59",4.0,3.0,5.0,8.0,,morumbi,05777-180,R  Vilar De Figos,Vila Nova das Belezas,São Paulo,SP
450678,2022,-23.5799502549877,-46.75233010401391,5,kilometer,263.0,"R$ 2.277,58",12.0,19.0,19.0,19.0,,morumbi,05368-030,Av  Abilio Pereira De Almeida,Vila São Domingos,São Paulo,SP
433437,2022,-23.6364728109461,-46.75314969770911,5,kilometer,125.0,"R$ 2.276,81",5.0,4.0,7.0,9.0,,morumbi,05775-260,R  Zacarias Dias Cortes,Parque Regina,São Paulo,SP
432733,2022,-23.6401153461627,-46.7468850091622,5,kilometer,403.0,"R$ 2.274,34",17.0,18.0,17.0,26.0,,morumbi,05730-150,R  Canabarro,Vila Andrade,São Paulo,SP
445450,2022,-23.6519838952815,-46.7392271898108,5,kilometer,721.0,"R$ 2.268,81",41.0,35.0,45.0,54.0,,morumbi,05843-350,R  Sebastiao Afonso Dos Reis,Jardim São Luís,São Paulo,SP
445604,2022,-23.6546487945836,-46.7337430081217,5,kilometer,412.0,"R$ 2.266,78",18.0,28.0,18.0,23.0,,morumbi,05812-030,R  Antonio Da Mata Junior,Jardim São Luís,São Paulo,SP
432709,2022,-23.6349697956597,-46.7565251613192,5,kilometer,392.0,"R$ 2.263,64",17.0,29.0,19.0,28.0,,morumbi,05775-200,R Prof Leitao Da Cunha,Parque Regina,São Paulo,SP
450102,2022,-23.5977117304606,-46.7654347443145,5,kilometer,341.0,"R$ 2.253,04",18.0,13.0,20.0,22.0,,morumbi,05549-200,R  Jeronimo Fernandes,Jardim das Esmeraldas,São Paulo,SP
455670,2022,-23.6275869956379,-46.72609431897151,5,kilometer,15.0,"R$ 2.250,00",0.0,0.0,3.0,,,morumbi,05707-000,R  Itapaiuna,Parque do Morumbi,São Paulo,SP
445601,2022,-23.6524257980768,-46.746746622995694,5,kilometer,1037.0,"R$ 2.248,05",53.0,49.0,78.0,76.0,,morumbi,05846-130,R  Borromini,Jardim Casablanca,São Paulo,SP
455587,2022,-23.6424420235794,-46.7324717399186,5,kilometer,737.0,"R$ 2.246,72",40.0,43.0,48.0,51.0,,morumbi,05723-330,R  Afonso Vidal,Jardim Santo Antônio,São Paulo,SP
432777,2022,-23.6219202274489,-46.7498348801309,5,kilometer,624.0,"R$ 2.244,36",31.0,33.0,47.0,48.0,,morumbi,05752-440,Tv  Carlos Salzedo,Jardim Maria Duarte,São Paulo,SP
445416,2022,-23.6552474251572,-46.736460834500704,5,kilometer,640.0,"R$ 2.240,11",20.0,23.0,39.0,46.0,,morumbi,05844-220,R  Adauto Batista De Lima,Jardim São Luís,São Paulo,SP
463387,2022,-23.6266425427365,-46.7785098720549,5,kilometer,757.0,"R$ 2.234,61",37.0,52.0,54.0,50.0,,morumbi,,,,,
450321,2022,-23.5910092554555,-46.757447989794095,5,kilometer,245.0,"R$ 2.233,04",23.0,11.0,10.0,22.0,,morumbi,05528-240,R  Joao Guilherme,Jardim Alvorada (Zona Oeste),São Paulo,SP
455442,2022,-23.6213908658444,-46.7268573324215,5,kilometer,404.0,"R$ 2.231,65",18.0,33.0,34.0,47.0,,morumbi,05712-010,R Dr Antonio F. De Castilho Filho,Jardim Parque Morumbi,São Paulo,SP
450166,2022,-23.5984416302221,-46.77540782620311,5,kilometer,221.0,"R$ 2.223,14",9.0,4.0,10.0,14.0,,morumbi,,,,,
463386,2022,-23.6249926169016,-46.7763882387342,5,kilometer,498.0,"R$ 2.223,06",18.0,34.0,30.0,23.0,,morumbi,,,,,
445431,2022,-23.6533775372181,-46.744004597036,5,kilometer,660.0,"R$ 2.216,88",36.0,43.0,47.0,54.0,,morumbi,05845-220,R  Alto Corumbiara Antigo,Jardim Brasília,São Paulo,SP
445452,2022,-23.6541753495586,-46.7345942651394,5,kilometer,381.0,"R$ 2.215,28",20.0,19.0,24.0,21.0,,morumbi,05812-070,R  Joaquim Espinosa,Jardim São Luís,São Paulo,SP
432453,2022,-23.638673032129,-46.7680748119538,5,kilometer,472.0,"R$ 2.215,22",21.0,38.0,31.0,36.0,,morumbi,05794-260,R  Elias Zitune,Jardim Paris,São Paulo,SP
432763,2022,-23.6492002052127,-46.7604290951486,5,kilometer,382.0,"R$ 2.214,99",11.0,12.0,19.0,21.0,,morumbi,05781-180,R  Guanaja,Jardim São Januário,São Paulo,SP
458236,2022,-23.5934386725622,-46.75360990545369,5,kilometer,514.0,"R$ 2.214,50",35.0,39.0,35.0,31.0,,morumbi,05529-080,R  Francisco Nogueira,Jardim Jaqueline,São Paulo,SP
432855,2022,-23.6291990516499,-46.75643813184711,5,kilometer,354.0,"R$ 2.213,57",25.0,28.0,30.0,30.0,,morumbi,05765-200,R  Carualina,Jardim Olinda,São Paulo,SP
445508,2022,-23.6553319463309,-46.73798362308551,5,kilometer,454.0,"R$ 2.212,27",25.0,31.0,18.0,27.0,,morumbi,05844-150,R  Manuel Antonio De Freitas,Jardim São Luís,São Paulo,SP
445612,2022,-23.6553925793742,-46.7309990716537,5,kilometer,384.0,"R$ 2.212,27",27.0,28.0,29.0,15.0,,morumbi,05813-090,R  Sebastiao Amancio Pinto,Jardim São Luís,São Paulo,SP
463385,2022,-23.6232213832413,-46.7744263945924,5,kilometer,577.0,"R$ 2.210,98",40.0,27.0,34.0,33.0,,morumbi,,,,,
432523,2022,-23.6392018108761,-46.754714448614095,5,kilometer,631.0,"R$ 2.210,70",33.0,31.0,39.0,42.0,,morumbi,05778-181,R  Caio Graco Da Silva Prado,Parque Arariba,São Paulo,SP
432728,2022,-23.6307681104462,-46.7537400969309,5,kilometer,280.0,"R$ 2.207,64",25.0,15.0,12.0,16.0,,morumbi,05766-270,R  Caraiva,Jardim Olinda,São Paulo,SP
432866,2022,-23.6316053472404,-46.7434195208896,5,kilometer,148.0,"R$ 2.206,27",18.0,10.0,9.0,16.0,,morumbi,05728-050,R  Catarinenses,Vila Andrade,São Paulo,SP
432487,2022,-23.6322810701426,-46.7580341955588,5,kilometer,414.0,"R$ 2.205,29",19.0,27.0,27.0,40.0,,morumbi,05767-390,R  Gaspar De Carvajal,Jardim Catanduva,São Paulo,SP
432615,2022,-23.6292514777546,-46.7588764918592,5,kilometer,304.0,"R$ 2.200,53",18.0,20.0,20.0,28.0,,morumbi,05766-290,R  Cardoso Moreira,Jardim Olinda,São Paulo,SP
463542,2022,-23.6187930503374,-46.7769110650379,5,kilometer,501.0,"R$ 2.191,42",29.0,16.0,30.0,35.0,,morumbi,,,,,
432858,2022,-23.6387680221616,-46.7513620159172,5,kilometer,482.0,"R$ 2.190,89",21.0,30.0,31.0,31.0,,morumbi,05775-260,R  Zacarias Dias Cortes,Parque Regina,São Paulo,SP
432791,2022,-23.6320008626026,-46.7619447555207,5,kilometer,721.0,"R$ 2.190,48",53.0,60.0,57.0,69.0,,morumbi,05767-490,R  Miguel Camargo,Jardim Catanduva,São Paulo,SP
463401,2022,-23.6192035920591,-46.770082876981,5,kilometer,261.0,"R$ 2.189,61",9.0,14.0,21.0,10.0,,morumbi,,,,,
433422,2022,-23.6415632839129,-46.7637811963571,5,kilometer,235.0,"R$ 2.188,79",9.0,21.0,12.0,19.0,,morumbi,05762-160,R  Luis De Morales,Parque Ipê,São Paulo,SP
432672,2022,-23.6503652115542,-46.760646498062094,5,kilometer,577.0,"R$ 2.186,18",26.0,25.0,28.0,35.0,,morumbi,05781-250,R  Noanama,Jardim São Januário,São Paulo,SP
432613,2022,-23.6299240201694,-46.756677882115504,5,kilometer,349.0,"R$ 2.184,14",22.0,21.0,14.0,28.0,,morumbi,05765-140,R  Alessandro Algardi,Jardim Olinda,São Paulo,SP
432662,2022,-23.6383403871732,-46.7660833017536,5,kilometer,73.0,"R$ 2.180,50",3.0,4.0,9.0,5.0,,morumbi,05761-330,R  Mario Maia,Jardim Maria Virginia,São Paulo,SP
432955,2022,-23.6362751313231,-46.7448738137918,5,kilometer,1064.0,"R$ 2.180,26",50.0,66.0,53.0,53.0,,morumbi,05776-450,R  Manuel Moreira De Sa,Vila Franca,São Paulo,SP
432969,2022,-23.6438589571809,-46.7499203069629,5,kilometer,21.0,"R$ 2.172,67",0.0,0.0,0.0,0.0,,morumbi,05778-120,R  Carlos Leite Dos Santos,Parque Arariba,São Paulo,SP
432637,2022,-23.6223486243683,-46.748368171586,5,kilometer,561.0,"R$ 2.172,18",28.0,36.0,32.0,29.0,,morumbi,05752-350,R  Aba Soihet,Jardim Maria Duarte,São Paulo,SP
432965,2022,-23.6339230041057,-46.7530518248257,5,kilometer,49.0,"R$ 2.172,00",3.0,8.0,,5.0,,morumbi,05773-070,R  Inacio Manuel Tourinho,Parque Regina,São Paulo,SP
447196,2022,-23.6100028391163,-46.7026218559359,5,kilometer,630.0,"R$ 2.170,63",45.0,42.0,32.0,43.0,,morumbi,05686-050,R  Paulo Bourroul,Real Parque,São Paulo,SP
463543,2022,-23.6209429497337,-46.7732708487454,5,kilometer,572.0,"R$ 2.169,87",26.0,40.0,29.0,26.0,,morumbi,,,,,
432560,2022,-23.642101683154,-46.7498477513696,5,kilometer,670.0,"R$ 2.167,50",38.0,33.0,44.0,50.0,,morumbi,05778-240,R  Leopoldino Jose De Camargo,Parque Arariba,São Paulo,SP
432770,2022,-23.6274372735968,-46.7562010617087,5,kilometer,313.0,"R$ 2.166,90",17.0,22.0,26.0,22.0,,morumbi,05757-120,R  Diogo Martins,Jardim Ana Maria,São Paulo,SP
463388,2022,-23.6267969539871,-46.7756478041016,5,kilometer,779.0,"R$ 2.160,31",42.0,50.0,51.0,54.0,,morumbi,,,,,
455604,2022,-23.6189781088313,-46.7263174279137,5,kilometer,533.0,"R$ 2.152,72",29.0,44.0,30.0,44.0,,morumbi,05660-000,R  Pasquale Gallupi,Paraisópolis,São Paulo,SP
463638,2022,-23.6220672390683,-46.7661758377177,5,kilometer,32.0,"R$ 2.152,00",,5.0,5.0,,,morumbi,05785-150,R  Joao Lunardelli,Jardim Campo Limpo,São Paulo,SP
450100,2022,-23.5923221625826,-46.7654905924732,5,kilometer,339.0,"R$ 2.151,61",20.0,24.0,16.0,23.0,,morumbi,05525-080,Es Do Jaguare,Jardim Jussara,São Paulo,SP
432455,2022,-23.6347479939014,-46.77364947428031,5,kilometer,435.0,"R$ 2.151,42",11.0,23.0,20.0,22.0,,morumbi,05786-150,R  Martinho Vaz De Barros,Vila Pirajussara,São Paulo,SP
432957,2022,-23.6399571245884,-46.765306704827,5,kilometer,542.0,"R$ 2.150,90",32.0,32.0,40.0,43.0,,morumbi,05762-510,Tv  Torre Vermelha,Parque Ipê,São Paulo,SP
433440,2022,-23.6375729156628,-46.7457039848776,5,kilometer,760.0,"R$ 2.131,57",62.0,50.0,26.0,28.0,,morumbi,05776-420,R  Jose Ferreira,Vila Franca,São Paulo,SP
463569,2022,-23.6264796146687,-46.769776011894095,5,kilometer,658.0,"R$ 2.129,27",30.0,50.0,41.0,48.0,,morumbi,05785-020,R  Armando Erse Figueiredo,Jardim Campo Limpo,São Paulo,SP
432742,2022,-23.6388769916189,-46.7575374027673,5,kilometer,256.0,"R$ 2.128,58",15.0,11.0,15.0,18.0,,morumbi,05772-040,R  James Ensor,Parque Regina,São Paulo,SP
450240,2022,-23.5895890600936,-46.7618161494446,5,kilometer,448.0,"R$ 2.128,11",16.0,24.0,31.0,27.0,,morumbi,05551-160,R  Paulo Barian,Jardim Raposo Tavares,São Paulo,SP
432727,2022,-23.6300175345868,-46.75347202428289,5,kilometer,416.0,"R$ 2.128,04",23.0,30.0,39.0,30.0,,morumbi,05766-270,R  Caraiva,Jardim Olinda,São Paulo,SP
432648,2022,-23.6299283182939,-46.7593176550148,5,kilometer,378.0,"R$ 2.127,25",32.0,25.0,30.0,28.0,,morumbi,05767-001,R Profa Nina Stocco,Jardim Catanduva,São Paulo,SP
432737,2022,-23.6247901800541,-46.76009061664671,5,kilometer,549.0,"R$ 2.119,73",26.0,22.0,29.0,25.0,,morumbi,05757-210,R  Luiz Bianconi,Jardim Ana Maria,São Paulo,SP
458237,2022,-23.5913728612234,-46.7504585096834,5,kilometer,825.0,"R$ 2.116,79",51.0,86.0,73.0,66.0,,morumbi,05542-130,R  Dionisio Pedrellini,Jardim Olympia,São Paulo,SP
432910,2022,-23.6403664950484,-46.7505573802279,5,kilometer,439.0,"R$ 2.112,79",26.0,25.0,32.0,24.0,,morumbi,05778-150,R Dr Abelardo Da Cunha Lobo,Parque Arariba,São Paulo,SP
445457,2022,-23.6512628949245,-46.73586974136111,5,kilometer,847.0,"R$ 2.108,38",48.0,53.0,49.0,68.0,,morumbi,05843-340,R  Lazaro Rodrigues,Jardim São Luís,São Paulo,SP
432768,2022,-23.640112617581,-46.7525109973585,5,kilometer,588.0,"R$ 2.105,67",28.0,35.0,42.0,37.0,,morumbi,05778-150,R Dr Abelardo Da Cunha Lobo,Parque Arariba,São Paulo,SP
458207,2022,-23.6059493411202,-46.728600304857,5,kilometer,150.0,"R$ 2.105,38",8.0,13.0,14.0,14.0,,morumbi,05659-000,R  Clementine Brenne,Paraisópolis,São Paulo,SP
432589,2022,-23.6261246865747,-46.7510301157666,5,kilometer,760.0,"R$ 2.105,29",48.0,67.0,52.0,45.0,,morumbi,05735-050,R  Castanho Mirim,Parque Reboucas,São Paulo,SP
445459,2022,-23.6540603487031,-46.73265361176711,5,kilometer,699.0,"R$ 2.101,39",42.0,40.0,41.0,44.0,,morumbi,05813-070,R  Osvaldo Pires Da Silva,Jardim São Luís,São Paulo,SP
445339,2022,-23.6501478456778,-46.734157155007104,5,kilometer,263.0,"R$ 2.099,82",13.0,21.0,17.0,17.0,,morumbi,05843-160,R  Arlindo Fraga De Oliveira,Jardim São Luís,São Paulo,SP
447293,2022,-23.6077451671558,-46.7014390682849,5,kilometer,1005.0,"R$ 2.098,48",77.0,78.0,91.0,100.0,,morumbi,05686-030,R Cd De Itaguai,Real Parque,São Paulo,SP
432577,2022,-23.6378217618428,-46.7581388797782,5,kilometer,611.0,"R$ 2.097,26",33.0,41.0,39.0,37.0,,morumbi,05772-060,R Pde Justino,Parque Regina,São Paulo,SP
455507,2022,-23.6433722204999,-46.728231840959,5,kilometer,188.0,"R$ 2.096,25",13.0,7.0,7.0,16.0,,morumbi,05707-000,R  Itapaiuna,Parque do Morumbi,São Paulo,SP
432674,2022,-23.6351470562307,-46.7514754090635,5,kilometer,348.0,"R$ 2.094,93",15.0,17.0,25.0,23.0,,morumbi,05774-260,R  Cipolandia,Parque Regina,São Paulo,SP
445574,2022,-23.6542310929304,-46.7508785723867,5,kilometer,889.0,"R$ 2.091,67",49.0,76.0,75.0,67.0,,morumbi,05847-000,Av  Jacobus Baldi,Jardim Iracema,São Paulo,SP
433436,2022,-23.6377066286167,-46.753268957737504,5,kilometer,350.0,"R$ 2.089,93",15.0,24.0,21.0,31.0,,morumbi,05775-260,R  Zacarias Dias Cortes,Parque Regina,São Paulo,SP
445639,2022,-23.6525255952264,-46.7430721261095,5,kilometer,393.0,"R$ 2.087,92",29.0,24.0,18.0,29.0,,morumbi,05845-260,R  Augusto De Morais Sarmento,Jardim Brasília,São Paulo,SP
445780,2022,-23.656173987173,-46.7305194177224,5,kilometer,212.0,"R$ 2.087,54",8.0,10.0,10.0,12.0,,morumbi,05813-030,R  Jose Joaquim Esteves,Jardim São Luís,São Paulo,SP
463389,2022,-23.6281029886753,-46.7743335369356,5,kilometer,615.0,"R$ 2.084,51",32.0,39.0,36.0,36.0,,morumbi,05788-250,R  Campina Grande,Jardim Bom Refúgio,São Paulo,SP
432633,2022,-23.6359838091854,-46.75075456864911,5,kilometer,585.0,"R$ 2.080,73",36.0,25.0,41.0,31.0,,morumbi,05774-250,R  Cearuni,Parque Regina,São Paulo,SP
455544,2022,-23.6175530471962,-46.7213808250745,5,kilometer,461.0,"R$ 2.079,77",26.0,28.0,42.0,49.0,,morumbi,05665-000,R  Treze De Maio,Paraisópolis,São Paulo,SP
455338,2022,-23.6204196719042,-46.7455685195421,5,kilometer,534.0,"R$ 2.078,99",34.0,34.0,35.0,50.0,,morumbi,05749-300,R  Jose Maria Pinto Zilli,Jardim das Palmas,São Paulo,SP
458335,2022,-23.6140776840762,-46.7484390954332,5,kilometer,601.0,"R$ 2.078,78",33.0,37.0,57.0,47.0,,morumbi,05750-130,R  Diogo Pereira,Super Quadra Morumbi,São Paulo,SP
433438,2022,-23.6353393080479,-46.7491790969058,5,kilometer,692.0,"R$ 2.076,61",51.0,44.0,39.0,42.0,,morumbi,05774-300,R  Francisco Soares,Parque Regina,São Paulo,SP
432525,2022,-23.6415904971368,-46.7505466456855,5,kilometer,273.0,"R$ 2.070,85",13.0,14.0,19.0,22.0,,morumbi,05775-200,R Prof Leitao Da Cunha,Parque Regina,São Paulo,SP
433441,2022,-23.6377549350637,-46.745074515535,5,kilometer,432.0,"R$ 2.068,64",30.0,24.0,21.0,15.0,,morumbi,05776-420,R  Jose Ferreira,Vila Franca,São Paulo,SP
463384,2022,-23.6237199778639,-46.7704843304395,5,kilometer,687.0,"R$ 2.068,59",41.0,36.0,49.0,57.0,,morumbi,,,,,
463571,2022,-23.6253525651537,-46.7718494914382,5,kilometer,619.0,"R$ 2.068,18",32.0,58.0,36.0,34.0,,morumbi,,,,,
447195,2022,-23.6088567241314,-46.7021984167718,5,kilometer,336.0,"R$ 2.068,10",18.0,17.0,37.0,24.0,,morumbi,05686-050,R  Paulo Bourroul,Real Parque,São Paulo,SP
455316,2022,-23.6420777458327,-46.7310872302986,5,kilometer,278.0,"R$ 2.063,68",18.0,14.0,17.0,24.0,,morumbi,05723-380,R  Joao De Araujo Cabral,Jardim Santo Antônio,São Paulo,SP
450123,2022,-23.5906478925265,-46.7613896316985,5,kilometer,962.0,"R$ 2.063,32",65.0,74.0,63.0,83.0,,morumbi,05551-060,R  Alberto Astori,Jardim Raposo Tavares,São Paulo,SP
433434,2022,-23.6382222750338,-46.7612182681781,5,kilometer,324.0,"R$ 2.062,89",12.0,20.0,17.0,27.0,,morumbi,05767-400,R  Giovanni Amadeo,Jardim Catanduva,São Paulo,SP
455596,2022,-23.6157916696692,-46.7302999146012,5,kilometer,782.0,"R$ 2.055,57",56.0,59.0,52.0,61.0,,morumbi,05663-010,R  Herbert Spencer,Paraisópolis,São Paulo,SP
463570,2022,-23.6246100285398,-46.7732682307858,5,kilometer,632.0,"R$ 2.054,37",41.0,53.0,37.0,42.0,,morumbi,,,,,
455329,2022,-23.6181756778762,-46.7256979540968,5,kilometer,465.0,"R$ 2.054,19",43.0,33.0,34.0,35.0,,morumbi,05664-015,R Da Independencia,Paraisópolis,São Paulo,SP
432741,2022,-23.6330789905991,-46.7466323585879,5,kilometer,351.0,"R$ 2.048,02",19.0,19.0,22.0,28.0,,morumbi,05736-160,R  Mario Linhares,Jardim Ingá,São Paulo,SP
455602,2022,-23.6172712805095,-46.7260709277193,5,kilometer,306.0,"R$ 2.039,08",20.0,26.0,20.0,26.0,,morumbi,05660-000,R  Pasquale Gallupi,Paraisópolis,São Paulo,SP
432944,2022,-23.6336975964746,-46.7452784507088,5,kilometer,1024.0,"R$ 2.034,63",62.0,63.0,57.0,73.0,,morumbi,05736-010,R  Adolfo Meyer,Jardim São Roque,São Paulo,SP
432522,2022,-23.6366733450485,-46.75383823036911,5,kilometer,526.0,"R$ 2.022,36",36.0,26.0,34.0,36.0,,morumbi,05773-020,R  Bernardo Correia Leitao,Parque Regina,São Paulo,SP
432938,2022,-23.6284559783285,-46.7593576704004,5,kilometer,224.0,"R$ 2.020,03",18.0,18.0,14.0,14.0,,morumbi,05765-210,R  Cigarra,Jardim Olinda,São Paulo,SP
432489,2022,-23.6344119745297,-46.757326122435,5,kilometer,661.0,"R$ 2.007,61",41.0,50.0,46.0,60.0,,morumbi,05773-020,R  Bernardo Correia Leitao,Parque Regina,São Paulo,SP
432713,2022,-23.6237483283621,-46.7480175587536,5,kilometer,849.0,"R$ 2.004,83",69.0,57.0,67.0,72.0,,morumbi,05756-420,R  Manicoba,Jardim Umarizal,São Paulo,SP
463882,2022,-23.6230473695404,-46.76838864510351,5,kilometer,400.0,"R$ 1.998,34",26.0,34.0,27.0,34.0,,morumbi,05785-140,R  Joao De Almada,Jardim Campo Limpo,São Paulo,SP
458238,2022,-23.5917818764367,-46.7513461075136,5,kilometer,372.0,"R$ 1.993,52",30.0,31.0,27.0,28.0,,morumbi,05529-050,R  Ferdinand Brokoff,Jardim Jaqueline,São Paulo,SP
458241,2022,-23.5903604550677,-46.7502009526973,5,kilometer,1164.0,"R$ 1.993,03",83.0,115.0,107.0,92.0,,morumbi,05542-040,R  Sebastiao Goncalves,Jardim Olympia,São Paulo,SP
432711,2022,-23.6369891059932,-46.7558441833113,5,kilometer,503.0,"R$ 1.992,48",25.0,35.0,26.0,36.0,,morumbi,05775-200,R Prof Leitao Da Cunha,Parque Regina,São Paulo,SP
447234,2022,-23.610621162344,-46.723356862481694,5,kilometer,507.0,"R$ 1.990,61",38.0,43.0,37.0,55.0,,morumbi,05659-020,R  Ernest Renan,Paraisópolis,São Paulo,SP
455303,2022,-23.6156925762769,-46.720452080003,5,kilometer,788.0,"R$ 1.989,66",49.0,77.0,53.0,61.0,,morumbi,05665-060,R  Itapanhau,Paraisópolis,São Paulo,SP
447197,2022,-23.6094809611177,-46.7031753577754,5,kilometer,751.0,"R$ 1.981,12",40.0,56.0,47.0,75.0,,morumbi,05686-030,R Cd De Itaguai,Real Parque,São Paulo,SP
432668,2022,-23.6252421941102,-46.76218425966071,5,kilometer,365.0,"R$ 1.979,31",26.0,31.0,21.0,34.0,,morumbi,05757-180,R  Guilherme Mainard,Jardim Ana Maria,São Paulo,SP
432480,2022,-23.6271101090833,-46.7601375759992,5,kilometer,505.0,"R$ 1.978,47",36.0,38.0,27.0,32.0,,morumbi,05757-120,R  Diogo Martins,Jardim Ana Maria,São Paulo,SP
432656,2022,-23.6249092913078,-46.7511683971054,5,kilometer,393.0,"R$ 1.977,37",20.0,27.0,30.0,32.0,,morumbi,05756-320,R  Claraiba,Jardim Umarizal,São Paulo,SP
450101,2022,-23.5954621643221,-46.763360020801294,5,kilometer,979.0,"R$ 1.968,46",95.0,62.0,71.0,62.0,,morumbi,05549-300,R  Gervasio Goncalves,Jardim das Esmeraldas,São Paulo,SP
458283,2022,-23.5918554943042,-46.751937736700704,5,kilometer,957.0,"R$ 1.961,03",69.0,99.0,89.0,91.0,,morumbi,05529-020,R  Alessandro Bibiena,Jardim Jaqueline,São Paulo,SP
450103,2022,-23.5976810977796,-46.7668162406838,5,kilometer,567.0,"R$ 1.960,28",28.0,39.0,32.0,43.0,,morumbi,05549-170,R  Tomas Velasco,Jardim das Esmeraldas,São Paulo,SP
463445,2022,-23.6188341145737,-46.7670418192309,5,kilometer,383.0,"R$ 1.958,84",15.0,24.0,24.0,18.0,,morumbi,,,,,
458151,2022,-23.5912981085924,-46.75338055000049,5,kilometer,81.0,"R$ 1.954,96",4.0,5.0,5.0,5.0,,morumbi,05543-050,R  Valentin Seitz,Vila Albano,São Paulo,SP
455615,2022,-23.6432182329911,-46.7294857927519,5,kilometer,507.0,"R$ 1.949,77",38.0,42.0,38.0,37.0,,morumbi,05723-390,R  Jose Rodrigues Cardeal,Jardim Santo Antônio,São Paulo,SP
455589,2022,-23.6375888897742,-46.7413963194083,5,kilometer,613.0,"R$ 1.944,18",36.0,56.0,40.0,55.0,,morumbi,05729-080,R  Alexandre Archipenko,Vila Andrade,São Paulo,SP
432766,2022,-23.641098809911,-46.7540953106351,5,kilometer,581.0,"R$ 1.942,13",32.0,36.0,39.0,48.0,,morumbi,05772-060,R Pde Justino,Parque Regina,São Paulo,SP
432967,2022,-23.6379672265713,-46.75060736883471,5,kilometer,848.0,"R$ 1.931,81",63.0,50.0,53.0,69.0,,morumbi,05775-320,R  Antonio Domingues Galera,Parque Regina,São Paulo,SP
458106,2022,-23.6071035422308,-46.7269964256434,5,kilometer,701.0,"R$ 1.928,49",49.0,45.0,43.0,57.0,,morumbi,05661-040,R Das Goiabeiras,Paraisópolis,São Paulo,SP
455440,2022,-23.6139062229597,-46.73005113757,5,kilometer,171.0,"R$ 1.927,88",8.0,8.0,16.0,12.0,,morumbi,05663-030,R  Afonso Dos Santos,Paraisópolis,São Paulo,SP
432592,2022,-23.6344297339812,-46.7418244020053,5,kilometer,297.0,"R$ 1.927,14",13.0,32.0,19.0,16.0,,morumbi,05776-530,R  Joao Maximiano,Jardim São Roque,São Paulo,SP
455385,2022,-23.6184366412704,-46.7234428213569,5,kilometer,603.0,"R$ 1.923,07",31.0,58.0,48.0,77.0,,morumbi,05664-015,R Da Independencia,Paraisópolis,São Paulo,SP
455612,2022,-23.6197928988399,-46.7294547029348,5,kilometer,783.0,"R$ 1.917,76",61.0,62.0,42.0,56.0,,morumbi,05661-050,R  Itajubaquara,Paraisópolis,São Paulo,SP
455593,2022,-23.6156296407714,-46.721713832492,5,kilometer,677.0,"R$ 1.917,70",36.0,49.0,42.0,58.0,,morumbi,05663-010,R  Herbert Spencer,Paraisópolis,São Paulo,SP
458235,2022,-23.5917000667134,-46.754025660188304,5,kilometer,555.0,"R$ 1.912,82",40.0,47.0,54.0,47.0,,morumbi,05529-020,R  Alessandro Bibiena,Jardim Jaqueline,São Paulo,SP
455554,2022,-23.6173312112382,-46.72372778873351,5,kilometer,533.0,"R$ 1.912,24",36.0,49.0,43.0,60.0,,morumbi,05664-000,R  Melchior Giola,Paraisópolis,São Paulo,SP
455547,2022,-23.6209905062385,-46.7285147319074,5,kilometer,406.0,"R$ 1.910,79",48.0,41.0,35.0,26.0,,morumbi,05712-040,R Dr Jose Augusto De Souza E Silva,Jardim Parque Morumbi,São Paulo,SP
458351,2022,-23.5925659329629,-46.7564887482859,5,kilometer,386.0,"R$ 1.901,78",41.0,28.0,33.0,35.0,,morumbi,05528-220,R  Denis Chaudet,Jardim Dracena,São Paulo,SP
458123,2022,-23.5926194182405,-46.7525988315873,5,kilometer,185.0,"R$ 1.901,38",13.0,13.0,12.0,12.0,,morumbi,05529-000,R  Carlantonio Carlone,Jardim Jaqueline,São Paulo,SP
455431,2022,-23.6184227502385,-46.731181031173904,5,kilometer,785.0,"R$ 1.895,66",83.0,61.0,61.0,57.0,,morumbi,05665-050,R Dr Francisco Degni,Paraisópolis,São Paulo,SP
432850,2022,-23.6434800506659,-46.7604707006584,5,kilometer,243.0,"R$ 1.895,61",28.0,19.0,16.0,17.0,,morumbi,05763-410,R  Guilherme Vokurka,Jardim Piracuama,São Paulo,SP
455560,2022,-23.6194130329731,-46.7309399121408,5,kilometer,416.0,"R$ 1.893,34",34.0,30.0,29.0,38.0,,morumbi,05665-030,R  Wilson,Paraisópolis,São Paulo,SP
450121,2022,-23.5897714537854,-46.7641545923086,5,kilometer,702.0,"R$ 1.884,88",52.0,52.0,34.0,60.0,,morumbi,05551-150,R  Samuel Raven,Jardim Raposo Tavares,São Paulo,SP
432601,2022,-23.6395921688551,-46.768084246622095,5,kilometer,510.0,"R$ 1.882,94",10.0,19.0,32.0,43.0,,morumbi,05794-390,R  Vicente Amato,Jardim Paris,São Paulo,SP
455597,2022,-23.6157193651886,-46.7295879445584,5,kilometer,735.0,"R$ 1.882,08",50.0,55.0,62.0,71.0,,morumbi,05663-010,R  Herbert Spencer,Paraisópolis,São Paulo,SP
432956,2022,-23.6357579327648,-46.7438872912302,5,kilometer,139.0,"R$ 1.878,78",10.0,17.0,17.0,5.0,,morumbi,05736-170,R  Paulo Hankar,Jardim São Roque,São Paulo,SP
458213,2022,-23.6094953750185,-46.7278611188817,5,kilometer,1275.0,"R$ 1.874,15",94.0,101.0,120.0,98.0,,morumbi,05661-040,R Das Goiabeiras,Paraisópolis,São Paulo,SP
455640,2022,-23.6174567607436,-46.73071968368711,5,kilometer,783.0,"R$ 1.872,73",64.0,61.0,68.0,86.0,,morumbi,05665-010,R Dr Laerte Setubal,Vila Suzana,São Paulo,SP
458214,2022,-23.6110449974679,-46.7282779210382,5,kilometer,586.0,"R$ 1.868,98",40.0,51.0,31.0,59.0,,morumbi,05661-040,R Das Goiabeiras,Paraisópolis,São Paulo,SP
455665,2022,-23.636787342112,-46.741647229958,5,kilometer,417.0,"R$ 1.868,86",46.0,37.0,45.0,42.0,,morumbi,05730-160,R  Chico Gomes,Vila Andrade,São Paulo,SP
450320,2022,-23.5882023556488,-46.7575724578748,5,kilometer,483.0,"R$ 1.868,40",32.0,33.0,40.0,33.0,,morumbi,05551-050,R  Jacinto De Oliveira,Jardim Raposo Tavares,São Paulo,SP
432462,2022,-23.6283964464505,-46.7608950957944,5,kilometer,458.0,"R$ 1.867,60",28.0,34.0,37.0,39.0,,morumbi,05767-000,R Profa Nina Stocco,Jardim Catanduva,São Paulo,SP
432873,2022,-23.6447780776558,-46.75450409002391,5,kilometer,602.0,"R$ 1.864,70",42.0,45.0,43.0,41.0,,morumbi,05778-170,R  Fim De Primavera,Parque Arariba,São Paulo,SP
458292,2022,-23.5931453239376,-46.7555365097352,5,kilometer,350.0,"R$ 1.863,14",29.0,32.0,25.0,40.0,,morumbi,05529-000,R  Carlantonio Carlone,Jardim Jaqueline,São Paulo,SP
432963,2022,-23.6333685846773,-46.7521261962384,5,kilometer,105.0,"R$ 1.856,55",11.0,4.0,4.0,12.0,,morumbi,05773-040,R  Eugenio Ribeiro,Parque Regina,São Paulo,SP
455594,2022,-23.6151968563265,-46.725675925111,5,kilometer,503.0,"R$ 1.852,62",29.0,35.0,29.0,25.0,,morumbi,05663-000,R  Rudolf Lotze,Paraisópolis,São Paulo,SP
455613,2022,-23.6202686415554,-46.72977398430729,5,kilometer,547.0,"R$ 1.852,04",50.0,49.0,33.0,50.0,,morumbi,05665-040,R Dr Firmiano Pinto,Paraisópolis,São Paulo,SP
432494,2022,-23.6417730412188,-46.760345540501,5,kilometer,535.0,"R$ 1.850,01",26.0,36.0,38.0,42.0,,morumbi,05763-410,R  Guilherme Vokurka,Jardim Piracuama,São Paulo,SP
455669,2022,-23.6164372956792,-46.7201927943263,5,kilometer,87.0,"R$ 1.848,70",4.0,4.0,,9.0,,morumbi,05663-010,R  Herbert Spencer,Paraisópolis,São Paulo,SP
458208,2022,-23.6061160183467,-46.7268330610772,5,kilometer,910.0,"R$ 1.847,68",60.0,69.0,71.0,87.0,,morumbi,05661-040,R Das Goiabeiras,Paraisópolis,São Paulo,SP
455383,2022,-23.6164414161326,-46.7233977302449,5,kilometer,1017.0,"R$ 1.843,80",62.0,86.0,80.0,90.0,,morumbi,05663-010,R  Herbert Spencer,Paraisópolis,São Paulo,SP
455592,2022,-23.615542726068,-46.7227873818043,5,kilometer,1217.0,"R$ 1.843,09",96.0,108.0,87.0,90.0,,morumbi,05663-010,R  Herbert Spencer,Paraisópolis,São Paulo,SP
433431,2022,-23.6200052402453,-46.748760371408,5,kilometer,59.0,"R$ 1.842,19",,4.0,,,,morumbi,05752-001,Es Dos Mirandas,Jardim Maria Duarte,São Paulo,SP
432488,2022,-23.6316263571323,-46.75249940691769,5,kilometer,495.0,"R$ 1.841,85",29.0,34.0,37.0,47.0,,morumbi,05766-340,R  Ceresopolis,Jardim Olinda,São Paulo,SP
432854,2022,-23.6280002812171,-46.7583679293168,5,kilometer,675.0,"R$ 1.840,97",38.0,54.0,56.0,59.0,,morumbi,05765-220,R  Cintra Pimentel,Jardim Olinda,São Paulo,SP
445525,2022,-23.6490495750141,-46.7334814684799,5,kilometer,277.0,"R$ 1.839,24",25.0,22.0,17.0,24.0,,morumbi,05843-290,R  Joao Gaspar,Jardim São Luís,São Paulo,SP
463383,2022,-23.6198124822605,-46.7720679569056,5,kilometer,658.0,"R$ 1.837,18",31.0,47.0,46.0,42.0,,morumbi,,,,,
455314,2022,-23.6122872440957,-46.7249404729346,5,kilometer,827.0,"R$ 1.836,41",77.0,56.0,56.0,69.0,,morumbi,05662-030,R Dr Francisco Thomaz De Carvalho,Paraisópolis,São Paulo,SP
458124,2022,-23.5911536164866,-46.751392663447,5,kilometer,857.0,"R$ 1.830,11",71.0,82.0,76.0,75.0,,morumbi,05529-020,R  Alessandro Bibiena,Jardim Jaqueline,São Paulo,SP
447218,2022,-23.6090956827433,-46.7014206287084,5,kilometer,315.0,"R$ 1.827,43",15.0,21.0,25.0,19.0,,morumbi,05686-050,R  Paulo Bourroul,Real Parque,São Paulo,SP
455605,2022,-23.6192928060102,-46.725814787019104,5,kilometer,941.0,"R$ 1.825,08",73.0,80.0,76.0,55.0,,morumbi,05665-030,R  Wilson,Paraisópolis,São Paulo,SP
455555,2022,-23.6201202420528,-46.7260951984924,5,kilometer,1435.0,"R$ 1.823,46",91.0,95.0,109.0,115.0,,morumbi,05665-030,R  Wilson,Paraisópolis,São Paulo,SP
450847,2022,-23.5827108765505,-46.757586859426894,5,kilometer,583.0,"R$ 1.820,03",44.0,55.0,39.0,70.0,,morumbi,05373-100,R  Siguenori Tateishi,Jardim Ester,São Paulo,SP
458337,2022,-23.61484669976,-46.74709715723569,5,kilometer,157.0,"R$ 1.810,81",11.0,23.0,13.0,15.0,,morumbi,05750-130,R  Diogo Pereira,Super Quadra Morumbi,São Paulo,SP
455672,2022,-23.6189471613168,-46.7247602333636,5,kilometer,537.0,"R$ 1.805,85",36.0,60.0,53.0,55.0,,morumbi,05659-020,R  Ernest Renan,Paraisópolis,São Paulo,SP
445689,2022,-23.6452841887396,-46.7356112734472,5,kilometer,631.0,"R$ 1.803,76",42.0,39.0,48.0,56.0,,morumbi,05836-350,Av  Tomas De Sousa,Jardim Monte Azul,São Paulo,SP
455567,2022,-23.6169813062179,-46.7270222584344,5,kilometer,638.0,"R$ 1.801,66",63.0,61.0,50.0,54.0,,morumbi,05660-000,R  Pasquale Gallupi,Paraisópolis,São Paulo,SP
458195,2022,-23.5901055279984,-46.7447793110108,5,kilometer,619.0,"R$ 1.798,52",33.0,54.0,46.0,55.0,,morumbi,05541-190,R  Luiz Antonio Abreu,Jardim das Vertentes,São Paulo,SP
432445,2022,-23.6379906208226,-46.7674859302858,5,kilometer,440.0,"R$ 1.796,49",30.0,28.0,27.0,37.0,,morumbi,05777-000,Es Do Campo Limpo,Vila Prel,São Paulo,SP
455553,2022,-23.617608419521,-46.722684291993694,5,kilometer,336.0,"R$ 1.795,87",21.0,24.0,29.0,24.0,,morumbi,05665-120,R  Paraisopolis,Paraisópolis,São Paulo,SP
455601,2022,-23.6166253372566,-46.721706837941504,5,kilometer,1228.0,"R$ 1.786,69",111.0,106.0,82.0,118.0,,morumbi,05665-000,R  Treze De Maio,Paraisópolis,São Paulo,SP
432719,2022,-23.6451714057706,-46.7532916331684,5,kilometer,518.0,"R$ 1.784,45",29.0,35.0,42.0,43.0,,morumbi,05777-130,R  Praia De Carreiros,Vila Nova das Belezas,São Paulo,SP
455583,2022,-23.6161515177379,-46.7247671467049,5,kilometer,455.0,"R$ 1.774,95",45.0,20.0,46.0,34.0,,morumbi,05659-020,R  Ernest Renan,Paraisópolis,São Paulo,SP
445540,2022,-23.6553232002763,-46.7295614640608,5,kilometer,1082.0,"R$ 1.773,94",103.0,84.0,82.0,95.0,,morumbi,05813-050,R  Maria Jose De Carvalho,Jardim São Luís,São Paulo,SP
458209,2022,-23.6070237175494,-46.72790150462129,5,kilometer,699.0,"R$ 1.767,42",41.0,62.0,59.0,55.0,,morumbi,05661-040,R Das Goiabeiras,Paraisópolis,São Paulo,SP
445464,2022,-23.6487687504536,-46.7425910670294,5,kilometer,367.0,"R$ 1.766,87",21.0,19.0,25.0,28.0,,morumbi,05841-140,R  Enrico Rossi,Vila das Belezas,São Paulo,SP
455600,2022,-23.6169007398436,-46.7291238132364,5,kilometer,918.0,"R$ 1.766,42",70.0,91.0,64.0,82.0,,morumbi,05661-050,R  Itajubaquara,Paraisópolis,São Paulo,SP
433439,2022,-23.6353506588646,-46.7500443078594,5,kilometer,68.0,"R$ 1.763,50",3.0,4.0,4.0,8.0,,morumbi,05774-280,R  Constantino De Oliveira Ledo,Parque Regina,São Paulo,SP
432574,2022,-23.6278192561935,-46.7606558665748,5,kilometer,202.0,"R$ 1.758,51",16.0,16.0,14.0,9.0,,morumbi,05766-290,R  Cardoso Moreira,Jardim Olinda,São Paulo,SP
463735,2022,-23.618077239556,-46.76821412126751,5,kilometer,632.0,"R$ 1.748,14",31.0,39.0,56.0,45.0,,morumbi,,,,,
432679,2022,-23.637968196461,-46.7444093500148,5,kilometer,373.0,"R$ 1.746,55",18.0,22.0,25.0,32.0,,morumbi,05776-360,R  Caruxa,Vila Franca,São Paulo,SP
455327,2022,-23.6182216699581,-46.724170156741295,5,kilometer,646.0,"R$ 1.742,75",47.0,70.0,67.0,56.0,,morumbi,05664-015,R Da Independencia,Paraisópolis,São Paulo,SP
455603,2022,-23.6173823927307,-46.7249296618412,5,kilometer,390.0,"R$ 1.740,76",17.0,25.0,17.0,16.0,,morumbi,05659-020,R  Ernest Renan,Paraisópolis,São Paulo,SP
445533,2022,-23.6538124803825,-46.74853713483311,5,kilometer,147.0,"R$ 1.739,98",7.0,9.0,9.0,8.0,,morumbi,05847-620,R  Yoshimara Minamoto,Jardim Brasília,São Paulo,SP
432515,2022,-23.625520712133,-46.7563535864052,5,kilometer,246.0,"R$ 1.733,57",13.0,14.0,17.0,16.0,,morumbi,05756-400,R  Juacema,Jardim Umarizal,São Paulo,SP
432675,2022,-23.6249736008657,-46.7478566457118,5,kilometer,252.0,"R$ 1.732,41",24.0,18.0,20.0,22.0,,morumbi,05734-020,R  Carajeru,Parque Reboucas,São Paulo,SP
432683,2022,-23.6356669802137,-46.75059712362351,5,kilometer,166.0,"R$ 1.732,30",8.0,10.0,9.0,10.0,,morumbi,05774-280,R  Constantino De Oliveira Ledo,Parque Regina,São Paulo,SP
432847,2022,-23.624360329722,-46.7474439394289,5,kilometer,286.0,"R$ 1.729,83",24.0,27.0,32.0,29.0,,morumbi,05734-090,R  H-31 (J. Reboucas-Clm),Parque Reboucas,São Paulo,SP
458150,2022,-23.5987764613143,-46.7356336748415,5,kilometer,610.0,"R$ 1.729,56",38.0,37.0,35.0,36.0,,morumbi,05632-040,R  Inocencio Serafico,Jardim Monte Kemel,São Paulo,SP
445787,2022,-23.6566197066156,-46.72942448692911,5,kilometer,181.0,"R$ 1.728,95",13.0,19.0,15.0,16.0,,morumbi,05813-030,R  Jose Joaquim Esteves,Jardim São Luís,São Paulo,SP
432524,2022,-23.640342670414,-46.7536420121577,5,kilometer,455.0,"R$ 1.720,82",21.0,38.0,29.0,32.0,,morumbi,05778-250,Av  Lucilo De Almeida,Parque Arariba,São Paulo,SP
432619,2022,-23.6436237930847,-46.760810291023695,5,kilometer,478.0,"R$ 1.719,75",39.0,27.0,44.0,39.0,,morumbi,05763-420,R  Gustavo Paiva,Jardim Piracuama,São Paulo,SP
458348,2022,-23.6129360037166,-46.7491491617082,5,kilometer,89.0,"R$ 1.718,48",6.0,11.0,6.0,8.0,,morumbi,05741-210,R  Francisco Fernandes,Jardim Morro Verde,São Paulo,SP
458293,2022,-23.5929116722997,-46.75463861792289,5,kilometer,539.0,"R$ 1.713,48",33.0,42.0,24.0,47.0,,morumbi,05529-000,R  Carlantonio Carlone,Jardim Jaqueline,São Paulo,SP
455607,2022,-23.6133258724315,-46.724612642823296,5,kilometer,538.0,"R$ 1.712,26",46.0,47.0,45.0,34.0,,morumbi,05663-020,R  Manoel Antonio Pinto,Paraisópolis,São Paulo,SP
432914,2022,-23.6312105701653,-46.7432885048396,5,kilometer,411.0,"R$ 1.711,86",33.0,36.0,38.0,44.0,,morumbi,05728-050,R  Catarinenses,Vila Andrade,São Paulo,SP
455574,2022,-23.6139001663932,-46.7285250144578,5,kilometer,1967.0,"R$ 1.710,17",153.0,172.0,172.0,159.0,,morumbi,05661-070,R  Piracicaba,Paraisópolis,São Paulo,SP
458355,2022,-23.6089524774792,-46.7283543630267,5,kilometer,736.0,"R$ 1.709,52",52.0,65.0,70.0,56.0,,morumbi,05661-020,R  Antonio Julio Dos Santos,Fazenda Morumbi,São Paulo,SP
445781,2022,-23.6554622341131,-46.73044877090511,5,kilometer,230.0,"R$ 1.707,62",10.0,15.0,15.0,22.0,,morumbi,05813-050,R  Maria Jose De Carvalho,Jardim São Luís,São Paulo,SP
455632,2022,-23.6144120329775,-46.7234821857476,5,kilometer,296.0,"R$ 1.704,57",27.0,21.0,29.0,23.0,,morumbi,05663-020,R  Manoel Antonio Pinto,Paraisópolis,São Paulo,SP
432517,2022,-23.6260772762514,-46.753153560535694,5,kilometer,1165.0,"R$ 1.701,74",121.0,85.0,65.0,80.0,,morumbi,05756-280,R  Caxinava,Jardim Umarizal,São Paulo,SP
432602,2022,-23.6358427747505,-46.7737871145311,5,kilometer,573.0,"R$ 1.701,70",18.0,21.0,39.0,39.0,,morumbi,05786-190,R  Salvador De Almeida,Vila Pirajussara,São Paulo,SP
455591,2022,-23.6153441864911,-46.723718759478096,5,kilometer,351.0,"R$ 1.697,09",33.0,29.0,27.0,35.0,,morumbi,05663-000,R  Rudolf Lotze,Paraisópolis,São Paulo,SP
432624,2022,-23.6274535578468,-46.7508643457509,5,kilometer,267.0,"R$ 1.695,41",19.0,22.0,19.0,23.0,,morumbi,05735-070,R  Cinco Irmaos,Parque Reboucas,São Paulo,SP
447296,2022,-23.6076629804561,-46.7233849115286,5,kilometer,823.0,"R$ 1.693,96",53.0,70.0,69.0,79.0,,morumbi,05659-020,R  Ernest Renan,Paraisópolis,São Paulo,SP
455551,2022,-23.6176436394122,-46.72811513356729,5,kilometer,527.0,"R$ 1.690,56",41.0,43.0,44.0,55.0,,morumbi,05664-010,R Das Jangadas,Paraisópolis,São Paulo,SP
455379,2022,-23.6365030003114,-46.7397053143588,5,kilometer,592.0,"R$ 1.686,61",51.0,44.0,51.0,67.0,,morumbi,05729-080,R  Alexandre Archipenko,Vila Andrade,São Paulo,SP
455438,2022,-23.6380350745037,-46.73797659654591,5,kilometer,246.0,"R$ 1.682,47",19.0,22.0,16.0,14.0,,morumbi,05729-100,R  Campo Novo Do Sul,Vila Andrade,São Paulo,SP
455569,2022,-23.6159787613893,-46.72801919314831,5,kilometer,1169.0,"R$ 1.680,38",105.0,98.0,73.0,119.0,,morumbi,05663-010,R  Herbert Spencer,Paraisópolis,São Paulo,SP
432681,2022,-23.6349526772896,-46.74469431740751,5,kilometer,462.0,"R$ 1.676,47",26.0,24.0,52.0,37.0,,morumbi,05736-190,R  Vicente Fabrizi,Jardim São Roque,São Paulo,SP
433433,2022,-23.6306390345632,-46.7565833853638,5,kilometer,89.0,"R$ 1.676,15",4.0,0.0,12.0,5.0,,morumbi,05765-250,R  Joao Dias De Vergara,Jardim Olinda,São Paulo,SP
455318,2022,-23.6184147124311,-46.74368000115,5,kilometer,579.0,"R$ 1.676,11",42.0,48.0,44.0,62.0,,morumbi,05750-300,R  Maximino Maciel,Jardim Taboão,São Paulo,SP
455561,2022,-23.6197766977576,-46.7307074048718,5,kilometer,548.0,"R$ 1.671,68",45.0,51.0,42.0,41.0,,morumbi,05665-130,R Cel Pedro Arbues,Paraisópolis,São Paulo,SP
458282,2022,-23.5915157740259,-46.7528552665567,5,kilometer,442.0,"R$ 1.669,16",31.0,48.0,41.0,33.0,,morumbi,05529-020,R  Alessandro Bibiena,Jardim Jaqueline,São Paulo,SP
455576,2022,-23.612920890989,-46.7284302363352,5,kilometer,845.0,"R$ 1.668,94",80.0,85.0,88.0,74.0,,morumbi,05661-070,R  Piracicaba,Paraisópolis,São Paulo,SP
455566,2022,-23.617001452305,-46.7280162196188,5,kilometer,984.0,"R$ 1.666,10",78.0,78.0,84.0,81.0,,morumbi,05664-000,R  Melchior Giola,Paraisópolis,São Paulo,SP
458239,2022,-23.5904389002404,-46.7525962959683,5,kilometer,865.0,"R$ 1.663,08",77.0,78.0,52.0,68.0,,morumbi,05543-120,R  Julia Camargo,Vila Albano,São Paulo,SP
455552,2022,-23.6181545511289,-46.7280735140457,5,kilometer,790.0,"R$ 1.660,23",59.0,58.0,58.0,84.0,,morumbi,05665-020,R  Ricardo Avenarius,Paraisópolis,São Paulo,SP
432710,2022,-23.6370454722518,-46.7568915368456,5,kilometer,448.0,"R$ 1.659,66",26.0,34.0,22.0,33.0,,morumbi,05773-020,R  Bernardo Correia Leitao,Parque Regina,São Paulo,SP
455595,2022,-23.6152976851529,-46.7246572781405,5,kilometer,602.0,"R$ 1.659,54",43.0,64.0,45.0,36.0,,morumbi,05659-020,R  Ernest Renan,Paraisópolis,São Paulo,SP
432464,2022,-23.6360447630344,-46.758733843688304,5,kilometer,722.0,"R$ 1.658,72",40.0,51.0,51.0,66.0,,morumbi,05772-080,R  Vicenzo Danti,Parque Regina,São Paulo,SP
458105,2022,-23.6060155441093,-46.7290892308097,5,kilometer,737.0,"R$ 1.658,37",42.0,53.0,56.0,55.0,,morumbi,05659-000,R  Clementine Brenne,Paraisópolis,São Paulo,SP
432867,2022,-23.631577725038,-46.7443762713057,5,kilometer,702.0,"R$ 1.657,93",63.0,61.0,71.0,77.0,,morumbi,05736-020,R  Ageladas,Jardim Ingá,São Paulo,SP
455586,2022,-23.6135088806498,-46.7227485788978,5,kilometer,953.0,"R$ 1.657,09",73.0,76.0,75.0,81.0,,morumbi,05662-020,R Maj Jose Marioto Ferreira,Paraisópolis,São Paulo,SP
455559,2022,-23.6145324611797,-46.720069362149694,5,kilometer,872.0,"R$ 1.655,29",68.0,78.0,73.0,87.0,,morumbi,05656-010,R  Albuquerque Lins,Fazenda Morumbi,São Paulo,SP
432974,2022,-23.6292715669657,-46.757735092251,5,kilometer,904.0,"R$ 1.654,18",56.0,86.0,71.0,64.0,,morumbi,05765-220,R  Cintra Pimentel,Jardim Olinda,São Paulo,SP
455666,2022,-23.6388446971012,-46.7435879424655,5,kilometer,265.0,"R$ 1.652,99",31.0,35.0,18.0,17.0,,morumbi,05729-100,R  Campo Novo Do Sul,Vila Andrade,São Paulo,SP
455558,2022,-23.6146641179363,-46.7208419546683,5,kilometer,809.0,"R$ 1.652,09",68.0,88.0,73.0,66.0,,morumbi,05663-020,R  Manoel Antonio Pinto,Paraisópolis,São Paulo,SP
445847,2022,-23.6552177500664,-46.7276528685156,5,kilometer,906.0,"R$ 1.651,87",79.0,76.0,66.0,87.0,,morumbi,05802-140,Av  Guido Caloi,Jardim São Luís,São Paulo,SP
445638,2022,-23.6478766771267,-46.7464982573234,5,kilometer,181.0,"R$ 1.649,33",14.0,12.0,10.0,10.0,,morumbi,05842-030,R  Candido Das Neves,Vila das Belezas,São Paulo,SP
455565,2022,-23.6178114286526,-46.7293243614583,5,kilometer,1124.0,"R$ 1.648,29",89.0,96.0,74.0,107.0,,morumbi,05664-010,R Das Jangadas,Paraisópolis,São Paulo,SP
458290,2022,-23.6115044278134,-46.7292151501532,5,kilometer,689.0,"R$ 1.648,13",59.0,60.0,62.0,65.0,,morumbi,05662-070,R  Sebastiao Francisco,Paraisópolis,São Paulo,SP
455437,2022,-23.6123132938212,-46.72709447334471,5,kilometer,1259.0,"R$ 1.644,32",117.0,113.0,96.0,124.0,,morumbi,05662-020,R Maj Jose Marioto Ferreira,Paraisópolis,São Paulo,SP
455572,2022,-23.6147887370344,-46.7299093980422,5,kilometer,937.0,"R$ 1.643,08",64.0,60.0,71.0,68.0,,morumbi,05663-030,R  Afonso Dos Santos,Paraisópolis,São Paulo,SP
447219,2022,-23.6082044462823,-46.700627879849904,5,kilometer,566.0,"R$ 1.642,72",32.0,48.0,36.0,41.0,,morumbi,05686-050,R  Paulo Bourroul,Real Parque,São Paulo,SP
455614,2022,-23.6424997841196,-46.7291624254288,5,kilometer,1055.0,"R$ 1.642,37",79.0,88.0,87.0,99.0,,morumbi,05723-360,R  Cristovao Da Rocha,Jardim Santo Antônio,São Paulo,SP
455598,2022,-23.6159139107429,-46.728817773693294,5,kilometer,790.0,"R$ 1.641,27",93.0,73.0,67.0,51.0,,morumbi,05661-050,R  Itajubaquara,Paraisópolis,São Paulo,SP
445772,2022,-23.6567263093537,-46.7275753840365,5,kilometer,217.0,"R$ 1.638,64",28.0,17.0,14.0,19.0,,morumbi,05813-030,R  Jose Joaquim Esteves,Jardim São Luís,São Paulo,SP
458107,2022,-23.6099018765911,-46.7285502693923,5,kilometer,1188.0,"R$ 1.638,48",69.0,92.0,95.0,91.0,,morumbi,05661-060,R  Jose Dias Da Costa,Paraisópolis,São Paulo,SP
431354,2022,-23.5831877721573,-46.743037272806,5,kilometer,583.0,"R$ 1.634,38",46.0,46.0,47.0,62.0,,morumbi,05595-010,R  Sebastiao Martins,Jardim Bonfiglioli,São Paulo,SP
455582,2022,-23.6164230920346,-46.72541227311849,5,kilometer,751.0,"R$ 1.631,24",57.0,78.0,59.0,66.0,,morumbi,05664-000,R  Melchior Giola,Paraisópolis,São Paulo,SP
463771,2022,-23.6284213545109,-46.7754345292206,5,kilometer,511.0,"R$ 1.629,49",31.0,30.0,34.0,31.0,,morumbi,05788-250,R  Campina Grande,Jardim Bom Refúgio,São Paulo,SP
455337,2022,-23.6249243072294,-46.7456594186498,5,kilometer,558.0,"R$ 1.625,79",50.0,45.0,44.0,51.0,,morumbi,05734-010,R  Canto Do Rio Verde,Parque Reboucas,São Paulo,SP
455579,2022,-23.6141944397563,-46.7258226063924,5,kilometer,1032.0,"R$ 1.625,33",102.0,118.0,61.0,60.0,,morumbi,05660-000,R  Pasquale Gallupi,Paraisópolis,São Paulo,SP
455550,2022,-23.6180116056391,-46.7270326585894,5,kilometer,651.0,"R$ 1.623,50",47.0,60.0,56.0,53.0,,morumbi,05660-000,R  Pasquale Gallupi,Paraisópolis,São Paulo,SP
445752,2022,-23.6563376864724,-46.7281390087705,5,kilometer,367.0,"R$ 1.622,81",33.0,35.0,29.0,24.0,,morumbi,05802-140,Av  Guido Caloi,Jardim São Luís,São Paulo,SP
432671,2022,-23.6380378907057,-46.7550523013386,5,kilometer,235.0,"R$ 1.617,90",4.0,13.0,19.0,23.0,,morumbi,05773-020,R  Bernardo Correia Leitao,Parque Regina,São Paulo,SP
447311,2022,-23.6029641397439,-46.69975298681,5,kilometer,506.0,"R$ 1.616,20",34.0,51.0,37.0,44.0,,morumbi,05679-110,R  Contos Azuis,Jardim Panorama,São Paulo,SP
458356,2022,-23.608893831656,-46.7289136544938,5,kilometer,464.0,"R$ 1.614,66",30.0,34.0,45.0,46.0,,morumbi,05661-020,R  Antonio Julio Dos Santos,Fazenda Morumbi,São Paulo,SP
455633,2022,-23.6145342107076,-46.72249371774991,5,kilometer,560.0,"R$ 1.613,31",47.0,45.0,39.0,42.0,,morumbi,05665-000,R  Iratinga,Paraisópolis,São Paulo,SP
455590,2022,-23.6369689111387,-46.7403690983634,5,kilometer,1149.0,"R$ 1.612,60",78.0,104.0,95.0,96.0,,morumbi,05729-080,R  Alexandre Archipenko,Vila Andrade,São Paulo,SP
455599,2022,-23.6167077372373,-46.7298306313461,5,kilometer,816.0,"R$ 1.609,84",78.0,83.0,56.0,64.0,,morumbi,05664-000,R  Melchior Giola,Paraisópolis,São Paulo,SP
455581,2022,-23.6160457488876,-46.7260624600403,5,kilometer,276.0,"R$ 1.609,72",20.0,25.0,29.0,15.0,,morumbi,05660-000,R  Pasquale Gallupi,Paraisópolis,São Paulo,SP
432544,2022,-23.6283893695225,-46.7490452026938,5,kilometer,614.0,"R$ 1.607,52",43.0,58.0,48.0,47.0,,morumbi,05735-110,R  Clodoaldo Pedroso,Parque Reboucas,São Paulo,SP
455575,2022,-23.6140975097998,-46.7270666868744,5,kilometer,1496.0,"R$ 1.605,93",134.0,130.0,117.0,112.0,,morumbi,05663-000,R  Rudolf Lotze,Paraisópolis,São Paulo,SP
455573,2022,-23.6148420209723,-46.7288919093997,5,kilometer,1323.0,"R$ 1.603,86",125.0,123.0,113.0,88.0,,morumbi,05663-000,R  Rudolf Lotze,Paraisópolis,São Paulo,SP
432871,2022,-23.6455226244594,-46.761291094283294,5,kilometer,1117.0,"R$ 1.603,73",59.0,105.0,94.0,103.0,,morumbi,05763-310,R  Domingos Alves,Jardim Piracuama,São Paulo,SP
432634,2022,-23.6447066567865,-46.7518706115332,5,kilometer,446.0,"R$ 1.602,89",32.0,36.0,35.0,48.0,,morumbi,05777-170,R  Vila Caiz,Vila Nova das Belezas,São Paulo,SP
445690,2022,-23.646975173339,-46.7362358768332,5,kilometer,682.0,"R$ 1.601,74",48.0,48.0,46.0,58.0,,morumbi,05836-270,R  Joaquim Dias,Jardim Monte Azul,São Paulo,SP
450217,2022,-23.5913686495634,-46.76205631246391,5,kilometer,267.0,"R$ 1.600,89",18.0,19.0,25.0,23.0,,morumbi,05551-150,R  Samuel Raven,Jardim Raposo Tavares,São Paulo,SP
455300,2022,-23.6200054463659,-46.7271139598409,5,kilometer,881.0,"R$ 1.598,42",96.0,87.0,102.0,80.0,,morumbi,05660-000,R  Pasquale Gallupi,Paraisópolis,São Paulo,SP
455580,2022,-23.6142968545877,-46.7247732539634,5,kilometer,545.0,"R$ 1.597,71",49.0,52.0,50.0,42.0,,morumbi,05663-020,R  Manoel Antonio Pinto,Paraisópolis,São Paulo,SP
458347,2022,-23.6122012659123,-46.7488049250312,5,kilometer,309.0,"R$ 1.592,33",11.0,26.0,22.0,36.0,,morumbi,05741-210,R  Francisco Fernandes,Jardim Morro Verde,São Paulo,SP
455571,2022,-23.6150774662947,-46.7266936619759,5,kilometer,705.0,"R$ 1.587,75",51.0,55.0,37.0,46.0,,morumbi,05660-000,R  Pasquale Gallupi,Paraisópolis,São Paulo,SP
432604,2022,-23.6368566190642,-46.759591210483,5,kilometer,721.0,"R$ 1.585,81",37.0,40.0,59.0,52.0,,morumbi,05772-060,R Pde Justino,Parque Regina,São Paulo,SP
455568,2022,-23.6160480256139,-46.7269821170774,5,kilometer,625.0,"R$ 1.580,66",47.0,52.0,44.0,60.0,,morumbi,05663-010,R  Herbert Spencer,Paraisópolis,São Paulo,SP
445472,2022,-23.6470133983878,-46.7357463705886,5,kilometer,349.0,"R$ 1.580,45",28.0,28.0,29.0,30.0,,morumbi,05801-110,R  Vitalina Grassman,Jardim Mirante,São Paulo,SP
458108,2022,-23.6090390632888,-46.7295169606344,5,kilometer,1062.0,"R$ 1.577,78",85.0,87.0,96.0,87.0,,morumbi,05663-030,R  Afonso De Oliveira Santos,Paraisópolis,São Paulo,SP
445706,2022,-23.6556204160647,-46.728456316721,5,kilometer,349.0,"R$ 1.577,77",27.0,30.0,36.0,35.0,,morumbi,05802-140,Av  Guido Caloi,Jardim São Luís,São Paulo,SP
432581,2022,-23.6249551616687,-46.752284312538,5,kilometer,816.0,"R$ 1.576,07",105.0,54.0,53.0,33.0,,morumbi,05756-360,R Cel Domingos Quirino Ferreira,Jardim Umarizal,São Paulo,SP
455564,2022,-23.6178174139767,-46.7302147587072,5,kilometer,762.0,"R$ 1.575,76",60.0,72.0,58.0,78.0,,morumbi,05665-010,R Dr Laerte Setubal,Vila Suzana,São Paulo,SP
432990,2022,-23.6323180307309,-46.7531769120124,5,kilometer,482.0,"R$ 1.572,88",23.0,42.0,34.0,48.0,,morumbi,05773-040,R  Eugenio Ribeiro,Parque Regina,São Paulo,SP
455606,2022,-23.6132150315081,-46.7256534359298,5,kilometer,983.0,"R$ 1.572,49",79.0,78.0,79.0,75.0,,morumbi,05660-000,R  Pasquale Gallupi,Paraisópolis,São Paulo,SP
432848,2022,-23.6247319625735,-46.7466310243578,5,kilometer,369.0,"R$ 1.568,17",28.0,35.0,44.0,25.0,,morumbi,05734-020,R  Carajeru,Parque Reboucas,São Paulo,SP
447215,2022,-23.603391511711,-46.6991785017948,5,kilometer,1295.0,"R$ 1.562,58",112.0,152.0,130.0,115.0,,morumbi,05679-010,R  Armando Petrella,Jardim Panorama,São Paulo,SP
458284,2022,-23.5924805167281,-46.75053210463231,5,kilometer,1203.0,"R$ 1.550,80",111.0,131.0,96.0,116.0,,morumbi,05529-020,R  Alessandro Bibiena,Jardim Jaqueline,São Paulo,SP
458345,2022,-23.6107440719285,-46.7288108563798,5,kilometer,758.0,"R$ 1.549,81",76.0,65.0,52.0,55.0,,morumbi,05662-060,R  Leandro Teixeira,Paraisópolis,São Paulo,SP
455317,2022,-23.634869520201,-46.7409566761132,5,kilometer,1105.0,"R$ 1.549,71",76.0,100.0,91.0,120.0,,morumbi,05729-080,R  Alexandre Archipenko,Vila Andrade,São Paulo,SP
458354,2022,-23.5900304569134,-46.7515672192359,5,kilometer,376.0,"R$ 1.548,88",37.0,35.0,23.0,23.0,,morumbi,05543-115,R  Jose Zanine Caldas,Vila Albano,São Paulo,SP
432616,2022,-23.6314197406008,-46.7576566646721,5,kilometer,321.0,"R$ 1.548,42",14.0,24.0,23.0,24.0,,morumbi,05765-160,R  Campos Elisios,Jardim Olinda,São Paulo,SP
432880,2022,-23.6376960126,-46.7665927843685,5,kilometer,250.0,"R$ 1.542,97",20.0,16.0,15.0,21.0,,morumbi,05761-270,R  Jisiti Noda,Jardim Maria Virginia,São Paulo,SP
433432,2022,-23.6308263156381,-46.756461789017294,5,kilometer,412.0,"R$ 1.540,44",22.0,30.0,34.0,39.0,,morumbi,05765-160,R  Campos Elisios,Jardim Olinda,São Paulo,SP
458210,2022,-23.6074846315443,-46.7289398372726,5,kilometer,945.0,"R$ 1.539,39",61.0,72.0,82.0,88.0,,morumbi,05659-010,R  Joao Avelino Pinho Mellao,Fazenda Morumbi,São Paulo,SP
455578,2022,-23.6130514618883,-46.726507055212,5,kilometer,1130.0,"R$ 1.538,55",68.0,115.0,82.0,99.0,,morumbi,05660-000,R  Pasquale Gallupi,Paraisópolis,São Paulo,SP
432516,2022,-23.6270751869437,-46.753845281759,5,kilometer,534.0,"R$ 1.536,76",40.0,51.0,44.0,44.0,,morumbi,05756-190,R  Andrea De Firenze,Jardim Umarizal,São Paulo,SP
458352,2022,-23.5928307680317,-46.75606510178351,5,kilometer,441.0,"R$ 1.536,24",41.0,42.0,37.0,43.0,,morumbi,05528-220,R  Denis Chaudet,Jardim Dracena,São Paulo,SP
432917,2022,-23.6379007555342,-46.76026733214791,5,kilometer,734.0,"R$ 1.535,79",62.0,63.0,41.0,53.0,,morumbi,05767-001,R Profa Nina Stocco,Jardim Catanduva,São Paulo,SP
433857,2022,-23.6526569063752,-46.7544680400352,5,kilometer,721.0,"R$ 1.534,46",62.0,47.0,64.0,71.0,,morumbi,05849-440,R  Nuno Roland,Jardim Germânia,São Paulo,SP
455608,2022,-23.6187517551515,-46.7284629836604,5,kilometer,665.0,"R$ 1.532,37",38.0,77.0,52.0,56.0,,morumbi,05661-050,R  Itajubaquara,Paraisópolis,São Paulo,SP
432966,2022,-23.6336693051505,-46.7525862731276,5,kilometer,25.0,"R$ 1.530,89",,,0.0,,,morumbi,05773-070,R  Inacio Manuel Tourinho,Parque Regina,São Paulo,SP
447313,2022,-23.6009067282929,-46.6991194121479,5,kilometer,91.0,"R$ 1.517,86",8.0,5.0,9.0,11.0,,morumbi,05679-010,R  Armando Petrella,Jardim Panorama,São Paulo,SP
458344,2022,-23.6040409020955,-46.7324388537876,5,kilometer,114.0,"R$ 1.512,50",5.0,13.0,9.0,14.0,,morumbi,05632-010,R Min Rafael De Barros Monteiro,Jardim Monte Kemel,São Paulo,SP
433420,2022,-23.6268973249649,-46.7454840224792,5,kilometer,109.0,"R$ 1.508,35",10.0,11.0,8.0,7.0,,morumbi,05734-010,R  Canto Do Rio Verde,Parque Reboucas,São Paulo,SP
455563,2022,-23.6188206911007,-46.7294664216673,5,kilometer,1089.0,"R$ 1.505,63",69.0,104.0,93.0,99.0,,morumbi,05665-020,R  Ricardo Avenarius,Paraisópolis,São Paulo,SP
458281,2022,-23.5923774389549,-46.7555486196267,5,kilometer,455.0,"R$ 1.500,25",35.0,39.0,38.0,51.0,,morumbi,05528-220,R  Denis Chaudet,Jardim Dracena,São Paulo,SP
458240,2022,-23.5896042817263,-46.7506566413804,5,kilometer,1135.0,"R$ 1.499,85",88.0,106.0,87.0,107.0,,morumbi,05543-115,R  Jose Zanine Caldas,Vila Albano,São Paulo,SP
455570,2022,-23.6150237474916,-46.727744225621294,5,kilometer,894.0,"R$ 1.497,48",58.0,59.0,66.0,86.0,,morumbi,05663-000,R  Rudolf Lotze,Paraisópolis,São Paulo,SP
458122,2022,-23.5921389432396,-46.7548851034131,5,kilometer,426.0,"R$ 1.496,60",25.0,38.0,31.0,34.0,,morumbi,05528-220,R  Denis Chaudet,Jardim Dracena,São Paulo,SP
445705,2022,-23.6560583414172,-46.7293895636884,5,kilometer,168.0,"R$ 1.494,49",8.0,10.0,11.0,24.0,,morumbi,05813-030,R  Jose Joaquim Esteves,Jardim São Luís,São Paulo,SP
432879,2022,-23.6369232891116,-46.7672666251766,5,kilometer,362.0,"R$ 1.494,09",19.0,30.0,29.0,37.0,,morumbi,05761-300,R  Jose Miguel Castello,Jardim Maria Virginia,São Paulo,SP
455611,2022,-23.6188794759662,-46.7269213661861,5,kilometer,290.0,"R$ 1.493,16",21.0,19.0,28.0,30.0,,morumbi,05660-000,R  Pasquale Gallupi,Paraisópolis,São Paulo,SP
432913,2022,-23.630372127374,-46.7439752319083,5,kilometer,549.0,"R$ 1.491,23",45.0,49.0,54.0,53.0,,morumbi,05728-050,R  Catarinenses,Vila Andrade,São Paulo,SP
455557,2022,-23.6146155220334,-46.721754643167294,5,kilometer,593.0,"R$ 1.491,23",44.0,57.0,48.0,59.0,,morumbi,05665-000,R  Iratinga,Paraisópolis,São Paulo,SP
432870,2022,-23.644625708589,-46.76131241099,5,kilometer,1170.0,"R$ 1.487,70",100.0,119.0,86.0,117.0,,morumbi,05763-380,R  Francisco Gonzaga,Jardim Piracuama,São Paulo,SP
455435,2022,-23.6209572290901,-46.725800813739504,5,kilometer,800.0,"R$ 1.483,98",76.0,68.0,82.0,74.0,,morumbi,05706-340,R  Itanga,Paraíso do Morumbi,São Paulo,SP
458291,2022,-23.592736697676,-46.7499624978727,5,kilometer,1123.0,"R$ 1.479,29",116.0,114.0,95.0,106.0,,morumbi,05529-020,R  Alessandro Bibiena,Jardim Jaqueline,São Paulo,SP
455577,2022,-23.6130335287293,-46.727529573614,5,kilometer,1686.0,"R$ 1.475,31",160.0,166.0,155.0,138.0,,morumbi,05663-020,R  Manoel Antonio Pinto,Paraisópolis,São Paulo,SP
450679,2022,-23.5794382474423,-46.751901402843,5,kilometer,323.0,"R$ 1.467,36",18.0,22.0,20.0,28.0,,morumbi,05368-030,Av  Abilio Pereira De Almeida,Vila São Domingos,São Paulo,SP
458212,2022,-23.6079341103057,-46.7277801313736,5,kilometer,313.0,"R$ 1.466,79",33.0,33.0,27.0,26.0,,morumbi,05661-040,R Das Goiabeiras,Paraisópolis,São Paulo,SP
450780,2022,-23.5813365408967,-46.7568433480355,5,kilometer,906.0,"R$ 1.461,43",81.0,80.0,75.0,84.0,,morumbi,05366-200,R  Mario Pinheiro De Freitas,Jardim Ester,São Paulo,SP
455436,2022,-23.6273280712167,-46.7278146101818,5,kilometer,224.0,"R$ 1.458,71",28.0,30.0,23.0,14.0,,morumbi,05713-530,Cm  Morumbi,Jardim Ampliação,São Paulo,SP
463532,2022,-23.6279235212561,-46.7775595091657,5,kilometer,609.0,"R$ 1.458,40",35.0,35.0,45.0,51.0,,morumbi,,,,,
455609,2022,-23.6193427593645,-46.72830016090649,5,kilometer,617.0,"R$ 1.457,11",50.0,65.0,57.0,70.0,,morumbi,05665-030,R  Wilson,Paraisópolis,São Paulo,SP
432991,2022,-23.6225338891562,-46.7473865777585,5,kilometer,618.0,"R$ 1.454,83",46.0,46.0,45.0,58.0,,morumbi,05752-001,Es Dos Mirandas,Jardim Maria Duarte,São Paulo,SP
455585,2022,-23.6124980456237,-46.722939684291696,5,kilometer,1141.0,"R$ 1.450,93",108.0,184.0,48.0,68.0,,morumbi,05656-020,R Dr Flavio Americo Maurano,Fazenda Morumbi,São Paulo,SP
458211,2022,-23.6079881004507,-46.7279644755623,5,kilometer,844.0,"R$ 1.450,67",59.0,71.0,60.0,46.0,,morumbi,05661-040,R Das Goiabeiras,Paraisópolis,São Paulo,SP
458350,2022,-23.5982207192435,-46.7581817056748,5,kilometer,818.0,"R$ 1.450,44",65.0,79.0,79.0,83.0,,morumbi,05527-040,R  Sebastiao Annunciatto,Jardim Celeste,São Paulo,SP
455610,2022,-23.6188575792516,-46.7276736931998,5,kilometer,739.0,"R$ 1.437,20",73.0,82.0,63.0,59.0,,morumbi,05665-020,R  Ricardo Avenarius,Paraisópolis,São Paulo,SP
455378,2022,-23.6358311377082,-46.740748788557504,5,kilometer,226.0,"R$ 1.432,15",18.0,15.0,20.0,18.0,,morumbi,05729-080,R  Alexandre Archipenko,Vila Andrade,São Paulo,SP
447297,2022,-23.6082918129767,-46.722602868473295,5,kilometer,202.0,"R$ 1.430,63",10.0,17.0,10.0,4.0,,morumbi,05659-010,R  Joao Avelino Pinho Mellao,Fazenda Morumbi,São Paulo,SP
455664,2022,-23.63793151143,-46.7416639539373,5,kilometer,235.0,"R$ 1.425,14",18.0,31.0,10.0,18.0,,morumbi,05729-100,R  Campo Novo Do Sul,Vila Andrade,São Paulo,SP
432661,2022,-23.6378856237276,-46.7710015071182,5,kilometer,260.0,"R$ 1.420,92",13.0,16.0,14.0,18.0,,morumbi,05794-340,R  Manuel Pedro De Almeida,Jardim Paris,São Paulo,SP
450880,2022,-23.5801073183311,-46.7564192039046,5,kilometer,538.0,"R$ 1.419,59",36.0,41.0,40.0,50.0,,morumbi,05366-220,R Gal Syzeno Sarmento,Jardim Esmeralda,São Paulo,SP
455430,2022,-23.619991043623,-46.728359396826,5,kilometer,1295.0,"R$ 1.417,69",98.0,140.0,133.0,116.0,,morumbi,05665-080,R  Guaratingueta,Paraisópolis,São Paulo,SP
455562,2022,-23.6187343103875,-46.7305706412326,5,kilometer,924.0,"R$ 1.397,75",65.0,89.0,67.0,91.0,,morumbi,05665-020,R  Ricardo Avenarius,Paraisópolis,São Paulo,SP
433435,2022,-23.6390720404948,-46.7604223979085,5,kilometer,87.0,"R$ 1.397,74",6.0,8.0,11.0,5.0,,morumbi,05767-000,R Profa Nina Stocco,Jardim Catanduva,São Paulo,SP
432934,2022,-23.6263001765799,-46.756611185531,5,kilometer,156.0,"R$ 1.377,68",17.0,19.0,19.0,16.0,,morumbi,05756-230,R  Caratatina,Vila Nova Pirajussara,São Paulo,SP
432545,2022,-23.6440787367433,-46.7524355641257,5,kilometer,1096.0,"R$ 1.376,52",61.0,93.0,76.0,89.0,,morumbi,05777-170,R  Vila Caiz,Vila Nova das Belezas,São Paulo,SP
458349,2022,-23.5985896402565,-46.7584421588416,5,kilometer,617.0,"R$ 1.370,31",59.0,77.0,41.0,44.0,,morumbi,05525-090,Av Dr Ezequiel Campos Dias,Jardim Jussara,São Paulo,SP
432978,2022,-23.630527607488,-46.7449819402484,5,kilometer,674.0,"R$ 1.350,66",55.0,72.0,53.0,66.0,,morumbi,05736-110,R  Clara Aurora,Jardim Ingá,São Paulo,SP
458233,2022,-23.5943397654524,-46.7547051475744,5,kilometer,501.0,"R$ 1.336,68",44.0,39.0,40.0,51.0,,morumbi,05529-080,R  Francisco Nogueira,Jardim Jaqueline,São Paulo,SP
432849,2022,-23.6384233464063,-46.75984631208431,5,kilometer,273.0,"R$ 1.334,24",25.0,26.0,31.0,21.0,,morumbi,05763-901,R  Lira Cearense,Chácara Nossa Senhora do Bom Conselho,São Paulo,SP
445687,2022,-23.6529401600842,-46.751937075883,5,kilometer,341.0,"R$ 1.325,35",20.0,38.0,24.0,31.0,,morumbi,05847-620,R  Yoshimara Minamoto,Jardim Brasília,São Paulo,SP
458185,2022,-23.60126506804,-46.7519433146386,5,kilometer,52.0,"R$ 1.317,33",4.0,5.0,,3.0,,morumbi,05527-150,R  Mario Vaz,Jardim Celeste,São Paulo,SP
433430,2022,-23.6193222924929,-46.7489901979052,5,kilometer,471.0,"R$ 1.300,64",74.0,60.0,55.0,69.0,,morumbi,05749-300,R  Jose Maria Pinto Zilli,Jardim das Palmas,São Paulo,SP
432529,2022,-23.6448168703913,-46.7552162050078,5,kilometer,598.0,"R$ 1.296,04",43.0,48.0,48.0,50.0,,morumbi,05778-170,R  Fim De Primavera,Parque Arariba,São Paulo,SP
432985,2022,-23.6456808721559,-46.7657818254174,5,kilometer,366.0,"R$ 1.280,13",37.0,38.0,21.0,27.0,,morumbi,05777-001,Es Do Campo Limpo,Vila Prel,São Paulo,SP
445688,2022,-23.6526287518794,-46.7513666437722,5,kilometer,347.0,"R$ 1.198,23",19.0,24.0,29.0,26.0,,morumbi,05847-620,R  Yoshimara Minamoto,Jardim Brasília,São Paulo,SP
432995,2022,-23.6246420380958,-46.74615853351271,5,kilometer,263.0,"R$ 1.154,58",23.0,26.0,23.0,37.0,,morumbi,05734-010,R  Canto Do Rio Verde,Parque Reboucas,São Paulo,SP
432977,2022,-23.6384918678411,-46.7638077634856,5,kilometer,293.0,"R$ 1.153,62",40.0,36.0,20.0,24.0,,morumbi,05762-220,R  Natalicio Costa Frazao,Parque Ipê,São Paulo,SP
